{
    "data": [
        {
            "Time": "2022-11-27",
            "value": 0.21911603813131614
        },
        {
            "Time": "2022-11-28",
            "value": 0.7087292659967273
        },
        {
            "Time": "2022-11-29",
            "value": 0.6657208380915636
        },
        {
            "Time": "2022-11-30",
            "value": 0.29453176104967543
        },
        {
            "Time": "2022-12-01",
            "value": 0.34076689559752893
        },
        {
            "Time": "2022-12-02",
            "value": 0.3745386777040999
        },
        {
            "Time": "2022-12-03",
            "value": 0.5864624411019926
        },
        {
            "Time": "2022-12-04",
            "value": 0.4497606115705989
        },
        {
            "Time": "2022-12-05",
            "value": 0.37415034074181247
        },
        {
            "Time": "2022-12-06",
            "value": 0.5805865761713889
        },
        {
            "Time": "2022-12-07",
            "value": 0.16794444520793403
        },
        {
            "Time": "2022-12-08",
            "value": 0.7773329503180112
        },
        {
            "Time": "2022-12-09",
            "value": 0.6587418755418237
        },
        {
            "Time": "2022-12-10",
            "value": 1.540296804636859
        },
        {
            "Time": "2022-12-11",
            "value": 0.355599363787338
        },
        {
            "Time": "2022-12-12",
            "value": 0.9132125269335942
        },
        {
            "Time": "2022-12-13",
            "value": 1.2355331280539181
        },
        {
            "Time": "2022-12-14",
            "value": 0.6025476015395391
        },
        {
            "Time": "2022-12-15",
            "value": 0.4434607375299799
        },
        {
            "Time": "2022-12-16",
            "value": 0.2837588930476177
        },
        {
            "Time": "2022-12-17",
            "value": 0.384279611729241
        },
        {
            "Time": "2022-12-18",
            "value": 1.7704304933257482
        },
        {
            "Time": "2022-12-19",
            "value": 1.6420916889725656
        },
        {
            "Time": "2022-12-20",
            "value": 1.130349492496063
        },
        {
            "Time": "2022-12-21",
            "value": 1.6140330485321306
        },
        {
            "Time": "2022-12-22",
            "value": 1.6432119551535824
        },
        {
            "Time": "2022-12-23",
            "value": 1.6936957305491736
        },
        {
            "Time": "2022-12-24",
            "value": 1.7072541187239247
        },
        {
            "Time": "2022-12-25",
            "value": 1.7211468711096432
        },
        {
            "Time": "2022-12-26",
            "value": 1.452746817140943
        },
        {
            "Time": "2022-12-27",
            "value": 0.7963925490995503
        },
        {
            "Time": "2022-12-28",
            "value": 0.43411458134375
        },
        {
            "Time": "2022-12-29",
            "value": 0.27107638876493056
        },
        {
            "Time": "2022-12-30",
            "value": 0.4092106453854167
        },
        {
            "Time": "2022-12-31",
            "value": 1.1700973848897136
        },
        {
            "Time": "2023-01-01",
            "value": 0.6796416457354648
        },
        {
            "Time": "2023-01-02",
            "value": 0.34339120434861115
        },
        {
            "Time": "2023-01-03",
            "value": 0.3903908166752095
        },
        {
            "Time": "2023-01-04",
            "value": 0.40434490906960646
        },
        {
            "Time": "2023-01-05",
            "value": 0.5098481478226041
        },
        {
            "Time": "2023-01-06",
            "value": 1.787044198033698
        },
        {
            "Time": "2023-01-07",
            "value": 1.9036674785841996
        },
        {
            "Time": "2023-01-08",
            "value": 1.9229976877211148
        },
        {
            "Time": "2023-01-09",
            "value": 0.44171076092903605
        },
        {
            "Time": "2023-01-10",
            "value": 0.49120597410084227
        },
        {
            "Time": "2023-01-11",
            "value": 0.6613012396446026
        },
        {
            "Time": "2023-01-12",
            "value": 1.364565161017339
        },
        {
            "Time": "2023-01-13",
            "value": 0.31789306318726746
        },
        {
            "Time": "2023-01-14",
            "value": 1.4534587196807298
        },
        {
            "Time": "2023-01-15",
            "value": 0.35955323410155393
        },
        {
            "Time": "2023-01-16",
            "value": 1.6835137089195207
        },
        {
            "Time": "2023-01-17",
            "value": 0.4362876147357755
        },
        {
            "Time": "2023-01-18",
            "value": 2.041848868251421
        },
        {
            "Time": "2023-01-19",
            "value": 1.6924954051927086
        },
        {
            "Time": "2023-01-20",
            "value": 0.7819180642164041
        },
        {
            "Time": "2023-01-21",
            "value": 0.27057812625662037
        },
        {
            "Time": "2023-01-22",
            "value": 1.5842150794741028
        },
        {
            "Time": "2023-01-23",
            "value": 0.2483232823594213
        },
        {
            "Time": "2023-01-24",
            "value": 1.4356091423716406
        },
        {
            "Time": "2023-01-25",
            "value": 2.348515831254235
        },
        {
            "Time": "2023-01-26",
            "value": 1.258916425432933
        },
        {
            "Time": "2023-01-27",
            "value": 2.1693840077138558
        },
        {
            "Time": "2023-01-28",
            "value": 2.4156440524309177
        },
        {
            "Time": "2023-01-29",
            "value": 2.4415994619094517
        },
        {
            "Time": "2023-01-30",
            "value": 2.498449107846128
        },
        {
            "Time": "2023-01-31",
            "value": 2.4831327351024206
        },
        {
            "Time": "2023-02-01",
            "value": 0.45160548570175263
        },
        {
            "Time": "2023-02-02",
            "value": 0.9687919751538547
        },
        {
            "Time": "2023-02-03",
            "value": 0.5072159959501843
        },
        {
            "Time": "2023-02-04",
            "value": 0.19784837858060517
        },
        {
            "Time": "2023-02-05",
            "value": 0.37680787102053126
        },
        {
            "Time": "2023-02-06",
            "value": 1.5832754541486922
        },
        {
            "Time": "2023-02-07",
            "value": 0.3546147067660921
        },
        {
            "Time": "2023-02-08",
            "value": 0.2251547595952123
        },
        {
            "Time": "2023-02-09",
            "value": 0.46877810748968574
        },
        {
            "Time": "2023-02-10",
            "value": 0.2716779913414418
        },
        {
            "Time": "2023-02-11",
            "value": 0.8016644138923598
        },
        {
            "Time": "2023-02-12",
            "value": 1.0968552287251805
        },
        {
            "Time": "2023-02-13",
            "value": 0.4086477340181034
        },
        {
            "Time": "2023-02-14",
            "value": 0.8949651430073595
        },
        {
            "Time": "2023-02-15",
            "value": 2.408686514553035
        },
        {
            "Time": "2023-02-16",
            "value": 2.775757160331392
        },
        {
            "Time": "2023-02-17",
            "value": 2.016768621954215
        },
        {
            "Time": "2023-02-18",
            "value": 2.408364059500881
        },
        {
            "Time": "2023-02-19",
            "value": 0.7399006050428636
        },
        {
            "Time": "2023-02-20",
            "value": 1.4465302236453763
        },
        {
            "Time": "2023-02-21",
            "value": 2.747034929669218
        },
        {
            "Time": "2023-02-22",
            "value": 2.3446796791686983
        },
        {
            "Time": "2023-02-23",
            "value": 2.2457830728468933
        },
        {
            "Time": "2023-02-24",
            "value": 1.0318942516822354
        },
        {
            "Time": "2023-02-25",
            "value": 2.538430479395457
        },
        {
            "Time": "2023-02-26",
            "value": 2.752431828779012
        },
        {
            "Time": "2023-02-27",
            "value": 2.3939809387609445
        },
        {
            "Time": "2023-02-28",
            "value": 1.398754415320778
        },
        {
            "Time": "2023-03-01",
            "value": 1.4532586187950949
        },
        {
            "Time": "2023-03-02",
            "value": 1.8848694121363416
        },
        {
            "Time": "2023-03-03",
            "value": 2.53412051318137
        },
        {
            "Time": "2023-03-04",
            "value": 2.7519070887761723
        },
        {
            "Time": "2023-03-05",
            "value": 2.752511508342611
        },
        {
            "Time": "2023-03-06",
            "value": 2.803366976845799
        },
        {
            "Time": "2023-03-07",
            "value": 2.8021668949446803
        },
        {
            "Time": "2023-03-08",
            "value": 2.611044095520241
        },
        {
            "Time": "2023-03-09",
            "value": 2.081104532373122
        },
        {
            "Time": "2023-03-10",
            "value": 2.8157963121672016
        },
        {
            "Time": "2023-03-11",
            "value": 2.433001885761795
        },
        {
            "Time": "2023-03-12",
            "value": 0.5980097436583011
        },
        {
            "Time": "2023-03-13",
            "value": 2.2914368087176085
        },
        {
            "Time": "2023-03-14",
            "value": 2.8432489148441262
        },
        {
            "Time": "2023-03-15",
            "value": 2.4882844915275366
        },
        {
            "Time": "2023-03-16",
            "value": 2.4876881938119575
        },
        {
            "Time": "2023-03-17",
            "value": 1.4771941090768494
        },
        {
            "Time": "2023-03-18",
            "value": 0.433804396592576
        },
        {
            "Time": "2023-03-19",
            "value": 0.18807870729502313
        },
        {
            "Time": "2023-03-20",
            "value": 2.0545387422565753
        },
        {
            "Time": "2023-03-21",
            "value": 1.1395748148629554
        },
        {
            "Time": "2023-03-22",
            "value": 1.9948094183841878
        },
        {
            "Time": "2023-03-23",
            "value": 0.23822627476525296
        },
        {
            "Time": "2023-03-24",
            "value": 0.2475497727333449
        },
        {
            "Time": "2023-03-25",
            "value": 0.3010567126116782
        },
        {
            "Time": "2023-03-26",
            "value": 1.1025769312165155
        },
        {
            "Time": "2023-03-27",
            "value": 0.0
        }
    ]
}