{
    "data": [
        {
            "Time": "2022-11-27",
            "value": 0.17146229229154505
        },
        {
            "Time": "2022-11-28",
            "value": 0.5943087016157642
        },
        {
            "Time": "2022-11-29",
            "value": 0.7572654247062922
        },
        {
            "Time": "2022-11-30",
            "value": 0.25395104424867215
        },
        {
            "Time": "2022-12-01",
            "value": 0.2880613434275205
        },
        {
            "Time": "2022-12-02",
            "value": 0.31193308292924277
        },
        {
            "Time": "2022-12-03",
            "value": 0.5360412516612739
        },
        {
            "Time": "2022-12-04",
            "value": 0.3940917570354745
        },
        {
            "Time": "2022-12-05",
            "value": 0.33932530485892887
        },
        {
            "Time": "2022-12-06",
            "value": 0.49946864777284916
        },
        {
            "Time": "2022-12-07",
            "value": 0.14422550750622987
        },
        {
            "Time": "2022-12-08",
            "value": 0.7507450884569934
        },
        {
            "Time": "2022-12-09",
            "value": 0.588983886100227
        },
        {
            "Time": "2022-12-10",
            "value": 1.8160240698013486
        },
        {
            "Time": "2022-12-11",
            "value": 0.3111663189027141
        },
        {
            "Time": "2022-12-12",
            "value": 0.9606227842480345
        },
        {
            "Time": "2022-12-13",
            "value": 1.4167413903004549
        },
        {
            "Time": "2022-12-14",
            "value": 0.5169500382847332
        },
        {
            "Time": "2022-12-15",
            "value": 0.3912779197032741
        },
        {
            "Time": "2022-12-16",
            "value": 0.23440016076626757
        },
        {
            "Time": "2022-12-17",
            "value": 0.32066649843579675
        },
        {
            "Time": "2022-12-18",
            "value": 2.0505453364044515
        },
        {
            "Time": "2022-12-19",
            "value": 2.032852298507463
        },
        {
            "Time": "2022-12-20",
            "value": 1.3003426556001136
        },
        {
            "Time": "2022-12-21",
            "value": 1.860973871618764
        },
        {
            "Time": "2022-12-22",
            "value": 1.9512520424996649
        },
        {
            "Time": "2022-12-23",
            "value": 2.0490842620852727
        },
        {
            "Time": "2022-12-24",
            "value": 2.0731350462338214
        },
        {
            "Time": "2022-12-25",
            "value": 2.19680448024417
        },
        {
            "Time": "2022-12-26",
            "value": 1.874506889513114
        },
        {
            "Time": "2022-12-27",
            "value": 0.7852523788710676
        },
        {
            "Time": "2022-12-28",
            "value": 0.3729180438574399
        },
        {
            "Time": "2022-12-29",
            "value": 0.22546538495690216
        },
        {
            "Time": "2022-12-30",
            "value": 0.3484709511112426
        },
        {
            "Time": "2022-12-31",
            "value": 1.1372307664189025
        },
        {
            "Time": "2023-01-01",
            "value": 0.6118660237495325
        },
        {
            "Time": "2023-01-02",
            "value": 0.30094386819417246
        },
        {
            "Time": "2023-01-03",
            "value": 0.3352237213204198
        },
        {
            "Time": "2023-01-04",
            "value": 0.346856451251009
        },
        {
            "Time": "2023-01-05",
            "value": 0.45842769608530287
        },
        {
            "Time": "2023-01-06",
            "value": 1.9376701368651021
        },
        {
            "Time": "2023-01-07",
            "value": 2.1157810353188764
        },
        {
            "Time": "2023-01-08",
            "value": 2.1197054050308632
        },
        {
            "Time": "2023-01-09",
            "value": 0.40077637343491823
        },
        {
            "Time": "2023-01-10",
            "value": 0.4568286533113294
        },
        {
            "Time": "2023-01-11",
            "value": 0.5999909124969222
        },
        {
            "Time": "2023-01-12",
            "value": 1.3995144777217077
        },
        {
            "Time": "2023-01-13",
            "value": 0.2799826990122008
        },
        {
            "Time": "2023-01-14",
            "value": 1.4650988136251715
        },
        {
            "Time": "2023-01-15",
            "value": 0.3108024064637594
        },
        {
            "Time": "2023-01-16",
            "value": 1.7978773424720085
        },
        {
            "Time": "2023-01-17",
            "value": 0.3722163759147145
        },
        {
            "Time": "2023-01-18",
            "value": 2.1000506117693196
        },
        {
            "Time": "2023-01-19",
            "value": 1.7736056473308714
        },
        {
            "Time": "2023-01-20",
            "value": 0.7215132444517706
        },
        {
            "Time": "2023-01-21",
            "value": 0.22400011697082792
        },
        {
            "Time": "2023-01-22",
            "value": 1.5743901562597715
        },
        {
            "Time": "2023-01-23",
            "value": 0.21512222471810183
        },
        {
            "Time": "2023-01-24",
            "value": 1.2172287388641994
        },
        {
            "Time": "2023-01-25",
            "value": 2.3697815759609413
        },
        {
            "Time": "2023-01-26",
            "value": 1.2271556415658738
        },
        {
            "Time": "2023-01-27",
            "value": 2.1126785995975705
        },
        {
            "Time": "2023-01-28",
            "value": 2.369463553024297
        },
        {
            "Time": "2023-01-29",
            "value": 2.432043802831333
        },
        {
            "Time": "2023-01-30",
            "value": 2.5279461446762
        },
        {
            "Time": "2023-01-31",
            "value": 2.4648687020837214
        },
        {
            "Time": "2023-02-01",
            "value": 0.40773577059065147
        },
        {
            "Time": "2023-02-02",
            "value": 0.814079004661241
        },
        {
            "Time": "2023-02-03",
            "value": 0.4519568363961486
        },
        {
            "Time": "2023-02-04",
            "value": 0.1483578164833175
        },
        {
            "Time": "2023-02-05",
            "value": 0.3094636548095476
        },
        {
            "Time": "2023-02-06",
            "value": 1.535247503887477
        },
        {
            "Time": "2023-02-07",
            "value": 0.29289890325227225
        },
        {
            "Time": "2023-02-08",
            "value": 0.17684645837342958
        },
        {
            "Time": "2023-02-09",
            "value": 0.39880579150060275
        },
        {
            "Time": "2023-02-10",
            "value": 0.22299561635749324
        },
        {
            "Time": "2023-02-11",
            "value": 0.7012980335607449
        },
        {
            "Time": "2023-02-12",
            "value": 0.9989584745229256
        },
        {
            "Time": "2023-02-13",
            "value": 0.39566573766806495
        },
        {
            "Time": "2023-02-14",
            "value": 0.7355723395481629
        },
        {
            "Time": "2023-02-15",
            "value": 2.2973654658804374
        },
        {
            "Time": "2023-02-16",
            "value": 2.865521614059014
        },
        {
            "Time": "2023-02-17",
            "value": 1.954049384641524
        },
        {
            "Time": "2023-02-18",
            "value": 2.3928586982340314
        },
        {
            "Time": "2023-02-19",
            "value": 0.669697627897843
        },
        {
            "Time": "2023-02-20",
            "value": 1.289163185155449
        },
        {
            "Time": "2023-02-21",
            "value": 2.8327387456971205
        },
        {
            "Time": "2023-02-22",
            "value": 2.284324735794236
        },
        {
            "Time": "2023-02-23",
            "value": 2.1530811142031823
        },
        {
            "Time": "2023-02-24",
            "value": 0.9498950364433043
        },
        {
            "Time": "2023-02-25",
            "value": 2.4887106127042795
        },
        {
            "Time": "2023-02-26",
            "value": 2.8493930969674746
        },
        {
            "Time": "2023-02-27",
            "value": 2.327519080839139
        },
        {
            "Time": "2023-02-28",
            "value": 1.3426318606099648
        },
        {
            "Time": "2023-03-01",
            "value": 1.3917426843027618
        },
        {
            "Time": "2023-03-02",
            "value": 1.707387439036628
        },
        {
            "Time": "2023-03-03",
            "value": 2.509439751641532
        },
        {
            "Time": "2023-03-04",
            "value": 2.788826493780717
        },
        {
            "Time": "2023-03-05",
            "value": 2.7555238971101477
        },
        {
            "Time": "2023-03-06",
            "value": 2.8636012846614625
        },
        {
            "Time": "2023-03-07",
            "value": 2.8538368776072756
        },
        {
            "Time": "2023-03-08",
            "value": 2.6881111938257947
        },
        {
            "Time": "2023-03-09",
            "value": 1.9735880524902727
        },
        {
            "Time": "2023-03-10",
            "value": 2.941730067963794
        },
        {
            "Time": "2023-03-11",
            "value": 2.536991713747239
        },
        {
            "Time": "2023-03-12",
            "value": 0.5462022807888823
        },
        {
            "Time": "2023-03-13",
            "value": 2.3012559570095186
        },
        {
            "Time": "2023-03-14",
            "value": 3.0113395884025547
        },
        {
            "Time": "2023-03-15",
            "value": 2.4567784489902085
        },
        {
            "Time": "2023-03-16",
            "value": 2.473008335842082
        },
        {
            "Time": "2023-03-17",
            "value": 1.5240234842396922
        },
        {
            "Time": "2023-03-18",
            "value": 0.37048060992774756
        },
        {
            "Time": "2023-03-19",
            "value": 0.15101874187821782
        },
        {
            "Time": "2023-03-20",
            "value": 1.9680725873842262
        },
        {
            "Time": "2023-03-21",
            "value": 1.094097391514315
        },
        {
            "Time": "2023-03-22",
            "value": 1.9403167926414429
        },
        {
            "Time": "2023-03-23",
            "value": 0.17144791621499614
        },
        {
            "Time": "2023-03-24",
            "value": 0.21345718046274303
        },
        {
            "Time": "2023-03-25",
            "value": 0.25324392374478355
        },
        {
            "Time": "2023-03-26",
            "value": 1.0310134352150724
        },
        {
            "Time": "2023-03-27",
            "value": 0.0
        }
    ]
}