{
    "data": [
        {
            "Time": "2022-11-27",
            "value": 0.1891330178202973
        },
        {
            "Time": "2022-11-28",
            "value": 0.6481986601708271
        },
        {
            "Time": "2022-11-29",
            "value": 0.7127144828378553
        },
        {
            "Time": "2022-11-30",
            "value": 0.264486641907678
        },
        {
            "Time": "2022-12-01",
            "value": 0.32127447950284027
        },
        {
            "Time": "2022-12-02",
            "value": 0.3461411732059406
        },
        {
            "Time": "2022-12-03",
            "value": 0.5655983433018136
        },
        {
            "Time": "2022-12-04",
            "value": 0.41655114174006813
        },
        {
            "Time": "2022-12-05",
            "value": 0.3500204222478717
        },
        {
            "Time": "2022-12-06",
            "value": 0.5508238107911905
        },
        {
            "Time": "2022-12-07",
            "value": 0.15052922742129077
        },
        {
            "Time": "2022-12-08",
            "value": 0.7577130858611416
        },
        {
            "Time": "2022-12-09",
            "value": 0.6242320978625134
        },
        {
            "Time": "2022-12-10",
            "value": 1.8126889841105096
        },
        {
            "Time": "2022-12-11",
            "value": 0.3243487619457967
        },
        {
            "Time": "2022-12-12",
            "value": 0.9790751052795514
        },
        {
            "Time": "2022-12-13",
            "value": 1.2073693586087857
        },
        {
            "Time": "2022-12-14",
            "value": 0.5665494008623372
        },
        {
            "Time": "2022-12-15",
            "value": 0.4153490438185836
        },
        {
            "Time": "2022-12-16",
            "value": 0.25440175479078975
        },
        {
            "Time": "2022-12-17",
            "value": 0.3557268374815864
        },
        {
            "Time": "2022-12-18",
            "value": 2.1049927121553225
        },
        {
            "Time": "2022-12-19",
            "value": 2.1831397388680904
        },
        {
            "Time": "2022-12-20",
            "value": 1.2389385932314858
        },
        {
            "Time": "2022-12-21",
            "value": 1.9573338150489847
        },
        {
            "Time": "2022-12-22",
            "value": 2.0285387153423646
        },
        {
            "Time": "2022-12-23",
            "value": 2.114023188186734
        },
        {
            "Time": "2022-12-24",
            "value": 2.1372558819686316
        },
        {
            "Time": "2022-12-25",
            "value": 2.3421037643689786
        },
        {
            "Time": "2022-12-26",
            "value": 1.7713150825313488
        },
        {
            "Time": "2022-12-27",
            "value": 0.7791034357999895
        },
        {
            "Time": "2022-12-28",
            "value": 0.4110108007991898
        },
        {
            "Time": "2022-12-29",
            "value": 0.24629629599930555
        },
        {
            "Time": "2022-12-30",
            "value": 0.38952777522175924
        },
        {
            "Time": "2022-12-31",
            "value": 1.139511091953584
        },
        {
            "Time": "2023-01-01",
            "value": 0.6436203412091672
        },
        {
            "Time": "2023-01-02",
            "value": 0.3153799029932135
        },
        {
            "Time": "2023-01-03",
            "value": 0.36617708104577934
        },
        {
            "Time": "2023-01-04",
            "value": 0.37145023479884254
        },
        {
            "Time": "2023-01-05",
            "value": 0.48768813411669615
        },
        {
            "Time": "2023-01-06",
            "value": 1.8771510136968772
        },
        {
            "Time": "2023-01-07",
            "value": 2.1090978202787367
        },
        {
            "Time": "2023-01-08",
            "value": 2.092566775973809
        },
        {
            "Time": "2023-01-09",
            "value": 0.41746489662017133
        },
        {
            "Time": "2023-01-10",
            "value": 0.4579013826987098
        },
        {
            "Time": "2023-01-11",
            "value": 0.6353587882471549
        },
        {
            "Time": "2023-01-12",
            "value": 1.3458680694720533
        },
        {
            "Time": "2023-01-13",
            "value": 0.2918408150382902
        },
        {
            "Time": "2023-01-14",
            "value": 1.4319963569219176
        },
        {
            "Time": "2023-01-15",
            "value": 0.3408861727010064
        },
        {
            "Time": "2023-01-16",
            "value": 1.7323185223027537
        },
        {
            "Time": "2023-01-17",
            "value": 0.4069064984692626
        },
        {
            "Time": "2023-01-18",
            "value": 2.025042640400065
        },
        {
            "Time": "2023-01-19",
            "value": 1.8066257982756566
        },
        {
            "Time": "2023-01-20",
            "value": 0.7381142977978881
        },
        {
            "Time": "2023-01-21",
            "value": 0.2480248839670139
        },
        {
            "Time": "2023-01-22",
            "value": 1.5993403440541913
        },
        {
            "Time": "2023-01-23",
            "value": 0.21331359666376823
        },
        {
            "Time": "2023-01-24",
            "value": 1.252461836020502
        },
        {
            "Time": "2023-01-25",
            "value": 2.3329270790011014
        },
        {
            "Time": "2023-01-26",
            "value": 1.2291100058132132
        },
        {
            "Time": "2023-01-27",
            "value": 2.1360592630422195
        },
        {
            "Time": "2023-01-28",
            "value": 2.394790982960277
        },
        {
            "Time": "2023-01-29",
            "value": 2.4207290009958595
        },
        {
            "Time": "2023-01-30",
            "value": 2.6162734504283107
        },
        {
            "Time": "2023-01-31",
            "value": 2.5517381846032308
        },
        {
            "Time": "2023-02-01",
            "value": 0.42785615208535055
        },
        {
            "Time": "2023-02-02",
            "value": 0.9191877780893439
        },
        {
            "Time": "2023-02-03",
            "value": 0.4810005767137327
        },
        {
            "Time": "2023-02-04",
            "value": 0.16048593198148725
        },
        {
            "Time": "2023-02-05",
            "value": 0.3341122657522205
        },
        {
            "Time": "2023-02-06",
            "value": 1.5857535538194412
        },
        {
            "Time": "2023-02-07",
            "value": 0.300609060414748
        },
        {
            "Time": "2023-02-08",
            "value": 0.20140377024366735
        },
        {
            "Time": "2023-02-09",
            "value": 0.4318325503667276
        },
        {
            "Time": "2023-02-10",
            "value": 0.2384478378367915
        },
        {
            "Time": "2023-02-11",
            "value": 0.7460499070764213
        },
        {
            "Time": "2023-02-12",
            "value": 1.079442615820681
        },
        {
            "Time": "2023-02-13",
            "value": 0.3893332417179
        },
        {
            "Time": "2023-02-14",
            "value": 0.7940337612465361
        },
        {
            "Time": "2023-02-15",
            "value": 2.394255233941579
        },
        {
            "Time": "2023-02-16",
            "value": 2.9210028829392862
        },
        {
            "Time": "2023-02-17",
            "value": 2.03958132209888
        },
        {
            "Time": "2023-02-18",
            "value": 2.5080531478296364
        },
        {
            "Time": "2023-02-19",
            "value": 0.701500683766702
        },
        {
            "Time": "2023-02-20",
            "value": 1.3693704467942018
        },
        {
            "Time": "2023-02-21",
            "value": 2.8987820109742675
        },
        {
            "Time": "2023-02-22",
            "value": 2.3793500306163606
        },
        {
            "Time": "2023-02-23",
            "value": 2.2854545607524366
        },
        {
            "Time": "2023-02-24",
            "value": 0.997710652315396
        },
        {
            "Time": "2023-02-25",
            "value": 2.601125839367
        },
        {
            "Time": "2023-02-26",
            "value": 2.946954946549216
        },
        {
            "Time": "2023-02-27",
            "value": 2.460343211075459
        },
        {
            "Time": "2023-02-28",
            "value": 1.3923661588520753
        },
        {
            "Time": "2023-03-01",
            "value": 1.4618976669089214
        },
        {
            "Time": "2023-03-02",
            "value": 1.8407973997001064
        },
        {
            "Time": "2023-03-03",
            "value": 2.5920879222576647
        },
        {
            "Time": "2023-03-04",
            "value": 2.907774136508745
        },
        {
            "Time": "2023-03-05",
            "value": 2.865638294802072
        },
        {
            "Time": "2023-03-06",
            "value": 2.97183850157623
        },
        {
            "Time": "2023-03-07",
            "value": 2.9650137175668636
        },
        {
            "Time": "2023-03-08",
            "value": 2.7278928786006387
        },
        {
            "Time": "2023-03-09",
            "value": 2.1127885174002703
        },
        {
            "Time": "2023-03-10",
            "value": 3.035436156127462
        },
        {
            "Time": "2023-03-11",
            "value": 2.5736661094655373
        },
        {
            "Time": "2023-03-12",
            "value": 0.5749531304952308
        },
        {
            "Time": "2023-03-13",
            "value": 2.3604683073484645
        },
        {
            "Time": "2023-03-14",
            "value": 3.131869772641023
        },
        {
            "Time": "2023-03-15",
            "value": 2.557310947455
        },
        {
            "Time": "2023-03-16",
            "value": 2.5702933418399065
        },
        {
            "Time": "2023-03-17",
            "value": 1.5273173119159487
        },
        {
            "Time": "2023-03-18",
            "value": 0.4033151435566799
        },
        {
            "Time": "2023-03-19",
            "value": 0.1523726841480324
        },
        {
            "Time": "2023-03-20",
            "value": 2.0965851574257552
        },
        {
            "Time": "2023-03-21",
            "value": 1.1303419666407697
        },
        {
            "Time": "2023-03-22",
            "value": 1.9953027949890785
        },
        {
            "Time": "2023-03-23",
            "value": 0.18726879334019345
        },
        {
            "Time": "2023-03-24",
            "value": 0.21392175892252777
        },
        {
            "Time": "2023-03-25",
            "value": 0.25481805575919025
        },
        {
            "Time": "2023-03-26",
            "value": 1.0602359950824085
        },
        {
            "Time": "2023-03-27",
            "value": 0.0
        }
    ]
}