{
    "data": [
        {
            "Time": "2022-11-27",
            "value": 0.11064863014646077
        },
        {
            "Time": "2022-11-28",
            "value": 0.5549648990657768
        },
        {
            "Time": "2022-11-29",
            "value": 0.5439569359529339
        },
        {
            "Time": "2022-11-30",
            "value": 0.16735279325345798
        },
        {
            "Time": "2022-12-01",
            "value": 0.2112618662929381
        },
        {
            "Time": "2022-12-02",
            "value": 0.2375364250065717
        },
        {
            "Time": "2022-12-03",
            "value": 0.44514891194056944
        },
        {
            "Time": "2022-12-04",
            "value": 0.30757092022885346
        },
        {
            "Time": "2022-12-05",
            "value": 0.264861380911336
        },
        {
            "Time": "2022-12-06",
            "value": 0.4262111688383506
        },
        {
            "Time": "2022-12-07",
            "value": 0.04785193912494097
        },
        {
            "Time": "2022-12-08",
            "value": 0.6032712233604473
        },
        {
            "Time": "2022-12-09",
            "value": 0.49572138220996087
        },
        {
            "Time": "2022-12-10",
            "value": 1.3546118977561434
        },
        {
            "Time": "2022-12-11",
            "value": 0.21978371000146776
        },
        {
            "Time": "2022-12-12",
            "value": 0.7094592882842364
        },
        {
            "Time": "2022-12-13",
            "value": 0.9285276997458338
        },
        {
            "Time": "2022-12-14",
            "value": 0.44767938299254156
        },
        {
            "Time": "2022-12-15",
            "value": 0.31377549064218957
        },
        {
            "Time": "2022-12-16",
            "value": 0.1549516832441606
        },
        {
            "Time": "2022-12-17",
            "value": 0.2547083619261025
        },
        {
            "Time": "2022-12-18",
            "value": 2.269668888122476
        },
        {
            "Time": "2022-12-19",
            "value": 2.0419204927638805
        },
        {
            "Time": "2022-12-20",
            "value": 1.062938860248122
        },
        {
            "Time": "2022-12-21",
            "value": 1.7946665258008405
        },
        {
            "Time": "2022-12-22",
            "value": 1.799632055710087
        },
        {
            "Time": "2022-12-23",
            "value": 1.3101138731079405
        },
        {
            "Time": "2022-12-24",
            "value": 2.104034927694445
        },
        {
            "Time": "2022-12-25",
            "value": 2.0283302875001374
        },
        {
            "Time": "2022-12-26",
            "value": 1.435288821533282
        },
        {
            "Time": "2022-12-27",
            "value": 0.5851257968045787
        },
        {
            "Time": "2022-12-28",
            "value": 0.2783807878063657
        },
        {
            "Time": "2022-12-29",
            "value": 0.15345370328660846
        },
        {
            "Time": "2022-12-30",
            "value": 0.27781893051762063
        },
        {
            "Time": "2022-12-31",
            "value": 0.876622974209928
        },
        {
            "Time": "2023-01-01",
            "value": 0.5038051651705054
        },
        {
            "Time": "2023-01-02",
            "value": 0.23146357535909842
        },
        {
            "Time": "2023-01-03",
            "value": 0.26022483462295287
        },
        {
            "Time": "2023-01-04",
            "value": 0.26220822040832487
        },
        {
            "Time": "2023-01-05",
            "value": 0.36930140583030735
        },
        {
            "Time": "2023-01-06",
            "value": 1.7550396494181184
        },
        {
            "Time": "2023-01-07",
            "value": 2.0411389186728686
        },
        {
            "Time": "2023-01-08",
            "value": 1.9630075810759668
        },
        {
            "Time": "2023-01-09",
            "value": 0.32356557659203494
        },
        {
            "Time": "2023-01-10",
            "value": 0.36047986641666296
        },
        {
            "Time": "2023-01-11",
            "value": 0.504200705357275
        },
        {
            "Time": "2023-01-12",
            "value": 0.9806790090377733
        },
        {
            "Time": "2023-01-13",
            "value": 0.1993099620779418
        },
        {
            "Time": "2023-01-14",
            "value": 1.22084541154394
        },
        {
            "Time": "2023-01-15",
            "value": 0.231940123153348
        },
        {
            "Time": "2023-01-16",
            "value": 1.1608966460027423
        },
        {
            "Time": "2023-01-17",
            "value": 0.2964071052594226
        },
        {
            "Time": "2023-01-18",
            "value": 1.6912733205073232
        },
        {
            "Time": "2023-01-19",
            "value": 1.6144734452396272
        },
        {
            "Time": "2023-01-20",
            "value": 0.5888927886599128
        },
        {
            "Time": "2023-01-21",
            "value": 0.14651331337703818
        },
        {
            "Time": "2023-01-22",
            "value": 1.2376711492449723
        },
        {
            "Time": "2023-01-23",
            "value": 0.14553047933131608
        },
        {
            "Time": "2023-01-24",
            "value": 1.004798114999363
        },
        {
            "Time": "2023-01-25",
            "value": 2.156993592749252
        },
        {
            "Time": "2023-01-26",
            "value": 0.8392687447487118
        },
        {
            "Time": "2023-01-27",
            "value": 1.827351467573227
        },
        {
            "Time": "2023-01-28",
            "value": 2.2277383546601564
        },
        {
            "Time": "2023-01-29",
            "value": 2.082354463428403
        },
        {
            "Time": "2023-01-30",
            "value": 2.438949906112421
        },
        {
            "Time": "2023-01-31",
            "value": 2.4141403959104757
        },
        {
            "Time": "2023-02-01",
            "value": 0.31441673199117354
        },
        {
            "Time": "2023-02-02",
            "value": 0.777067207538626
        },
        {
            "Time": "2023-02-03",
            "value": 0.3730193359455861
        },
        {
            "Time": "2023-02-04",
            "value": 0.06090807909230839
        },
        {
            "Time": "2023-02-05",
            "value": 0.25067788475891156
        },
        {
            "Time": "2023-02-06",
            "value": 1.2870783474304135
        },
        {
            "Time": "2023-02-07",
            "value": 0.21916659845148673
        },
        {
            "Time": "2023-02-08",
            "value": 0.11075988312919588
        },
        {
            "Time": "2023-02-09",
            "value": 0.31112642489146103
        },
        {
            "Time": "2023-02-10",
            "value": 0.1434025261335411
        },
        {
            "Time": "2023-02-11",
            "value": 0.6112076514884437
        },
        {
            "Time": "2023-02-12",
            "value": 0.8676633977292223
        },
        {
            "Time": "2023-02-13",
            "value": 0.2736109498270273
        },
        {
            "Time": "2023-02-14",
            "value": 0.6972298301982334
        },
        {
            "Time": "2023-02-15",
            "value": 2.2175240449549976
        },
        {
            "Time": "2023-02-16",
            "value": 2.66424361114465
        },
        {
            "Time": "2023-02-17",
            "value": 1.7993459805914784
        },
        {
            "Time": "2023-02-18",
            "value": 2.310892525714371
        },
        {
            "Time": "2023-02-19",
            "value": 0.5897678673315926
        },
        {
            "Time": "2023-02-20",
            "value": 1.1793420866894908
        },
        {
            "Time": "2023-02-21",
            "value": 2.64044246879509
        },
        {
            "Time": "2023-02-22",
            "value": 2.131540893406928
        },
        {
            "Time": "2023-02-23",
            "value": 2.0261560656583573
        },
        {
            "Time": "2023-02-24",
            "value": 0.8478676107935095
        },
        {
            "Time": "2023-02-25",
            "value": 2.401336049220196
        },
        {
            "Time": "2023-02-26",
            "value": 2.682724149398709
        },
        {
            "Time": "2023-02-27",
            "value": 2.2863389976353896
        },
        {
            "Time": "2023-02-28",
            "value": 1.1822361454701549
        },
        {
            "Time": "2023-03-01",
            "value": 1.2923924026501235
        },
        {
            "Time": "2023-03-02",
            "value": 1.6943040583647435
        },
        {
            "Time": "2023-03-03",
            "value": 2.348248725027532
        },
        {
            "Time": "2023-03-04",
            "value": 2.726846676744302
        },
        {
            "Time": "2023-03-05",
            "value": 2.6816677160981706
        },
        {
            "Time": "2023-03-06",
            "value": 2.7805273664705448
        },
        {
            "Time": "2023-03-07",
            "value": 2.7736250024149416
        },
        {
            "Time": "2023-03-08",
            "value": 2.5185318942442536
        },
        {
            "Time": "2023-03-09",
            "value": 1.9069665151952708
        },
        {
            "Time": "2023-03-10",
            "value": 2.871435143456997
        },
        {
            "Time": "2023-03-11",
            "value": 2.3277671396386626
        },
        {
            "Time": "2023-03-12",
            "value": 0.4633015484460955
        },
        {
            "Time": "2023-03-13",
            "value": 2.148466329073861
        },
        {
            "Time": "2023-03-14",
            "value": 2.934292569845311
        },
        {
            "Time": "2023-03-15",
            "value": 2.3626262933489937
        },
        {
            "Time": "2023-03-16",
            "value": 2.4179725102768708
        },
        {
            "Time": "2023-03-17",
            "value": 1.3499389694016104
        },
        {
            "Time": "2023-03-18",
            "value": 0.28857232001843414
        },
        {
            "Time": "2023-03-19",
            "value": 0.08457583278258143
        },
        {
            "Time": "2023-03-20",
            "value": 1.9321340235565998
        },
        {
            "Time": "2023-03-21",
            "value": 0.9856682648014895
        },
        {
            "Time": "2023-03-22",
            "value": 1.8361766495840584
        },
        {
            "Time": "2023-03-23",
            "value": 0.09855654787478753
        },
        {
            "Time": "2023-03-24",
            "value": 0.12622481795682672
        },
        {
            "Time": "2023-03-25",
            "value": 0.18354328518020743
        },
        {
            "Time": "2023-03-26",
            "value": 0.9136439214029504
        },
        {
            "Time": "2023-03-27",
            "value": 0.0
        }
    ]
}