{
    "data": [
        {
            "Time": "2022-11-27",
            "value": 0.1734584211466746
        },
        {
            "Time": "2022-11-28",
            "value": 0.5518728594693908
        },
        {
            "Time": "2022-11-29",
            "value": 0.6575811765580087
        },
        {
            "Time": "2022-11-30",
            "value": 0.23128434481444118
        },
        {
            "Time": "2022-12-01",
            "value": 0.2836975261326006
        },
        {
            "Time": "2022-12-02",
            "value": 0.30754750016737287
        },
        {
            "Time": "2022-12-03",
            "value": 0.5084155534774026
        },
        {
            "Time": "2022-12-04",
            "value": 0.38336190276691345
        },
        {
            "Time": "2022-12-05",
            "value": 0.32817332030167745
        },
        {
            "Time": "2022-12-06",
            "value": 0.5008629352819052
        },
        {
            "Time": "2022-12-07",
            "value": 0.13229708141792534
        },
        {
            "Time": "2022-12-08",
            "value": 0.6715492227913931
        },
        {
            "Time": "2022-12-09",
            "value": 0.56259423758366
        },
        {
            "Time": "2022-12-10",
            "value": 1.6756137996268639
        },
        {
            "Time": "2022-12-11",
            "value": 0.30247580125458334
        },
        {
            "Time": "2022-12-12",
            "value": 0.9214210027356747
        },
        {
            "Time": "2022-12-13",
            "value": 1.076874753092439
        },
        {
            "Time": "2022-12-14",
            "value": 0.5046995159213418
        },
        {
            "Time": "2022-12-15",
            "value": 0.37289058822542165
        },
        {
            "Time": "2022-12-16",
            "value": 0.22104648789098594
        },
        {
            "Time": "2022-12-17",
            "value": 0.32511556621746585
        },
        {
            "Time": "2022-12-18",
            "value": 1.1497488820619524
        },
        {
            "Time": "2022-12-19",
            "value": 1.6106950314239232
        },
        {
            "Time": "2022-12-20",
            "value": 1.2412842206743153
        },
        {
            "Time": "2022-12-21",
            "value": 1.6598965911577928
        },
        {
            "Time": "2022-12-22",
            "value": 1.8111233226931407
        },
        {
            "Time": "2022-12-23",
            "value": 1.448123212824282
        },
        {
            "Time": "2022-12-24",
            "value": 1.8719183559903658
        },
        {
            "Time": "2022-12-25",
            "value": 1.8945623673949639
        },
        {
            "Time": "2022-12-26",
            "value": 1.6813494531015283
        },
        {
            "Time": "2022-12-27",
            "value": 0.6596831002949151
        },
        {
            "Time": "2022-12-28",
            "value": 0.3547020469009937
        },
        {
            "Time": "2022-12-29",
            "value": 0.21440228943481907
        },
        {
            "Time": "2022-12-30",
            "value": 0.33592361213777777
        },
        {
            "Time": "2022-12-31",
            "value": 1.021226639454717
        },
        {
            "Time": "2023-01-01",
            "value": 0.5716848532467106
        },
        {
            "Time": "2023-01-02",
            "value": 0.28506548786931807
        },
        {
            "Time": "2023-01-03",
            "value": 0.331694803694376
        },
        {
            "Time": "2023-01-04",
            "value": 0.3256721333647135
        },
        {
            "Time": "2023-01-05",
            "value": 0.4297600004497876
        },
        {
            "Time": "2023-01-06",
            "value": 1.55159497179784
        },
        {
            "Time": "2023-01-07",
            "value": 1.9546374878664292
        },
        {
            "Time": "2023-01-08",
            "value": 1.8352569907384788
        },
        {
            "Time": "2023-01-09",
            "value": 0.37683720040742646
        },
        {
            "Time": "2023-01-10",
            "value": 0.4267445622048114
        },
        {
            "Time": "2023-01-11",
            "value": 0.5663655881649218
        },
        {
            "Time": "2023-01-12",
            "value": 1.233799579786373
        },
        {
            "Time": "2023-01-13",
            "value": 0.26766215165135787
        },
        {
            "Time": "2023-01-14",
            "value": 1.3217582835006378
        },
        {
            "Time": "2023-01-15",
            "value": 0.3048012549787182
        },
        {
            "Time": "2023-01-16",
            "value": 1.4740424907600624
        },
        {
            "Time": "2023-01-17",
            "value": 0.3700165179848388
        },
        {
            "Time": "2023-01-18",
            "value": 1.8038731585769991
        },
        {
            "Time": "2023-01-19",
            "value": 1.6319162669794338
        },
        {
            "Time": "2023-01-20",
            "value": 0.6623886152571049
        },
        {
            "Time": "2023-01-21",
            "value": 0.21235507737070758
        },
        {
            "Time": "2023-01-22",
            "value": 1.288365806512425
        },
        {
            "Time": "2023-01-23",
            "value": 0.1933374226238449
        },
        {
            "Time": "2023-01-24",
            "value": 0.8879932324911778
        },
        {
            "Time": "2023-01-25",
            "value": 1.953140386742445
        },
        {
            "Time": "2023-01-26",
            "value": 1.1369212312490373
        },
        {
            "Time": "2023-01-27",
            "value": 1.7624072998257987
        },
        {
            "Time": "2023-01-28",
            "value": 1.9339794915426791
        },
        {
            "Time": "2023-01-29",
            "value": 1.9959728883785068
        },
        {
            "Time": "2023-01-30",
            "value": 2.5405182667900617
        },
        {
            "Time": "2023-01-31",
            "value": 2.505928844404965
        },
        {
            "Time": "2023-02-01",
            "value": 0.3882773297788955
        },
        {
            "Time": "2023-02-02",
            "value": 0.7797399528244567
        },
        {
            "Time": "2023-02-03",
            "value": 0.43860883786726396
        },
        {
            "Time": "2023-02-04",
            "value": 0.13296843595919544
        },
        {
            "Time": "2023-02-05",
            "value": 0.29738695447190516
        },
        {
            "Time": "2023-02-06",
            "value": 1.3463767700380438
        },
        {
            "Time": "2023-02-07",
            "value": 0.27174406792302463
        },
        {
            "Time": "2023-02-08",
            "value": 0.17226043281335834
        },
        {
            "Time": "2023-02-09",
            "value": 0.37642192471135316
        },
        {
            "Time": "2023-02-10",
            "value": 0.2097657076991896
        },
        {
            "Time": "2023-02-11",
            "value": 0.6362119804918348
        },
        {
            "Time": "2023-02-12",
            "value": 0.8721235517876754
        },
        {
            "Time": "2023-02-13",
            "value": 0.34905442204675347
        },
        {
            "Time": "2023-02-14",
            "value": 0.7147951978770375
        },
        {
            "Time": "2023-02-15",
            "value": 1.8512024997101324
        },
        {
            "Time": "2023-02-16",
            "value": 2.3226779897041827
        },
        {
            "Time": "2023-02-17",
            "value": 1.5584254692299762
        },
        {
            "Time": "2023-02-18",
            "value": 2.07483514936012
        },
        {
            "Time": "2023-02-19",
            "value": 0.6432311402835625
        },
        {
            "Time": "2023-02-20",
            "value": 1.1814475218049016
        },
        {
            "Time": "2023-02-21",
            "value": 2.402299361176064
        },
        {
            "Time": "2023-02-22",
            "value": 1.8839698872133928
        },
        {
            "Time": "2023-02-23",
            "value": 1.9661863565018163
        },
        {
            "Time": "2023-02-24",
            "value": 0.866171361521338
        },
        {
            "Time": "2023-02-25",
            "value": 2.1573307054881696
        },
        {
            "Time": "2023-02-26",
            "value": 2.52029361022497
        },
        {
            "Time": "2023-02-27",
            "value": 2.029778063172354
        },
        {
            "Time": "2023-02-28",
            "value": 1.206833866100923
        },
        {
            "Time": "2023-03-01",
            "value": 1.3057690312697732
        },
        {
            "Time": "2023-03-02",
            "value": 1.5322627365347858
        },
        {
            "Time": "2023-03-03",
            "value": 2.301143840138858
        },
        {
            "Time": "2023-03-04",
            "value": 2.6082394270149454
        },
        {
            "Time": "2023-03-05",
            "value": 2.587572060743096
        },
        {
            "Time": "2023-03-06",
            "value": 2.715301324727825
        },
        {
            "Time": "2023-03-07",
            "value": 2.718320738841992
        },
        {
            "Time": "2023-03-08",
            "value": 2.5849643475369213
        },
        {
            "Time": "2023-03-09",
            "value": 1.8988174417831638
        },
        {
            "Time": "2023-03-10",
            "value": 2.8845820309049923
        },
        {
            "Time": "2023-03-11",
            "value": 2.4427837807804775
        },
        {
            "Time": "2023-03-12",
            "value": 0.5327448433929769
        },
        {
            "Time": "2023-03-13",
            "value": 2.2091202128927927
        },
        {
            "Time": "2023-03-14",
            "value": 2.9777531480676
        },
        {
            "Time": "2023-03-15",
            "value": 2.3681953664642226
        },
        {
            "Time": "2023-03-16",
            "value": 2.394761349938525
        },
        {
            "Time": "2023-03-17",
            "value": 1.458315065437721
        },
        {
            "Time": "2023-03-18",
            "value": 0.35882889860066197
        },
        {
            "Time": "2023-03-19",
            "value": 0.13474633405666087
        },
        {
            "Time": "2023-03-20",
            "value": 1.8946877394309742
        },
        {
            "Time": "2023-03-21",
            "value": 1.0711406747970424
        },
        {
            "Time": "2023-03-22",
            "value": 1.8747455227254104
        },
        {
            "Time": "2023-03-23",
            "value": 0.1666331841875215
        },
        {
            "Time": "2023-03-24",
            "value": 0.18326096063939204
        },
        {
            "Time": "2023-03-25",
            "value": 0.23053067231416086
        },
        {
            "Time": "2023-03-26",
            "value": 1.0178802192794438
        },
        {
            "Time": "2023-03-27",
            "value": 0.0
        }
    ]
}