{
    "data": [
        {
            "Time": "2022-11-27",
            "value": 0.16309094937048638
        },
        {
            "Time": "2022-11-28",
            "value": 0.7120190754848497
        },
        {
            "Time": "2022-11-29",
            "value": 0.6677109508282566
        },
        {
            "Time": "2022-11-30",
            "value": 0.23014175774954038
        },
        {
            "Time": "2022-12-01",
            "value": 0.2889414359514618
        },
        {
            "Time": "2022-12-02",
            "value": 0.30622924868525025
        },
        {
            "Time": "2022-12-03",
            "value": 0.5501113944255607
        },
        {
            "Time": "2022-12-04",
            "value": 0.4046045687152141
        },
        {
            "Time": "2022-12-05",
            "value": 0.33117532396144783
        },
        {
            "Time": "2022-12-06",
            "value": 0.5331505555812915
        },
        {
            "Time": "2022-12-07",
            "value": 0.1287888884518646
        },
        {
            "Time": "2022-12-08",
            "value": 0.7526506747786186
        },
        {
            "Time": "2022-12-09",
            "value": 0.6245352765446748
        },
        {
            "Time": "2022-12-10",
            "value": 1.7099731884358214
        },
        {
            "Time": "2022-12-11",
            "value": 0.2921174099385299
        },
        {
            "Time": "2022-12-12",
            "value": 0.9375603867600972
        },
        {
            "Time": "2022-12-13",
            "value": 1.3205651160682166
        },
        {
            "Time": "2022-12-14",
            "value": 0.5529766415056958
        },
        {
            "Time": "2022-12-15",
            "value": 0.39485637393927286
        },
        {
            "Time": "2022-12-16",
            "value": 0.22582862898265824
        },
        {
            "Time": "2022-12-17",
            "value": 0.3446101365148637
        },
        {
            "Time": "2022-12-18",
            "value": 1.9630443118955987
        },
        {
            "Time": "2022-12-19",
            "value": 1.8374121091517186
        },
        {
            "Time": "2022-12-20",
            "value": 1.1454649996338382
        },
        {
            "Time": "2022-12-21",
            "value": 1.7872037692509959
        },
        {
            "Time": "2022-12-22",
            "value": 1.8028754030839758
        },
        {
            "Time": "2022-12-23",
            "value": 1.8859447600338373
        },
        {
            "Time": "2022-12-24",
            "value": 1.925348865644255
        },
        {
            "Time": "2022-12-25",
            "value": 1.95156561386526
        },
        {
            "Time": "2022-12-26",
            "value": 1.641727906045307
        },
        {
            "Time": "2022-12-27",
            "value": 0.7742624341652118
        },
        {
            "Time": "2022-12-28",
            "value": 0.37205709499921297
        },
        {
            "Time": "2022-12-29",
            "value": 0.20995458566666114
        },
        {
            "Time": "2022-12-30",
            "value": 0.3509467592760833
        },
        {
            "Time": "2022-12-31",
            "value": 1.2193951391719307
        },
        {
            "Time": "2023-01-01",
            "value": 0.6307585893398577
        },
        {
            "Time": "2023-01-02",
            "value": 0.3007616106095839
        },
        {
            "Time": "2023-01-03",
            "value": 0.34577075466640067
        },
        {
            "Time": "2023-01-04",
            "value": 0.3437782416990393
        },
        {
            "Time": "2023-01-05",
            "value": 0.46783512593154325
        },
        {
            "Time": "2023-01-06",
            "value": 1.8850070050210632
        },
        {
            "Time": "2023-01-07",
            "value": 2.021544913899856
        },
        {
            "Time": "2023-01-08",
            "value": 2.007683952747519
        },
        {
            "Time": "2023-01-09",
            "value": 0.41018425749637916
        },
        {
            "Time": "2023-01-10",
            "value": 0.44663991330460334
        },
        {
            "Time": "2023-01-11",
            "value": 0.6146781165233286
        },
        {
            "Time": "2023-01-12",
            "value": 1.3993349038995764
        },
        {
            "Time": "2023-01-13",
            "value": 0.27139995844932086
        },
        {
            "Time": "2023-01-14",
            "value": 1.4645356950403008
        },
        {
            "Time": "2023-01-15",
            "value": 0.3085870464723443
        },
        {
            "Time": "2023-01-16",
            "value": 1.7135295730933378
        },
        {
            "Time": "2023-01-17",
            "value": 0.38803674899844154
        },
        {
            "Time": "2023-01-18",
            "value": 2.0711995355164534
        },
        {
            "Time": "2023-01-19",
            "value": 1.7323753751913304
        },
        {
            "Time": "2023-01-20",
            "value": 0.7384493356137751
        },
        {
            "Time": "2023-01-21",
            "value": 0.2074062948826591
        },
        {
            "Time": "2023-01-22",
            "value": 1.5890285675684541
        },
        {
            "Time": "2023-01-23",
            "value": 0.19270617916056082
        },
        {
            "Time": "2023-01-24",
            "value": 1.4528062662968704
        },
        {
            "Time": "2023-01-25",
            "value": 2.3315867147652956
        },
        {
            "Time": "2023-01-26",
            "value": 1.2287340143005823
        },
        {
            "Time": "2023-01-27",
            "value": 2.1519886296933053
        },
        {
            "Time": "2023-01-28",
            "value": 2.437575511577962
        },
        {
            "Time": "2023-01-29",
            "value": 2.4539752540999515
        },
        {
            "Time": "2023-01-30",
            "value": 2.503183870786539
        },
        {
            "Time": "2023-01-31",
            "value": 2.4856062306919524
        },
        {
            "Time": "2023-02-01",
            "value": 0.39930309793877067
        },
        {
            "Time": "2023-02-02",
            "value": 0.9779227376874805
        },
        {
            "Time": "2023-02-03",
            "value": 0.4567699590860922
        },
        {
            "Time": "2023-02-04",
            "value": 0.1308492917044053
        },
        {
            "Time": "2023-02-05",
            "value": 0.3211457596256064
        },
        {
            "Time": "2023-02-06",
            "value": 1.5787652227331939
        },
        {
            "Time": "2023-02-07",
            "value": 0.29445157488669205
        },
        {
            "Time": "2023-02-08",
            "value": 0.16926672768102327
        },
        {
            "Time": "2023-02-09",
            "value": 0.4176749168342443
        },
        {
            "Time": "2023-02-10",
            "value": 0.20914392596594347
        },
        {
            "Time": "2023-02-11",
            "value": 0.8184706930753904
        },
        {
            "Time": "2023-02-12",
            "value": 1.1053606786867896
        },
        {
            "Time": "2023-02-13",
            "value": 0.3484255623248502
        },
        {
            "Time": "2023-02-14",
            "value": 0.8940058713391033
        },
        {
            "Time": "2023-02-15",
            "value": 2.4230006939352435
        },
        {
            "Time": "2023-02-16",
            "value": 2.822409514173768
        },
        {
            "Time": "2023-02-17",
            "value": 2.0336762862784425
        },
        {
            "Time": "2023-02-18",
            "value": 2.484436336510951
        },
        {
            "Time": "2023-02-19",
            "value": 0.7095077526627105
        },
        {
            "Time": "2023-02-20",
            "value": 1.4524968574666237
        },
        {
            "Time": "2023-02-21",
            "value": 2.8113440195244053
        },
        {
            "Time": "2023-02-22",
            "value": 2.367918467087587
        },
        {
            "Time": "2023-02-23",
            "value": 2.306271766894982
        },
        {
            "Time": "2023-02-24",
            "value": 1.0002754392479727
        },
        {
            "Time": "2023-02-25",
            "value": 2.60275475151259
        },
        {
            "Time": "2023-02-26",
            "value": 2.897004379350802
        },
        {
            "Time": "2023-02-27",
            "value": 2.510464037280759
        },
        {
            "Time": "2023-02-28",
            "value": 1.3955274703561344
        },
        {
            "Time": "2023-03-01",
            "value": 1.4490093271793838
        },
        {
            "Time": "2023-03-02",
            "value": 1.9361507668729783
        },
        {
            "Time": "2023-03-03",
            "value": 2.549905873362443
        },
        {
            "Time": "2023-03-04",
            "value": 2.877953342476457
        },
        {
            "Time": "2023-03-05",
            "value": 2.81757213617983
        },
        {
            "Time": "2023-03-06",
            "value": 2.9398188975839217
        },
        {
            "Time": "2023-03-07",
            "value": 2.904550545607874
        },
        {
            "Time": "2023-03-08",
            "value": 2.6324706450218764
        },
        {
            "Time": "2023-03-09",
            "value": 2.173081867521656
        },
        {
            "Time": "2023-03-10",
            "value": 3.005137523305758
        },
        {
            "Time": "2023-03-11",
            "value": 2.4988216483574845
        },
        {
            "Time": "2023-03-12",
            "value": 0.5679568835542772
        },
        {
            "Time": "2023-03-13",
            "value": 2.3756974347478685
        },
        {
            "Time": "2023-03-14",
            "value": 3.1119727738701064
        },
        {
            "Time": "2023-03-15",
            "value": 2.553731666219226
        },
        {
            "Time": "2023-03-16",
            "value": 2.6283663435823805
        },
        {
            "Time": "2023-03-17",
            "value": 1.4608115437678284
        },
        {
            "Time": "2023-03-18",
            "value": 0.3711552155149339
        },
        {
            "Time": "2023-03-19",
            "value": 0.13093075166661486
        },
        {
            "Time": "2023-03-20",
            "value": 2.166160340630015
        },
        {
            "Time": "2023-03-21",
            "value": 1.13052539668407
        },
        {
            "Time": "2023-03-22",
            "value": 1.996784034903588
        },
        {
            "Time": "2023-03-23",
            "value": 0.15928498598042212
        },
        {
            "Time": "2023-03-24",
            "value": 0.19571830862197584
        },
        {
            "Time": "2023-03-25",
            "value": 0.24437934964624805
        },
        {
            "Time": "2023-03-26",
            "value": 1.063271425935131
        },
        {
            "Time": "2023-03-27",
            "value": 0.0
        }
    ]
}