{
    "data": [
        {
            "Time": "2022-11-27",
            "value": 0.38157770623276743
        },
        {
            "Time": "2022-11-28",
            "value": 1.4260781008923042
        },
        {
            "Time": "2022-11-29",
            "value": 1.3097359581858188
        },
        {
            "Time": "2022-11-30",
            "value": 0.5200657215250222
        },
        {
            "Time": "2022-12-01",
            "value": 0.6192518397611377
        },
        {
            "Time": "2022-12-02",
            "value": 0.6867492648619576
        },
        {
            "Time": "2022-12-03",
            "value": 1.139780504138881
        },
        {
            "Time": "2022-12-04",
            "value": 0.8451890400283223
        },
        {
            "Time": "2022-12-05",
            "value": 0.7084865156785999
        },
        {
            "Time": "2022-12-06",
            "value": 1.094573068262306
        },
        {
            "Time": "2022-12-07",
            "value": 0.3099081038648532
        },
        {
            "Time": "2022-12-08",
            "value": 1.5660811371163892
        },
        {
            "Time": "2022-12-09",
            "value": 1.2911493028623968
        },
        {
            "Time": "2022-12-10",
            "value": 3.1957636721700693
        },
        {
            "Time": "2022-12-11",
            "value": 0.6384405865488786
        },
        {
            "Time": "2022-12-12",
            "value": 1.941615064430466
        },
        {
            "Time": "2022-12-13",
            "value": 2.483968194666262
        },
        {
            "Time": "2022-12-14",
            "value": 1.1579369409864577
        },
        {
            "Time": "2022-12-15",
            "value": 0.8395844382898139
        },
        {
            "Time": "2022-12-16",
            "value": 0.5144189262321304
        },
        {
            "Time": "2022-12-17",
            "value": 0.7320042017034244
        },
        {
            "Time": "2022-12-18",
            "value": 3.895815277394155
        },
        {
            "Time": "2022-12-19",
            "value": 3.647800746938372
        },
        {
            "Time": "2022-12-20",
            "value": 2.179981630275691
        },
        {
            "Time": "2022-12-21",
            "value": 3.5579706284718404
        },
        {
            "Time": "2022-12-22",
            "value": 3.6226870175447257
        },
        {
            "Time": "2022-12-23",
            "value": 3.778815067572524
        },
        {
            "Time": "2022-12-24",
            "value": 3.8181581011384975
        },
        {
            "Time": "2022-12-25",
            "value": 3.8601390785161502
        },
        {
            "Time": "2022-12-26",
            "value": 3.1670779538172464
        },
        {
            "Time": "2022-12-27",
            "value": 1.5340438529837677
        },
        {
            "Time": "2022-12-28",
            "value": 0.8044234004684674
        },
        {
            "Time": "2022-12-29",
            "value": 0.4908767368920139
        },
        {
            "Time": "2022-12-30",
            "value": 0.7672844991287076
        },
        {
            "Time": "2022-12-31",
            "value": 2.2916090892802905
        },
        {
            "Time": "2023-01-01",
            "value": 1.2970109713108513
        },
        {
            "Time": "2023-01-02",
            "value": 0.6448767064314291
        },
        {
            "Time": "2023-01-03",
            "value": 0.7237239474101145
        },
        {
            "Time": "2023-01-04",
            "value": 0.7493705872204117
        },
        {
            "Time": "2023-01-05",
            "value": 0.9720555586907477
        },
        {
            "Time": "2023-01-06",
            "value": 3.6224432108641356
        },
        {
            "Time": "2023-01-07",
            "value": 3.7991727167721923
        },
        {
            "Time": "2023-01-08",
            "value": 3.774440264695604
        },
        {
            "Time": "2023-01-09",
            "value": 0.8531890306202021
        },
        {
            "Time": "2023-01-10",
            "value": 0.9428108375400415
        },
        {
            "Time": "2023-01-11",
            "value": 1.2669627983716358
        },
        {
            "Time": "2023-01-12",
            "value": 2.5402738393884405
        },
        {
            "Time": "2023-01-13",
            "value": 0.5929900266877227
        },
        {
            "Time": "2023-01-14",
            "value": 2.612137890612152
        },
        {
            "Time": "2023-01-15",
            "value": 0.6733616078118051
        },
        {
            "Time": "2023-01-16",
            "value": 3.262178718870303
        },
        {
            "Time": "2023-01-17",
            "value": 0.8224256096579261
        },
        {
            "Time": "2023-01-18",
            "value": 3.7539326832505626
        },
        {
            "Time": "2023-01-19",
            "value": 3.230614847293466
        },
        {
            "Time": "2023-01-20",
            "value": 1.470736625718274
        },
        {
            "Time": "2023-01-21",
            "value": 0.48415987312161946
        },
        {
            "Time": "2023-01-22",
            "value": 3.148345341541401
        },
        {
            "Time": "2023-01-23",
            "value": 0.4490157415191752
        },
        {
            "Time": "2023-01-24",
            "value": 2.807587248452857
        },
        {
            "Time": "2023-01-25",
            "value": 4.106084623457088
        },
        {
            "Time": "2023-01-26",
            "value": 2.1866771701699506
        },
        {
            "Time": "2023-01-27",
            "value": 3.8642846558258714
        },
        {
            "Time": "2023-01-28",
            "value": 4.263313652214171
        },
        {
            "Time": "2023-01-29",
            "value": 4.339049392577092
        },
        {
            "Time": "2023-01-30",
            "value": 4.504869454346187
        },
        {
            "Time": "2023-01-31",
            "value": 4.562250387836034
        },
        {
            "Time": "2023-02-01",
            "value": 0.8683703564747339
        },
        {
            "Time": "2023-02-02",
            "value": 1.9282066323399454
        },
        {
            "Time": "2023-02-03",
            "value": 0.980231440338658
        },
        {
            "Time": "2023-02-04",
            "value": 0.3409052388740278
        },
        {
            "Time": "2023-02-05",
            "value": 0.686667619114015
        },
        {
            "Time": "2023-02-06",
            "value": 2.9412485883128032
        },
        {
            "Time": "2023-02-07",
            "value": 0.6615147829307332
        },
        {
            "Time": "2023-02-08",
            "value": 0.40719886794220794
        },
        {
            "Time": "2023-02-09",
            "value": 0.8724883146080646
        },
        {
            "Time": "2023-02-10",
            "value": 0.4780398541676745
        },
        {
            "Time": "2023-02-11",
            "value": 1.5593358741860708
        },
        {
            "Time": "2023-02-12",
            "value": 2.1788424801336594
        },
        {
            "Time": "2023-02-13",
            "value": 0.7683409490196464
        },
        {
            "Time": "2023-02-14",
            "value": 1.7812120715720163
        },
        {
            "Time": "2023-02-15",
            "value": 4.586758160234715
        },
        {
            "Time": "2023-02-16",
            "value": 5.329705339808377
        },
        {
            "Time": "2023-02-17",
            "value": 3.8949753409601273
        },
        {
            "Time": "2023-02-18",
            "value": 4.651592820167143
        },
        {
            "Time": "2023-02-19",
            "value": 1.4473649200797174
        },
        {
            "Time": "2023-02-20",
            "value": 2.807408897593769
        },
        {
            "Time": "2023-02-21",
            "value": 5.323951202595533
        },
        {
            "Time": "2023-02-22",
            "value": 4.514808846382608
        },
        {
            "Time": "2023-02-23",
            "value": 4.428280608880902
        },
        {
            "Time": "2023-02-24",
            "value": 1.9942998967135224
        },
        {
            "Time": "2023-02-25",
            "value": 5.078254804729142
        },
        {
            "Time": "2023-02-26",
            "value": 5.431644406532074
        },
        {
            "Time": "2023-02-27",
            "value": 4.6566827785965526
        },
        {
            "Time": "2023-02-28",
            "value": 2.7384009240528644
        },
        {
            "Time": "2023-03-01",
            "value": 2.885217368357049
        },
        {
            "Time": "2023-03-02",
            "value": 3.7304701111349994
        },
        {
            "Time": "2023-03-03",
            "value": 5.058636694776961
        },
        {
            "Time": "2023-03-04",
            "value": 5.505828994384813
        },
        {
            "Time": "2023-03-05",
            "value": 5.475247697424636
        },
        {
            "Time": "2023-03-06",
            "value": 5.60788551230275
        },
        {
            "Time": "2023-03-07",
            "value": 5.609540889176145
        },
        {
            "Time": "2023-03-08",
            "value": 5.26287228586235
        },
        {
            "Time": "2023-03-09",
            "value": 4.158829071399872
        },
        {
            "Time": "2023-03-10",
            "value": 5.688890513193898
        },
        {
            "Time": "2023-03-11",
            "value": 5.001410028724366
        },
        {
            "Time": "2023-03-12",
            "value": 1.161015810207249
        },
        {
            "Time": "2023-03-13",
            "value": 4.630543427724598
        },
        {
            "Time": "2023-03-14",
            "value": 5.701349141244574
        },
        {
            "Time": "2023-03-15",
            "value": 5.061626765456936
        },
        {
            "Time": "2023-03-16",
            "value": 5.063441913291358
        },
        {
            "Time": "2023-03-17",
            "value": 2.9920782376578
        },
        {
            "Time": "2023-03-18",
            "value": 0.8074847103714864
        },
        {
            "Time": "2023-03-19",
            "value": 0.33026356138355156
        },
        {
            "Time": "2023-03-20",
            "value": 4.13864362574323
        },
        {
            "Time": "2023-03-21",
            "value": 2.291692877782635
        },
        {
            "Time": "2023-03-22",
            "value": 4.0411416822707
        },
        {
            "Time": "2023-03-23",
            "value": 0.3864856436637919
        },
        {
            "Time": "2023-03-24",
            "value": 0.44563668090010256
        },
        {
            "Time": "2023-03-25",
            "value": 0.5612666610555672
        },
        {
            "Time": "2023-03-26",
            "value": 2.1740813129885317
        },
        {
            "Time": "2023-03-27",
            "value": 0.0
        }
    ]
}