{
    "data": [
        {
            "Time": "2022-11-27",
            "value": 0.3392892398675645
        },
        {
            "Time": "2022-11-28",
            "value": 1.3633981287825174
        },
        {
            "Time": "2022-11-29",
            "value": 1.2331490273448111
        },
        {
            "Time": "2022-11-30",
            "value": 0.481447815783157
        },
        {
            "Time": "2022-12-01",
            "value": 0.5816901557641199
        },
        {
            "Time": "2022-12-02",
            "value": 0.6429912021965827
        },
        {
            "Time": "2022-12-03",
            "value": 1.0899879349988488
        },
        {
            "Time": "2022-12-04",
            "value": 0.798628118112507
        },
        {
            "Time": "2022-12-05",
            "value": 0.6614152293132984
        },
        {
            "Time": "2022-12-06",
            "value": 1.0443070709014663
        },
        {
            "Time": "2022-12-07",
            "value": 0.2759133694650005
        },
        {
            "Time": "2022-12-08",
            "value": 1.4994920313286257
        },
        {
            "Time": "2022-12-09",
            "value": 1.2325910930322208
        },
        {
            "Time": "2022-12-10",
            "value": 3.011009808002484
        },
        {
            "Time": "2022-12-11",
            "value": 0.5943290919187955
        },
        {
            "Time": "2022-12-12",
            "value": 1.8622618910001585
        },
        {
            "Time": "2022-12-13",
            "value": 2.3356999708334505
        },
        {
            "Time": "2022-12-14",
            "value": 1.0952366836250302
        },
        {
            "Time": "2022-12-15",
            "value": 0.7913960076323988
        },
        {
            "Time": "2022-12-16",
            "value": 0.4671380173929199
        },
        {
            "Time": "2022-12-17",
            "value": 0.6822815813439876
        },
        {
            "Time": "2022-12-18",
            "value": 3.9721223233798897
        },
        {
            "Time": "2022-12-19",
            "value": 3.622232786072972
        },
        {
            "Time": "2022-12-20",
            "value": 2.1672588740808516
        },
        {
            "Time": "2022-12-21",
            "value": 3.599562887680424
        },
        {
            "Time": "2022-12-22",
            "value": 3.620130994146923
        },
        {
            "Time": "2022-12-23",
            "value": 3.7935244422921173
        },
        {
            "Time": "2022-12-24",
            "value": 3.7965531507202925
        },
        {
            "Time": "2022-12-25",
            "value": 3.8384876910605903
        },
        {
            "Time": "2022-12-26",
            "value": 2.974492933284722
        },
        {
            "Time": "2022-12-27",
            "value": 1.4561860739566321
        },
        {
            "Time": "2022-12-28",
            "value": 0.7436008056799661
        },
        {
            "Time": "2022-12-29",
            "value": 0.4497800021780588
        },
        {
            "Time": "2022-12-30",
            "value": 0.7214859940124239
        },
        {
            "Time": "2022-12-31",
            "value": 2.1697584903871316
        },
        {
            "Time": "2023-01-01",
            "value": 1.2338106314114454
        },
        {
            "Time": "2023-01-02",
            "value": 0.6077958491044316
        },
        {
            "Time": "2023-01-03",
            "value": 0.6779827855896638
        },
        {
            "Time": "2023-01-04",
            "value": 0.7054735049591438
        },
        {
            "Time": "2023-01-05",
            "value": 0.9177677824931739
        },
        {
            "Time": "2023-01-06",
            "value": 3.703102649921152
        },
        {
            "Time": "2023-01-07",
            "value": 3.8539190962238026
        },
        {
            "Time": "2023-01-08",
            "value": 3.8430049784191276
        },
        {
            "Time": "2023-01-09",
            "value": 0.809399435823266
        },
        {
            "Time": "2023-01-10",
            "value": 0.8917771866479116
        },
        {
            "Time": "2023-01-11",
            "value": 1.2015699959899204
        },
        {
            "Time": "2023-01-12",
            "value": 2.3955646122617047
        },
        {
            "Time": "2023-01-13",
            "value": 0.5717130120412233
        },
        {
            "Time": "2023-01-14",
            "value": 2.458635579699703
        },
        {
            "Time": "2023-01-15",
            "value": 0.6299336996273024
        },
        {
            "Time": "2023-01-16",
            "value": 3.068498504095979
        },
        {
            "Time": "2023-01-17",
            "value": 0.7787760852347629
        },
        {
            "Time": "2023-01-18",
            "value": 3.739368288581408
        },
        {
            "Time": "2023-01-19",
            "value": 3.0724099800176905
        },
        {
            "Time": "2023-01-20",
            "value": 1.4005945909312425
        },
        {
            "Time": "2023-01-21",
            "value": 0.44553115980222
        },
        {
            "Time": "2023-01-22",
            "value": 3.0726991082077633
        },
        {
            "Time": "2023-01-23",
            "value": 0.41361854954993443
        },
        {
            "Time": "2023-01-24",
            "value": 2.595890456370988
        },
        {
            "Time": "2023-01-25",
            "value": 4.140001488267334
        },
        {
            "Time": "2023-01-26",
            "value": 2.1274071369344836
        },
        {
            "Time": "2023-01-27",
            "value": 3.8024974722145486
        },
        {
            "Time": "2023-01-28",
            "value": 4.236830773602943
        },
        {
            "Time": "2023-01-29",
            "value": 4.270935086567954
        },
        {
            "Time": "2023-01-30",
            "value": 4.317175294692446
        },
        {
            "Time": "2023-01-31",
            "value": 4.3609457853028495
        },
        {
            "Time": "2023-02-01",
            "value": 0.8295267700419722
        },
        {
            "Time": "2023-02-02",
            "value": 1.849169893392783
        },
        {
            "Time": "2023-02-03",
            "value": 0.9269041448204783
        },
        {
            "Time": "2023-02-04",
            "value": 0.30440242195262895
        },
        {
            "Time": "2023-02-05",
            "value": 0.6350480704702416
        },
        {
            "Time": "2023-02-06",
            "value": 2.830644967715148
        },
        {
            "Time": "2023-02-07",
            "value": 0.6017463735243996
        },
        {
            "Time": "2023-02-08",
            "value": 0.35706791844725577
        },
        {
            "Time": "2023-02-09",
            "value": 0.8267908207650692
        },
        {
            "Time": "2023-02-10",
            "value": 0.42468937510350585
        },
        {
            "Time": "2023-02-11",
            "value": 1.48814595199322
        },
        {
            "Time": "2023-02-12",
            "value": 2.087612138948557
        },
        {
            "Time": "2023-02-13",
            "value": 0.7144658633719647
        },
        {
            "Time": "2023-02-14",
            "value": 1.6917324889427612
        },
        {
            "Time": "2023-02-15",
            "value": 4.539328582672973
        },
        {
            "Time": "2023-02-16",
            "value": 5.212618510808124
        },
        {
            "Time": "2023-02-17",
            "value": 3.846245343550401
        },
        {
            "Time": "2023-02-18",
            "value": 4.512450937250028
        },
        {
            "Time": "2023-02-19",
            "value": 1.3931604633110881
        },
        {
            "Time": "2023-02-20",
            "value": 2.7289888626179515
        },
        {
            "Time": "2023-02-21",
            "value": 5.248604455321294
        },
        {
            "Time": "2023-02-22",
            "value": 4.423241448007579
        },
        {
            "Time": "2023-02-23",
            "value": 4.284080542563873
        },
        {
            "Time": "2023-02-24",
            "value": 1.9317767787834725
        },
        {
            "Time": "2023-02-25",
            "value": 4.893904436760587
        },
        {
            "Time": "2023-02-26",
            "value": 5.344707916520444
        },
        {
            "Time": "2023-02-27",
            "value": 4.5720592752257545
        },
        {
            "Time": "2023-02-28",
            "value": 2.643081827516053
        },
        {
            "Time": "2023-03-01",
            "value": 2.81528051098953
        },
        {
            "Time": "2023-03-02",
            "value": 3.6199368942875485
        },
        {
            "Time": "2023-03-03",
            "value": 4.898854578045318
        },
        {
            "Time": "2023-03-04",
            "value": 5.38380934441604
        },
        {
            "Time": "2023-03-05",
            "value": 5.36102109927304
        },
        {
            "Time": "2023-03-06",
            "value": 5.494351405570321
        },
        {
            "Time": "2023-03-07",
            "value": 5.504390093846372
        },
        {
            "Time": "2023-03-08",
            "value": 5.155567110266679
        },
        {
            "Time": "2023-03-09",
            "value": 4.054968828719862
        },
        {
            "Time": "2023-03-10",
            "value": 5.621114764180463
        },
        {
            "Time": "2023-03-11",
            "value": 4.885316142338699
        },
        {
            "Time": "2023-03-12",
            "value": 1.127655452171035
        },
        {
            "Time": "2023-03-13",
            "value": 4.52755821697814
        },
        {
            "Time": "2023-03-14",
            "value": 5.663988531706729
        },
        {
            "Time": "2023-03-15",
            "value": 4.9721683261883145
        },
        {
            "Time": "2023-03-16",
            "value": 4.9737398519039395
        },
        {
            "Time": "2023-03-17",
            "value": 2.8943480027647017
        },
        {
            "Time": "2023-03-18",
            "value": 0.7517961866183112
        },
        {
            "Time": "2023-03-19",
            "value": 0.28804176455720903
        },
        {
            "Time": "2023-03-20",
            "value": 4.064842180177583
        },
        {
            "Time": "2023-03-21",
            "value": 2.228636628025635
        },
        {
            "Time": "2023-03-22",
            "value": 3.95067153737526
        },
        {
            "Time": "2023-03-23",
            "value": 0.33350534847904967
        },
        {
            "Time": "2023-03-24",
            "value": 0.39641095840689855
        },
        {
            "Time": "2023-03-25",
            "value": 0.5170999132835568
        },
        {
            "Time": "2023-03-26",
            "value": 2.107557405220845
        },
        {
            "Time": "2023-03-27",
            "value": 0.0
        }
    ]
}