{
    "data": [
        {
            "Time": "2022-11-27",
            "value": 0.23321267191919562
        },
        {
            "Time": "2022-11-28",
            "value": 0.8086391241800055
        },
        {
            "Time": "2022-11-29",
            "value": 0.7922723149280818
        },
        {
            "Time": "2022-11-30",
            "value": 0.3000903321672024
        },
        {
            "Time": "2022-12-01",
            "value": 0.3573634277515046
        },
        {
            "Time": "2022-12-02",
            "value": 0.3902744561723672
        },
        {
            "Time": "2022-12-03",
            "value": 0.605921475003843
        },
        {
            "Time": "2022-12-04",
            "value": 0.4718082875170116
        },
        {
            "Time": "2022-12-05",
            "value": 0.40728095530221164
        },
        {
            "Time": "2022-12-06",
            "value": 0.6042585617495949
        },
        {
            "Time": "2022-12-07",
            "value": 0.19163078696336805
        },
        {
            "Time": "2022-12-08",
            "value": 0.8693811113526746
        },
        {
            "Time": "2022-12-09",
            "value": 0.695703430906945
        },
        {
            "Time": "2022-12-10",
            "value": 1.9794351443980749
        },
        {
            "Time": "2022-12-11",
            "value": 0.3735456002741956
        },
        {
            "Time": "2022-12-12",
            "value": 1.137414797421452
        },
        {
            "Time": "2022-12-13",
            "value": 1.5635760564891092
        },
        {
            "Time": "2022-12-14",
            "value": 0.6274335069679565
        },
        {
            "Time": "2022-12-15",
            "value": 0.4784254173250074
        },
        {
            "Time": "2022-12-16",
            "value": 0.3010972595400675
        },
        {
            "Time": "2022-12-17",
            "value": 0.42230013931028
        },
        {
            "Time": "2022-12-18",
            "value": 2.4539508673615247
        },
        {
            "Time": "2022-12-19",
            "value": 2.3407396179349558
        },
        {
            "Time": "2022-12-20",
            "value": 1.3884424641706758
        },
        {
            "Time": "2022-12-21",
            "value": 2.2645074876773648
        },
        {
            "Time": "2022-12-22",
            "value": 2.313931638107759
        },
        {
            "Time": "2022-12-23",
            "value": 2.4143681533268326
        },
        {
            "Time": "2022-12-24",
            "value": 2.463833611961292
        },
        {
            "Time": "2022-12-25",
            "value": 2.4784547350499375
        },
        {
            "Time": "2022-12-26",
            "value": 2.073679255715483
        },
        {
            "Time": "2022-12-27",
            "value": 0.8943835498522024
        },
        {
            "Time": "2022-12-28",
            "value": 0.4610127269201389
        },
        {
            "Time": "2022-12-29",
            "value": 0.2948240760451389
        },
        {
            "Time": "2022-12-30",
            "value": 0.42696758564236104
        },
        {
            "Time": "2022-12-31",
            "value": 1.3391487352215543
        },
        {
            "Time": "2023-01-01",
            "value": 0.7187372058731911
        },
        {
            "Time": "2023-01-02",
            "value": 0.3579629575549768
        },
        {
            "Time": "2023-01-03",
            "value": 0.41745279098583
        },
        {
            "Time": "2023-01-04",
            "value": 0.42340572217896677
        },
        {
            "Time": "2023-01-05",
            "value": 0.5255393508270834
        },
        {
            "Time": "2023-01-06",
            "value": 2.289763368055966
        },
        {
            "Time": "2023-01-07",
            "value": 2.4578776258141004
        },
        {
            "Time": "2023-01-08",
            "value": 2.4532830868148405
        },
        {
            "Time": "2023-01-09",
            "value": 0.46777835362135417
        },
        {
            "Time": "2023-01-10",
            "value": 0.521750115908245
        },
        {
            "Time": "2023-01-11",
            "value": 0.6906149924832942
        },
        {
            "Time": "2023-01-12",
            "value": 1.524266907016923
        },
        {
            "Time": "2023-01-13",
            "value": 0.3311466514650505
        },
        {
            "Time": "2023-01-14",
            "value": 1.5975329129833982
        },
        {
            "Time": "2023-01-15",
            "value": 0.39241814390286517
        },
        {
            "Time": "2023-01-16",
            "value": 1.9926046515794806
        },
        {
            "Time": "2023-01-17",
            "value": 0.4634610133346892
        },
        {
            "Time": "2023-01-18",
            "value": 2.367909168145779
        },
        {
            "Time": "2023-01-19",
            "value": 1.9652090772654929
        },
        {
            "Time": "2023-01-20",
            "value": 0.837163120426267
        },
        {
            "Time": "2023-01-21",
            "value": 0.28927719856819445
        },
        {
            "Time": "2023-01-22",
            "value": 1.8552075175393328
        },
        {
            "Time": "2023-01-23",
            "value": 0.26562020317355156
        },
        {
            "Time": "2023-01-24",
            "value": 1.5896137555702725
        },
        {
            "Time": "2023-01-25",
            "value": 2.6202516317128497
        },
        {
            "Time": "2023-01-26",
            "value": 1.300650112778005
        },
        {
            "Time": "2023-01-27",
            "value": 2.3396521368526133
        },
        {
            "Time": "2023-01-28",
            "value": 2.6328898545501973
        },
        {
            "Time": "2023-01-29",
            "value": 2.687258009250897
        },
        {
            "Time": "2023-01-30",
            "value": 2.723234963783389
        },
        {
            "Time": "2023-01-31",
            "value": 2.70688820204824
        },
        {
            "Time": "2023-02-01",
            "value": 0.48388299638882276
        },
        {
            "Time": "2023-02-02",
            "value": 1.0786332057232104
        },
        {
            "Time": "2023-02-03",
            "value": 0.5421515540097513
        },
        {
            "Time": "2023-02-04",
            "value": 0.22450777028364746
        },
        {
            "Time": "2023-02-05",
            "value": 0.38805225080099864
        },
        {
            "Time": "2023-02-06",
            "value": 1.688502362631997
        },
        {
            "Time": "2023-02-07",
            "value": 0.35872707372303897
        },
        {
            "Time": "2023-02-08",
            "value": 0.2385172774263448
        },
        {
            "Time": "2023-02-09",
            "value": 0.49625605181707855
        },
        {
            "Time": "2023-02-10",
            "value": 0.287853224441078
        },
        {
            "Time": "2023-02-11",
            "value": 0.8545411001981653
        },
        {
            "Time": "2023-02-12",
            "value": 1.2220376498900047
        },
        {
            "Time": "2023-02-13",
            "value": 0.4524996493772433
        },
        {
            "Time": "2023-02-14",
            "value": 0.9663209051692337
        },
        {
            "Time": "2023-02-15",
            "value": 2.522590696308092
        },
        {
            "Time": "2023-02-16",
            "value": 2.9989683815059727
        },
        {
            "Time": "2023-02-17",
            "value": 2.190357567441409
        },
        {
            "Time": "2023-02-18",
            "value": 2.5992048375654524
        },
        {
            "Time": "2023-02-19",
            "value": 0.7720412958676897
        },
        {
            "Time": "2023-02-20",
            "value": 1.5103449407546463
        },
        {
            "Time": "2023-02-21",
            "value": 2.9188337565531337
        },
        {
            "Time": "2023-02-22",
            "value": 2.520131705787489
        },
        {
            "Time": "2023-02-23",
            "value": 2.413644387396754
        },
        {
            "Time": "2023-02-24",
            "value": 1.08748863016315
        },
        {
            "Time": "2023-02-25",
            "value": 2.7114609573198143
        },
        {
            "Time": "2023-02-26",
            "value": 3.0269018392168197
        },
        {
            "Time": "2023-02-27",
            "value": 2.613124835425835
        },
        {
            "Time": "2023-02-28",
            "value": 1.5048046419420267
        },
        {
            "Time": "2023-03-01",
            "value": 1.5340682521694275
        },
        {
            "Time": "2023-03-02",
            "value": 2.0124827600444912
        },
        {
            "Time": "2023-03-03",
            "value": 2.6819183561053173
        },
        {
            "Time": "2023-03-04",
            "value": 2.9584400720925372
        },
        {
            "Time": "2023-03-05",
            "value": 2.9076104633050224
        },
        {
            "Time": "2023-03-06",
            "value": 3.0237968307288035
        },
        {
            "Time": "2023-03-07",
            "value": 2.984800428903589
        },
        {
            "Time": "2023-03-08",
            "value": 2.745452217243315
        },
        {
            "Time": "2023-03-09",
            "value": 2.2153788172439746
        },
        {
            "Time": "2023-03-10",
            "value": 3.0503053218856215
        },
        {
            "Time": "2023-03-11",
            "value": 2.611923917767281
        },
        {
            "Time": "2023-03-12",
            "value": 0.6298005086385511
        },
        {
            "Time": "2023-03-13",
            "value": 2.467951873628404
        },
        {
            "Time": "2023-03-14",
            "value": 3.1566982918402693
        },
        {
            "Time": "2023-03-15",
            "value": 2.604416407065601
        },
        {
            "Time": "2023-03-16",
            "value": 2.662077040687518
        },
        {
            "Time": "2023-03-17",
            "value": 1.5845646382480965
        },
        {
            "Time": "2023-03-18",
            "value": 0.4520886935438299
        },
        {
            "Time": "2023-03-19",
            "value": 0.1981018508570602
        },
        {
            "Time": "2023-03-20",
            "value": 2.174262629675356
        },
        {
            "Time": "2023-03-21",
            "value": 1.2100367583968488
        },
        {
            "Time": "2023-03-22",
            "value": 2.06285245748486
        },
        {
            "Time": "2023-03-23",
            "value": 0.2590179123545249
        },
        {
            "Time": "2023-03-24",
            "value": 0.2780570608235417
        },
        {
            "Time": "2023-03-25",
            "value": 0.31937384348402775
        },
        {
            "Time": "2023-03-26",
            "value": 1.1248478183861517
        },
        {
            "Time": "2023-03-27",
            "value": 0.0
        }
    ]
}