{
    "data": [
        {
            "Time": "2022-11-27",
            "value": 0.13285520342714974
        },
        {
            "Time": "2022-11-28",
            "value": 0.46772451341703575
        },
        {
            "Time": "2022-11-29",
            "value": 0.4767462264394566
        },
        {
            "Time": "2022-11-30",
            "value": 0.19248234873481662
        },
        {
            "Time": "2022-12-01",
            "value": 0.0
        },
        {
            "Time": "2022-12-02",
            "value": 0.0
        },
        {
            "Time": "2022-12-03",
            "value": 0.0
        },
        {
            "Time": "2022-12-04",
            "value": 0.0
        },
        {
            "Time": "2022-12-05",
            "value": 0.0
        },
        {
            "Time": "2022-12-06",
            "value": 0.0
        },
        {
            "Time": "2022-12-07",
            "value": 0.0
        },
        {
            "Time": "2022-12-08",
            "value": 0.5612248317099862
        },
        {
            "Time": "2022-12-09",
            "value": 0.5070937125239187
        },
        {
            "Time": "2022-12-10",
            "value": 1.2474553778471533
        },
        {
            "Time": "2022-12-11",
            "value": 0.25104260140793394
        },
        {
            "Time": "2022-12-12",
            "value": 0.6635085636596121
        },
        {
            "Time": "2022-12-13",
            "value": 0.79586669737622
        },
        {
            "Time": "2022-12-14",
            "value": 0.44996539703757377
        },
        {
            "Time": "2022-12-15",
            "value": 0.3229761786712494
        },
        {
            "Time": "2022-12-16",
            "value": 0.1885179807066214
        },
        {
            "Time": "2022-12-17",
            "value": 0.2601425993493619
        },
        {
            "Time": "2022-12-18",
            "value": 1.16958543564121
        },
        {
            "Time": "2022-12-19",
            "value": 1.103677097446432
        },
        {
            "Time": "2022-12-20",
            "value": 0.8946586053018526
        },
        {
            "Time": "2022-12-21",
            "value": 1.1106986824444667
        },
        {
            "Time": "2022-12-22",
            "value": 1.293041581114937
        },
        {
            "Time": "2022-12-23",
            "value": 1.298942849111416
        },
        {
            "Time": "2022-12-24",
            "value": 1.2864671684387745
        },
        {
            "Time": "2022-12-25",
            "value": 1.307288754121985
        },
        {
            "Time": "2022-12-26",
            "value": 1.2821408692216776
        },
        {
            "Time": "2022-12-27",
            "value": 0.5731668399239396
        },
        {
            "Time": "2022-12-28",
            "value": 0.32448890351382953
        },
        {
            "Time": "2022-12-29",
            "value": 0.17711342700957755
        },
        {
            "Time": "2022-12-30",
            "value": 0.2966934994747626
        },
        {
            "Time": "2022-12-31",
            "value": 0.8876716828438395
        },
        {
            "Time": "2023-01-01",
            "value": 0.5098548065500251
        },
        {
            "Time": "2023-01-02",
            "value": 0.2428206007696015
        },
        {
            "Time": "2023-01-03",
            "value": 0.2875308689731982
        },
        {
            "Time": "2023-01-04",
            "value": 0.2880371387170043
        },
        {
            "Time": "2023-01-05",
            "value": 0.39931855583257614
        },
        {
            "Time": "2023-01-06",
            "value": 1.1116244633666954
        },
        {
            "Time": "2023-01-07",
            "value": 1.3757128164256536
        },
        {
            "Time": "2023-01-08",
            "value": 1.3091931853732748
        },
        {
            "Time": "2023-01-09",
            "value": 0.3419231532626267
        },
        {
            "Time": "2023-01-10",
            "value": 0.35946210272594586
        },
        {
            "Time": "2023-01-11",
            "value": 0.5153831521005201
        },
        {
            "Time": "2023-01-12",
            "value": 1.0648153006226881
        },
        {
            "Time": "2023-01-13",
            "value": 0.21520984289261658
        },
        {
            "Time": "2023-01-14",
            "value": 1.0804961835298406
        },
        {
            "Time": "2023-01-15",
            "value": 0.25379082688907706
        },
        {
            "Time": "2023-01-16",
            "value": 1.160610017081294
        },
        {
            "Time": "2023-01-17",
            "value": 0.3149324088176117
        },
        {
            "Time": "2023-01-18",
            "value": 1.3719316299941997
        },
        {
            "Time": "2023-01-19",
            "value": 1.2852598623105616
        },
        {
            "Time": "2023-01-20",
            "value": 0.5928961770643449
        },
        {
            "Time": "2023-01-21",
            "value": 0.17442164054301829
        },
        {
            "Time": "2023-01-22",
            "value": 1.0105270280188936
        },
        {
            "Time": "2023-01-23",
            "value": 0.1606322340562801
        },
        {
            "Time": "2023-01-24",
            "value": 0.7744082660093529
        },
        {
            "Time": "2023-01-25",
            "value": 1.73878487844286
        },
        {
            "Time": "2023-01-26",
            "value": 1.0869571319010716
        },
        {
            "Time": "2023-01-27",
            "value": 1.6589714757372493
        },
        {
            "Time": "2023-01-28",
            "value": 1.8260974420805647
        },
        {
            "Time": "2023-01-29",
            "value": 1.882036088751706
        },
        {
            "Time": "2023-01-30",
            "value": 2.0734317162728266
        },
        {
            "Time": "2023-01-31",
            "value": 2.1234936979622034
        },
        {
            "Time": "2023-02-01",
            "value": 0.3403286119495016
        },
        {
            "Time": "2023-02-02",
            "value": 0.6753380039865505
        },
        {
            "Time": "2023-02-03",
            "value": 0.3860546592110735
        },
        {
            "Time": "2023-02-04",
            "value": 0.0808564158599623
        },
        {
            "Time": "2023-02-05",
            "value": 0.253007806574385
        },
        {
            "Time": "2023-02-06",
            "value": 1.2757022397640543
        },
        {
            "Time": "2023-02-07",
            "value": 0.2316058712785902
        },
        {
            "Time": "2023-02-08",
            "value": 0.12618898779605958
        },
        {
            "Time": "2023-02-09",
            "value": 0.32694994148291273
        },
        {
            "Time": "2023-02-10",
            "value": 0.16898287545052562
        },
        {
            "Time": "2023-02-11",
            "value": 0.6108503679716256
        },
        {
            "Time": "2023-02-12",
            "value": 0.7868052747189439
        },
        {
            "Time": "2023-02-13",
            "value": 0.29573427116968737
        },
        {
            "Time": "2023-02-14",
            "value": 0.6409858767366085
        },
        {
            "Time": "2023-02-15",
            "value": 1.966527786887814
        },
        {
            "Time": "2023-02-16",
            "value": 2.472888628054623
        },
        {
            "Time": "2023-02-17",
            "value": 1.6374972163319133
        },
        {
            "Time": "2023-02-18",
            "value": 2.0803087665080153
        },
        {
            "Time": "2023-02-19",
            "value": 0.5808559672853811
        },
        {
            "Time": "2023-02-20",
            "value": 1.1392625881002856
        },
        {
            "Time": "2023-02-21",
            "value": 2.502192301603848
        },
        {
            "Time": "2023-02-22",
            "value": 1.9837425380000036
        },
        {
            "Time": "2023-02-23",
            "value": 1.8717529551056309
        },
        {
            "Time": "2023-02-24",
            "value": 0.825667665674424
        },
        {
            "Time": "2023-02-25",
            "value": 2.166164625345685
        },
        {
            "Time": "2023-02-26",
            "value": 2.6055196081816154
        },
        {
            "Time": "2023-02-27",
            "value": 2.1060474300166376
        },
        {
            "Time": "2023-02-28",
            "value": 1.1899385509376748
        },
        {
            "Time": "2023-03-01",
            "value": 1.2632216117412436
        },
        {
            "Time": "2023-03-02",
            "value": 1.5334773641338615
        },
        {
            "Time": "2023-03-03",
            "value": 2.304206255763971
        },
        {
            "Time": "2023-03-04",
            "value": 2.639553204594045
        },
        {
            "Time": "2023-03-05",
            "value": 2.594073714076237
        },
        {
            "Time": "2023-03-06",
            "value": 2.7278660415493987
        },
        {
            "Time": "2023-03-07",
            "value": 2.725311110870363
        },
        {
            "Time": "2023-03-08",
            "value": 2.5281957952827416
        },
        {
            "Time": "2023-03-09",
            "value": 1.8271744134560597
        },
        {
            "Time": "2023-03-10",
            "value": 2.82315771158837
        },
        {
            "Time": "2023-03-11",
            "value": 2.3307640965519867
        },
        {
            "Time": "2023-03-12",
            "value": 0.47728019785846315
        },
        {
            "Time": "2023-03-13",
            "value": 2.1242864402548474
        },
        {
            "Time": "2023-03-14",
            "value": 2.9047389726333934
        },
        {
            "Time": "2023-03-15",
            "value": 2.3325009349760495
        },
        {
            "Time": "2023-03-16",
            "value": 2.3269004324405667
        },
        {
            "Time": "2023-03-17",
            "value": 1.3620937074767379
        },
        {
            "Time": "2023-03-18",
            "value": 0.31378664943094675
        },
        {
            "Time": "2023-03-19",
            "value": 0.0999806390397795
        },
        {
            "Time": "2023-03-20",
            "value": 1.8639433895904969
        },
        {
            "Time": "2023-03-21",
            "value": 0.9787100333038489
        },
        {
            "Time": "2023-03-22",
            "value": 1.7992204986708824
        },
        {
            "Time": "2023-03-23",
            "value": 0.10720106575423782
        },
        {
            "Time": "2023-03-24",
            "value": 0.14219755961180228
        },
        {
            "Time": "2023-03-25",
            "value": 0.19830208267644445
        },
        {
            "Time": "2023-03-26",
            "value": 0.9077370164789451
        },
        {
            "Time": "2023-03-27",
            "value": 0.0
        }
    ]
}