{
    "data": [
        {
            "Time": "2022-11-27",
            "value": 0.1742201948917257
        },
        {
            "Time": "2022-11-28",
            "value": 0.5015834084617118
        },
        {
            "Time": "2022-11-29",
            "value": 0.5561450044935411
        },
        {
            "Time": "2022-11-30",
            "value": 0.24178564642271413
        },
        {
            "Time": "2022-12-01",
            "value": 0.0
        },
        {
            "Time": "2022-12-02",
            "value": 0.0
        },
        {
            "Time": "2022-12-03",
            "value": 0.0
        },
        {
            "Time": "2022-12-04",
            "value": 0.0
        },
        {
            "Time": "2022-12-05",
            "value": 0.0
        },
        {
            "Time": "2022-12-06",
            "value": 0.0
        },
        {
            "Time": "2022-12-07",
            "value": 0.0
        },
        {
            "Time": "2022-12-08",
            "value": 0.6344229178155486
        },
        {
            "Time": "2022-12-09",
            "value": 0.5451052755438203
        },
        {
            "Time": "2022-12-10",
            "value": 1.3648590949476844
        },
        {
            "Time": "2022-12-11",
            "value": 0.29388890225352676
        },
        {
            "Time": "2022-12-12",
            "value": 0.7460838912367144
        },
        {
            "Time": "2022-12-13",
            "value": 0.9533696794752856
        },
        {
            "Time": "2022-12-14",
            "value": 0.49681683887108796
        },
        {
            "Time": "2022-12-15",
            "value": 0.372593417818039
        },
        {
            "Time": "2022-12-16",
            "value": 0.23412916527107638
        },
        {
            "Time": "2022-12-17",
            "value": 0.3068997066048139
        },
        {
            "Time": "2022-12-18",
            "value": 1.3233826744810377
        },
        {
            "Time": "2022-12-19",
            "value": 1.3347973987576445
        },
        {
            "Time": "2022-12-20",
            "value": 1.1048372472707741
        },
        {
            "Time": "2022-12-21",
            "value": 1.5445903030408614
        },
        {
            "Time": "2022-12-22",
            "value": 1.7054117423260329
        },
        {
            "Time": "2022-12-23",
            "value": 1.3763882940524568
        },
        {
            "Time": "2022-12-24",
            "value": 1.7310074491529872
        },
        {
            "Time": "2022-12-25",
            "value": 1.7218546040256664
        },
        {
            "Time": "2022-12-26",
            "value": 1.5272607122072643
        },
        {
            "Time": "2022-12-27",
            "value": 0.6265114307146767
        },
        {
            "Time": "2022-12-28",
            "value": 0.36010416273472223
        },
        {
            "Time": "2022-12-29",
            "value": 0.2242129615787037
        },
        {
            "Time": "2022-12-30",
            "value": 0.3447743060395833
        },
        {
            "Time": "2022-12-31",
            "value": 0.8909099058861869
        },
        {
            "Time": "2023-01-01",
            "value": 0.5554226764366734
        },
        {
            "Time": "2023-01-02",
            "value": 0.29614004724252313
        },
        {
            "Time": "2023-01-03",
            "value": 0.33396858375654653
        },
        {
            "Time": "2023-01-04",
            "value": 0.33545138739826386
        },
        {
            "Time": "2023-01-05",
            "value": 0.4367511546775463
        },
        {
            "Time": "2023-01-06",
            "value": 1.5213249962017281
        },
        {
            "Time": "2023-01-07",
            "value": 1.795764756560615
        },
        {
            "Time": "2023-01-08",
            "value": 1.7280493200396403
        },
        {
            "Time": "2023-01-09",
            "value": 0.37690682612634835
        },
        {
            "Time": "2023-01-10",
            "value": 0.409415252620604
        },
        {
            "Time": "2023-01-11",
            "value": 0.5506578556121269
        },
        {
            "Time": "2023-01-12",
            "value": 1.015155940055337
        },
        {
            "Time": "2023-01-13",
            "value": 0.25891303153155765
        },
        {
            "Time": "2023-01-14",
            "value": 1.0520351465575406
        },
        {
            "Time": "2023-01-15",
            "value": 0.30356234376110697
        },
        {
            "Time": "2023-01-16",
            "value": 1.4481182330592834
        },
        {
            "Time": "2023-01-17",
            "value": 0.3618252309842477
        },
        {
            "Time": "2023-01-18",
            "value": 1.7194218756782644
        },
        {
            "Time": "2023-01-19",
            "value": 1.5912346491605844
        },
        {
            "Time": "2023-01-20",
            "value": 0.6292920961049364
        },
        {
            "Time": "2023-01-21",
            "value": 0.2208685504657057
        },
        {
            "Time": "2023-01-22",
            "value": 1.2728501622906354
        },
        {
            "Time": "2023-01-23",
            "value": 0.1998596609698669
        },
        {
            "Time": "2023-01-24",
            "value": 0.9144196295621597
        },
        {
            "Time": "2023-01-25",
            "value": 1.9156101829207415
        },
        {
            "Time": "2023-01-26",
            "value": 0.926200258121621
        },
        {
            "Time": "2023-01-27",
            "value": 1.699722240732046
        },
        {
            "Time": "2023-01-28",
            "value": 1.9144293794356702
        },
        {
            "Time": "2023-01-29",
            "value": 1.926579717455102
        },
        {
            "Time": "2023-01-30",
            "value": 2.3572411699160964
        },
        {
            "Time": "2023-01-31",
            "value": 2.3302500307988927
        },
        {
            "Time": "2023-02-01",
            "value": 0.3734953698729183
        },
        {
            "Time": "2023-02-02",
            "value": 0.8001470347515834
        },
        {
            "Time": "2023-02-03",
            "value": 0.4278412104258201
        },
        {
            "Time": "2023-02-04",
            "value": 0.14310693762371632
        },
        {
            "Time": "2023-02-05",
            "value": 0.30002287111918996
        },
        {
            "Time": "2023-02-06",
            "value": 1.1843881111318881
        },
        {
            "Time": "2023-02-07",
            "value": 0.2661760914246934
        },
        {
            "Time": "2023-02-08",
            "value": 0.16787475785496797
        },
        {
            "Time": "2023-02-09",
            "value": 0.38092846480846615
        },
        {
            "Time": "2023-02-10",
            "value": 0.21783095696804397
        },
        {
            "Time": "2023-02-11",
            "value": 0.6118194119042157
        },
        {
            "Time": "2023-02-12",
            "value": 0.850605084692333
        },
        {
            "Time": "2023-02-13",
            "value": 0.34914221627764774
        },
        {
            "Time": "2023-02-14",
            "value": 0.6978932677230573
        },
        {
            "Time": "2023-02-15",
            "value": 1.914739315566044
        },
        {
            "Time": "2023-02-16",
            "value": 2.2977661791982698
        },
        {
            "Time": "2023-02-17",
            "value": 1.5565898307585548
        },
        {
            "Time": "2023-02-18",
            "value": 2.0732715830250767
        },
        {
            "Time": "2023-02-19",
            "value": 0.6298737728922257
        },
        {
            "Time": "2023-02-20",
            "value": 1.1332689639003952
        },
        {
            "Time": "2023-02-21",
            "value": 2.3795792314958595
        },
        {
            "Time": "2023-02-22",
            "value": 1.8999591488788117
        },
        {
            "Time": "2023-02-23",
            "value": 1.952051782333473
        },
        {
            "Time": "2023-02-24",
            "value": 0.8325632752952552
        },
        {
            "Time": "2023-02-25",
            "value": 2.179724565689126
        },
        {
            "Time": "2023-02-26",
            "value": 2.5586474528051233
        },
        {
            "Time": "2023-02-27",
            "value": 2.0688855786032363
        },
        {
            "Time": "2023-02-28",
            "value": 1.1548586832799324
        },
        {
            "Time": "2023-03-01",
            "value": 1.2669639520413434
        },
        {
            "Time": "2023-03-02",
            "value": 1.5637593106018437
        },
        {
            "Time": "2023-03-03",
            "value": 2.3297595048758293
        },
        {
            "Time": "2023-03-04",
            "value": 2.672856122557724
        },
        {
            "Time": "2023-03-05",
            "value": 2.6241527597393395
        },
        {
            "Time": "2023-03-06",
            "value": 2.721087282680604
        },
        {
            "Time": "2023-03-07",
            "value": 2.698922009437059
        },
        {
            "Time": "2023-03-08",
            "value": 2.4663302829242335
        },
        {
            "Time": "2023-03-09",
            "value": 1.8898272929091013
        },
        {
            "Time": "2023-03-10",
            "value": 2.751347961819499
        },
        {
            "Time": "2023-03-11",
            "value": 2.291794228550991
        },
        {
            "Time": "2023-03-12",
            "value": 0.49859339074943265
        },
        {
            "Time": "2023-03-13",
            "value": 2.092310799035647
        },
        {
            "Time": "2023-03-14",
            "value": 2.8714525926269934
        },
        {
            "Time": "2023-03-15",
            "value": 2.3067949683992857
        },
        {
            "Time": "2023-03-16",
            "value": 2.362832073356064
        },
        {
            "Time": "2023-03-17",
            "value": 1.3725131125414982
        },
        {
            "Time": "2023-03-18",
            "value": 0.3602993541943492
        },
        {
            "Time": "2023-03-19",
            "value": 0.13880391124100389
        },
        {
            "Time": "2023-03-20",
            "value": 1.9083347907071448
        },
        {
            "Time": "2023-03-21",
            "value": 0.9956335095381069
        },
        {
            "Time": "2023-03-22",
            "value": 1.819440589683597
        },
        {
            "Time": "2023-03-23",
            "value": 0.15143402764685185
        },
        {
            "Time": "2023-03-24",
            "value": 0.1854490693923634
        },
        {
            "Time": "2023-03-25",
            "value": 0.2358356467848148
        },
        {
            "Time": "2023-03-26",
            "value": 0.9585149799792501
        },
        {
            "Time": "2023-03-27",
            "value": 0.0
        }
    ]
}