{
    "data": [
        {
            "Time": "2022-11-27",
            "value": 0.1400002143769465
        },
        {
            "Time": "2022-11-28",
            "value": 0.669289619628153
        },
        {
            "Time": "2022-11-29",
            "value": 0.7723130130969503
        },
        {
            "Time": "2022-11-30",
            "value": 0.20306858558191526
        },
        {
            "Time": "2022-12-01",
            "value": 0.0
        },
        {
            "Time": "2022-12-02",
            "value": 0.0
        },
        {
            "Time": "2022-12-03",
            "value": 0.0
        },
        {
            "Time": "2022-12-04",
            "value": 0.0
        },
        {
            "Time": "2022-12-05",
            "value": 0.0
        },
        {
            "Time": "2022-12-06",
            "value": 0.0
        },
        {
            "Time": "2022-12-07",
            "value": 0.0
        },
        {
            "Time": "2022-12-08",
            "value": 0.7866589446185852
        },
        {
            "Time": "2022-12-09",
            "value": 0.5954602590752665
        },
        {
            "Time": "2022-12-10",
            "value": 1.9347437731935195
        },
        {
            "Time": "2022-12-11",
            "value": 0.2803917655332003
        },
        {
            "Time": "2022-12-12",
            "value": 1.0000954280503958
        },
        {
            "Time": "2022-12-13",
            "value": 1.505956761252523
        },
        {
            "Time": "2022-12-14",
            "value": 0.516068946643935
        },
        {
            "Time": "2022-12-15",
            "value": 0.36983564314851575
        },
        {
            "Time": "2022-12-16",
            "value": 0.20934346027113024
        },
        {
            "Time": "2022-12-17",
            "value": 0.31135678426841606
        },
        {
            "Time": "2022-12-18",
            "value": 2.248214488204036
        },
        {
            "Time": "2022-12-19",
            "value": 2.1335083827648336
        },
        {
            "Time": "2022-12-20",
            "value": 1.3616653525041325
        },
        {
            "Time": "2022-12-21",
            "value": 2.0566462523794957
        },
        {
            "Time": "2022-12-22",
            "value": 2.1565274612933516
        },
        {
            "Time": "2022-12-23",
            "value": 2.1991789789656058
        },
        {
            "Time": "2022-12-24",
            "value": 2.263223225011354
        },
        {
            "Time": "2022-12-25",
            "value": 2.291351905174983
        },
        {
            "Time": "2022-12-26",
            "value": 1.9392532573483345
        },
        {
            "Time": "2022-12-27",
            "value": 0.7702049969952848
        },
        {
            "Time": "2022-12-28",
            "value": 0.3550436363892266
        },
        {
            "Time": "2022-12-29",
            "value": 0.19781131507982838
        },
        {
            "Time": "2022-12-30",
            "value": 0.3285805196042456
        },
        {
            "Time": "2022-12-31",
            "value": 1.1752361152836688
        },
        {
            "Time": "2023-01-01",
            "value": 0.6095204181029772
        },
        {
            "Time": "2023-01-02",
            "value": 0.27687193559553175
        },
        {
            "Time": "2023-01-03",
            "value": 0.3033321203077609
        },
        {
            "Time": "2023-01-04",
            "value": 0.32332544735653546
        },
        {
            "Time": "2023-01-05",
            "value": 0.4395503452226505
        },
        {
            "Time": "2023-01-06",
            "value": 2.0845462900296527
        },
        {
            "Time": "2023-01-07",
            "value": 2.248184674437011
        },
        {
            "Time": "2023-01-08",
            "value": 2.228471336706704
        },
        {
            "Time": "2023-01-09",
            "value": 0.38778014861106247
        },
        {
            "Time": "2023-01-10",
            "value": 0.43822290332345787
        },
        {
            "Time": "2023-01-11",
            "value": 0.604122262910643
        },
        {
            "Time": "2023-01-12",
            "value": 1.4335240349562668
        },
        {
            "Time": "2023-01-13",
            "value": 0.24129351056220172
        },
        {
            "Time": "2023-01-14",
            "value": 1.5097864623154869
        },
        {
            "Time": "2023-01-15",
            "value": 0.2784194057796973
        },
        {
            "Time": "2023-01-16",
            "value": 1.7857743000681656
        },
        {
            "Time": "2023-01-17",
            "value": 0.3533865978425337
        },
        {
            "Time": "2023-01-18",
            "value": 2.1627943653279904
        },
        {
            "Time": "2023-01-19",
            "value": 1.7775520294360392
        },
        {
            "Time": "2023-01-20",
            "value": 0.712927909714251
        },
        {
            "Time": "2023-01-21",
            "value": 0.18884974641238803
        },
        {
            "Time": "2023-01-22",
            "value": 1.6526458583943815
        },
        {
            "Time": "2023-01-23",
            "value": 0.17887490066110198
        },
        {
            "Time": "2023-01-24",
            "value": 1.379548273205512
        },
        {
            "Time": "2023-01-25",
            "value": 2.4332336189906334
        },
        {
            "Time": "2023-01-26",
            "value": 1.2364328612487
        },
        {
            "Time": "2023-01-27",
            "value": 2.227520141565793
        },
        {
            "Time": "2023-01-28",
            "value": 2.5117996548882005
        },
        {
            "Time": "2023-01-29",
            "value": 2.5370600173509126
        },
        {
            "Time": "2023-01-30",
            "value": 2.679009364762507
        },
        {
            "Time": "2023-01-31",
            "value": 2.6312953259908842
        },
        {
            "Time": "2023-02-01",
            "value": 0.3872668582909057
        },
        {
            "Time": "2023-02-02",
            "value": 0.9266489214319018
        },
        {
            "Time": "2023-02-03",
            "value": 0.4319417638336696
        },
        {
            "Time": "2023-02-04",
            "value": 0.09311990673572777
        },
        {
            "Time": "2023-02-05",
            "value": 0.2908205867651336
        },
        {
            "Time": "2023-02-06",
            "value": 1.5977160551108378
        },
        {
            "Time": "2023-02-07",
            "value": 0.2706196223050687
        },
        {
            "Time": "2023-02-08",
            "value": 0.14240430985558336
        },
        {
            "Time": "2023-02-09",
            "value": 0.3849319850973193
        },
        {
            "Time": "2023-02-10",
            "value": 0.18285150832008637
        },
        {
            "Time": "2023-02-11",
            "value": 0.7484356626667237
        },
        {
            "Time": "2023-02-12",
            "value": 1.0785908383276317
        },
        {
            "Time": "2023-02-13",
            "value": 0.34931839884420035
        },
        {
            "Time": "2023-02-14",
            "value": 0.771354741149142
        },
        {
            "Time": "2023-02-15",
            "value": 2.4050650966335843
        },
        {
            "Time": "2023-02-16",
            "value": 2.8885243880661524
        },
        {
            "Time": "2023-02-17",
            "value": 2.040240408728851
        },
        {
            "Time": "2023-02-18",
            "value": 2.4910757958803766
        },
        {
            "Time": "2023-02-19",
            "value": 0.6665937098513468
        },
        {
            "Time": "2023-02-20",
            "value": 1.3425989235460674
        },
        {
            "Time": "2023-02-21",
            "value": 2.8812585720368777
        },
        {
            "Time": "2023-02-22",
            "value": 2.3763913683614257
        },
        {
            "Time": "2023-02-23",
            "value": 2.250140007401492
        },
        {
            "Time": "2023-02-24",
            "value": 0.9479816931703668
        },
        {
            "Time": "2023-02-25",
            "value": 2.605840345540586
        },
        {
            "Time": "2023-02-26",
            "value": 2.9265392158611734
        },
        {
            "Time": "2023-02-27",
            "value": 2.386340296723033
        },
        {
            "Time": "2023-02-28",
            "value": 1.3840852337686878
        },
        {
            "Time": "2023-03-01",
            "value": 1.4165299666640492
        },
        {
            "Time": "2023-03-02",
            "value": 1.8250298559917306
        },
        {
            "Time": "2023-03-03",
            "value": 2.5677972037879866
        },
        {
            "Time": "2023-03-04",
            "value": 2.8732711288155506
        },
        {
            "Time": "2023-03-05",
            "value": 2.8197657251952157
        },
        {
            "Time": "2023-03-06",
            "value": 2.939988403640273
        },
        {
            "Time": "2023-03-07",
            "value": 2.9113811743336058
        },
        {
            "Time": "2023-03-08",
            "value": 2.7143171460702304
        },
        {
            "Time": "2023-03-09",
            "value": 2.0695381588232817
        },
        {
            "Time": "2023-03-10",
            "value": 2.9861757518524774
        },
        {
            "Time": "2023-03-11",
            "value": 2.5620289749794463
        },
        {
            "Time": "2023-03-12",
            "value": 0.5438870919740051
        },
        {
            "Time": "2023-03-13",
            "value": 2.367946686979393
        },
        {
            "Time": "2023-03-14",
            "value": 3.045972575744943
        },
        {
            "Time": "2023-03-15",
            "value": 2.5106658041427155
        },
        {
            "Time": "2023-03-16",
            "value": 2.538906672701092
        },
        {
            "Time": "2023-03-17",
            "value": 1.527690234578066
        },
        {
            "Time": "2023-03-18",
            "value": 0.3506789416301565
        },
        {
            "Time": "2023-03-19",
            "value": 0.11108916962286612
        },
        {
            "Time": "2023-03-20",
            "value": 2.0653436169995247
        },
        {
            "Time": "2023-03-21",
            "value": 1.1123810734766952
        },
        {
            "Time": "2023-03-22",
            "value": 1.9834336165759354
        },
        {
            "Time": "2023-03-23",
            "value": 0.12948178662388482
        },
        {
            "Time": "2023-03-24",
            "value": 0.15300616240151166
        },
        {
            "Time": "2023-03-25",
            "value": 0.22227953061296557
        },
        {
            "Time": "2023-03-26",
            "value": 1.02082258790737
        },
        {
            "Time": "2023-03-27",
            "value": 0.0
        }
    ]
}