{"data": [{"Time": "1998-01-01", "value": 18.0}, {"Time": "1998-04-01", "value": 53.0}, {"Time": "1998-07-01", "value": 49.0}, {"Time": "1998-10-01", "value": 27.0}, {"Time": "1999-01-01", "value": 14.0}, {"Time": "1999-04-01", "value": 38.0}, {"Time": "1999-07-01", "value": 72.0}, {"Time": "1999-10-01", "value": 19.0}, {"Time": "2000-01-01", "value": 25.0}, {"Time": "2000-04-01", "value": 44.0}, {"Time": "2000-07-01", "value": 74.0}, {"Time": "2000-10-01", "value": 40.0}, {"Time": "2001-01-01", "value": 22.0}, {"Time": "2001-04-01", "value": 30.0}, {"Time": "2001-07-01", "value": 77.0}, {"Time": "2001-10-01", "value": 34.0}, {"Time": "2002-01-01", "value": 26.0}, {"Time": "2002-04-01", "value": 82.0}, {"Time": "2002-07-01", "value": 54.0}, {"Time": "2002-10-01", "value": 35.0}, {"Time": "2003-01-01", "value": 25.0}, {"Time": "2003-04-01", "value": 33.0}, {"Time": "2003-07-01", "value": 83.0}, {"Time": "2003-10-01", "value": 43.0}, {"Time": "2004-01-01", "value": 11.0}, {"Time": "2004-04-01", "value": 47.0}, {"Time": "2004-07-01", "value": 100.0}, {"Time": "2004-10-01", "value": 31.0}, {"Time": "2005-01-01", "value": 26.0}, {"Time": "2005-04-01", "value": 54.0}, {"Time": "2005-07-01", "value": 52.0}, {"Time": "2005-10-01", "value": 23.0}, {"Time": "2006-01-01", "value": 34.0}, {"Time": "2006-04-01", "value": 51.0}, {"Time": "2006-07-01", "value": 76.0}, {"Time": "2006-10-01", "value": 47.0}, {"Time": "2007-01-01", "value": 24.0}, {"Time": "2007-04-01", "value": 62.0}, {"Time": "2007-07-01", "value": 86.0}, {"Time": "2007-10-01", "value": 63.0}, {"Time": "2008-01-01", "value": 23.0}, {"Time": "2008-04-01", "value": 52.0}, {"Time": "2008-07-01", "value": 73.0}, {"Time": "2008-10-01", "value": 42.0}, {"Time": "2009-01-01", "value": 32.0}, {"Time": "2009-04-01", "value": 49.0}, {"Time": "2009-07-01", "value": 48.0}, {"Time": "2009-10-01", "value": 25.0}, {"Time": "2010-01-01", "value": 24.0}, {"Time": "2010-04-01", "value": 65.0}, {"Time": "2010-07-01", "value": 52.0}, {"Time": "2010-10-01", "value": 25.0}, {"Time": "2011-01-01", "value": 16.0}, {"Time": "2011-04-01", "value": 42.0}, {"Time": "2011-07-01", "value": 55.0}, {"Time": "2011-10-01", "value": 39.0}, {"Time": "2012-01-01", "value": 21.0}, {"Time": "2012-04-01", "value": 38.0}, {"Time": "2012-07-01", "value": 80.0}, {"Time": "2012-10-01", "value": 24.0}, {"Time": "2013-01-01", "value": 18.0}, {"Time": "2013-04-01", "value": 32.0}, {"Time": "2013-07-01", "value": 53.0}, {"Time": "2013-10-01", "value": 37.0}, {"Time": "2014-01-01", "value": 19.0}, {"Time": "2014-04-01", "value": 72.0}, {"Time": "2014-07-01", "value": 58.0}, {"Time": "2014-10-01", "value": 17.0}, {"Time": "2015-01-01", "value": 33.0}, {"Time": "2015-04-01", "value": 97.0}, {"Time": "2015-07-01", "value": 68.0}, {"Time": "2015-10-01", "value": 70.0}, {"Time": "2016-01-01", "value": 52.0}, {"Time": "2016-04-01", "value": 72.0}, {"Time": "2016-07-01", "value": 113.0}, {"Time": "2016-10-01", "value": 67.0}]}