{"data": [{"Time": "1998-01-01", "value": 381.0}, {"Time": "1998-04-01", "value": 227.0}, {"Time": "1998-07-01", "value": 177.0}, {"Time": "1998-10-01", "value": 228.0}, {"Time": "1999-01-01", "value": 355.0}, {"Time": "1999-04-01", "value": 252.0}, {"Time": "1999-07-01", "value": 209.0}, {"Time": "1999-10-01", "value": 219.0}, {"Time": "2000-01-01", "value": 296.0}, {"Time": "2000-04-01", "value": 200.0}, {"Time": "2000-07-01", "value": 192.0}, {"Time": "2000-10-01", "value": 260.0}, {"Time": "2001-01-01", "value": 286.0}, {"Time": "2001-04-01", "value": 217.0}, {"Time": "2001-07-01", "value": 185.0}, {"Time": "2001-10-01", "value": 206.0}, {"Time": "2002-01-01", "value": 312.0}, {"Time": "2002-04-01", "value": 204.0}, {"Time": "2002-07-01", "value": 166.0}, {"Time": "2002-10-01", "value": 237.0}, {"Time": "2003-01-01", "value": 321.0}, {"Time": "2003-04-01", "value": 277.0}, {"Time": "2003-07-01", "value": 194.0}, {"Time": "2003-10-01", "value": 247.0}, {"Time": "2004-01-01", "value": 403.0}, {"Time": "2004-04-01", "value": 306.0}, {"Time": "2004-07-01", "value": 193.0}, {"Time": "2004-10-01", "value": 296.0}, {"Time": "2005-01-01", "value": 393.0}, {"Time": "2005-04-01", "value": 225.0}, {"Time": "2005-07-01", "value": 181.0}, {"Time": "2005-10-01", "value": 245.0}, {"Time": "2006-01-01", "value": 368.0}, {"Time": "2006-04-01", "value": 348.0}, {"Time": "2006-07-01", "value": 217.0}, {"Time": "2006-10-01", "value": 242.0}, {"Time": "2007-01-01", "value": 377.0}, {"Time": "2007-04-01", "value": 276.0}, {"Time": "2007-07-01", "value": 184.0}, {"Time": "2007-10-01", "value": 254.0}, {"Time": "2008-01-01", "value": 367.0}, {"Time": "2008-04-01", "value": 234.0}, {"Time": "2008-07-01", "value": 200.0}, {"Time": "2008-10-01", "value": 222.0}, {"Time": "2009-01-01", "value": 313.0}, {"Time": "2009-04-01", "value": 273.0}, {"Time": "2009-07-01", "value": 235.0}, {"Time": "2009-10-01", "value": 240.0}, {"Time": "2010-01-01", "value": 345.0}, {"Time": "2010-04-01", "value": 240.0}, {"Time": "2010-07-01", "value": 174.0}, {"Time": "2010-10-01", "value": 264.0}, {"Time": "2011-01-01", "value": 301.0}, {"Time": "2011-04-01", "value": 192.0}, {"Time": "2011-07-01", "value": 222.0}, {"Time": "2011-10-01", "value": 272.0}, {"Time": "2012-01-01", "value": 347.0}, {"Time": "2012-04-01", "value": 224.0}, {"Time": "2012-07-01", "value": 262.0}, {"Time": "2012-10-01", "value": 307.0}, {"Time": "2013-01-01", "value": 384.0}, {"Time": "2013-04-01", "value": 288.0}, {"Time": "2013-07-01", "value": 183.0}, {"Time": "2013-10-01", "value": 239.0}, {"Time": "2014-01-01", "value": 350.0}, {"Time": "2014-04-01", "value": 339.0}, {"Time": "2014-07-01", "value": 159.0}, {"Time": "2014-10-01", "value": 299.0}, {"Time": "2015-01-01", "value": 508.0}, {"Time": "2015-04-01", "value": 275.0}, {"Time": "2015-07-01", "value": 209.0}, {"Time": "2015-10-01", "value": 402.0}, {"Time": "2016-01-01", "value": 397.0}, {"Time": "2016-04-01", "value": 280.0}, {"Time": "2016-07-01", "value": 270.0}, {"Time": "2016-10-01", "value": 331.0}]}