{"data": [{"Time": "1998-01-01", "value": 149.0}, {"Time": "1998-04-01", "value": 106.0}, {"Time": "1998-07-01", "value": 40.0}, {"Time": "1998-10-01", "value": 99.0}, {"Time": "1999-01-01", "value": 129.0}, {"Time": "1999-04-01", "value": 90.0}, {"Time": "1999-07-01", "value": 41.0}, {"Time": "1999-10-01", "value": 72.0}, {"Time": "2000-01-01", "value": 124.0}, {"Time": "2000-04-01", "value": 67.0}, {"Time": "2000-07-01", "value": 56.0}, {"Time": "2000-10-01", "value": 79.0}, {"Time": "2001-01-01", "value": 120.0}, {"Time": "2001-04-01", "value": 84.0}, {"Time": "2001-07-01", "value": 35.0}, {"Time": "2001-10-01", "value": 64.0}, {"Time": "2002-01-01", "value": 137.0}, {"Time": "2002-04-01", "value": 74.0}, {"Time": "2002-07-01", "value": 41.0}, {"Time": "2002-10-01", "value": 82.0}, {"Time": "2003-01-01", "value": 131.0}, {"Time": "2003-04-01", "value": 105.0}, {"Time": "2003-07-01", "value": 51.0}, {"Time": "2003-10-01", "value": 81.0}, {"Time": "2004-01-01", "value": 152.0}, {"Time": "2004-04-01", "value": 91.0}, {"Time": "2004-07-01", "value": 36.0}, {"Time": "2004-10-01", "value": 89.0}, {"Time": "2005-01-01", "value": 153.0}, {"Time": "2005-04-01", "value": 72.0}, {"Time": "2005-07-01", "value": 50.0}, {"Time": "2005-10-01", "value": 74.0}, {"Time": "2006-01-01", "value": 129.0}, {"Time": "2006-04-01", "value": 91.0}, {"Time": "2006-07-01", "value": 35.0}, {"Time": "2006-10-01", "value": 66.0}, {"Time": "2007-01-01", "value": 134.0}, {"Time": "2007-04-01", "value": 72.0}, {"Time": "2007-07-01", "value": 39.0}, {"Time": "2007-10-01", "value": 88.0}, {"Time": "2008-01-01", "value": 150.0}, {"Time": "2008-04-01", "value": 55.0}, {"Time": "2008-07-01", "value": 37.0}, {"Time": "2008-10-01", "value": 64.0}, {"Time": "2009-01-01", "value": 133.0}, {"Time": "2009-04-01", "value": 53.0}, {"Time": "2009-07-01", "value": 39.0}, {"Time": "2009-10-01", "value": 59.0}, {"Time": "2010-01-01", "value": 109.0}, {"Time": "2010-04-01", "value": 66.0}, {"Time": "2010-07-01", "value": 35.0}, {"Time": "2010-10-01", "value": 54.0}, {"Time": "2011-01-01", "value": 117.0}, {"Time": "2011-04-01", "value": 74.0}, {"Time": "2011-07-01", "value": 61.0}, {"Time": "2011-10-01", "value": 41.0}, {"Time": "2012-01-01", "value": 130.0}, {"Time": "2012-04-01", "value": 54.0}, {"Time": "2012-07-01", "value": 30.0}, {"Time": "2012-10-01", "value": 62.0}, {"Time": "2013-01-01", "value": 126.0}, {"Time": "2013-04-01", "value": 57.0}, {"Time": "2013-07-01", "value": 54.0}, {"Time": "2013-10-01", "value": 76.0}, {"Time": "2014-01-01", "value": 106.0}, {"Time": "2014-04-01", "value": 101.0}, {"Time": "2014-07-01", "value": 44.0}, {"Time": "2014-10-01", "value": 89.0}, {"Time": "2015-01-01", "value": 138.0}, {"Time": "2015-04-01", "value": 63.0}, {"Time": "2015-07-01", "value": 51.0}, {"Time": "2015-10-01", "value": 111.0}, {"Time": "2016-01-01", "value": 169.0}, {"Time": "2016-04-01", "value": 51.0}, {"Time": "2016-07-01", "value": 44.0}, {"Time": "2016-10-01", "value": 106.0}]}