{"data": [{"Time": "1998-01-01", "value": 752.0}, {"Time": "1998-04-01", "value": 534.0}, {"Time": "1998-07-01", "value": 392.0}, {"Time": "1998-10-01", "value": 511.0}, {"Time": "1999-01-01", "value": 720.0}, {"Time": "1999-04-01", "value": 516.0}, {"Time": "1999-07-01", "value": 378.0}, {"Time": "1999-10-01", "value": 449.0}, {"Time": "2000-01-01", "value": 602.0}, {"Time": "2000-04-01", "value": 413.0}, {"Time": "2000-07-01", "value": 414.0}, {"Time": "2000-10-01", "value": 547.0}, {"Time": "2001-01-01", "value": 581.0}, {"Time": "2001-04-01", "value": 444.0}, {"Time": "2001-07-01", "value": 436.0}, {"Time": "2001-10-01", "value": 412.0}, {"Time": "2002-01-01", "value": 622.0}, {"Time": "2002-04-01", "value": 405.0}, {"Time": "2002-07-01", "value": 357.0}, {"Time": "2002-10-01", "value": 489.0}, {"Time": "2003-01-01", "value": 677.0}, {"Time": "2003-04-01", "value": 564.0}, {"Time": "2003-07-01", "value": 388.0}, {"Time": "2003-10-01", "value": 516.0}, {"Time": "2004-01-01", "value": 754.0}, {"Time": "2004-04-01", "value": 563.0}, {"Time": "2004-07-01", "value": 387.0}, {"Time": "2004-10-01", "value": 542.0}, {"Time": "2005-01-01", "value": 744.0}, {"Time": "2005-04-01", "value": 443.0}, {"Time": "2005-07-01", "value": 372.0}, {"Time": "2005-10-01", "value": 417.0}, {"Time": "2006-01-01", "value": 676.0}, {"Time": "2006-04-01", "value": 597.0}, {"Time": "2006-07-01", "value": 402.0}, {"Time": "2006-10-01", "value": 440.0}, {"Time": "2007-01-01", "value": 730.0}, {"Time": "2007-04-01", "value": 543.0}, {"Time": "2007-07-01", "value": 376.0}, {"Time": "2007-10-01", "value": 522.0}, {"Time": "2008-01-01", "value": 750.0}, {"Time": "2008-04-01", "value": 475.0}, {"Time": "2008-07-01", "value": 391.0}, {"Time": "2008-10-01", "value": 416.0}, {"Time": "2009-01-01", "value": 575.0}, {"Time": "2009-04-01", "value": 507.0}, {"Time": "2009-07-01", "value": 421.0}, {"Time": "2009-10-01", "value": 458.0}, {"Time": "2010-01-01", "value": 630.0}, {"Time": "2010-04-01", "value": 457.0}, {"Time": "2010-07-01", "value": 357.0}, {"Time": "2010-10-01", "value": 445.0}, {"Time": "2011-01-01", "value": 644.0}, {"Time": "2011-04-01", "value": 433.0}, {"Time": "2011-07-01", "value": 456.0}, {"Time": "2011-10-01", "value": 479.0}, {"Time": "2012-01-01", "value": 664.0}, {"Time": "2012-04-01", "value": 440.0}, {"Time": "2012-07-01", "value": 449.0}, {"Time": "2012-10-01", "value": 540.0}, {"Time": "2013-01-01", "value": 729.0}, {"Time": "2013-04-01", "value": 542.0}, {"Time": "2013-07-01", "value": 395.0}, {"Time": "2013-10-01", "value": 426.0}, {"Time": "2014-01-01", "value": 640.0}, {"Time": "2014-04-01", "value": 670.0}, {"Time": "2014-07-01", "value": 340.0}, {"Time": "2014-10-01", "value": 594.0}, {"Time": "2015-01-01", "value": 864.0}, {"Time": "2015-04-01", "value": 572.0}, {"Time": "2015-07-01", "value": 431.0}, {"Time": "2015-10-01", "value": 767.0}, {"Time": "2016-01-01", "value": 765.0}, {"Time": "2016-04-01", "value": 508.0}, {"Time": "2016-07-01", "value": 505.0}, {"Time": "2016-10-01", "value": 673.0}]}