{"data": [{"Time": "1998-01-01", "value": 248.0}, {"Time": "1998-04-01", "value": 173.0}, {"Time": "1998-07-01", "value": 91.0}, {"Time": "1998-10-01", "value": 187.0}, {"Time": "1999-01-01", "value": 216.0}, {"Time": "1999-04-01", "value": 147.0}, {"Time": "1999-07-01", "value": 110.0}, {"Time": "1999-10-01", "value": 160.0}, {"Time": "2000-01-01", "value": 187.0}, {"Time": "2000-04-01", "value": 131.0}, {"Time": "2000-07-01", "value": 134.0}, {"Time": "2000-10-01", "value": 154.0}, {"Time": "2001-01-01", "value": 202.0}, {"Time": "2001-04-01", "value": 169.0}, {"Time": "2001-07-01", "value": 130.0}, {"Time": "2001-10-01", "value": 141.0}, {"Time": "2002-01-01", "value": 192.0}, {"Time": "2002-04-01", "value": 129.0}, {"Time": "2002-07-01", "value": 125.0}, {"Time": "2002-10-01", "value": 178.0}, {"Time": "2003-01-01", "value": 220.0}, {"Time": "2003-04-01", "value": 189.0}, {"Time": "2003-07-01", "value": 123.0}, {"Time": "2003-10-01", "value": 179.0}, {"Time": "2004-01-01", "value": 266.0}, {"Time": "2004-04-01", "value": 181.0}, {"Time": "2004-07-01", "value": 124.0}, {"Time": "2004-10-01", "value": 222.0}, {"Time": "2005-01-01", "value": 233.0}, {"Time": "2005-04-01", "value": 153.0}, {"Time": "2005-07-01", "value": 130.0}, {"Time": "2005-10-01", "value": 122.0}, {"Time": "2006-01-01", "value": 189.0}, {"Time": "2006-04-01", "value": 204.0}, {"Time": "2006-07-01", "value": 133.0}, {"Time": "2006-10-01", "value": 131.0}, {"Time": "2007-01-01", "value": 247.0}, {"Time": "2007-04-01", "value": 182.0}, {"Time": "2007-07-01", "value": 128.0}, {"Time": "2007-10-01", "value": 205.0}, {"Time": "2008-01-01", "value": 224.0}, {"Time": "2008-04-01", "value": 174.0}, {"Time": "2008-07-01", "value": 110.0}, {"Time": "2008-10-01", "value": 147.0}, {"Time": "2009-01-01", "value": 190.0}, {"Time": "2009-04-01", "value": 175.0}, {"Time": "2009-07-01", "value": 132.0}, {"Time": "2009-10-01", "value": 127.0}, {"Time": "2010-01-01", "value": 205.0}, {"Time": "2010-04-01", "value": 168.0}, {"Time": "2010-07-01", "value": 119.0}, {"Time": "2010-10-01", "value": 140.0}, {"Time": "2011-01-01", "value": 204.0}, {"Time": "2011-04-01", "value": 132.0}, {"Time": "2011-07-01", "value": 143.0}, {"Time": "2011-10-01", "value": 166.0}, {"Time": "2012-01-01", "value": 199.0}, {"Time": "2012-04-01", "value": 133.0}, {"Time": "2012-07-01", "value": 127.0}, {"Time": "2012-10-01", "value": 173.0}, {"Time": "2013-01-01", "value": 255.0}, {"Time": "2013-04-01", "value": 170.0}, {"Time": "2013-07-01", "value": 106.0}, {"Time": "2013-10-01", "value": 113.0}, {"Time": "2014-01-01", "value": 199.0}, {"Time": "2014-04-01", "value": 195.0}, {"Time": "2014-07-01", "value": 99.0}, {"Time": "2014-10-01", "value": 217.0}, {"Time": "2015-01-01", "value": 264.0}, {"Time": "2015-04-01", "value": 204.0}, {"Time": "2015-07-01", "value": 127.0}, {"Time": "2015-10-01", "value": 251.0}, {"Time": "2016-01-01", "value": 196.0}, {"Time": "2016-04-01", "value": 146.0}, {"Time": "2016-07-01", "value": 155.0}, {"Time": "2016-10-01", "value": 216.0}]}