{
    "data": [
        {
            "Time": "2023-03-01",
            "value": 15.601293563842772
        },
        {
            "Time": "2023-03-02",
            "value": 15.841160774230955
        },
        {
            "Time": "2023-03-03",
            "value": 16.34088134765625
        },
        {
            "Time": "2023-03-06",
            "value": 16.730663299560547
        },
        {
            "Time": "2023-03-07",
            "value": 16.320892333984375
        },
        {
            "Time": "2023-03-08",
            "value": 16.310897827148438
        },
        {
            "Time": "2023-03-09",
            "value": 16.140993118286133
        },
        {
            "Time": "2023-03-10",
            "value": 15.821170806884766
        },
        {
            "Time": "2023-03-13",
            "value": 15.75121021270752
        },
        {
            "Time": "2023-03-14",
            "value": 15.98108196258545
        },
        {
            "Time": "2023-03-15",
            "value": 15.851154327392578
        },
        {
            "Time": "2023-03-16",
            "value": 16.15098762512207
        },
        {
            "Time": "2023-03-17",
            "value": 16.091020584106445
        },
        {
            "Time": "2023-03-20",
            "value": 15.991076469421388
        },
        {
            "Time": "2023-03-21",
            "value": 15.96109390258789
        },
        {
            "Time": "2023-03-22",
            "value": 15.531332969665527
        },
        {
            "Time": "2023-03-23",
            "value": 15.281472206115724
        },
        {
            "Time": "2023-03-24",
            "value": 15.631278038024902
        },
        {
            "Time": "2023-03-27",
            "value": 15.741215705871582
        },
        {
            "Time": "2023-03-28",
            "value": 15.731221199035645
        },
        {
            "Time": "2023-03-29",
            "value": 15.83116626739502
        },
        {
            "Time": "2023-03-30",
            "value": 15.88113784790039
        },
        {
            "Time": "2023-03-31",
            "value": 16.160982131958008
        }
    ]
}