{
    "data": [
        {
            "Time": "2023-03-01",
            "value": 70.9168930053711
        },
        {
            "Time": "2023-03-02",
            "value": 71.31497955322266
        },
        {
            "Time": "2023-03-03",
            "value": 72.37014770507812
        },
        {
            "Time": "2023-03-06",
            "value": 72.45167541503906
        },
        {
            "Time": "2023-03-07",
            "value": 71.12792205810547
        },
        {
            "Time": "2023-03-08",
            "value": 71.2813949584961
        },
        {
            "Time": "2023-03-09",
            "value": 70.8017807006836
        },
        {
            "Time": "2023-03-10",
            "value": 69.11830139160156
        },
        {
            "Time": "2023-03-13",
            "value": 69.05116271972656
        },
        {
            "Time": "2023-03-14",
            "value": 70.4324722290039
        },
        {
            "Time": "2023-03-15",
            "value": 70.19744873046875
        },
        {
            "Time": "2023-03-16",
            "value": 71.31497955322266
        },
        {
            "Time": "2023-03-17",
            "value": 69.70823669433594
        },
        {
            "Time": "2023-03-20",
            "value": 70.74901580810547
        },
        {
            "Time": "2023-03-21",
            "value": 70.39604187011719
        },
        {
            "Time": "2023-03-22",
            "value": 68.66020202636719
        },
        {
            "Time": "2023-03-23",
            "value": 67.54326629638672
        },
        {
            "Time": "2023-03-24",
            "value": 69.03734588623047
        },
        {
            "Time": "2023-03-27",
            "value": 69.78197479248047
        },
        {
            "Time": "2023-03-28",
            "value": 70.32835388183594
        },
        {
            "Time": "2023-03-29",
            "value": 71.77892303466797
        },
        {
            "Time": "2023-03-30",
            "value": 72.31563568115234
        },
        {
            "Time": "2023-03-31",
            "value": 73.08927917480469
        }
    ]
}