{
    "data": [
        {
            "Time": "2023-03-01",
            "value": 82.79631805419922
        },
        {
            "Time": "2023-03-02",
            "value": 84.35905456542969
        },
        {
            "Time": "2023-03-03",
            "value": 85.41365814208984
        },
        {
            "Time": "2023-03-06",
            "value": 85.6821060180664
        },
        {
            "Time": "2023-03-07",
            "value": 84.97264099121094
        },
        {
            "Time": "2023-03-08",
            "value": 85.61500549316406
        },
        {
            "Time": "2023-03-09",
            "value": 85.09728240966797
        },
        {
            "Time": "2023-03-10",
            "value": 83.91803741455078
        },
        {
            "Time": "2023-03-13",
            "value": 85.69168853759766
        },
        {
            "Time": "2023-03-14",
            "value": 86.52579498291016
        },
        {
            "Time": "2023-03-15",
            "value": 88.76923370361328
        },
        {
            "Time": "2023-03-16",
            "value": 88.21317291259766
        },
        {
            "Time": "2023-03-17",
            "value": 86.95722198486328
        },
        {
            "Time": "2023-03-20",
            "value": 87.97349548339844
        },
        {
            "Time": "2023-03-21",
            "value": 85.23149871826172
        },
        {
            "Time": "2023-03-22",
            "value": 83.2660903930664
        },
        {
            "Time": "2023-03-23",
            "value": 81.88552856445312
        },
        {
            "Time": "2023-03-24",
            "value": 85.41365814208984
        },
        {
            "Time": "2023-03-27",
            "value": 84.89595031738281
        },
        {
            "Time": "2023-03-28",
            "value": 85.26026916503906
        },
        {
            "Time": "2023-03-29",
            "value": 86.38198852539062
        },
        {
            "Time": "2023-03-30",
            "value": 86.6983642578125
        },
        {
            "Time": "2023-03-31",
            "value": 87.2352523803711
        }
    ]
}