{
    "data": [
        {
            "Time": "2023-03-01",
            "value": 67.76996612548828
        },
        {
            "Time": "2023-03-02",
            "value": 70.03962707519531
        },
        {
            "Time": "2023-03-03",
            "value": 71.6109390258789
        },
        {
            "Time": "2023-03-06",
            "value": 72.16380310058594
        },
        {
            "Time": "2023-03-07",
            "value": 71.53334045410156
        },
        {
            "Time": "2023-03-08",
            "value": 72.018310546875
        },
        {
            "Time": "2023-03-09",
            "value": 71.54304504394531
        },
        {
            "Time": "2023-03-10",
            "value": 70.81558227539062
        },
        {
            "Time": "2023-03-13",
            "value": 71.087158203125
        },
        {
            "Time": "2023-03-14",
            "value": 72.30929565429688
        },
        {
            "Time": "2023-03-15",
            "value": 73.25013732910156
        },
        {
            "Time": "2023-03-16",
            "value": 73.93880462646484
        },
        {
            "Time": "2023-03-17",
            "value": 73.3956298828125
        },
        {
            "Time": "2023-03-20",
            "value": 73.6866226196289
        },
        {
            "Time": "2023-03-21",
            "value": 73.0949478149414
        },
        {
            "Time": "2023-03-22",
            "value": 71.90190887451172
        },
        {
            "Time": "2023-03-23",
            "value": 71.59153747558594
        },
        {
            "Time": "2023-03-24",
            "value": 73.41503143310547
        },
        {
            "Time": "2023-03-27",
            "value": 73.17255401611328
        },
        {
            "Time": "2023-03-28",
            "value": 72.97855377197266
        },
        {
            "Time": "2023-03-29",
            "value": 73.82240295410156
        },
        {
            "Time": "2023-03-30",
            "value": 74.28797149658203
        },
        {
            "Time": "2023-03-31",
            "value": 74.76325225830078
        }
    ]
}