{
    "data": [
        {
            "Time": "2022-11-27",
            "value": 3.68436094381132
        },
        {
            "Time": "2022-11-28",
            "value": 13.490509349610043
        },
        {
            "Time": "2022-11-29",
            "value": 13.568181094081346
        },
        {
            "Time": "2022-11-30",
            "value": 5.61828453827329
        },
        {
            "Time": "2022-12-01",
            "value": 6.824444130323067
        },
        {
            "Time": "2022-12-02",
            "value": 7.348978088061965
        },
        {
            "Time": "2022-12-03",
            "value": 11.75413251409234
        },
        {
            "Time": "2022-12-04",
            "value": 9.219099463410837
        },
        {
            "Time": "2022-12-05",
            "value": 17.479535524792364
        },
        {
            "Time": "2022-12-06",
            "value": 16.62482414370061
        },
        {
            "Time": "2022-12-07",
            "value": 7.25322627056345
        },
        {
            "Time": "2022-12-08",
            "value": 16.896624682021468
        },
        {
            "Time": "2022-12-09",
            "value": 13.614238801282758
        },
        {
            "Time": "2022-12-10",
            "value": 34.82552861747087
        },
        {
            "Time": "2022-12-11",
            "value": 6.967723311922238
        },
        {
            "Time": "2022-12-12",
            "value": 20.909397142451287
        },
        {
            "Time": "2022-12-13",
            "value": 27.702399130789868
        },
        {
            "Time": "2022-12-14",
            "value": 12.31658002828809
        },
        {
            "Time": "2022-12-15",
            "value": 8.74791034214638
        },
        {
            "Time": "2022-12-16",
            "value": 5.452526217722026
        },
        {
            "Time": "2022-12-17",
            "value": 7.7527820261228
        },
        {
            "Time": "2022-12-18",
            "value": 43.192426710475424
        },
        {
            "Time": "2022-12-19",
            "value": 39.93636579790356
        },
        {
            "Time": "2022-12-20",
            "value": 24.922336268726895
        },
        {
            "Time": "2022-12-21",
            "value": 38.59722862493917
        },
        {
            "Time": "2022-12-22",
            "value": 39.57044975321629
        },
        {
            "Time": "2022-12-23",
            "value": 41.52692927264299
        },
        {
            "Time": "2022-12-24",
            "value": 42.01326429603194
        },
        {
            "Time": "2022-12-25",
            "value": 42.181147496943936
        },
        {
            "Time": "2022-12-26",
            "value": 35.39602494902816
        },
        {
            "Time": "2022-12-27",
            "value": 16.732553001802472
        },
        {
            "Time": "2022-12-28",
            "value": 8.611647229826193
        },
        {
            "Time": "2022-12-29",
            "value": 5.291947942766781
        },
        {
            "Time": "2022-12-30",
            "value": 8.45507328643416
        },
        {
            "Time": "2022-12-31",
            "value": 23.954481820907716
        },
        {
            "Time": "2023-01-01",
            "value": 13.805352520180657
        },
        {
            "Time": "2023-01-02",
            "value": 6.872652009929269
        },
        {
            "Time": "2023-01-03",
            "value": 8.012644053420201
        },
        {
            "Time": "2023-01-04",
            "value": 8.17386249125756
        },
        {
            "Time": "2023-01-05",
            "value": 10.520644594066072
        },
        {
            "Time": "2023-01-06",
            "value": 38.94370625779119
        },
        {
            "Time": "2023-01-07",
            "value": 41.138954230642426
        },
        {
            "Time": "2023-01-08",
            "value": 41.17916495096712
        },
        {
            "Time": "2023-01-09",
            "value": 9.117081201640108
        },
        {
            "Time": "2023-01-10",
            "value": 10.095591653834374
        },
        {
            "Time": "2023-01-11",
            "value": 13.554937504078753
        },
        {
            "Time": "2023-01-12",
            "value": 26.261824858458137
        },
        {
            "Time": "2023-01-13",
            "value": 5.949105453401804
        },
        {
            "Time": "2023-01-14",
            "value": 27.03318109385704
        },
        {
            "Time": "2023-01-15",
            "value": 7.304500349439518
        },
        {
            "Time": "2023-01-16",
            "value": 37.3101833178678
        },
        {
            "Time": "2023-01-17",
            "value": 8.955570629331241
        },
        {
            "Time": "2023-01-18",
            "value": 41.91401480058047
        },
        {
            "Time": "2023-01-19",
            "value": 35.48181705490077
        },
        {
            "Time": "2023-01-20",
            "value": 15.48741164832516
        },
        {
            "Time": "2023-01-21",
            "value": 5.163310777713794
        },
        {
            "Time": "2023-01-22",
            "value": 32.16187535455652
        },
        {
            "Time": "2023-01-23",
            "value": 4.626306052818337
        },
        {
            "Time": "2023-01-24",
            "value": 28.75824246716381
        },
        {
            "Time": "2023-01-25",
            "value": 47.43276960430941
        },
        {
            "Time": "2023-01-26",
            "value": 24.099746531727984
        },
        {
            "Time": "2023-01-27",
            "value": 43.57580636394254
        },
        {
            "Time": "2023-01-28",
            "value": 47.98771861037624
        },
        {
            "Time": "2023-01-29",
            "value": 47.55241412604476
        },
        {
            "Time": "2023-01-30",
            "value": 48.603470724583005
        },
        {
            "Time": "2023-01-31",
            "value": 47.67995445957792
        },
        {
            "Time": "2023-02-01",
            "value": 9.21087945972055
        },
        {
            "Time": "2023-02-02",
            "value": 20.094310287174583
        },
        {
            "Time": "2023-02-03",
            "value": 10.486648937004151
        },
        {
            "Time": "2023-02-04",
            "value": 3.5523916898082493
        },
        {
            "Time": "2023-02-05",
            "value": 7.087057590913434
        },
        {
            "Time": "2023-02-06",
            "value": 29.18855220587034
        },
        {
            "Time": "2023-02-07",
            "value": 6.422510489856557
        },
        {
            "Time": "2023-02-08",
            "value": 4.080891167708977
        },
        {
            "Time": "2023-02-09",
            "value": 8.964285998808567
        },
        {
            "Time": "2023-02-10",
            "value": 4.802860319631577
        },
        {
            "Time": "2023-02-11",
            "value": 15.215263032960332
        },
        {
            "Time": "2023-02-12",
            "value": 21.507797583503653
        },
        {
            "Time": "2023-02-13",
            "value": 7.863331465507274
        },
        {
            "Time": "2023-02-14",
            "value": 18.71363447839614
        },
        {
            "Time": "2023-02-15",
            "value": 47.74184384083413
        },
        {
            "Time": "2023-02-16",
            "value": 55.16028019285672
        },
        {
            "Time": "2023-02-17",
            "value": 39.116323868706885
        },
        {
            "Time": "2023-02-18",
            "value": 46.70730691941493
        },
        {
            "Time": "2023-02-19",
            "value": 15.293364025982092
        },
        {
            "Time": "2023-02-20",
            "value": 28.843080807867807
        },
        {
            "Time": "2023-02-21",
            "value": 54.97874675146896
        },
        {
            "Time": "2023-02-22",
            "value": 45.859481180159534
        },
        {
            "Time": "2023-02-23",
            "value": 43.918193719697776
        },
        {
            "Time": "2023-02-24",
            "value": 20.370518741979588
        },
        {
            "Time": "2023-02-25",
            "value": 51.936217712187016
        },
        {
            "Time": "2023-02-26",
            "value": 56.85674889868134
        },
        {
            "Time": "2023-02-27",
            "value": 47.3126028856954
        },
        {
            "Time": "2023-02-28",
            "value": 27.604543192141858
        },
        {
            "Time": "2023-03-01",
            "value": 28.456881666018557
        },
        {
            "Time": "2023-03-02",
            "value": 37.76777345601733
        },
        {
            "Time": "2023-03-03",
            "value": 51.1711802165502
        },
        {
            "Time": "2023-03-04",
            "value": 55.38649375087767
        },
        {
            "Time": "2023-03-05",
            "value": 54.512252647735416
        },
        {
            "Time": "2023-03-06",
            "value": 56.212893748629234
        },
        {
            "Time": "2023-03-07",
            "value": 55.696826201829225
        },
        {
            "Time": "2023-03-08",
            "value": 51.97431842380715
        },
        {
            "Time": "2023-03-09",
            "value": 39.13947767886006
        },
        {
            "Time": "2023-03-10",
            "value": 56.81928171625332
        },
        {
            "Time": "2023-03-11",
            "value": 50.054885835560334
        },
        {
            "Time": "2023-03-12",
            "value": 12.08609472447649
        },
        {
            "Time": "2023-03-13",
            "value": 47.37672291859152
        },
        {
            "Time": "2023-03-14",
            "value": 59.72544638654166
        },
        {
            "Time": "2023-03-15",
            "value": 49.56637151770675
        },
        {
            "Time": "2023-03-16",
            "value": 51.91766651454736
        },
        {
            "Time": "2023-03-17",
            "value": 30.885037372814395
        },
        {
            "Time": "2023-03-18",
            "value": 8.627905713954636
        },
        {
            "Time": "2023-03-19",
            "value": 3.228217725644784
        },
        {
            "Time": "2023-03-20",
            "value": 40.75864562555798
        },
        {
            "Time": "2023-03-21",
            "value": 23.152131743824658
        },
        {
            "Time": "2023-03-22",
            "value": 38.77036682752343
        },
        {
            "Time": "2023-03-23",
            "value": 3.6715404148511768
        },
        {
            "Time": "2023-03-24",
            "value": 4.3650743695617855
        },
        {
            "Time": "2023-03-25",
            "value": 5.684395677169389
        },
        {
            "Time": "2023-03-26",
            "value": 23.446714116195704
        },
        {
            "Time": "2023-03-27",
            "value": 0.0
        }
    ]
}