{
    "data": [
        {
            "Time": "2022-11-27",
            "value": 4.100639367361825
        },
        {
            "Time": "2022-11-28",
            "value": 15.858053498853506
        },
        {
            "Time": "2022-11-29",
            "value": 13.206323552075064
        },
        {
            "Time": "2022-11-30",
            "value": 6.30969157445901
        },
        {
            "Time": "2022-12-01",
            "value": 7.4997913704180466
        },
        {
            "Time": "2022-12-02",
            "value": 8.07277655342313
        },
        {
            "Time": "2022-12-03",
            "value": 12.87089274674826
        },
        {
            "Time": "2022-12-04",
            "value": 10.336300944162527
        },
        {
            "Time": "2022-12-05",
            "value": 8.58567717978784
        },
        {
            "Time": "2022-12-06",
            "value": 13.109657208618392
        },
        {
            "Time": "2022-12-07",
            "value": 3.660185723856816
        },
        {
            "Time": "2022-12-08",
            "value": 18.270791187611945
        },
        {
            "Time": "2022-12-09",
            "value": 14.992330353691818
        },
        {
            "Time": "2022-12-10",
            "value": 35.92008080783267
        },
        {
            "Time": "2022-12-11",
            "value": 7.783116147043147
        },
        {
            "Time": "2022-12-12",
            "value": 21.94154495835249
        },
        {
            "Time": "2022-12-13",
            "value": 27.04954804083387
        },
        {
            "Time": "2022-12-14",
            "value": 13.575290961513682
        },
        {
            "Time": "2022-12-15",
            "value": 9.141227781144186
        },
        {
            "Time": "2022-12-16",
            "value": 6.2718390242402124
        },
        {
            "Time": "2022-12-17",
            "value": 8.641667961327212
        },
        {
            "Time": "2022-12-18",
            "value": 44.889986078526775
        },
        {
            "Time": "2022-12-19",
            "value": 40.64316797553655
        },
        {
            "Time": "2022-12-20",
            "value": 23.983873603995
        },
        {
            "Time": "2022-12-21",
            "value": 40.61729820564766
        },
        {
            "Time": "2022-12-22",
            "value": 41.33684667549375
        },
        {
            "Time": "2022-12-23",
            "value": 42.77128053306557
        },
        {
            "Time": "2022-12-24",
            "value": 42.842136792813065
        },
        {
            "Time": "2022-12-25",
            "value": 43.60033909205302
        },
        {
            "Time": "2022-12-26",
            "value": 35.110645360795814
        },
        {
            "Time": "2022-12-27",
            "value": 17.501071992679964
        },
        {
            "Time": "2022-12-28",
            "value": 9.49532559579477
        },
        {
            "Time": "2022-12-29",
            "value": 5.859050618433813
        },
        {
            "Time": "2022-12-30",
            "value": 9.09785265398198
        },
        {
            "Time": "2022-12-31",
            "value": 25.339045886638694
        },
        {
            "Time": "2023-01-01",
            "value": 15.102640550925546
        },
        {
            "Time": "2023-01-02",
            "value": 7.527568454663074
        },
        {
            "Time": "2023-01-03",
            "value": 8.845665613202979
        },
        {
            "Time": "2023-01-04",
            "value": 8.98123635465041
        },
        {
            "Time": "2023-01-05",
            "value": 11.420605459267758
        },
        {
            "Time": "2023-01-06",
            "value": 40.75481189956075
        },
        {
            "Time": "2023-01-07",
            "value": 40.67820688528262
        },
        {
            "Time": "2023-01-08",
            "value": 41.37736518845384
        },
        {
            "Time": "2023-01-09",
            "value": 10.15758184946996
        },
        {
            "Time": "2023-01-10",
            "value": 10.513720486693195
        },
        {
            "Time": "2023-01-11",
            "value": 14.774559713719311
        },
        {
            "Time": "2023-01-12",
            "value": 26.92008853640494
        },
        {
            "Time": "2023-01-13",
            "value": 6.524548790035776
        },
        {
            "Time": "2023-01-14",
            "value": 27.555322620151205
        },
        {
            "Time": "2023-01-15",
            "value": 8.205719414426556
        },
        {
            "Time": "2023-01-16",
            "value": 38.34335318140628
        },
        {
            "Time": "2023-01-17",
            "value": 9.839748042555517
        },
        {
            "Time": "2023-01-18",
            "value": 42.48175361751116
        },
        {
            "Time": "2023-01-19",
            "value": 36.17761573541905
        },
        {
            "Time": "2023-01-20",
            "value": 16.44227388960589
        },
        {
            "Time": "2023-01-21",
            "value": 5.645088826932262
        },
        {
            "Time": "2023-01-22",
            "value": 33.82997165696255
        },
        {
            "Time": "2023-01-23",
            "value": 5.313673792098811
        },
        {
            "Time": "2023-01-24",
            "value": 32.61141898355759
        },
        {
            "Time": "2023-01-25",
            "value": 47.586656480562176
        },
        {
            "Time": "2023-01-26",
            "value": 24.934724115708956
        },
        {
            "Time": "2023-01-27",
            "value": 45.45171324835802
        },
        {
            "Time": "2023-01-28",
            "value": 49.07669172110719
        },
        {
            "Time": "2023-01-29",
            "value": 48.3291775121532
        },
        {
            "Time": "2023-01-30",
            "value": 49.10263161699351
        },
        {
            "Time": "2023-01-31",
            "value": 48.320388012949
        },
        {
            "Time": "2023-02-01",
            "value": 10.179099393972336
        },
        {
            "Time": "2023-02-02",
            "value": 22.16823437699762
        },
        {
            "Time": "2023-02-03",
            "value": 11.534613917134797
        },
        {
            "Time": "2023-02-04",
            "value": 3.86891940056515
        },
        {
            "Time": "2023-02-05",
            "value": 7.889774680522003
        },
        {
            "Time": "2023-02-06",
            "value": 29.70810909246945
        },
        {
            "Time": "2023-02-07",
            "value": 7.69513729023575
        },
        {
            "Time": "2023-02-08",
            "value": 4.313409235455718
        },
        {
            "Time": "2023-02-09",
            "value": 9.973725978525492
        },
        {
            "Time": "2023-02-10",
            "value": 5.561209441674409
        },
        {
            "Time": "2023-02-11",
            "value": 16.76921619058416
        },
        {
            "Time": "2023-02-12",
            "value": 23.81846201400744
        },
        {
            "Time": "2023-02-13",
            "value": 8.366413883522956
        },
        {
            "Time": "2023-02-14",
            "value": 21.437425286874426
        },
        {
            "Time": "2023-02-15",
            "value": 49.05092972246506
        },
        {
            "Time": "2023-02-16",
            "value": 55.33285815356312
        },
        {
            "Time": "2023-02-17",
            "value": 40.73419596205117
        },
        {
            "Time": "2023-02-18",
            "value": 48.18016055807338
        },
        {
            "Time": "2023-02-19",
            "value": 16.943657482512858
        },
        {
            "Time": "2023-02-20",
            "value": 31.94563079715761
        },
        {
            "Time": "2023-02-21",
            "value": 55.40162847568619
        },
        {
            "Time": "2023-02-22",
            "value": 47.72693662047677
        },
        {
            "Time": "2023-02-23",
            "value": 46.83923233273452
        },
        {
            "Time": "2023-02-24",
            "value": 22.33007737748826
        },
        {
            "Time": "2023-02-25",
            "value": 55.14817368236638
        },
        {
            "Time": "2023-02-26",
            "value": 59.1536167719721
        },
        {
            "Time": "2023-02-27",
            "value": 51.61014620446481
        },
        {
            "Time": "2023-02-28",
            "value": 29.763984528649825
        },
        {
            "Time": "2023-03-01",
            "value": 30.794226475161487
        },
        {
            "Time": "2023-03-02",
            "value": 42.61586289047096
        },
        {
            "Time": "2023-03-03",
            "value": 55.267465845438885
        },
        {
            "Time": "2023-03-04",
            "value": 60.13923848763297
        },
        {
            "Time": "2023-03-05",
            "value": 59.48348309545721
        },
        {
            "Time": "2023-03-06",
            "value": 60.99112799390526
        },
        {
            "Time": "2023-03-07",
            "value": 61.1891162763238
        },
        {
            "Time": "2023-03-08",
            "value": 56.36084461078345
        },
        {
            "Time": "2023-03-09",
            "value": 41.73691704906619
        },
        {
            "Time": "2023-03-10",
            "value": 62.92723719661618
        },
        {
            "Time": "2023-03-11",
            "value": 54.97971648020857
        },
        {
            "Time": "2023-03-12",
            "value": 13.37133283196011
        },
        {
            "Time": "2023-03-13",
            "value": 51.97668768550865
        },
        {
            "Time": "2023-03-14",
            "value": 66.33046089976847
        },
        {
            "Time": "2023-03-15",
            "value": 55.52601957475774
        },
        {
            "Time": "2023-03-16",
            "value": 56.41569641487633
        },
        {
            "Time": "2023-03-17",
            "value": 33.290138104011
        },
        {
            "Time": "2023-03-18",
            "value": 9.522548568270285
        },
        {
            "Time": "2023-03-19",
            "value": 3.872033333685784
        },
        {
            "Time": "2023-03-20",
            "value": 44.87850161980786
        },
        {
            "Time": "2023-03-21",
            "value": 25.21379511765033
        },
        {
            "Time": "2023-03-22",
            "value": 42.99471787444244
        },
        {
            "Time": "2023-03-23",
            "value": 4.478785249061518
        },
        {
            "Time": "2023-03-24",
            "value": 5.305914942457483
        },
        {
            "Time": "2023-03-25",
            "value": 6.912181410208834
        },
        {
            "Time": "2023-03-26",
            "value": 25.78146762673032
        },
        {
            "Time": "2023-03-27",
            "value": 0.0
        }
    ]
}