{
    "data": [
        {
            "Time": "2022-11-27",
            "value": 3.9265223224001606
        },
        {
            "Time": "2022-11-28",
            "value": 15.001892941223932
        },
        {
            "Time": "2022-11-29",
            "value": 11.81473016539833
        },
        {
            "Time": "2022-11-30",
            "value": 5.817599009727048
        },
        {
            "Time": "2022-12-01",
            "value": 8.732743224284519
        },
        {
            "Time": "2022-12-02",
            "value": 3.902338141729461
        },
        {
            "Time": "2022-12-03",
            "value": 2.227165411340305
        },
        {
            "Time": "2022-12-04",
            "value": 0.576337458261275
        },
        {
            "Time": "2022-12-05",
            "value": 0.0
        },
        {
            "Time": "2022-12-06",
            "value": 0.0
        },
        {
            "Time": "2022-12-07",
            "value": 0.0
        },
        {
            "Time": "2022-12-08",
            "value": 16.962563318377335
        },
        {
            "Time": "2022-12-09",
            "value": 14.676358502235566
        },
        {
            "Time": "2022-12-10",
            "value": 29.245144647821423
        },
        {
            "Time": "2022-12-11",
            "value": 7.332660395515274
        },
        {
            "Time": "2022-12-12",
            "value": 20.132843801302368
        },
        {
            "Time": "2022-12-13",
            "value": 23.01110968077301
        },
        {
            "Time": "2022-12-14",
            "value": 13.30411785922409
        },
        {
            "Time": "2022-12-15",
            "value": 9.326595852043733
        },
        {
            "Time": "2022-12-16",
            "value": 5.8383884838845095
        },
        {
            "Time": "2022-12-17",
            "value": 8.350986224075015
        },
        {
            "Time": "2022-12-18",
            "value": 35.99647515027005
        },
        {
            "Time": "2022-12-19",
            "value": 33.48847533916942
        },
        {
            "Time": "2022-12-20",
            "value": 20.277675278522395
        },
        {
            "Time": "2022-12-21",
            "value": 32.369319510185555
        },
        {
            "Time": "2022-12-22",
            "value": 33.39519616143911
        },
        {
            "Time": "2022-12-23",
            "value": 34.96594242048253
        },
        {
            "Time": "2022-12-24",
            "value": 34.98277035305235
        },
        {
            "Time": "2022-12-25",
            "value": 35.125015057477576
        },
        {
            "Time": "2022-12-26",
            "value": 28.295522430813232
        },
        {
            "Time": "2022-12-27",
            "value": 16.17224133742186
        },
        {
            "Time": "2022-12-28",
            "value": 9.297036919959965
        },
        {
            "Time": "2022-12-29",
            "value": 5.714744046490628
        },
        {
            "Time": "2022-12-30",
            "value": 9.04737282789088
        },
        {
            "Time": "2022-12-31",
            "value": 23.279625156793973
        },
        {
            "Time": "2023-01-01",
            "value": 14.483596003047769
        },
        {
            "Time": "2023-01-02",
            "value": 7.527684107521918
        },
        {
            "Time": "2023-01-03",
            "value": 8.22586486965507
        },
        {
            "Time": "2023-01-04",
            "value": 8.860578172984017
        },
        {
            "Time": "2023-01-05",
            "value": 11.25331781431667
        },
        {
            "Time": "2023-01-06",
            "value": 33.83281180824832
        },
        {
            "Time": "2023-01-07",
            "value": 35.02582259737248
        },
        {
            "Time": "2023-01-08",
            "value": 34.99136567654136
        },
        {
            "Time": "2023-01-09",
            "value": 9.915119970142952
        },
        {
            "Time": "2023-01-10",
            "value": 10.708014529429647
        },
        {
            "Time": "2023-01-11",
            "value": 14.30171805841277
        },
        {
            "Time": "2023-01-12",
            "value": 24.035645886446552
        },
        {
            "Time": "2023-01-13",
            "value": 6.762751522831279
        },
        {
            "Time": "2023-01-14",
            "value": 24.158304231772146
        },
        {
            "Time": "2023-01-15",
            "value": 7.643258697830208
        },
        {
            "Time": "2023-01-16",
            "value": 32.62810919007892
        },
        {
            "Time": "2023-01-17",
            "value": 9.698842860884575
        },
        {
            "Time": "2023-01-18",
            "value": 37.04653475196852
        },
        {
            "Time": "2023-01-19",
            "value": 32.51373383682677
        },
        {
            "Time": "2023-01-20",
            "value": 15.896851287753435
        },
        {
            "Time": "2023-01-21",
            "value": 5.555683709747865
        },
        {
            "Time": "2023-01-22",
            "value": 30.609985168913155
        },
        {
            "Time": "2023-01-23",
            "value": 5.161607623727733
        },
        {
            "Time": "2023-01-24",
            "value": 29.31037920393133
        },
        {
            "Time": "2023-01-25",
            "value": 42.87463184753327
        },
        {
            "Time": "2023-01-26",
            "value": 23.21193405119219
        },
        {
            "Time": "2023-01-27",
            "value": 39.5099257516605
        },
        {
            "Time": "2023-01-28",
            "value": 44.81925131523504
        },
        {
            "Time": "2023-01-29",
            "value": 44.116639012269
        },
        {
            "Time": "2023-01-30",
            "value": 45.2996518752154
        },
        {
            "Time": "2023-01-31",
            "value": 44.905078624159
        },
        {
            "Time": "2023-02-01",
            "value": 10.099756595829795
        },
        {
            "Time": "2023-02-02",
            "value": 21.481612530014274
        },
        {
            "Time": "2023-02-03",
            "value": 11.260273123464376
        },
        {
            "Time": "2023-02-04",
            "value": 3.932588628320212
        },
        {
            "Time": "2023-02-05",
            "value": 7.974053006601355
        },
        {
            "Time": "2023-02-06",
            "value": 29.939659416367878
        },
        {
            "Time": "2023-02-07",
            "value": 7.39216229966079
        },
        {
            "Time": "2023-02-08",
            "value": 4.503584269747417
        },
        {
            "Time": "2023-02-09",
            "value": 9.757293740217657
        },
        {
            "Time": "2023-02-10",
            "value": 5.282152930516607
        },
        {
            "Time": "2023-02-11",
            "value": 16.635302786349463
        },
        {
            "Time": "2023-02-12",
            "value": 23.22640106973173
        },
        {
            "Time": "2023-02-13",
            "value": 7.988827137936628
        },
        {
            "Time": "2023-02-14",
            "value": 21.326197981557197
        },
        {
            "Time": "2023-02-15",
            "value": 48.62563813120885
        },
        {
            "Time": "2023-02-16",
            "value": 55.17720538073815
        },
        {
            "Time": "2023-02-17",
            "value": 40.92199002933594
        },
        {
            "Time": "2023-02-18",
            "value": 47.88386407588484
        },
        {
            "Time": "2023-02-19",
            "value": 16.68994231981433
        },
        {
            "Time": "2023-02-20",
            "value": 31.10063453278411
        },
        {
            "Time": "2023-02-21",
            "value": 55.2234709858582
        },
        {
            "Time": "2023-02-22",
            "value": 47.37570451423362
        },
        {
            "Time": "2023-02-23",
            "value": 45.70557690927219
        },
        {
            "Time": "2023-02-24",
            "value": 21.78458304870229
        },
        {
            "Time": "2023-02-25",
            "value": 53.28069033774294
        },
        {
            "Time": "2023-02-26",
            "value": 57.93863262222195
        },
        {
            "Time": "2023-02-27",
            "value": 50.33083661448157
        },
        {
            "Time": "2023-02-28",
            "value": 29.08873619449229
        },
        {
            "Time": "2023-03-01",
            "value": 29.75784568990672
        },
        {
            "Time": "2023-03-02",
            "value": 40.47878242342799
        },
        {
            "Time": "2023-03-03",
            "value": 51.70172659550409
        },
        {
            "Time": "2023-03-04",
            "value": 57.49091630046004
        },
        {
            "Time": "2023-03-05",
            "value": 56.42215512951374
        },
        {
            "Time": "2023-03-06",
            "value": 58.50400483393711
        },
        {
            "Time": "2023-03-07",
            "value": 58.10544822111849
        },
        {
            "Time": "2023-03-08",
            "value": 53.21589289202606
        },
        {
            "Time": "2023-03-09",
            "value": 42.20559906632696
        },
        {
            "Time": "2023-03-10",
            "value": 60.11621360091871
        },
        {
            "Time": "2023-03-11",
            "value": 51.565155479668334
        },
        {
            "Time": "2023-03-12",
            "value": 13.11694622740649
        },
        {
            "Time": "2023-03-13",
            "value": 50.06798220091437
        },
        {
            "Time": "2023-03-14",
            "value": 63.90227941441219
        },
        {
            "Time": "2023-03-15",
            "value": 52.8740520096225
        },
        {
            "Time": "2023-03-16",
            "value": 55.035157543380144
        },
        {
            "Time": "2023-03-17",
            "value": 31.38705440202552
        },
        {
            "Time": "2023-03-18",
            "value": 9.38769965084622
        },
        {
            "Time": "2023-03-19",
            "value": 3.661350297243626
        },
        {
            "Time": "2023-03-20",
            "value": 44.33436968231414
        },
        {
            "Time": "2023-03-21",
            "value": 24.642266916285237
        },
        {
            "Time": "2023-03-22",
            "value": 41.63268986594255
        },
        {
            "Time": "2023-03-23",
            "value": 4.07057749933488
        },
        {
            "Time": "2023-03-24",
            "value": 4.934746208160866
        },
        {
            "Time": "2023-03-25",
            "value": 6.4218181552138045
        },
        {
            "Time": "2023-03-26",
            "value": 25.13688505804401
        },
        {
            "Time": "2023-03-27",
            "value": 0.0
        }
    ]
}