{
    "data": [
        {
            "Time": "2022-11-27",
            "value": 3.774897104537365
        },
        {
            "Time": "2022-11-28",
            "value": 13.782245328089768
        },
        {
            "Time": "2022-11-29",
            "value": 13.263452500802684
        },
        {
            "Time": "2022-11-30",
            "value": 5.719391908865783
        },
        {
            "Time": "2022-12-01",
            "value": 0.0
        },
        {
            "Time": "2022-12-02",
            "value": 0.0
        },
        {
            "Time": "2022-12-03",
            "value": 0.0
        },
        {
            "Time": "2022-12-04",
            "value": 0.0
        },
        {
            "Time": "2022-12-05",
            "value": 0.0
        },
        {
            "Time": "2022-12-06",
            "value": 0.0
        },
        {
            "Time": "2022-12-07",
            "value": 0.0
        },
        {
            "Time": "2022-12-08",
            "value": 16.675144311725205
        },
        {
            "Time": "2022-12-09",
            "value": 13.992536333257895
        },
        {
            "Time": "2022-12-10",
            "value": 32.750981764072925
        },
        {
            "Time": "2022-12-11",
            "value": 7.110787201306104
        },
        {
            "Time": "2022-12-12",
            "value": 20.516619471586356
        },
        {
            "Time": "2022-12-13",
            "value": 26.340132139075887
        },
        {
            "Time": "2022-12-14",
            "value": 12.672920832047824
        },
        {
            "Time": "2022-12-15",
            "value": 9.004584752681934
        },
        {
            "Time": "2022-12-16",
            "value": 5.581101955108577
        },
        {
            "Time": "2022-12-17",
            "value": 7.972595401779055
        },
        {
            "Time": "2022-12-18",
            "value": 39.39716670722239
        },
        {
            "Time": "2022-12-19",
            "value": 36.13183754838765
        },
        {
            "Time": "2022-12-20",
            "value": 23.888308958209848
        },
        {
            "Time": "2022-12-21",
            "value": 35.727512467114735
        },
        {
            "Time": "2022-12-22",
            "value": 36.21821576887459
        },
        {
            "Time": "2022-12-23",
            "value": 37.56672766042179
        },
        {
            "Time": "2022-12-24",
            "value": 37.89554865421911
        },
        {
            "Time": "2022-12-25",
            "value": 38.14857948421307
        },
        {
            "Time": "2022-12-26",
            "value": 33.42717314735392
        },
        {
            "Time": "2022-12-27",
            "value": 16.809378361746976
        },
        {
            "Time": "2022-12-28",
            "value": 8.812822282123776
        },
        {
            "Time": "2022-12-29",
            "value": 5.400453928075559
        },
        {
            "Time": "2022-12-30",
            "value": 8.593358392710147
        },
        {
            "Time": "2022-12-31",
            "value": 23.755386027280533
        },
        {
            "Time": "2023-01-01",
            "value": 14.160167169705527
        },
        {
            "Time": "2023-01-02",
            "value": 7.066604069987971
        },
        {
            "Time": "2023-01-03",
            "value": 8.095979554552379
        },
        {
            "Time": "2023-01-04",
            "value": 8.37843916102699
        },
        {
            "Time": "2023-01-05",
            "value": 10.7564369670857
        },
        {
            "Time": "2023-01-06",
            "value": 36.26688666093112
        },
        {
            "Time": "2023-01-07",
            "value": 38.41093763290071
        },
        {
            "Time": "2023-01-08",
            "value": 38.50053775590764
        },
        {
            "Time": "2023-01-09",
            "value": 9.379937731154318
        },
        {
            "Time": "2023-01-10",
            "value": 10.352820497068794
        },
        {
            "Time": "2023-01-11",
            "value": 13.879762700407335
        },
        {
            "Time": "2023-01-12",
            "value": 26.13288690503288
        },
        {
            "Time": "2023-01-13",
            "value": 6.212304848492418
        },
        {
            "Time": "2023-01-14",
            "value": 26.61684453579981
        },
        {
            "Time": "2023-01-15",
            "value": 7.455716885076803
        },
        {
            "Time": "2023-01-16",
            "value": 35.93209064408117
        },
        {
            "Time": "2023-01-17",
            "value": 9.213332733472033
        },
        {
            "Time": "2023-01-18",
            "value": 39.98740051191433
        },
        {
            "Time": "2023-01-19",
            "value": 34.480989910403714
        },
        {
            "Time": "2023-01-20",
            "value": 15.82462608833728
        },
        {
            "Time": "2023-01-21",
            "value": 5.259901024669828
        },
        {
            "Time": "2023-01-22",
            "value": 31.29300236351021
        },
        {
            "Time": "2023-01-23",
            "value": 4.792175699686288
        },
        {
            "Time": "2023-01-24",
            "value": 28.23323635866521
        },
        {
            "Time": "2023-01-25",
            "value": 45.99264054628628
        },
        {
            "Time": "2023-01-26",
            "value": 24.35347277940564
        },
        {
            "Time": "2023-01-27",
            "value": 43.16233695035617
        },
        {
            "Time": "2023-01-28",
            "value": 47.42294005047014
        },
        {
            "Time": "2023-01-29",
            "value": 46.96041919479149
        },
        {
            "Time": "2023-01-30",
            "value": 48.16362965205708
        },
        {
            "Time": "2023-01-31",
            "value": 48.00419583423934
        },
        {
            "Time": "2023-02-01",
            "value": 9.49742645714738
        },
        {
            "Time": "2023-02-02",
            "value": 20.00976168723419
        },
        {
            "Time": "2023-02-03",
            "value": 10.78145909424291
        },
        {
            "Time": "2023-02-04",
            "value": 3.653971387082394
        },
        {
            "Time": "2023-02-05",
            "value": 7.317640882637892
        },
        {
            "Time": "2023-02-06",
            "value": 30.206886165511243
        },
        {
            "Time": "2023-02-07",
            "value": 6.752889675450083
        },
        {
            "Time": "2023-02-08",
            "value": 4.177045556096671
        },
        {
            "Time": "2023-02-09",
            "value": 9.22846574567793
        },
        {
            "Time": "2023-02-10",
            "value": 4.960356236253132
        },
        {
            "Time": "2023-02-11",
            "value": 15.61125678471319
        },
        {
            "Time": "2023-02-12",
            "value": 21.976640264254858
        },
        {
            "Time": "2023-02-13",
            "value": 8.069029876972827
        },
        {
            "Time": "2023-02-14",
            "value": 19.39953952543741
        },
        {
            "Time": "2023-02-15",
            "value": 49.32174529828279
        },
        {
            "Time": "2023-02-16",
            "value": 57.66891246081919
        },
        {
            "Time": "2023-02-17",
            "value": 40.76229392467908
        },
        {
            "Time": "2023-02-18",
            "value": 48.64383163539261
        },
        {
            "Time": "2023-02-19",
            "value": 15.772851637488335
        },
        {
            "Time": "2023-02-20",
            "value": 29.925459674701155
        },
        {
            "Time": "2023-02-21",
            "value": 58.74031999554202
        },
        {
            "Time": "2023-02-22",
            "value": 48.4946808272253
        },
        {
            "Time": "2023-02-23",
            "value": 46.32384291257071
        },
        {
            "Time": "2023-02-24",
            "value": 21.07860281232767
        },
        {
            "Time": "2023-02-25",
            "value": 55.44538497177415
        },
        {
            "Time": "2023-02-26",
            "value": 61.22084526240551
        },
        {
            "Time": "2023-02-27",
            "value": 49.82291234184344
        },
        {
            "Time": "2023-02-28",
            "value": 28.54049098609538
        },
        {
            "Time": "2023-03-01",
            "value": 29.927698587825468
        },
        {
            "Time": "2023-03-02",
            "value": 39.58830095737921
        },
        {
            "Time": "2023-03-03",
            "value": 55.07879965016637
        },
        {
            "Time": "2023-03-04",
            "value": 60.00707736666123
        },
        {
            "Time": "2023-03-05",
            "value": 59.14794431125567
        },
        {
            "Time": "2023-03-06",
            "value": 61.13762650487094
        },
        {
            "Time": "2023-03-07",
            "value": 60.84862574875247
        },
        {
            "Time": "2023-03-08",
            "value": 56.66320782402483
        },
        {
            "Time": "2023-03-09",
            "value": 41.03468497619505
        },
        {
            "Time": "2023-03-10",
            "value": 62.41502803418059
        },
        {
            "Time": "2023-03-11",
            "value": 54.65754933663754
        },
        {
            "Time": "2023-03-12",
            "value": 12.445661209254029
        },
        {
            "Time": "2023-03-13",
            "value": 50.816392911194434
        },
        {
            "Time": "2023-03-14",
            "value": 65.52440047211309
        },
        {
            "Time": "2023-03-15",
            "value": 54.03168643660519
        },
        {
            "Time": "2023-03-16",
            "value": 55.24442961599173
        },
        {
            "Time": "2023-03-17",
            "value": 32.302145074973495
        },
        {
            "Time": "2023-03-18",
            "value": 8.88200867321978
        },
        {
            "Time": "2023-03-19",
            "value": 3.3491551718404966
        },
        {
            "Time": "2023-03-20",
            "value": 43.346342034060754
        },
        {
            "Time": "2023-03-21",
            "value": 24.00208344943529
        },
        {
            "Time": "2023-03-22",
            "value": 41.318741772057045
        },
        {
            "Time": "2023-03-23",
            "value": 3.8005759870651015
        },
        {
            "Time": "2023-03-24",
            "value": 4.533330023718092
        },
        {
            "Time": "2023-03-25",
            "value": 5.906066792653291
        },
        {
            "Time": "2023-03-26",
            "value": 24.20060667498793
        },
        {
            "Time": "2023-03-27",
            "value": 0.0
        }
    ]
}