{
    "data": [
        {
            "Time": "2022-11-27",
            "value": 3.535167622764813
        },
        {
            "Time": "2022-11-28",
            "value": 12.01417879313806
        },
        {
            "Time": "2022-11-29",
            "value": 9.865321692620007
        },
        {
            "Time": "2022-11-30",
            "value": 5.27963088105507
        },
        {
            "Time": "2022-12-01",
            "value": 6.359989073958697
        },
        {
            "Time": "2022-12-02",
            "value": 7.109627366604631
        },
        {
            "Time": "2022-12-03",
            "value": 11.30273065379477
        },
        {
            "Time": "2022-12-04",
            "value": 8.597573510098321
        },
        {
            "Time": "2022-12-05",
            "value": 10.411524504141353
        },
        {
            "Time": "2022-12-06",
            "value": 10.227180027824026
        },
        {
            "Time": "2022-12-07",
            "value": 4.462005144259102
        },
        {
            "Time": "2022-12-08",
            "value": 14.445651076805785
        },
        {
            "Time": "2022-12-09",
            "value": 12.714707741688308
        },
        {
            "Time": "2022-12-10",
            "value": 18.99991947591145
        },
        {
            "Time": "2022-12-11",
            "value": 6.610313998787295
        },
        {
            "Time": "2022-12-12",
            "value": 15.020016150963167
        },
        {
            "Time": "2022-12-13",
            "value": 16.443645458975485
        },
        {
            "Time": "2022-12-14",
            "value": 11.629089295603212
        },
        {
            "Time": "2022-12-15",
            "value": 8.352812563159596
        },
        {
            "Time": "2022-12-16",
            "value": 5.311062116930786
        },
        {
            "Time": "2022-12-17",
            "value": 7.223859032535448
        },
        {
            "Time": "2022-12-18",
            "value": 20.248535780255143
        },
        {
            "Time": "2022-12-19",
            "value": 19.60325087426152
        },
        {
            "Time": "2022-12-20",
            "value": 14.588998555142664
        },
        {
            "Time": "2022-12-21",
            "value": 18.4193869552555
        },
        {
            "Time": "2022-12-22",
            "value": 18.82488649689072
        },
        {
            "Time": "2022-12-23",
            "value": 19.98528120390548
        },
        {
            "Time": "2022-12-24",
            "value": 19.804961380297048
        },
        {
            "Time": "2022-12-25",
            "value": 20.024069477182543
        },
        {
            "Time": "2022-12-26",
            "value": 18.005317773281856
        },
        {
            "Time": "2022-12-27",
            "value": 13.45777691266757
        },
        {
            "Time": "2022-12-28",
            "value": 8.261703063419663
        },
        {
            "Time": "2022-12-29",
            "value": 5.107484245114742
        },
        {
            "Time": "2022-12-30",
            "value": 7.948373703736694
        },
        {
            "Time": "2022-12-31",
            "value": 17.581767672973164
        },
        {
            "Time": "2023-01-01",
            "value": 12.715420666334497
        },
        {
            "Time": "2023-01-02",
            "value": 6.64457481696921
        },
        {
            "Time": "2023-01-03",
            "value": 7.317374824211494
        },
        {
            "Time": "2023-01-04",
            "value": 7.844306585556741
        },
        {
            "Time": "2023-01-05",
            "value": 9.933351693626944
        },
        {
            "Time": "2023-01-06",
            "value": 20.94077120148028
        },
        {
            "Time": "2023-01-07",
            "value": 20.030371649637463
        },
        {
            "Time": "2023-01-08",
            "value": 20.683921476261
        },
        {
            "Time": "2023-01-09",
            "value": 8.726129299774195
        },
        {
            "Time": "2023-01-10",
            "value": 9.44886627432532
        },
        {
            "Time": "2023-01-11",
            "value": 12.64930881655512
        },
        {
            "Time": "2023-01-12",
            "value": 18.708090629786952
        },
        {
            "Time": "2023-01-13",
            "value": 6.038339729672097
        },
        {
            "Time": "2023-01-14",
            "value": 17.934175157259798
        },
        {
            "Time": "2023-01-15",
            "value": 6.892390063445474
        },
        {
            "Time": "2023-01-16",
            "value": 23.67535078237372
        },
        {
            "Time": "2023-01-17",
            "value": 8.594753601429835
        },
        {
            "Time": "2023-01-18",
            "value": 25.29918114370743
        },
        {
            "Time": "2023-01-19",
            "value": 23.23041759884988
        },
        {
            "Time": "2023-01-20",
            "value": 13.614631183256044
        },
        {
            "Time": "2023-01-21",
            "value": 4.996753667679027
        },
        {
            "Time": "2023-01-22",
            "value": 22.652259035350447
        },
        {
            "Time": "2023-01-23",
            "value": 4.839881695842204
        },
        {
            "Time": "2023-01-24",
            "value": 21.20560584788664
        },
        {
            "Time": "2023-01-25",
            "value": 29.993077213511707
        },
        {
            "Time": "2023-01-26",
            "value": 18.82257166313443
        },
        {
            "Time": "2023-01-27",
            "value": 29.319706955948572
        },
        {
            "Time": "2023-01-28",
            "value": 31.12955698820741
        },
        {
            "Time": "2023-01-29",
            "value": 31.724414860966395
        },
        {
            "Time": "2023-01-30",
            "value": 32.31420610769636
        },
        {
            "Time": "2023-01-31",
            "value": 32.694015253018776
        },
        {
            "Time": "2023-02-01",
            "value": 8.841806961269148
        },
        {
            "Time": "2023-02-02",
            "value": 16.93362970262507
        },
        {
            "Time": "2023-02-03",
            "value": 9.973330959974316
        },
        {
            "Time": "2023-02-04",
            "value": 3.684541064853315
        },
        {
            "Time": "2023-02-05",
            "value": 7.4227889232358
        },
        {
            "Time": "2023-02-06",
            "value": 24.34485253788827
        },
        {
            "Time": "2023-02-07",
            "value": 7.125716683221035
        },
        {
            "Time": "2023-02-08",
            "value": 4.145208076348771
        },
        {
            "Time": "2023-02-09",
            "value": 8.509493328370302
        },
        {
            "Time": "2023-02-10",
            "value": 5.00668648847582
        },
        {
            "Time": "2023-02-11",
            "value": 13.830664809163288
        },
        {
            "Time": "2023-02-12",
            "value": 18.59027945942842
        },
        {
            "Time": "2023-02-13",
            "value": 7.363276866675777
        },
        {
            "Time": "2023-02-14",
            "value": 17.878634430952076
        },
        {
            "Time": "2023-02-15",
            "value": 39.32236922162561
        },
        {
            "Time": "2023-02-16",
            "value": 45.77989678000456
        },
        {
            "Time": "2023-02-17",
            "value": 33.57744723380352
        },
        {
            "Time": "2023-02-18",
            "value": 39.375978518411614
        },
        {
            "Time": "2023-02-19",
            "value": 14.552785347113494
        },
        {
            "Time": "2023-02-20",
            "value": 26.593458851488144
        },
        {
            "Time": "2023-02-21",
            "value": 48.21329031724885
        },
        {
            "Time": "2023-02-22",
            "value": 40.57673866068078
        },
        {
            "Time": "2023-02-23",
            "value": 38.64164541969164
        },
        {
            "Time": "2023-02-24",
            "value": 19.166738181096022
        },
        {
            "Time": "2023-02-25",
            "value": 46.502553223442334
        },
        {
            "Time": "2023-02-26",
            "value": 51.65379912605476
        },
        {
            "Time": "2023-02-27",
            "value": 44.49912371766382
        },
        {
            "Time": "2023-02-28",
            "value": 25.47979362414926
        },
        {
            "Time": "2023-03-01",
            "value": 26.290751379362614
        },
        {
            "Time": "2023-03-02",
            "value": 34.012734287606555
        },
        {
            "Time": "2023-03-03",
            "value": 46.39864036498295
        },
        {
            "Time": "2023-03-04",
            "value": 51.448538766183454
        },
        {
            "Time": "2023-03-05",
            "value": 50.244398700001256
        },
        {
            "Time": "2023-03-06",
            "value": 52.274677665817805
        },
        {
            "Time": "2023-03-07",
            "value": 52.50704144013197
        },
        {
            "Time": "2023-03-08",
            "value": 48.83168602119081
        },
        {
            "Time": "2023-03-09",
            "value": 37.66328634330062
        },
        {
            "Time": "2023-03-10",
            "value": 54.774869753084666
        },
        {
            "Time": "2023-03-11",
            "value": 47.6716986483448
        },
        {
            "Time": "2023-03-12",
            "value": 11.535871937380746
        },
        {
            "Time": "2023-03-13",
            "value": 45.73460613666987
        },
        {
            "Time": "2023-03-14",
            "value": 58.29866562455675
        },
        {
            "Time": "2023-03-15",
            "value": 48.10280138581989
        },
        {
            "Time": "2023-03-16",
            "value": 49.43922531782801
        },
        {
            "Time": "2023-03-17",
            "value": 29.216476405473195
        },
        {
            "Time": "2023-03-18",
            "value": 8.339728371130983
        },
        {
            "Time": "2023-03-19",
            "value": 3.6607549201442735
        },
        {
            "Time": "2023-03-20",
            "value": 39.58206911909532
        },
        {
            "Time": "2023-03-21",
            "value": 22.11354480173177
        },
        {
            "Time": "2023-03-22",
            "value": 37.52046443465561
        },
        {
            "Time": "2023-03-23",
            "value": 4.037063947595824
        },
        {
            "Time": "2023-03-24",
            "value": 4.922775445671305
        },
        {
            "Time": "2023-03-25",
            "value": 6.386217028176471
        },
        {
            "Time": "2023-03-26",
            "value": 22.42466112060268
        },
        {
            "Time": "2023-03-27",
            "value": 0.0
        }
    ]
}