{
    "data": [
        {
            "Time": "2022-11-27",
            "value": 3.448620096138088
        },
        {
            "Time": "2022-11-28",
            "value": 11.389728819056812
        },
        {
            "Time": "2022-11-29",
            "value": 9.257889437069284
        },
        {
            "Time": "2022-11-30",
            "value": 5.167487797594461
        },
        {
            "Time": "2022-12-01",
            "value": 0.0
        },
        {
            "Time": "2022-12-02",
            "value": 0.0
        },
        {
            "Time": "2022-12-03",
            "value": 0.0
        },
        {
            "Time": "2022-12-04",
            "value": 0.0
        },
        {
            "Time": "2022-12-05",
            "value": 0.0
        },
        {
            "Time": "2022-12-06",
            "value": 0.0
        },
        {
            "Time": "2022-12-07",
            "value": 0.0
        },
        {
            "Time": "2022-12-08",
            "value": 13.971672626420084
        },
        {
            "Time": "2022-12-09",
            "value": 12.68345051169116
        },
        {
            "Time": "2022-12-10",
            "value": 20.395311940044277
        },
        {
            "Time": "2022-12-11",
            "value": 6.492202133074401
        },
        {
            "Time": "2022-12-12",
            "value": 14.68412342041815
        },
        {
            "Time": "2022-12-13",
            "value": 17.27416680286456
        },
        {
            "Time": "2022-12-14",
            "value": 11.670924053094442
        },
        {
            "Time": "2022-12-15",
            "value": 8.209959885688955
        },
        {
            "Time": "2022-12-16",
            "value": 5.065704235866919
        },
        {
            "Time": "2022-12-17",
            "value": 7.230887422444986
        },
        {
            "Time": "2022-12-18",
            "value": 23.06125323712692
        },
        {
            "Time": "2022-12-19",
            "value": 21.486872450406903
        },
        {
            "Time": "2022-12-20",
            "value": 15.132766532471283
        },
        {
            "Time": "2022-12-21",
            "value": 21.179926247992675
        },
        {
            "Time": "2022-12-22",
            "value": 21.72361850650605
        },
        {
            "Time": "2022-12-23",
            "value": 22.716947594890225
        },
        {
            "Time": "2022-12-24",
            "value": 22.409769863808457
        },
        {
            "Time": "2022-12-25",
            "value": 22.56494560893721
        },
        {
            "Time": "2022-12-26",
            "value": 18.45427927341296
        },
        {
            "Time": "2022-12-27",
            "value": 13.640281720699106
        },
        {
            "Time": "2022-12-28",
            "value": 8.230943565168127
        },
        {
            "Time": "2022-12-29",
            "value": 5.076415155775095
        },
        {
            "Time": "2022-12-30",
            "value": 8.0863904064479
        },
        {
            "Time": "2022-12-31",
            "value": 18.35686776645868
        },
        {
            "Time": "2023-01-01",
            "value": 12.657595896126868
        },
        {
            "Time": "2023-01-02",
            "value": 6.696721309601084
        },
        {
            "Time": "2023-01-03",
            "value": 7.404880561533128
        },
        {
            "Time": "2023-01-04",
            "value": 7.870011227660672
        },
        {
            "Time": "2023-01-05",
            "value": 10.014343223835793
        },
        {
            "Time": "2023-01-06",
            "value": 22.84420887339035
        },
        {
            "Time": "2023-01-07",
            "value": 23.05123196696992
        },
        {
            "Time": "2023-01-08",
            "value": 23.00530338774468
        },
        {
            "Time": "2023-01-09",
            "value": 8.721513914299448
        },
        {
            "Time": "2023-01-10",
            "value": 9.50978515782242
        },
        {
            "Time": "2023-01-11",
            "value": 12.560442502354908
        },
        {
            "Time": "2023-01-12",
            "value": 18.33509100456313
        },
        {
            "Time": "2023-01-13",
            "value": 5.938109828058431
        },
        {
            "Time": "2023-01-14",
            "value": 17.463298164412954
        },
        {
            "Time": "2023-01-15",
            "value": 6.7910597754099
        },
        {
            "Time": "2023-01-16",
            "value": 22.05627309829562
        },
        {
            "Time": "2023-01-17",
            "value": 8.662864327752057
        },
        {
            "Time": "2023-01-18",
            "value": 25.959028992165678
        },
        {
            "Time": "2023-01-19",
            "value": 23.4513617758985
        },
        {
            "Time": "2023-01-20",
            "value": 13.58318412571264
        },
        {
            "Time": "2023-01-21",
            "value": 4.958212625282271
        },
        {
            "Time": "2023-01-22",
            "value": 21.749892118976245
        },
        {
            "Time": "2023-01-23",
            "value": 4.3861331040121465
        },
        {
            "Time": "2023-01-24",
            "value": 19.70730976166413
        },
        {
            "Time": "2023-01-25",
            "value": 29.028417842784407
        },
        {
            "Time": "2023-01-26",
            "value": 18.507945161954627
        },
        {
            "Time": "2023-01-27",
            "value": 27.62522160388012
        },
        {
            "Time": "2023-01-28",
            "value": 29.91259394933248
        },
        {
            "Time": "2023-01-29",
            "value": 30.18688689769309
        },
        {
            "Time": "2023-01-30",
            "value": 31.56526395801066
        },
        {
            "Time": "2023-01-31",
            "value": 31.05488633998583
        },
        {
            "Time": "2023-02-01",
            "value": 8.927117915998414
        },
        {
            "Time": "2023-02-02",
            "value": 16.774366137538706
        },
        {
            "Time": "2023-02-03",
            "value": 9.99937864958882
        },
        {
            "Time": "2023-02-04",
            "value": 3.384441111209717
        },
        {
            "Time": "2023-02-05",
            "value": 6.88995706019116
        },
        {
            "Time": "2023-02-06",
            "value": 23.628102401544588
        },
        {
            "Time": "2023-02-07",
            "value": 6.225976950137881
        },
        {
            "Time": "2023-02-08",
            "value": 3.927588890043904
        },
        {
            "Time": "2023-02-09",
            "value": 8.487119232044584
        },
        {
            "Time": "2023-02-10",
            "value": 4.511523119043389
        },
        {
            "Time": "2023-02-11",
            "value": 13.811107366774374
        },
        {
            "Time": "2023-02-12",
            "value": 18.11458471339764
        },
        {
            "Time": "2023-02-13",
            "value": 7.142132521572346
        },
        {
            "Time": "2023-02-14",
            "value": 17.577714356508682
        },
        {
            "Time": "2023-02-15",
            "value": 37.38770057101433
        },
        {
            "Time": "2023-02-16",
            "value": 42.80283461590311
        },
        {
            "Time": "2023-02-17",
            "value": 32.408772405784696
        },
        {
            "Time": "2023-02-18",
            "value": 37.61839258293841
        },
        {
            "Time": "2023-02-19",
            "value": 14.632120968904204
        },
        {
            "Time": "2023-02-20",
            "value": 26.370944895550117
        },
        {
            "Time": "2023-02-21",
            "value": 44.88476883632676
        },
        {
            "Time": "2023-02-22",
            "value": 38.84364343113048
        },
        {
            "Time": "2023-02-23",
            "value": 37.02496930182405
        },
        {
            "Time": "2023-02-24",
            "value": 19.058296431156837
        },
        {
            "Time": "2023-02-25",
            "value": 44.03440794022196
        },
        {
            "Time": "2023-02-26",
            "value": 48.684024976777415
        },
        {
            "Time": "2023-02-27",
            "value": 41.16314631645686
        },
        {
            "Time": "2023-02-28",
            "value": 25.277086497796997
        },
        {
            "Time": "2023-03-01",
            "value": 25.691084369454572
        },
        {
            "Time": "2023-03-02",
            "value": 32.79317670457056
        },
        {
            "Time": "2023-03-03",
            "value": 45.083405923193695
        },
        {
            "Time": "2023-03-04",
            "value": 49.570660516410015
        },
        {
            "Time": "2023-03-05",
            "value": 48.81294295799317
        },
        {
            "Time": "2023-03-06",
            "value": 50.71438285080842
        },
        {
            "Time": "2023-03-07",
            "value": 50.31587136081672
        },
        {
            "Time": "2023-03-08",
            "value": 47.22698967303578
        },
        {
            "Time": "2023-03-09",
            "value": 36.92586545204026
        },
        {
            "Time": "2023-03-10",
            "value": 52.24423094552759
        },
        {
            "Time": "2023-03-11",
            "value": 46.44452619977461
        },
        {
            "Time": "2023-03-12",
            "value": 11.58825992868221
        },
        {
            "Time": "2023-03-13",
            "value": 44.22728803246186
        },
        {
            "Time": "2023-03-14",
            "value": 56.28103844157501
        },
        {
            "Time": "2023-03-15",
            "value": 46.49428339307439
        },
        {
            "Time": "2023-03-16",
            "value": 48.80118857872193
        },
        {
            "Time": "2023-03-17",
            "value": 28.78495247943897
        },
        {
            "Time": "2023-03-18",
            "value": 8.283049437904051
        },
        {
            "Time": "2023-03-19",
            "value": 3.030343121372062
        },
        {
            "Time": "2023-03-20",
            "value": 39.72746724386274
        },
        {
            "Time": "2023-03-21",
            "value": 22.112454903768416
        },
        {
            "Time": "2023-03-22",
            "value": 37.32685914311102
        },
        {
            "Time": "2023-03-23",
            "value": 3.411678615196652
        },
        {
            "Time": "2023-03-24",
            "value": 4.037262357998045
        },
        {
            "Time": "2023-03-25",
            "value": 5.337989562499575
        },
        {
            "Time": "2023-03-26",
            "value": 22.35348500021483
        },
        {
            "Time": "2023-03-27",
            "value": 0.0
        }
    ]
}