{
    "data": [
        {
            "Time": "2023-03-01",
            "value": 134.13333129882812
        },
        {
            "Time": "2023-03-02",
            "value": 135.78623962402344
        },
        {
            "Time": "2023-03-03",
            "value": 138.70603942871094
        },
        {
            "Time": "2023-03-06",
            "value": 139.36917114257812
        },
        {
            "Time": "2023-03-07",
            "value": 137.63710021972656
        },
        {
            "Time": "2023-03-08",
            "value": 138.7753143310547
        },
        {
            "Time": "2023-03-09",
            "value": 136.785888671875
        },
        {
            "Time": "2023-03-10",
            "value": 134.38076782226562
        },
        {
            "Time": "2023-03-13",
            "value": 135.11318969726562
        },
        {
            "Time": "2023-03-14",
            "value": 138.23097229003906
        },
        {
            "Time": "2023-03-15",
            "value": 138.31015014648438
        },
        {
            "Time": "2023-03-16",
            "value": 142.1900177001953
        },
        {
            "Time": "2023-03-17",
            "value": 141.99208068847656
        },
        {
            "Time": "2023-03-20",
            "value": 142.37496948242188
        },
        {
            "Time": "2023-03-21",
            "value": 143.52561950683594
        },
        {
            "Time": "2023-03-22",
            "value": 142.09719848632812
        },
        {
            "Time": "2023-03-23",
            "value": 144.40847778320312
        },
        {
            "Time": "2023-03-24",
            "value": 144.78541564941406
        },
        {
            "Time": "2023-03-27",
            "value": 143.66448974609375
        },
        {
            "Time": "2023-03-28",
            "value": 142.98995971679688
        },
        {
            "Time": "2023-03-29",
            "value": 145.98565673828125
        },
        {
            "Time": "2023-03-30",
            "value": 147.6819305419922
        },
        {
            "Time": "2023-03-31",
            "value": 149.79476928710938
        }
    ]
}