{
    "data": [
        {
            "Time": "2023-03-01",
            "value": 142.16677856445312
        },
        {
            "Time": "2023-03-02",
            "value": 141.6919403076172
        },
        {
            "Time": "2023-03-03",
            "value": 144.73886108398438
        },
        {
            "Time": "2023-03-06",
            "value": 143.6803436279297
        },
        {
            "Time": "2023-03-07",
            "value": 141.7216033935547
        },
        {
            "Time": "2023-03-08",
            "value": 141.4644012451172
        },
        {
            "Time": "2023-03-09",
            "value": 138.09100341796875
        },
        {
            "Time": "2023-03-10",
            "value": 136.7159423828125
        },
        {
            "Time": "2023-03-13",
            "value": 137.00283813476562
        },
        {
            "Time": "2023-03-14",
            "value": 139.32760620117188
        },
        {
            "Time": "2023-03-15",
            "value": 139.11985778808594
        },
        {
            "Time": "2023-03-16",
            "value": 141.632568359375
        },
        {
            "Time": "2023-03-17",
            "value": 139.8222198486328
        },
        {
            "Time": "2023-03-20",
            "value": 140.42750549316406
        },
        {
            "Time": "2023-03-21",
            "value": 144.30731201171875
        },
        {
            "Time": "2023-03-22",
            "value": 141.09234619140625
        },
        {
            "Time": "2023-03-23",
            "value": 140.94349670410156
        },
        {
            "Time": "2023-03-24",
            "value": 140.48704528808594
        },
        {
            "Time": "2023-03-27",
            "value": 140.77481079101562
        },
        {
            "Time": "2023-03-28",
            "value": 140.60610961914062
        },
        {
            "Time": "2023-03-29",
            "value": 143.27536010742188
        },
        {
            "Time": "2023-03-30",
            "value": 144.525634765625
        },
        {
            "Time": "2023-03-31",
            "value": 148.38558959960938
        }
    ]
}