{
    "data": [
        {
            "Time": "2023-03-01",
            "value": 34.80500030517578
        },
        {
            "Time": "2023-03-02",
            "value": 34.63880157470703
        },
        {
            "Time": "2023-03-03",
            "value": 35.18629837036133
        },
        {
            "Time": "2023-03-06",
            "value": 35.21562194824219
        },
        {
            "Time": "2023-03-07",
            "value": 34.306392669677734
        },
        {
            "Time": "2023-03-08",
            "value": 34.179290771484375
        },
        {
            "Time": "2023-03-09",
            "value": 32.7910041809082
        },
        {
            "Time": "2023-03-10",
            "value": 32.19462585449219
        },
        {
            "Time": "2023-03-13",
            "value": 30.92365837097168
        },
        {
            "Time": "2023-03-14",
            "value": 31.54936790466309
        },
        {
            "Time": "2023-03-15",
            "value": 30.708572387695312
        },
        {
            "Time": "2023-03-16",
            "value": 31.295169830322266
        },
        {
            "Time": "2023-03-17",
            "value": 30.28817367553711
        },
        {
            "Time": "2023-03-20",
            "value": 30.62517738342285
        },
        {
            "Time": "2023-03-21",
            "value": 31.401369094848633
        },
        {
            "Time": "2023-03-22",
            "value": 30.67430305480957
        },
        {
            "Time": "2023-03-23",
            "value": 30.467973709106445
        },
        {
            "Time": "2023-03-24",
            "value": 30.44832420349121
        },
        {
            "Time": "2023-03-27",
            "value": 30.87080764770508
        },
        {
            "Time": "2023-03-28",
            "value": 30.86098289489746
        },
        {
            "Time": "2023-03-29",
            "value": 31.312942504882812
        },
        {
            "Time": "2023-03-30",
            "value": 31.244165420532227
        },
        {
            "Time": "2023-03-31",
            "value": 31.588050842285156
        }
    ]
}