{
    "data": [
        {
            "Time": "2023-03-01",
            "value": 99.2939224243164
        },
        {
            "Time": "2023-03-02",
            "value": 100.45954895019533
        },
        {
            "Time": "2023-03-03",
            "value": 101.54681396484376
        },
        {
            "Time": "2023-03-06",
            "value": 101.3607177734375
        },
        {
            "Time": "2023-03-07",
            "value": 100.05794525146484
        },
        {
            "Time": "2023-03-08",
            "value": 100.29303741455078
        },
        {
            "Time": "2023-03-09",
            "value": 98.81396484375
        },
        {
            "Time": "2023-03-10",
            "value": 96.97246551513672
        },
        {
            "Time": "2023-03-13",
            "value": 96.42393493652344
        },
        {
            "Time": "2023-03-14",
            "value": 97.44263458251952
        },
        {
            "Time": "2023-03-15",
            "value": 95.04280853271484
        },
        {
            "Time": "2023-03-16",
            "value": 96.26720428466795
        },
        {
            "Time": "2023-03-17",
            "value": 94.69017791748048
        },
        {
            "Time": "2023-03-20",
            "value": 95.94419860839844
        },
        {
            "Time": "2023-03-21",
            "value": 97.05558776855467
        },
        {
            "Time": "2023-03-22",
            "value": 95.19670867919922
        },
        {
            "Time": "2023-03-23",
            "value": 94.92131805419922
        },
        {
            "Time": "2023-03-24",
            "value": 95.31473541259766
        },
        {
            "Time": "2023-03-27",
            "value": 96.11140441894533
        },
        {
            "Time": "2023-03-28",
            "value": 96.6031723022461
        },
        {
            "Time": "2023-03-29",
            "value": 98.00962829589844
        },
        {
            "Time": "2023-03-30",
            "value": 98.21617126464844
        },
        {
            "Time": "2023-03-31",
            "value": 99.5144500732422
        }
    ]
}