{
    "data": [
        {
            "Time": "2023-03-01",
            "value": 80.46674346923828
        },
        {
            "Time": "2023-03-02",
            "value": 81.3839111328125
        },
        {
            "Time": "2023-03-03",
            "value": 82.54499053955078
        },
        {
            "Time": "2023-03-06",
            "value": 81.20828247070312
        },
        {
            "Time": "2023-03-07",
            "value": 79.60811614990234
        },
        {
            "Time": "2023-03-08",
            "value": 79.99839782714844
        },
        {
            "Time": "2023-03-09",
            "value": 77.93964385986328
        },
        {
            "Time": "2023-03-10",
            "value": 76.28094482421875
        },
        {
            "Time": "2023-03-13",
            "value": 75.50037384033203
        },
        {
            "Time": "2023-03-14",
            "value": 76.46633911132812
        },
        {
            "Time": "2023-03-15",
            "value": 73.988037109375
        },
        {
            "Time": "2023-03-16",
            "value": 74.8368911743164
        },
        {
            "Time": "2023-03-17",
            "value": 73.6758041381836
        },
        {
            "Time": "2023-03-20",
            "value": 75.1917953491211
        },
        {
            "Time": "2023-03-21",
            "value": 76.1031494140625
        },
        {
            "Time": "2023-03-22",
            "value": 74.75080871582031
        },
        {
            "Time": "2023-03-23",
            "value": 74.6626205444336
        },
        {
            "Time": "2023-03-24",
            "value": 75.27018737792969
        },
        {
            "Time": "2023-03-27",
            "value": 75.82875061035156
        },
        {
            "Time": "2023-03-28",
            "value": 76.19134521484375
        },
        {
            "Time": "2023-03-29",
            "value": 77.24969482421875
        },
        {
            "Time": "2023-03-30",
            "value": 77.77886962890625
        },
        {
            "Time": "2023-03-31",
            "value": 79.04301452636719
        }
    ]
}