{
    "data": [
        {
            "Time": "2023-03-01",
            "value": 95.88240051269533
        },
        {
            "Time": "2023-03-02",
            "value": 98.04100799560548
        },
        {
            "Time": "2023-03-03",
            "value": 100.7987060546875
        },
        {
            "Time": "2023-03-06",
            "value": 100.1520767211914
        },
        {
            "Time": "2023-03-07",
            "value": 97.89836883544922
        },
        {
            "Time": "2023-03-08",
            "value": 100.59901428222656
        },
        {
            "Time": "2023-03-09",
            "value": 99.2582015991211
        },
        {
            "Time": "2023-03-10",
            "value": 97.50849151611328
        },
        {
            "Time": "2023-03-13",
            "value": 100.73214721679688
        },
        {
            "Time": "2023-03-14",
            "value": 101.68453216552734
        },
        {
            "Time": "2023-03-15",
            "value": 101.2612533569336
        },
        {
            "Time": "2023-03-16",
            "value": 99.1736831665039
        },
        {
            "Time": "2023-03-17",
            "value": 96.87448120117188
        },
        {
            "Time": "2023-03-20",
            "value": 97.79801940917967
        },
        {
            "Time": "2023-03-21",
            "value": 94.11351776123048
        },
        {
            "Time": "2023-03-22",
            "value": 88.78397369384766
        },
        {
            "Time": "2023-03-23",
            "value": 89.95763397216797
        },
        {
            "Time": "2023-03-24",
            "value": 90.7849578857422
        },
        {
            "Time": "2023-03-27",
            "value": 90.4290008544922
        },
        {
            "Time": "2023-03-28",
            "value": 87.947021484375
        },
        {
            "Time": "2023-03-29",
            "value": 88.8897933959961
        },
        {
            "Time": "2023-03-30",
            "value": 89.91914367675781
        },
        {
            "Time": "2023-03-31",
            "value": 94.57527160644533
        }
    ]
}