{
    "data": [
        {
            "Time": "2023-03-01",
            "value": 116.94352722167967
        },
        {
            "Time": "2023-03-02",
            "value": 120.31290435791016
        },
        {
            "Time": "2023-03-03",
            "value": 122.56238555908205
        },
        {
            "Time": "2023-03-06",
            "value": 122.76512908935548
        },
        {
            "Time": "2023-03-07",
            "value": 119.5405502319336
        },
        {
            "Time": "2023-03-08",
            "value": 120.73770141601562
        },
        {
            "Time": "2023-03-09",
            "value": 117.107666015625
        },
        {
            "Time": "2023-03-10",
            "value": 112.9369659423828
        },
        {
            "Time": "2023-03-13",
            "value": 114.27892303466795
        },
        {
            "Time": "2023-03-14",
            "value": 115.68846130371094
        },
        {
            "Time": "2023-03-15",
            "value": 115.86224365234376
        },
        {
            "Time": "2023-03-16",
            "value": 116.7861099243164
        },
        {
            "Time": "2023-03-17",
            "value": 112.83780670166016
        },
        {
            "Time": "2023-03-20",
            "value": 115.43433380126952
        },
        {
            "Time": "2023-03-21",
            "value": 115.10370635986328
        },
        {
            "Time": "2023-03-22",
            "value": 110.98035430908205
        },
        {
            "Time": "2023-03-23",
            "value": 111.00952911376952
        },
        {
            "Time": "2023-03-24",
            "value": 113.81029510498048
        },
        {
            "Time": "2023-03-27",
            "value": 113.83946228027344
        },
        {
            "Time": "2023-03-28",
            "value": 113.44074249267578
        },
        {
            "Time": "2023-03-29",
            "value": 116.5818862915039
        },
        {
            "Time": "2023-03-30",
            "value": 118.56575012207033
        },
        {
            "Time": "2023-03-31",
            "value": 121.33734130859376
        }
    ]
}