{
    "data": [
        {
            "Time": "2023-03-01",
            "value": 188.4654541015625
        },
        {
            "Time": "2023-03-02",
            "value": 191.0184326171875
        },
        {
            "Time": "2023-03-03",
            "value": 195.8246154785156
        },
        {
            "Time": "2023-03-06",
            "value": 192.0241546630859
        },
        {
            "Time": "2023-03-07",
            "value": 186.02853393554688
        },
        {
            "Time": "2023-03-08",
            "value": 189.3164520263672
        },
        {
            "Time": "2023-03-09",
            "value": 184.8970947265625
        },
        {
            "Time": "2023-03-10",
            "value": 184.9647979736328
        },
        {
            "Time": "2023-03-13",
            "value": 189.8580017089844
        },
        {
            "Time": "2023-03-14",
            "value": 193.24261474609375
        },
        {
            "Time": "2023-03-15",
            "value": 195.65054321289065
        },
        {
            "Time": "2023-03-16",
            "value": 198.29054260253903
        },
        {
            "Time": "2023-03-17",
            "value": 194.7125244140625
        },
        {
            "Time": "2023-03-20",
            "value": 195.2927398681641
        },
        {
            "Time": "2023-03-21",
            "value": 191.6566619873047
        },
        {
            "Time": "2023-03-22",
            "value": 185.78677368164065
        },
        {
            "Time": "2023-03-23",
            "value": 185.3032684326172
        },
        {
            "Time": "2023-03-24",
            "value": 193.03953552246097
        },
        {
            "Time": "2023-03-27",
            "value": 186.78282165527344
        },
        {
            "Time": "2023-03-28",
            "value": 186.51205444335935
        },
        {
            "Time": "2023-03-29",
            "value": 191.94677734375
        },
        {
            "Time": "2023-03-30",
            "value": 194.548095703125
        },
        {
            "Time": "2023-03-31",
            "value": 197.60394287109375
        }
    ]
}