{
    "data": [
        {
            "Time": "2023-03-01",
            "value": 71.02915954589844
        },
        {
            "Time": "2023-03-02",
            "value": 72.25362396240234
        },
        {
            "Time": "2023-03-03",
            "value": 73.18655395507812
        },
        {
            "Time": "2023-03-06",
            "value": 73.0699462890625
        },
        {
            "Time": "2023-03-07",
            "value": 71.88434600830078
        },
        {
            "Time": "2023-03-08",
            "value": 72.61319732666016
        },
        {
            "Time": "2023-03-09",
            "value": 70.40719604492188
        },
        {
            "Time": "2023-03-10",
            "value": 65.91747283935547
        },
        {
            "Time": "2023-03-13",
            "value": 67.25856018066406
        },
        {
            "Time": "2023-03-14",
            "value": 69.54228973388672
        },
        {
            "Time": "2023-03-15",
            "value": 69.24103546142578
        },
        {
            "Time": "2023-03-16",
            "value": 68.85232543945312
        },
        {
            "Time": "2023-03-17",
            "value": 66.8115234375
        },
        {
            "Time": "2023-03-20",
            "value": 67.1808090209961
        },
        {
            "Time": "2023-03-21",
            "value": 67.43347930908203
        },
        {
            "Time": "2023-03-22",
            "value": 64.30426788330078
        },
        {
            "Time": "2023-03-23",
            "value": 63.90583419799805
        },
        {
            "Time": "2023-03-24",
            "value": 65.57733917236328
        },
        {
            "Time": "2023-03-27",
            "value": 65.96604919433594
        },
        {
            "Time": "2023-03-28",
            "value": 66.8309555053711
        },
        {
            "Time": "2023-03-29",
            "value": 67.9874038696289
        },
        {
            "Time": "2023-03-30",
            "value": 68.94949340820312
        },
        {
            "Time": "2023-03-31",
            "value": 69.66863250732422
        }
    ]
}