{
    "data": [
        {
            "Time": "2023-03-01",
            "value": 112.44869232177734
        },
        {
            "Time": "2023-03-02",
            "value": 113.93255615234376
        },
        {
            "Time": "2023-03-03",
            "value": 115.07327270507812
        },
        {
            "Time": "2023-03-06",
            "value": 114.8599624633789
        },
        {
            "Time": "2023-03-07",
            "value": 111.85515594482422
        },
        {
            "Time": "2023-03-08",
            "value": 113.3111801147461
        },
        {
            "Time": "2023-03-09",
            "value": 110.41204833984376
        },
        {
            "Time": "2023-03-10",
            "value": 104.95263671875
        },
        {
            "Time": "2023-03-13",
            "value": 104.87732696533205
        },
        {
            "Time": "2023-03-14",
            "value": 105.61151885986328
        },
        {
            "Time": "2023-03-15",
            "value": 103.24891662597656
        },
        {
            "Time": "2023-03-16",
            "value": 102.78768157958984
        },
        {
            "Time": "2023-03-17",
            "value": 98.18482208251952
        },
        {
            "Time": "2023-03-20",
            "value": 100.82982635498048
        },
        {
            "Time": "2023-03-21",
            "value": 102.71238708496094
        },
        {
            "Time": "2023-03-22",
            "value": 98.18482208251952
        },
        {
            "Time": "2023-03-23",
            "value": 96.3681640625
        },
        {
            "Time": "2023-03-24",
            "value": 97.40357208251952
        },
        {
            "Time": "2023-03-27",
            "value": 97.23413848876952
        },
        {
            "Time": "2023-03-28",
            "value": 98.0342254638672
        },
        {
            "Time": "2023-03-29",
            "value": 100.3309555053711
        },
        {
            "Time": "2023-03-30",
            "value": 101.24398040771484
        },
        {
            "Time": "2023-03-31",
            "value": 105.39503479003906
        }
    ]
}