{
    "data": [
        {
            "Time": "2023-03-01",
            "value": 70.02999877929688
        },
        {
            "Time": "2023-03-02",
            "value": 71.22000122070312
        },
        {
            "Time": "2023-03-03",
            "value": 72.41000366210938
        },
        {
            "Time": "2023-03-06",
            "value": 71.87000274658203
        },
        {
            "Time": "2023-03-07",
            "value": 70.63999938964844
        },
        {
            "Time": "2023-03-08",
            "value": 70.36000061035156
        },
        {
            "Time": "2023-03-09",
            "value": 68.87000274658203
        },
        {
            "Time": "2023-03-10",
            "value": 67.08000183105469
        },
        {
            "Time": "2023-03-13",
            "value": 66.83999633789062
        },
        {
            "Time": "2023-03-14",
            "value": 67.62000274658203
        },
        {
            "Time": "2023-03-15",
            "value": 67.3499984741211
        },
        {
            "Time": "2023-03-16",
            "value": 67.75
        },
        {
            "Time": "2023-03-17",
            "value": 66.93000030517578
        },
        {
            "Time": "2023-03-20",
            "value": 66.76000213623047
        },
        {
            "Time": "2023-03-21",
            "value": 67.86000061035156
        },
        {
            "Time": "2023-03-22",
            "value": 65.98999786376953
        },
        {
            "Time": "2023-03-23",
            "value": 65.8499984741211
        },
        {
            "Time": "2023-03-24",
            "value": 67.13999938964844
        },
        {
            "Time": "2023-03-27",
            "value": 67.87999725341797
        },
        {
            "Time": "2023-03-28",
            "value": 67.4000015258789
        },
        {
            "Time": "2023-03-29",
            "value": 68.20999908447266
        },
        {
            "Time": "2023-03-30",
            "value": 68.1500015258789
        },
        {
            "Time": "2023-03-31",
            "value": 68.8499984741211
        }
    ]
}