{"data": [{"Time": "1998-01-01", "value": 659.0}, {"Time": "1998-04-01", "value": 450.0}, {"Time": "1998-07-01", "value": 593.0}, {"Time": "1998-10-01", "value": 524.0}, {"Time": "1999-01-01", "value": 548.0}, {"Time": "1999-04-01", "value": 569.0}, {"Time": "1999-07-01", "value": 538.0}, {"Time": "1999-10-01", "value": 562.0}, {"Time": "2000-01-01", "value": 646.0}, {"Time": "2000-04-01", "value": 563.0}, {"Time": "2000-07-01", "value": 556.0}, {"Time": "2000-10-01", "value": 652.0}, {"Time": "2001-01-01", "value": 570.0}, {"Time": "2001-04-01", "value": 532.0}, {"Time": "2001-07-01", "value": 567.0}, {"Time": "2001-10-01", "value": 595.0}, {"Time": "2002-01-01", "value": 647.0}, {"Time": "2002-04-01", "value": 552.0}, {"Time": "2002-07-01", "value": 572.0}, {"Time": "2002-10-01", "value": 504.0}, {"Time": "2003-01-01", "value": 556.0}, {"Time": "2003-04-01", "value": 524.0}, {"Time": "2003-07-01", "value": 601.0}, {"Time": "2003-10-01", "value": 522.0}, {"Time": "2004-01-01", "value": 633.0}, {"Time": "2004-04-01", "value": 635.0}, {"Time": "2004-07-01", "value": 598.0}, {"Time": "2004-10-01", "value": 571.0}, {"Time": "2005-01-01", "value": 581.0}, {"Time": "2005-04-01", "value": 419.0}, {"Time": "2005-07-01", "value": 525.0}, {"Time": "2005-10-01", "value": 509.0}, {"Time": "2006-01-01", "value": 588.0}, {"Time": "2006-04-01", "value": 589.0}, {"Time": "2006-07-01", "value": 514.0}, {"Time": "2006-10-01", "value": 534.0}, {"Time": "2007-01-01", "value": 607.0}, {"Time": "2007-04-01", "value": 620.0}, {"Time": "2007-07-01", "value": 525.0}, {"Time": "2007-10-01", "value": 565.0}, {"Time": "2008-01-01", "value": 596.0}, {"Time": "2008-04-01", "value": 524.0}, {"Time": "2008-07-01", "value": 507.0}, {"Time": "2008-10-01", "value": 576.0}, {"Time": "2009-01-01", "value": 508.0}, {"Time": "2009-04-01", "value": 523.0}, {"Time": "2009-07-01", "value": 543.0}, {"Time": "2009-10-01", "value": 600.0}, {"Time": "2010-01-01", "value": 480.0}, {"Time": "2010-04-01", "value": 563.0}, {"Time": "2010-07-01", "value": 418.0}, {"Time": "2010-10-01", "value": 545.0}, {"Time": "2011-01-01", "value": 564.0}, {"Time": "2011-04-01", "value": 565.0}, {"Time": "2011-07-01", "value": 457.0}, {"Time": "2011-10-01", "value": 579.0}, {"Time": "2012-01-01", "value": 532.0}, {"Time": "2012-04-01", "value": 534.0}, {"Time": "2012-07-01", "value": 540.0}, {"Time": "2012-10-01", "value": 611.0}, {"Time": "2013-01-01", "value": 503.0}, {"Time": "2013-04-01", "value": 494.0}, {"Time": "2013-07-01", "value": 588.0}, {"Time": "2013-10-01", "value": 543.0}, {"Time": "2014-01-01", "value": 602.0}, {"Time": "2014-04-01", "value": 637.0}, {"Time": "2014-07-01", "value": 505.0}, {"Time": "2014-10-01", "value": 596.0}, {"Time": "2015-01-01", "value": 632.0}, {"Time": "2015-04-01", "value": 579.0}, {"Time": "2015-07-01", "value": 548.0}, {"Time": "2015-10-01", "value": 662.0}, {"Time": "2016-01-01", "value": 709.0}, {"Time": "2016-04-01", "value": 667.0}, {"Time": "2016-07-01", "value": 636.0}, {"Time": "2016-10-01", "value": 634.0}]}