{"data": [{"Time": "1998-01-01", "value": 112.0}, {"Time": "1998-04-01", "value": 122.0}, {"Time": "1998-07-01", "value": 103.0}, {"Time": "1998-10-01", "value": 133.0}, {"Time": "1999-01-01", "value": 100.0}, {"Time": "1999-04-01", "value": 129.0}, {"Time": "1999-07-01", "value": 134.0}, {"Time": "1999-10-01", "value": 109.0}, {"Time": "2000-01-01", "value": 143.0}, {"Time": "2000-04-01", "value": 96.0}, {"Time": "2000-07-01", "value": 244.0}, {"Time": "2000-10-01", "value": 128.0}, {"Time": "2001-01-01", "value": 86.0}, {"Time": "2001-04-01", "value": 124.0}, {"Time": "2001-07-01", "value": 146.0}, {"Time": "2001-10-01", "value": 142.0}, {"Time": "2002-01-01", "value": 66.0}, {"Time": "2002-04-01", "value": 123.0}, {"Time": "2002-07-01", "value": 165.0}, {"Time": "2002-10-01", "value": 154.0}, {"Time": "2003-01-01", "value": 88.0}, {"Time": "2003-04-01", "value": 164.0}, {"Time": "2003-07-01", "value": 167.0}, {"Time": "2003-10-01", "value": 160.0}, {"Time": "2004-01-01", "value": 133.0}, {"Time": "2004-04-01", "value": 132.0}, {"Time": "2004-07-01", "value": 122.0}, {"Time": "2004-10-01", "value": 110.0}, {"Time": "2005-01-01", "value": 90.0}, {"Time": "2005-04-01", "value": 144.0}, {"Time": "2005-07-01", "value": 130.0}, {"Time": "2005-10-01", "value": 124.0}, {"Time": "2006-01-01", "value": 93.0}, {"Time": "2006-04-01", "value": 146.0}, {"Time": "2006-07-01", "value": 131.0}, {"Time": "2006-10-01", "value": 100.0}, {"Time": "2007-01-01", "value": 79.0}, {"Time": "2007-04-01", "value": 142.0}, {"Time": "2007-07-01", "value": 153.0}, {"Time": "2007-10-01", "value": 157.0}, {"Time": "2008-01-01", "value": 84.0}, {"Time": "2008-04-01", "value": 120.0}, {"Time": "2008-07-01", "value": 132.0}, {"Time": "2008-10-01", "value": 146.0}, {"Time": "2009-01-01", "value": 66.0}, {"Time": "2009-04-01", "value": 126.0}, {"Time": "2009-07-01", "value": 170.0}, {"Time": "2009-10-01", "value": 111.0}, {"Time": "2010-01-01", "value": 70.0}, {"Time": "2010-04-01", "value": 105.0}, {"Time": "2010-07-01", "value": 162.0}, {"Time": "2010-10-01", "value": 127.0}, {"Time": "2011-01-01", "value": 84.0}, {"Time": "2011-04-01", "value": 158.0}, {"Time": "2011-07-01", "value": 151.0}, {"Time": "2011-10-01", "value": 134.0}, {"Time": "2012-01-01", "value": 106.0}, {"Time": "2012-04-01", "value": 118.0}, {"Time": "2012-07-01", "value": 115.0}, {"Time": "2012-10-01", "value": 128.0}, {"Time": "2013-01-01", "value": 67.0}, {"Time": "2013-04-01", "value": 140.0}, {"Time": "2013-07-01", "value": 106.0}, {"Time": "2013-10-01", "value": 80.0}, {"Time": "2014-01-01", "value": 90.0}, {"Time": "2014-04-01", "value": 123.0}, {"Time": "2014-07-01", "value": 126.0}, {"Time": "2014-10-01", "value": 111.0}, {"Time": "2015-01-01", "value": 117.0}, {"Time": "2015-04-01", "value": 135.0}, {"Time": "2015-07-01", "value": 137.0}, {"Time": "2015-10-01", "value": 163.0}, {"Time": "2016-01-01", "value": 111.0}, {"Time": "2016-04-01", "value": 188.0}, {"Time": "2016-07-01", "value": 164.0}, {"Time": "2016-10-01", "value": 164.0}]}