{"data": [{"Time": "1998-01-01", "value": 213.0}, {"Time": "1998-04-01", "value": 186.0}, {"Time": "1998-07-01", "value": 86.0}, {"Time": "1998-10-01", "value": 139.0}, {"Time": "1999-01-01", "value": 222.0}, {"Time": "1999-04-01", "value": 206.0}, {"Time": "1999-07-01", "value": 154.0}, {"Time": "1999-10-01", "value": 173.0}, {"Time": "2000-01-01", "value": 195.0}, {"Time": "2000-04-01", "value": 119.0}, {"Time": "2000-07-01", "value": 105.0}, {"Time": "2000-10-01", "value": 159.0}, {"Time": "2001-01-01", "value": 221.0}, {"Time": "2001-04-01", "value": 107.0}, {"Time": "2001-07-01", "value": 106.0}, {"Time": "2001-10-01", "value": 154.0}, {"Time": "2002-01-01", "value": 217.0}, {"Time": "2002-04-01", "value": 154.0}, {"Time": "2002-07-01", "value": 115.0}, {"Time": "2002-10-01", "value": 165.0}, {"Time": "2003-01-01", "value": 192.0}, {"Time": "2003-04-01", "value": 108.0}, {"Time": "2003-07-01", "value": 93.0}, {"Time": "2003-10-01", "value": 152.0}, {"Time": "2004-01-01", "value": 177.0}, {"Time": "2004-04-01", "value": 145.0}, {"Time": "2004-07-01", "value": 108.0}, {"Time": "2004-10-01", "value": 126.0}, {"Time": "2005-01-01", "value": 186.0}, {"Time": "2005-04-01", "value": 125.0}, {"Time": "2005-07-01", "value": 102.0}, {"Time": "2005-10-01", "value": 146.0}, {"Time": "2006-01-01", "value": 225.0}, {"Time": "2006-04-01", "value": 144.0}, {"Time": "2006-07-01", "value": 102.0}, {"Time": "2006-10-01", "value": 151.0}, {"Time": "2007-01-01", "value": 234.0}, {"Time": "2007-04-01", "value": 145.0}, {"Time": "2007-07-01", "value": 118.0}, {"Time": "2007-10-01", "value": 146.0}, {"Time": "2008-01-01", "value": 236.0}, {"Time": "2008-04-01", "value": 132.0}, {"Time": "2008-07-01", "value": 107.0}, {"Time": "2008-10-01", "value": 138.0}, {"Time": "2009-01-01", "value": 150.0}, {"Time": "2009-04-01", "value": 126.0}, {"Time": "2009-07-01", "value": 79.0}, {"Time": "2009-10-01", "value": 156.0}, {"Time": "2010-01-01", "value": 179.0}, {"Time": "2010-04-01", "value": 146.0}, {"Time": "2010-07-01", "value": 100.0}, {"Time": "2010-10-01", "value": 129.0}, {"Time": "2011-01-01", "value": 260.0}, {"Time": "2011-04-01", "value": 156.0}, {"Time": "2011-07-01", "value": 122.0}, {"Time": "2011-10-01", "value": 129.0}, {"Time": "2012-01-01", "value": 244.0}, {"Time": "2012-04-01", "value": 146.0}, {"Time": "2012-07-01", "value": 97.0}, {"Time": "2012-10-01", "value": 145.0}, {"Time": "2013-01-01", "value": 272.0}, {"Time": "2013-04-01", "value": 147.0}, {"Time": "2013-07-01", "value": 115.0}, {"Time": "2013-10-01", "value": 146.0}, {"Time": "2014-01-01", "value": 205.0}, {"Time": "2014-04-01", "value": 154.0}, {"Time": "2014-07-01", "value": 82.0}, {"Time": "2014-10-01", "value": 162.0}, {"Time": "2015-01-01", "value": 276.0}, {"Time": "2015-04-01", "value": 144.0}, {"Time": "2015-07-01", "value": 123.0}, {"Time": "2015-10-01", "value": 203.0}, {"Time": "2016-01-01", "value": 226.0}, {"Time": "2016-04-01", "value": 158.0}, {"Time": "2016-07-01", "value": 124.0}, {"Time": "2016-10-01", "value": 230.0}]}