{
    "data": [
        {
            "Time": "2023-03-01",
            "value": 281.2352600097656
        },
        {
            "Time": "2023-03-02",
            "value": 283.3919982910156
        },
        {
            "Time": "2023-03-03",
            "value": 288.6435546875
        },
        {
            "Time": "2023-03-06",
            "value": 288.41143798828125
        },
        {
            "Time": "2023-03-07",
            "value": 281.148193359375
        },
        {
            "Time": "2023-03-08",
            "value": 283.9537353515625
        },
        {
            "Time": "2023-03-09",
            "value": 280.5539855957031
        },
        {
            "Time": "2023-03-10",
            "value": 278.9076232910156
        },
        {
            "Time": "2023-03-13",
            "value": 279.1122131347656
        },
        {
            "Time": "2023-03-14",
            "value": 278.1867980957031
        },
        {
            "Time": "2023-03-15",
            "value": 280.5247802734375
        },
        {
            "Time": "2023-03-16",
            "value": 279.3168029785156
        },
        {
            "Time": "2023-03-17",
            "value": 280.93389892578125
        },
        {
            "Time": "2023-03-20",
            "value": 281.7813720703125
        },
        {
            "Time": "2023-03-21",
            "value": 281.947021484375
        },
        {
            "Time": "2023-03-22",
            "value": 275.30328369140625
        },
        {
            "Time": "2023-03-23",
            "value": 276.5697326660156
        },
        {
            "Time": "2023-03-24",
            "value": 275.7027587890625
        },
        {
            "Time": "2023-03-27",
            "value": 273.99798583984375
        },
        {
            "Time": "2023-03-28",
            "value": 273.5596008300781
        },
        {
            "Time": "2023-03-29",
            "value": 276.0339050292969
        },
        {
            "Time": "2023-03-30",
            "value": 277.98223876953125
        },
        {
            "Time": "2023-03-31",
            "value": 287.4898986816406
        }
    ]
}