{
    "data": [
        {
            "Time": "2023-03-01",
            "value": 190.35350036621097
        },
        {
            "Time": "2023-03-02",
            "value": 191.12742614746097
        },
        {
            "Time": "2023-03-03",
            "value": 195.6631317138672
        },
        {
            "Time": "2023-03-06",
            "value": 197.46568298339844
        },
        {
            "Time": "2023-03-07",
            "value": 193.3903961181641
        },
        {
            "Time": "2023-03-08",
            "value": 197.04443359375
        },
        {
            "Time": "2023-03-09",
            "value": 194.99700927734375
        },
        {
            "Time": "2023-03-10",
            "value": 192.65565490722656
        },
        {
            "Time": "2023-03-13",
            "value": 193.5275421142578
        },
        {
            "Time": "2023-03-14",
            "value": 192.8221893310547
        },
        {
            "Time": "2023-03-15",
            "value": 194.54635620117188
        },
        {
            "Time": "2023-03-16",
            "value": 195.60438537597656
        },
        {
            "Time": "2023-03-17",
            "value": 193.3414001464844
        },
        {
            "Time": "2023-03-20",
            "value": 192.7830047607422
        },
        {
            "Time": "2023-03-21",
            "value": 192.7830047607422
        },
        {
            "Time": "2023-03-22",
            "value": 187.6693115234375
        },
        {
            "Time": "2023-03-23",
            "value": 185.82757568359375
        },
        {
            "Time": "2023-03-24",
            "value": 185.6022796630859
        },
        {
            "Time": "2023-03-27",
            "value": 186.6504821777344
        },
        {
            "Time": "2023-03-28",
            "value": 186.27821350097656
        },
        {
            "Time": "2023-03-29",
            "value": 188.03176879882812
        },
        {
            "Time": "2023-03-30",
            "value": 188.72732543945312
        },
        {
            "Time": "2023-03-31",
            "value": 195.89825439453125
        }
    ]
}