{
    "data": [
        {
            "Time": "2023-03-01",
            "value": 256.92529296875
        },
        {
            "Time": "2023-03-02",
            "value": 261.6683044433594
        },
        {
            "Time": "2023-03-03",
            "value": 263.13525390625
        },
        {
            "Time": "2023-03-06",
            "value": 264.67059326171875
        },
        {
            "Time": "2023-03-07",
            "value": 261.2380065917969
        },
        {
            "Time": "2023-03-08",
            "value": 259.47772216796875
        },
        {
            "Time": "2023-03-09",
            "value": 255.8593292236328
        },
        {
            "Time": "2023-03-10",
            "value": 256.2505187988281
        },
        {
            "Time": "2023-03-13",
            "value": 257.27734375
        },
        {
            "Time": "2023-03-14",
            "value": 260.03515625
        },
        {
            "Time": "2023-03-15",
            "value": 260.4654235839844
        },
        {
            "Time": "2023-03-16",
            "value": 264.60211181640625
        },
        {
            "Time": "2023-03-17",
            "value": 261.3064880371094
        },
        {
            "Time": "2023-03-20",
            "value": 264.7684020996094
        },
        {
            "Time": "2023-03-21",
            "value": 264.25006103515625
        },
        {
            "Time": "2023-03-22",
            "value": 261.9617004394531
        },
        {
            "Time": "2023-03-23",
            "value": 263.673095703125
        },
        {
            "Time": "2023-03-24",
            "value": 265.3453674316406
        },
        {
            "Time": "2023-03-27",
            "value": 267.79998779296875
        },
        {
            "Time": "2023-03-28",
            "value": 269.7657165527344
        },
        {
            "Time": "2023-03-29",
            "value": 271.32061767578125
        },
        {
            "Time": "2023-03-30",
            "value": 271.66290283203125
        },
        {
            "Time": "2023-03-31",
            "value": 273.4427185058594
        }
    ]
}