{
    "data": [
        {
            "Time": "2023-03-01",
            "value": 99.24635314941406
        },
        {
            "Time": "2023-03-02",
            "value": 100.79234313964844
        },
        {
            "Time": "2023-03-03",
            "value": 102.29918670654295
        },
        {
            "Time": "2023-03-06",
            "value": 102.72970581054688
        },
        {
            "Time": "2023-03-07",
            "value": 101.11522674560548
        },
        {
            "Time": "2023-03-08",
            "value": 100.29331970214844
        },
        {
            "Time": "2023-03-09",
            "value": 98.14067840576172
        },
        {
            "Time": "2023-03-10",
            "value": 97.240478515625
        },
        {
            "Time": "2023-03-13",
            "value": 96.94693756103516
        },
        {
            "Time": "2023-03-14",
            "value": 97.31876373291016
        },
        {
            "Time": "2023-03-15",
            "value": 97.20134735107422
        },
        {
            "Time": "2023-03-16",
            "value": 98.26788330078124
        },
        {
            "Time": "2023-03-17",
            "value": 96.57511901855467
        },
        {
            "Time": "2023-03-20",
            "value": 97.70036315917967
        },
        {
            "Time": "2023-03-21",
            "value": 98.3755111694336
        },
        {
            "Time": "2023-03-22",
            "value": 96.98609161376952
        },
        {
            "Time": "2023-03-23",
            "value": 96.30115509033205
        },
        {
            "Time": "2023-03-24",
            "value": 96.22286987304688
        },
        {
            "Time": "2023-03-27",
            "value": 96.53599548339844
        },
        {
            "Time": "2023-03-28",
            "value": 96.59469604492188
        },
        {
            "Time": "2023-03-29",
            "value": 98.45378875732422
        },
        {
            "Time": "2023-03-30",
            "value": 99.1387176513672
        },
        {
            "Time": "2023-03-31",
            "value": 101.8882293701172
        }
    ]
}