{
    "data": [
        {
            "Time": "2023-03-01",
            "value": 75.7020492553711
        },
        {
            "Time": "2023-03-02",
            "value": 75.55431365966797
        },
        {
            "Time": "2023-03-03",
            "value": 76.73623657226562
        },
        {
            "Time": "2023-03-06",
            "value": 77.07111358642578
        },
        {
            "Time": "2023-03-07",
            "value": 75.82025146484375
        },
        {
            "Time": "2023-03-08",
            "value": 76.0172348022461
        },
        {
            "Time": "2023-03-09",
            "value": 73.84053039550781
        },
        {
            "Time": "2023-03-10",
            "value": 73.18062591552734
        },
        {
            "Time": "2023-03-13",
            "value": 72.43207550048828
        },
        {
            "Time": "2023-03-14",
            "value": 73.63369750976562
        },
        {
            "Time": "2023-03-15",
            "value": 73.04273223876953
        },
        {
            "Time": "2023-03-16",
            "value": 73.4760971069336
        },
        {
            "Time": "2023-03-17",
            "value": 73.35791015625
        },
        {
            "Time": "2023-03-20",
            "value": 74.26405334472656
        },
        {
            "Time": "2023-03-21",
            "value": 75.20958709716797
        },
        {
            "Time": "2023-03-22",
            "value": 73.99812316894531
        },
        {
            "Time": "2023-03-23",
            "value": 73.50564575195312
        },
        {
            "Time": "2023-03-24",
            "value": 73.7420425415039
        },
        {
            "Time": "2023-03-27",
            "value": 74.24434661865234
        },
        {
            "Time": "2023-03-28",
            "value": 75.06184387207031
        },
        {
            "Time": "2023-03-29",
            "value": 75.396728515625
        },
        {
            "Time": "2023-03-30",
            "value": 75.75130462646484
        },
        {
            "Time": "2023-03-31",
            "value": 77.17945098876953
        }
    ]
}