{
    "data": [
        {
            "Time": "2022-11-27",
            "value": 0.16010312178596703
        },
        {
            "Time": "2022-11-28",
            "value": 0.49396523826575633
        },
        {
            "Time": "2022-11-29",
            "value": 0.5182014588298145
        },
        {
            "Time": "2022-11-30",
            "value": 0.22912017910864138
        },
        {
            "Time": "2022-12-01",
            "value": 0.27360376722944063
        },
        {
            "Time": "2022-12-02",
            "value": 0.300008302362258
        },
        {
            "Time": "2022-12-03",
            "value": 0.49635710761089363
        },
        {
            "Time": "2022-12-04",
            "value": 0.37869216986180165
        },
        {
            "Time": "2022-12-05",
            "value": 0.31490212412943863
        },
        {
            "Time": "2022-12-06",
            "value": 0.48070274267259716
        },
        {
            "Time": "2022-12-07",
            "value": 0.11920432007097631
        },
        {
            "Time": "2022-12-08",
            "value": 0.5892998411290907
        },
        {
            "Time": "2022-12-09",
            "value": 0.5410093163103904
        },
        {
            "Time": "2022-12-10",
            "value": 0.5726774267461631
        },
        {
            "Time": "2022-12-11",
            "value": 0.28959742550350837
        },
        {
            "Time": "2022-12-12",
            "value": 0.48870481215474654
        },
        {
            "Time": "2022-12-13",
            "value": 0.5532328424241139
        },
        {
            "Time": "2022-12-14",
            "value": 0.4886115165349656
        },
        {
            "Time": "2022-12-15",
            "value": 0.370973082796372
        },
        {
            "Time": "2022-12-16",
            "value": 0.22911351003953054
        },
        {
            "Time": "2022-12-17",
            "value": 0.29519143931843916
        },
        {
            "Time": "2022-12-18",
            "value": 0.8429020613040659
        },
        {
            "Time": "2022-12-19",
            "value": 0.5744784467274168
        },
        {
            "Time": "2022-12-20",
            "value": 0.5460484320319625
        },
        {
            "Time": "2022-12-21",
            "value": 0.2300977718960097
        },
        {
            "Time": "2022-12-22",
            "value": 0.3958124503887489
        },
        {
            "Time": "2022-12-23",
            "value": 0.39595599232490736
        },
        {
            "Time": "2022-12-24",
            "value": 0.8350398662470002
        },
        {
            "Time": "2022-12-25",
            "value": 0.8362799600578483
        },
        {
            "Time": "2022-12-26",
            "value": 0.40989145622275486
        },
        {
            "Time": "2022-12-27",
            "value": 0.5523071110193969
        },
        {
            "Time": "2022-12-28",
            "value": 0.361429397254048
        },
        {
            "Time": "2022-12-29",
            "value": 0.21148553271264237
        },
        {
            "Time": "2022-12-30",
            "value": 0.3295141793850318
        },
        {
            "Time": "2022-12-31",
            "value": 0.6627925715447137
        },
        {
            "Time": "2023-01-01",
            "value": 0.5455568280345413
        },
        {
            "Time": "2023-01-02",
            "value": 0.2775765397659414
        },
        {
            "Time": "2023-01-03",
            "value": 0.3205872688152404
        },
        {
            "Time": "2023-01-04",
            "value": 0.3303436843403211
        },
        {
            "Time": "2023-01-05",
            "value": 0.42688452798207466
        },
        {
            "Time": "2023-01-06",
            "value": 0.5356579684379721
        },
        {
            "Time": "2023-01-07",
            "value": 0.5300451215173829
        },
        {
            "Time": "2023-01-08",
            "value": 0.5507281939537106
        },
        {
            "Time": "2023-01-09",
            "value": 0.36352078000499655
        },
        {
            "Time": "2023-01-10",
            "value": 0.40054361167084396
        },
        {
            "Time": "2023-01-11",
            "value": 0.5618147526490028
        },
        {
            "Time": "2023-01-12",
            "value": 0.7865740413332796
        },
        {
            "Time": "2023-01-13",
            "value": 0.26273367595030644
        },
        {
            "Time": "2023-01-14",
            "value": 0.8180693528093725
        },
        {
            "Time": "2023-01-15",
            "value": 0.30033310824681086
        },
        {
            "Time": "2023-01-16",
            "value": 0.8278581434977941
        },
        {
            "Time": "2023-01-17",
            "value": 0.35350143807921636
        },
        {
            "Time": "2023-01-18",
            "value": 0.8338068979389484
        },
        {
            "Time": "2023-01-19",
            "value": 0.8372123997351014
        },
        {
            "Time": "2023-01-20",
            "value": 0.6047048793634704
        },
        {
            "Time": "2023-01-21",
            "value": 0.21669391785578276
        },
        {
            "Time": "2023-01-22",
            "value": 0.8171874857037319
        },
        {
            "Time": "2023-01-23",
            "value": 0.19818449260775253
        },
        {
            "Time": "2023-01-24",
            "value": 0.6713522689879275
        },
        {
            "Time": "2023-01-25",
            "value": 0.9583088923990395
        },
        {
            "Time": "2023-01-26",
            "value": 0.8381318348144157
        },
        {
            "Time": "2023-01-27",
            "value": 0.9950835080962512
        },
        {
            "Time": "2023-01-28",
            "value": 1.0312128388200663
        },
        {
            "Time": "2023-01-29",
            "value": 1.1862627321787214
        },
        {
            "Time": "2023-01-30",
            "value": 1.3002876555397818
        },
        {
            "Time": "2023-01-31",
            "value": 1.2226281314486835
        },
        {
            "Time": "2023-02-01",
            "value": 0.3718708576783137
        },
        {
            "Time": "2023-02-02",
            "value": 0.5912826408806661
        },
        {
            "Time": "2023-02-03",
            "value": 0.42523620448986693
        },
        {
            "Time": "2023-02-04",
            "value": 0.13951269077502934
        },
        {
            "Time": "2023-02-05",
            "value": 0.29972924147609953
        },
        {
            "Time": "2023-02-06",
            "value": 1.0409780833124744
        },
        {
            "Time": "2023-02-07",
            "value": 0.3001962542201305
        },
        {
            "Time": "2023-02-08",
            "value": 0.1644477464702916
        },
        {
            "Time": "2023-02-09",
            "value": 0.3596163857168075
        },
        {
            "Time": "2023-02-10",
            "value": 0.21387260094129038
        },
        {
            "Time": "2023-02-11",
            "value": 0.5740249015267782
        },
        {
            "Time": "2023-02-12",
            "value": 0.7347926961871554
        },
        {
            "Time": "2023-02-13",
            "value": 0.35287872692780164
        },
        {
            "Time": "2023-02-14",
            "value": 0.6808011573313671
        },
        {
            "Time": "2023-02-15",
            "value": 1.4097111099909996
        },
        {
            "Time": "2023-02-16",
            "value": 1.8351709219354895
        },
        {
            "Time": "2023-02-17",
            "value": 1.3018261702100284
        },
        {
            "Time": "2023-02-18",
            "value": 1.5923179300410637
        },
        {
            "Time": "2023-02-19",
            "value": 0.6237189081522547
        },
        {
            "Time": "2023-02-20",
            "value": 1.1329917305968606
        },
        {
            "Time": "2023-02-21",
            "value": 2.182124601560554
        },
        {
            "Time": "2023-02-22",
            "value": 1.7073575907581424
        },
        {
            "Time": "2023-02-23",
            "value": 1.7152422369686575
        },
        {
            "Time": "2023-02-24",
            "value": 0.8746558503013963
        },
        {
            "Time": "2023-02-25",
            "value": 2.087605764331771
        },
        {
            "Time": "2023-02-26",
            "value": 2.4142988045907035
        },
        {
            "Time": "2023-02-27",
            "value": 1.9246868612035166
        },
        {
            "Time": "2023-02-28",
            "value": 1.229764993749051
        },
        {
            "Time": "2023-03-01",
            "value": 1.2594396792969647
        },
        {
            "Time": "2023-03-02",
            "value": 1.4237722727411972
        },
        {
            "Time": "2023-03-03",
            "value": 2.2524052043180327
        },
        {
            "Time": "2023-03-04",
            "value": 2.482358023386953
        },
        {
            "Time": "2023-03-05",
            "value": 2.4786782140464205
        },
        {
            "Time": "2023-03-06",
            "value": 2.6018475000303947
        },
        {
            "Time": "2023-03-07",
            "value": 2.6004269519274685
        },
        {
            "Time": "2023-03-08",
            "value": 2.51651534295015
        },
        {
            "Time": "2023-03-09",
            "value": 1.7541614856704226
        },
        {
            "Time": "2023-03-10",
            "value": 2.7248344384322456
        },
        {
            "Time": "2023-03-11",
            "value": 2.401901193366062
        },
        {
            "Time": "2023-03-12",
            "value": 0.5136354154487591
        },
        {
            "Time": "2023-03-13",
            "value": 2.1876731123537727
        },
        {
            "Time": "2023-03-14",
            "value": 2.851738822320767
        },
        {
            "Time": "2023-03-15",
            "value": 2.290921146702545
        },
        {
            "Time": "2023-03-16",
            "value": 2.3264291330327747
        },
        {
            "Time": "2023-03-17",
            "value": 1.4486236804843924
        },
        {
            "Time": "2023-03-18",
            "value": 0.34077747070602116
        },
        {
            "Time": "2023-03-19",
            "value": 0.12654695680986772
        },
        {
            "Time": "2023-03-20",
            "value": 1.8659354501535337
        },
        {
            "Time": "2023-03-21",
            "value": 1.039154419555839
        },
        {
            "Time": "2023-03-22",
            "value": 1.8175529782992874
        },
        {
            "Time": "2023-03-23",
            "value": 0.19388528930424864
        },
        {
            "Time": "2023-03-24",
            "value": 0.18472089180595153
        },
        {
            "Time": "2023-03-25",
            "value": 0.25857076716732375
        },
        {
            "Time": "2023-03-26",
            "value": 0.984640117164049
        },
        {
            "Time": "2023-03-27",
            "value": 0.0
        }
    ]
}