{
    "data": [
        {
            "Time": "2022-11-27",
            "value": 0.1198505511427746
        },
        {
            "Time": "2022-11-28",
            "value": 0.5653884547596261
        },
        {
            "Time": "2022-11-29",
            "value": 0.4300461436927537
        },
        {
            "Time": "2022-11-30",
            "value": 0.1931023138884696
        },
        {
            "Time": "2022-12-01",
            "value": 0.23177023478067144
        },
        {
            "Time": "2022-12-02",
            "value": 0.2700401903358967
        },
        {
            "Time": "2022-12-03",
            "value": 0.4126539150625281
        },
        {
            "Time": "2022-12-04",
            "value": 0.31798246106937783
        },
        {
            "Time": "2022-12-05",
            "value": 0.2653651639943163
        },
        {
            "Time": "2022-12-06",
            "value": 0.4250982050615362
        },
        {
            "Time": "2022-12-07",
            "value": 0.10956044877184817
        },
        {
            "Time": "2022-12-08",
            "value": 0.5200020047018494
        },
        {
            "Time": "2022-12-09",
            "value": 0.4538478000186817
        },
        {
            "Time": "2022-12-10",
            "value": 1.2613305853793482
        },
        {
            "Time": "2022-12-11",
            "value": 0.24504165809391773
        },
        {
            "Time": "2022-12-12",
            "value": 0.9055477759232295
        },
        {
            "Time": "2022-12-13",
            "value": 0.7057873260963948
        },
        {
            "Time": "2022-12-14",
            "value": 0.4331365637248179
        },
        {
            "Time": "2022-12-15",
            "value": 0.30990899530451754
        },
        {
            "Time": "2022-12-16",
            "value": 0.20418238890234647
        },
        {
            "Time": "2022-12-17",
            "value": 0.27141683224267166
        },
        {
            "Time": "2022-12-18",
            "value": 0.851122396183551
        },
        {
            "Time": "2022-12-19",
            "value": 0.6784631737528056
        },
        {
            "Time": "2022-12-20",
            "value": 0.3334222772256856
        },
        {
            "Time": "2022-12-21",
            "value": 1.066820413498307
        },
        {
            "Time": "2022-12-22",
            "value": 1.2812785828406428
        },
        {
            "Time": "2022-12-23",
            "value": 1.5711974672193807
        },
        {
            "Time": "2022-12-24",
            "value": 0.7296676279558298
        },
        {
            "Time": "2022-12-25",
            "value": 0.8287399880652112
        },
        {
            "Time": "2022-12-26",
            "value": 0.2955477674467473
        },
        {
            "Time": "2022-12-27",
            "value": 0.43041299083292256
        },
        {
            "Time": "2022-12-28",
            "value": 0.31749526486363006
        },
        {
            "Time": "2022-12-29",
            "value": 0.19722751288239684
        },
        {
            "Time": "2022-12-30",
            "value": 0.29470775565860324
        },
        {
            "Time": "2022-12-31",
            "value": 0.6115011391964893
        },
        {
            "Time": "2023-01-01",
            "value": 0.45369482761297364
        },
        {
            "Time": "2023-01-02",
            "value": 0.25601139765103986
        },
        {
            "Time": "2023-01-03",
            "value": 0.2653454233367589
        },
        {
            "Time": "2023-01-04",
            "value": 0.2959684191128548
        },
        {
            "Time": "2023-01-05",
            "value": 0.34973568613090844
        },
        {
            "Time": "2023-01-06",
            "value": 1.3976444814081284
        },
        {
            "Time": "2023-01-07",
            "value": 0.8053227932189676
        },
        {
            "Time": "2023-01-08",
            "value": 0.822206173805008
        },
        {
            "Time": "2023-01-09",
            "value": 0.30758366226895834
        },
        {
            "Time": "2023-01-10",
            "value": 0.3308510008089656
        },
        {
            "Time": "2023-01-11",
            "value": 0.45339777677493603
        },
        {
            "Time": "2023-01-12",
            "value": 0.7856279509878787
        },
        {
            "Time": "2023-01-13",
            "value": 0.2177499565407846
        },
        {
            "Time": "2023-01-14",
            "value": 1.0141435798463219
        },
        {
            "Time": "2023-01-15",
            "value": 0.25270220819822725
        },
        {
            "Time": "2023-01-16",
            "value": 1.3953350053677267
        },
        {
            "Time": "2023-01-17",
            "value": 0.3191817098966829
        },
        {
            "Time": "2023-01-18",
            "value": 1.7984895228815043
        },
        {
            "Time": "2023-01-19",
            "value": 1.4900179952674664
        },
        {
            "Time": "2023-01-20",
            "value": 0.4560038243969449
        },
        {
            "Time": "2023-01-21",
            "value": 0.19203587604957753
        },
        {
            "Time": "2023-01-22",
            "value": 1.2258733718521915
        },
        {
            "Time": "2023-01-23",
            "value": 0.1847100052929123
        },
        {
            "Time": "2023-01-24",
            "value": 1.395352584376345
        },
        {
            "Time": "2023-01-25",
            "value": 1.9986261356454376
        },
        {
            "Time": "2023-01-26",
            "value": 0.8737574364885684
        },
        {
            "Time": "2023-01-27",
            "value": 2.0554362164380473
        },
        {
            "Time": "2023-01-28",
            "value": 0.9849583556809902
        },
        {
            "Time": "2023-01-29",
            "value": 1.7979743542808275
        },
        {
            "Time": "2023-01-30",
            "value": 1.9004444429843816
        },
        {
            "Time": "2023-01-31",
            "value": 2.0602421040923757
        },
        {
            "Time": "2023-02-01",
            "value": 0.30682235009585823
        },
        {
            "Time": "2023-02-02",
            "value": 0.8416857711709421
        },
        {
            "Time": "2023-02-03",
            "value": 0.37674178403074055
        },
        {
            "Time": "2023-02-04",
            "value": 0.1343861693791704
        },
        {
            "Time": "2023-02-05",
            "value": 0.29168807551368053
        },
        {
            "Time": "2023-02-06",
            "value": 1.220028118063587
        },
        {
            "Time": "2023-02-07",
            "value": 0.27056976831540963
        },
        {
            "Time": "2023-02-08",
            "value": 0.1467715741100548
        },
        {
            "Time": "2023-02-09",
            "value": 0.325619301371312
        },
        {
            "Time": "2023-02-10",
            "value": 0.19201851691077315
        },
        {
            "Time": "2023-02-11",
            "value": 0.6004830061260845
        },
        {
            "Time": "2023-02-12",
            "value": 0.8661483443335354
        },
        {
            "Time": "2023-02-13",
            "value": 0.25317606083884403
        },
        {
            "Time": "2023-02-14",
            "value": 0.7363618684067245
        },
        {
            "Time": "2023-02-15",
            "value": 2.116950468060131
        },
        {
            "Time": "2023-02-16",
            "value": 2.326864023633044
        },
        {
            "Time": "2023-02-17",
            "value": 1.5912947773284312
        },
        {
            "Time": "2023-02-18",
            "value": 1.7363728544771009
        },
        {
            "Time": "2023-02-19",
            "value": 0.5414056712818703
        },
        {
            "Time": "2023-02-20",
            "value": 1.0544996898129002
        },
        {
            "Time": "2023-02-21",
            "value": 2.129359493048842
        },
        {
            "Time": "2023-02-22",
            "value": 1.8985059123132366
        },
        {
            "Time": "2023-02-23",
            "value": 1.9509322308537589
        },
        {
            "Time": "2023-02-24",
            "value": 0.7165878391307164
        },
        {
            "Time": "2023-02-25",
            "value": 1.3931250561256086
        },
        {
            "Time": "2023-02-26",
            "value": 2.338316903619704
        },
        {
            "Time": "2023-02-27",
            "value": 1.7541332403367549
        },
        {
            "Time": "2023-02-28",
            "value": 0.9469824629958612
        },
        {
            "Time": "2023-03-01",
            "value": 0.8641135978015625
        },
        {
            "Time": "2023-03-02",
            "value": 1.2134639189449692
        },
        {
            "Time": "2023-03-03",
            "value": 1.834458928062105
        },
        {
            "Time": "2023-03-04",
            "value": 2.083448646348142
        },
        {
            "Time": "2023-03-05",
            "value": 2.0102283621429766
        },
        {
            "Time": "2023-03-06",
            "value": 2.1021671113314637
        },
        {
            "Time": "2023-03-07",
            "value": 1.58109054026668
        },
        {
            "Time": "2023-03-08",
            "value": 1.3882385779911637
        },
        {
            "Time": "2023-03-09",
            "value": 1.2790178799473422
        },
        {
            "Time": "2023-03-10",
            "value": 1.6707461693034433
        },
        {
            "Time": "2023-03-11",
            "value": 1.323781118181124
        },
        {
            "Time": "2023-03-12",
            "value": 0.42084924858740125
        },
        {
            "Time": "2023-03-13",
            "value": 1.3970769685087316
        },
        {
            "Time": "2023-03-14",
            "value": 1.746931265524856
        },
        {
            "Time": "2023-03-15",
            "value": 1.406872427497531
        },
        {
            "Time": "2023-03-16",
            "value": 1.4526514654518028
        },
        {
            "Time": "2023-03-17",
            "value": 0.9105324747810519
        },
        {
            "Time": "2023-03-18",
            "value": 0.29633575343269
        },
        {
            "Time": "2023-03-19",
            "value": 0.12050334115811386
        },
        {
            "Time": "2023-03-20",
            "value": 1.3470490432774063
        },
        {
            "Time": "2023-03-21",
            "value": 0.7901016874867478
        },
        {
            "Time": "2023-03-22",
            "value": 1.2087805528680209
        },
        {
            "Time": "2023-03-23",
            "value": 0.17642457382506943
        },
        {
            "Time": "2023-03-24",
            "value": 0.17688628977770968
        },
        {
            "Time": "2023-03-25",
            "value": 0.2526988429067829
        },
        {
            "Time": "2023-03-26",
            "value": 0.8080393668186148
        },
        {
            "Time": "2023-03-27",
            "value": 0.0
        }
    ]
}