{
    "data": [
        {
            "Time": "2022-11-27",
            "value": 0.1997488429951852
        },
        {
            "Time": "2022-11-28",
            "value": 0.6582912673395742
        },
        {
            "Time": "2022-11-29",
            "value": 0.6479501191037466
        },
        {
            "Time": "2022-11-30",
            "value": 0.23945302356749557
        },
        {
            "Time": "2022-12-01",
            "value": 0.2846359327852431
        },
        {
            "Time": "2022-12-02",
            "value": 0.3283534036891101
        },
        {
            "Time": "2022-12-03",
            "value": 0.5098895995400257
        },
        {
            "Time": "2022-12-04",
            "value": 0.38128240441960065
        },
        {
            "Time": "2022-12-05",
            "value": 0.32818717216663906
        },
        {
            "Time": "2022-12-06",
            "value": 0.4846064801443924
        },
        {
            "Time": "2022-12-07",
            "value": 0.14910474534656248
        },
        {
            "Time": "2022-12-08",
            "value": 0.6377451168520499
        },
        {
            "Time": "2022-12-09",
            "value": 0.5412388865680151
        },
        {
            "Time": "2022-12-10",
            "value": 1.2301228643034297
        },
        {
            "Time": "2022-12-11",
            "value": 0.2989590277424132
        },
        {
            "Time": "2022-12-12",
            "value": 0.9279403619051111
        },
        {
            "Time": "2022-12-13",
            "value": 0.8188774176908376
        },
        {
            "Time": "2022-12-14",
            "value": 0.5047985949586764
        },
        {
            "Time": "2022-12-15",
            "value": 0.37773589340239583
        },
        {
            "Time": "2022-12-16",
            "value": 0.2566991732348975
        },
        {
            "Time": "2022-12-17",
            "value": 0.34146547859227083
        },
        {
            "Time": "2022-12-18",
            "value": 1.5130741177494498
        },
        {
            "Time": "2022-12-19",
            "value": 1.8613524510572494
        },
        {
            "Time": "2022-12-20",
            "value": 0.43602369136314384
        },
        {
            "Time": "2022-12-21",
            "value": 1.3752674570005596
        },
        {
            "Time": "2022-12-22",
            "value": 1.2952699900324172
        },
        {
            "Time": "2022-12-23",
            "value": 1.5683206609941898
        },
        {
            "Time": "2022-12-24",
            "value": 1.2702254762272567
        },
        {
            "Time": "2022-12-25",
            "value": 1.4693239164741692
        },
        {
            "Time": "2022-12-26",
            "value": 1.1307145118182544
        },
        {
            "Time": "2022-12-27",
            "value": 0.5650423643381275
        },
        {
            "Time": "2022-12-28",
            "value": 0.37913194497268515
        },
        {
            "Time": "2022-12-29",
            "value": 0.2499074067608796
        },
        {
            "Time": "2022-12-30",
            "value": 0.3512083350881944
        },
        {
            "Time": "2022-12-31",
            "value": 0.9490444149645394
        },
        {
            "Time": "2023-01-01",
            "value": 0.5454643721535318
        },
        {
            "Time": "2023-01-02",
            "value": 0.3142691758179563
        },
        {
            "Time": "2023-01-03",
            "value": 0.3320075918509101
        },
        {
            "Time": "2023-01-04",
            "value": 0.35131597118167823
        },
        {
            "Time": "2023-01-05",
            "value": 0.4440756128872299
        },
        {
            "Time": "2023-01-06",
            "value": 1.7298045508622115
        },
        {
            "Time": "2023-01-07",
            "value": 1.3803768067622995
        },
        {
            "Time": "2023-01-08",
            "value": 1.4236235479839947
        },
        {
            "Time": "2023-01-09",
            "value": 0.38891372825668813
        },
        {
            "Time": "2023-01-10",
            "value": 0.4100471634417187
        },
        {
            "Time": "2023-01-11",
            "value": 0.5466110833322919
        },
        {
            "Time": "2023-01-12",
            "value": 1.0250594593880205
        },
        {
            "Time": "2023-01-13",
            "value": 0.29527172987624023
        },
        {
            "Time": "2023-01-14",
            "value": 0.9641972535330977
        },
        {
            "Time": "2023-01-15",
            "value": 0.31144889387520064
        },
        {
            "Time": "2023-01-16",
            "value": 1.4376126719155444
        },
        {
            "Time": "2023-01-17",
            "value": 0.38685184688657404
        },
        {
            "Time": "2023-01-18",
            "value": 1.792399091145474
        },
        {
            "Time": "2023-01-19",
            "value": 1.6131496147913345
        },
        {
            "Time": "2023-01-20",
            "value": 0.5595192400039766
        },
        {
            "Time": "2023-01-21",
            "value": 0.24293633936180556
        },
        {
            "Time": "2023-01-22",
            "value": 1.579317335186606
        },
        {
            "Time": "2023-01-23",
            "value": 0.23186834350737268
        },
        {
            "Time": "2023-01-24",
            "value": 1.4419800763316595
        },
        {
            "Time": "2023-01-25",
            "value": 1.87973086905987
        },
        {
            "Time": "2023-01-26",
            "value": 0.97683168570745
        },
        {
            "Time": "2023-01-27",
            "value": 1.9909435397929574
        },
        {
            "Time": "2023-01-28",
            "value": 2.185884180785064
        },
        {
            "Time": "2023-01-29",
            "value": 2.1147263814292594
        },
        {
            "Time": "2023-01-30",
            "value": 1.861082563602957
        },
        {
            "Time": "2023-01-31",
            "value": 1.4553915866155538
        },
        {
            "Time": "2023-02-01",
            "value": 0.4034232620635532
        },
        {
            "Time": "2023-02-02",
            "value": 0.8199819034082881
        },
        {
            "Time": "2023-02-03",
            "value": 0.44240868443970044
        },
        {
            "Time": "2023-02-04",
            "value": 0.18833333335277777
        },
        {
            "Time": "2023-02-05",
            "value": 0.34883945342046957
        },
        {
            "Time": "2023-02-06",
            "value": 1.1267040341802017
        },
        {
            "Time": "2023-02-07",
            "value": 0.3481455336040824
        },
        {
            "Time": "2023-02-08",
            "value": 0.21028498594934947
        },
        {
            "Time": "2023-02-09",
            "value": 0.39865716628788195
        },
        {
            "Time": "2023-02-10",
            "value": 0.2475065486753249
        },
        {
            "Time": "2023-02-11",
            "value": 0.6826173829105878
        },
        {
            "Time": "2023-02-12",
            "value": 0.8651532749676358
        },
        {
            "Time": "2023-02-13",
            "value": 0.32430070227445357
        },
        {
            "Time": "2023-02-14",
            "value": 0.8259245813586145
        },
        {
            "Time": "2023-02-15",
            "value": 1.4396136295911435
        },
        {
            "Time": "2023-02-16",
            "value": 1.58892668914795
        },
        {
            "Time": "2023-02-17",
            "value": 1.3400150321518185
        },
        {
            "Time": "2023-02-18",
            "value": 1.4829551232033718
        },
        {
            "Time": "2023-02-19",
            "value": 0.639280063575634
        },
        {
            "Time": "2023-02-20",
            "value": 1.1682453717277161
        },
        {
            "Time": "2023-02-21",
            "value": 1.7212091906709908
        },
        {
            "Time": "2023-02-22",
            "value": 1.500750256812353
        },
        {
            "Time": "2023-02-23",
            "value": 1.4402625477318123
        },
        {
            "Time": "2023-02-24",
            "value": 0.8269484612224091
        },
        {
            "Time": "2023-02-25",
            "value": 1.5305199464096495
        },
        {
            "Time": "2023-02-26",
            "value": 1.6226785498333907
        },
        {
            "Time": "2023-02-27",
            "value": 1.5846090055418665
        },
        {
            "Time": "2023-02-28",
            "value": 1.1004868791346296
        },
        {
            "Time": "2023-03-01",
            "value": 0.9918469919885431
        },
        {
            "Time": "2023-03-02",
            "value": 1.336118581866141
        },
        {
            "Time": "2023-03-03",
            "value": 1.4943483989834732
        },
        {
            "Time": "2023-03-04",
            "value": 1.6749062488120372
        },
        {
            "Time": "2023-03-05",
            "value": 1.6482481193445204
        },
        {
            "Time": "2023-03-06",
            "value": 1.699788539982995
        },
        {
            "Time": "2023-03-07",
            "value": 1.688402997652175
        },
        {
            "Time": "2023-03-08",
            "value": 1.5272461491884797
        },
        {
            "Time": "2023-03-09",
            "value": 1.4003727811152267
        },
        {
            "Time": "2023-03-10",
            "value": 1.7657577230147377
        },
        {
            "Time": "2023-03-11",
            "value": 1.4773844680265262
        },
        {
            "Time": "2023-03-12",
            "value": 0.5236740149542878
        },
        {
            "Time": "2023-03-13",
            "value": 1.5531950278826456
        },
        {
            "Time": "2023-03-14",
            "value": 1.963835851448784
        },
        {
            "Time": "2023-03-15",
            "value": 1.6452210277821848
        },
        {
            "Time": "2023-03-16",
            "value": 1.6127238858007071
        },
        {
            "Time": "2023-03-17",
            "value": 1.0464544070156552
        },
        {
            "Time": "2023-03-18",
            "value": 0.3692702211844234
        },
        {
            "Time": "2023-03-19",
            "value": 0.1773761569463955
        },
        {
            "Time": "2023-03-20",
            "value": 1.5431213685639524
        },
        {
            "Time": "2023-03-21",
            "value": 0.9117966231335353
        },
        {
            "Time": "2023-03-22",
            "value": 1.3577385724022
        },
        {
            "Time": "2023-03-23",
            "value": 0.2291297388261684
        },
        {
            "Time": "2023-03-24",
            "value": 0.25366839827523147
        },
        {
            "Time": "2023-03-25",
            "value": 0.31191435504707177
        },
        {
            "Time": "2023-03-26",
            "value": 0.9315799175480717
        },
        {
            "Time": "2023-03-27",
            "value": 0.0
        }
    ]
}