{
    "data": [
        {
            "Time": "2022-11-27",
            "value": 0.12740423466938447
        },
        {
            "Time": "2022-11-28",
            "value": 0.5000667883864984
        },
        {
            "Time": "2022-11-29",
            "value": 0.5081401819625868
        },
        {
            "Time": "2022-11-30",
            "value": 0.18446205558666226
        },
        {
            "Time": "2022-12-01",
            "value": 0.23589937443940864
        },
        {
            "Time": "2022-12-02",
            "value": 0.26508252686738537
        },
        {
            "Time": "2022-12-03",
            "value": 0.45453534362333925
        },
        {
            "Time": "2022-12-04",
            "value": 0.33303131179885537
        },
        {
            "Time": "2022-12-05",
            "value": 0.2780375691731211
        },
        {
            "Time": "2022-12-06",
            "value": 0.44725714988992693
        },
        {
            "Time": "2022-12-07",
            "value": 0.09761699900024079
        },
        {
            "Time": "2022-12-08",
            "value": 0.5813082366880883
        },
        {
            "Time": "2022-12-09",
            "value": 0.5047954656814331
        },
        {
            "Time": "2022-12-10",
            "value": 0.9946660872252197
        },
        {
            "Time": "2022-12-11",
            "value": 0.23798222447169196
        },
        {
            "Time": "2022-12-12",
            "value": 0.7313394943239541
        },
        {
            "Time": "2022-12-13",
            "value": 0.8696108954887395
        },
        {
            "Time": "2022-12-14",
            "value": 0.44866062068833634
        },
        {
            "Time": "2022-12-15",
            "value": 0.3354198454608048
        },
        {
            "Time": "2022-12-16",
            "value": 0.1961099196604688
        },
        {
            "Time": "2022-12-17",
            "value": 0.25339180881192475
        },
        {
            "Time": "2022-12-18",
            "value": 1.5843695015390604
        },
        {
            "Time": "2022-12-19",
            "value": 1.0811173670658667
        },
        {
            "Time": "2022-12-20",
            "value": 0.7803252220104024
        },
        {
            "Time": "2022-12-21",
            "value": 1.0718010649786356
        },
        {
            "Time": "2022-12-22",
            "value": 1.5119072292145708
        },
        {
            "Time": "2022-12-23",
            "value": 1.2279823353208519
        },
        {
            "Time": "2022-12-24",
            "value": 1.5767859672655473
        },
        {
            "Time": "2022-12-25",
            "value": 1.5808052643479114
        },
        {
            "Time": "2022-12-26",
            "value": 1.1360997987250214
        },
        {
            "Time": "2022-12-27",
            "value": 0.5969640377440992
        },
        {
            "Time": "2022-12-28",
            "value": 0.31569353209486883
        },
        {
            "Time": "2022-12-29",
            "value": 0.1791516662265062
        },
        {
            "Time": "2022-12-30",
            "value": 0.28704313681726895
        },
        {
            "Time": "2022-12-31",
            "value": 0.7651952574114157
        },
        {
            "Time": "2023-01-01",
            "value": 0.5216057673162102
        },
        {
            "Time": "2023-01-02",
            "value": 0.24446282310429335
        },
        {
            "Time": "2023-01-03",
            "value": 0.28096877195246667
        },
        {
            "Time": "2023-01-04",
            "value": 0.29990425256406233
        },
        {
            "Time": "2023-01-05",
            "value": 0.3819980707805023
        },
        {
            "Time": "2023-01-06",
            "value": 1.2267727659772887
        },
        {
            "Time": "2023-01-07",
            "value": 1.3024722781550828
        },
        {
            "Time": "2023-01-08",
            "value": 1.3106406922780867
        },
        {
            "Time": "2023-01-09",
            "value": 0.3285586947641152
        },
        {
            "Time": "2023-01-10",
            "value": 0.3712493882385197
        },
        {
            "Time": "2023-01-11",
            "value": 0.5207837784614476
        },
        {
            "Time": "2023-01-12",
            "value": 0.910806113053447
        },
        {
            "Time": "2023-01-13",
            "value": 0.23620438442067734
        },
        {
            "Time": "2023-01-14",
            "value": 0.8949533774684106
        },
        {
            "Time": "2023-01-15",
            "value": 0.2529369500403674
        },
        {
            "Time": "2023-01-16",
            "value": 1.0764831130347805
        },
        {
            "Time": "2023-01-17",
            "value": 0.301999181028111
        },
        {
            "Time": "2023-01-18",
            "value": 1.1980202953717891
        },
        {
            "Time": "2023-01-19",
            "value": 1.2017676125393086
        },
        {
            "Time": "2023-01-20",
            "value": 0.571801046325583
        },
        {
            "Time": "2023-01-21",
            "value": 0.17507140922217732
        },
        {
            "Time": "2023-01-22",
            "value": 1.246693968727899
        },
        {
            "Time": "2023-01-23",
            "value": 0.1591931009271156
        },
        {
            "Time": "2023-01-24",
            "value": 0.7080007171445689
        },
        {
            "Time": "2023-01-25",
            "value": 1.1102729924165584
        },
        {
            "Time": "2023-01-26",
            "value": 0.8410861871043224
        },
        {
            "Time": "2023-01-27",
            "value": 1.1856210151068476
        },
        {
            "Time": "2023-01-28",
            "value": 1.4710124640488131
        },
        {
            "Time": "2023-01-29",
            "value": 1.656143630884348
        },
        {
            "Time": "2023-01-30",
            "value": 1.869301473120261
        },
        {
            "Time": "2023-01-31",
            "value": 1.836892520785346
        },
        {
            "Time": "2023-02-01",
            "value": 0.3388215547671894
        },
        {
            "Time": "2023-02-02",
            "value": 0.6210837538029935
        },
        {
            "Time": "2023-02-03",
            "value": 0.38321347511050147
        },
        {
            "Time": "2023-02-04",
            "value": 0.08040696715608166
        },
        {
            "Time": "2023-02-05",
            "value": 0.2615828692153597
        },
        {
            "Time": "2023-02-06",
            "value": 1.268261959601101
        },
        {
            "Time": "2023-02-07",
            "value": 0.26128874009346514
        },
        {
            "Time": "2023-02-08",
            "value": 0.12109666930587022
        },
        {
            "Time": "2023-02-09",
            "value": 0.3233189172867698
        },
        {
            "Time": "2023-02-10",
            "value": 0.18337573387690867
        },
        {
            "Time": "2023-02-11",
            "value": 0.571087142581838
        },
        {
            "Time": "2023-02-12",
            "value": 0.7784585426909912
        },
        {
            "Time": "2023-02-13",
            "value": 0.3233738322241836
        },
        {
            "Time": "2023-02-14",
            "value": 0.6221386484314138
        },
        {
            "Time": "2023-02-15",
            "value": 2.0216442839982567
        },
        {
            "Time": "2023-02-16",
            "value": 2.5136198706548143
        },
        {
            "Time": "2023-02-17",
            "value": 1.6908869418322714
        },
        {
            "Time": "2023-02-18",
            "value": 2.128233954657391
        },
        {
            "Time": "2023-02-19",
            "value": 0.5758966824549924
        },
        {
            "Time": "2023-02-20",
            "value": 1.1394270859331437
        },
        {
            "Time": "2023-02-21",
            "value": 2.5920220516967185
        },
        {
            "Time": "2023-02-22",
            "value": 2.039592445020398
        },
        {
            "Time": "2023-02-23",
            "value": 1.875869691344913
        },
        {
            "Time": "2023-02-24",
            "value": 0.8459188993228343
        },
        {
            "Time": "2023-02-25",
            "value": 2.2025531669035106
        },
        {
            "Time": "2023-02-26",
            "value": 2.552730119461911
        },
        {
            "Time": "2023-02-27",
            "value": 2.1714662527793376
        },
        {
            "Time": "2023-02-28",
            "value": 1.198042039711392
        },
        {
            "Time": "2023-03-01",
            "value": 1.2846404797291664
        },
        {
            "Time": "2023-03-02",
            "value": 1.456553571501679
        },
        {
            "Time": "2023-03-03",
            "value": 2.2936234937592714
        },
        {
            "Time": "2023-03-04",
            "value": 2.5642561613237187
        },
        {
            "Time": "2023-03-05",
            "value": 2.525343598481703
        },
        {
            "Time": "2023-03-06",
            "value": 2.653098153803297
        },
        {
            "Time": "2023-03-07",
            "value": 2.641364058113394
        },
        {
            "Time": "2023-03-08",
            "value": 2.546728549554085
        },
        {
            "Time": "2023-03-09",
            "value": 1.800028303708727
        },
        {
            "Time": "2023-03-10",
            "value": 2.7675390499392556
        },
        {
            "Time": "2023-03-11",
            "value": 2.4061848652718885
        },
        {
            "Time": "2023-03-12",
            "value": 0.4758810830526299
        },
        {
            "Time": "2023-03-13",
            "value": 2.141074253378861
        },
        {
            "Time": "2023-03-14",
            "value": 2.8753592805924857
        },
        {
            "Time": "2023-03-15",
            "value": 2.3137462776320463
        },
        {
            "Time": "2023-03-16",
            "value": 2.2689159537674937
        },
        {
            "Time": "2023-03-17",
            "value": 1.4260199647720981
        },
        {
            "Time": "2023-03-18",
            "value": 0.30267296603235183
        },
        {
            "Time": "2023-03-19",
            "value": 0.08765829193190154
        },
        {
            "Time": "2023-03-20",
            "value": 1.8237243692324847
        },
        {
            "Time": "2023-03-21",
            "value": 1.0063418545836211
        },
        {
            "Time": "2023-03-22",
            "value": 1.8094661946201194
        },
        {
            "Time": "2023-03-23",
            "value": 0.13514279933293633
        },
        {
            "Time": "2023-03-24",
            "value": 0.1435965221267303
        },
        {
            "Time": "2023-03-25",
            "value": 0.21758392926206985
        },
        {
            "Time": "2023-03-26",
            "value": 0.9310869692807537
        },
        {
            "Time": "2023-03-27",
            "value": 0.0
        }
    ]
}