{
    "data": [
        {
            "Time": "2022-11-27",
            "value": 0.18468453136902033
        },
        {
            "Time": "2022-11-28",
            "value": 0.5499559574682656
        },
        {
            "Time": "2022-11-29",
            "value": 0.5615660050667193
        },
        {
            "Time": "2022-11-30",
            "value": 0.23766517558412695
        },
        {
            "Time": "2022-12-01",
            "value": 0.2668585020475463
        },
        {
            "Time": "2022-12-02",
            "value": 0.3074583953560662
        },
        {
            "Time": "2022-12-03",
            "value": 0.5083286392901986
        },
        {
            "Time": "2022-12-04",
            "value": 0.38350610307189065
        },
        {
            "Time": "2022-12-05",
            "value": 0.3220759039399229
        },
        {
            "Time": "2022-12-06",
            "value": 0.4838002693793445
        },
        {
            "Time": "2022-12-07",
            "value": 0.14013638380253998
        },
        {
            "Time": "2022-12-08",
            "value": 0.6310739619743292
        },
        {
            "Time": "2022-12-09",
            "value": 0.5505519068726248
        },
        {
            "Time": "2022-12-10",
            "value": 1.036117832737155
        },
        {
            "Time": "2022-12-11",
            "value": 0.29503964106407987
        },
        {
            "Time": "2022-12-12",
            "value": 0.6120093480948476
        },
        {
            "Time": "2022-12-13",
            "value": 0.9345156657278799
        },
        {
            "Time": "2022-12-14",
            "value": 0.4958514368720866
        },
        {
            "Time": "2022-12-15",
            "value": 0.3758455092808909
        },
        {
            "Time": "2022-12-16",
            "value": 0.2373096802539393
        },
        {
            "Time": "2022-12-17",
            "value": 0.30196337776016585
        },
        {
            "Time": "2022-12-18",
            "value": 1.4673617505056764
        },
        {
            "Time": "2022-12-19",
            "value": 1.3889845264815257
        },
        {
            "Time": "2022-12-20",
            "value": 1.2986959216937168
        },
        {
            "Time": "2022-12-21",
            "value": 1.079740461675759
        },
        {
            "Time": "2022-12-22",
            "value": 1.1783801800460834
        },
        {
            "Time": "2022-12-23",
            "value": 1.1020591486463074
        },
        {
            "Time": "2022-12-24",
            "value": 1.3973878576235703
        },
        {
            "Time": "2022-12-25",
            "value": 1.4595447155284562
        },
        {
            "Time": "2022-12-26",
            "value": 1.1195837681750263
        },
        {
            "Time": "2022-12-27",
            "value": 0.649037948084657
        },
        {
            "Time": "2022-12-28",
            "value": 0.35339815166363425
        },
        {
            "Time": "2022-12-29",
            "value": 0.22770022974064813
        },
        {
            "Time": "2022-12-30",
            "value": 0.33073148284027776
        },
        {
            "Time": "2022-12-31",
            "value": 0.8278307071237003
        },
        {
            "Time": "2023-01-01",
            "value": 0.5556395272467657
        },
        {
            "Time": "2023-01-02",
            "value": 0.2896759222986111
        },
        {
            "Time": "2023-01-03",
            "value": 0.3202323224064012
        },
        {
            "Time": "2023-01-04",
            "value": 0.3337031226294213
        },
        {
            "Time": "2023-01-05",
            "value": 0.4224480819169684
        },
        {
            "Time": "2023-01-06",
            "value": 0.9915821145223851
        },
        {
            "Time": "2023-01-07",
            "value": 1.203508710096094
        },
        {
            "Time": "2023-01-08",
            "value": 1.22927384029351
        },
        {
            "Time": "2023-01-09",
            "value": 0.3689255937477183
        },
        {
            "Time": "2023-01-10",
            "value": 0.4238854052605277
        },
        {
            "Time": "2023-01-11",
            "value": 0.5609688094093732
        },
        {
            "Time": "2023-01-12",
            "value": 0.9778436432521105
        },
        {
            "Time": "2023-01-13",
            "value": 0.2760947650249737
        },
        {
            "Time": "2023-01-14",
            "value": 0.9709899510002482
        },
        {
            "Time": "2023-01-15",
            "value": 0.30263227517746016
        },
        {
            "Time": "2023-01-16",
            "value": 1.1753543188414877
        },
        {
            "Time": "2023-01-17",
            "value": 0.3494702044926333
        },
        {
            "Time": "2023-01-18",
            "value": 1.3482736980894128
        },
        {
            "Time": "2023-01-19",
            "value": 1.1624870309344255
        },
        {
            "Time": "2023-01-20",
            "value": 0.6139700685788285
        },
        {
            "Time": "2023-01-21",
            "value": 0.21557378445946762
        },
        {
            "Time": "2023-01-22",
            "value": 1.2066764558611724
        },
        {
            "Time": "2023-01-23",
            "value": 0.21874016230940393
        },
        {
            "Time": "2023-01-24",
            "value": 0.9548259951456471
        },
        {
            "Time": "2023-01-25",
            "value": 1.6248602620144936
        },
        {
            "Time": "2023-01-26",
            "value": 0.8604855542873876
        },
        {
            "Time": "2023-01-27",
            "value": 1.581793393601302
        },
        {
            "Time": "2023-01-28",
            "value": 1.806424403507231
        },
        {
            "Time": "2023-01-29",
            "value": 1.8994040549329276
        },
        {
            "Time": "2023-01-30",
            "value": 1.980450741442217
        },
        {
            "Time": "2023-01-31",
            "value": 1.9845186509501624
        },
        {
            "Time": "2023-02-01",
            "value": 0.3815547428950359
        },
        {
            "Time": "2023-02-02",
            "value": 0.7084088475529956
        },
        {
            "Time": "2023-02-03",
            "value": 0.42975422316818357
        },
        {
            "Time": "2023-02-04",
            "value": 0.16000599902774953
        },
        {
            "Time": "2023-02-05",
            "value": 0.31827934552384424
        },
        {
            "Time": "2023-02-06",
            "value": 1.3130380916947173
        },
        {
            "Time": "2023-02-07",
            "value": 0.32612586263952204
        },
        {
            "Time": "2023-02-08",
            "value": 0.18877422143836536
        },
        {
            "Time": "2023-02-09",
            "value": 0.3690550003838524
        },
        {
            "Time": "2023-02-10",
            "value": 0.23443715034852314
        },
        {
            "Time": "2023-02-11",
            "value": 0.6094974748516021
        },
        {
            "Time": "2023-02-12",
            "value": 0.8356717830496014
        },
        {
            "Time": "2023-02-13",
            "value": 0.3732454267004325
        },
        {
            "Time": "2023-02-14",
            "value": 0.6798212020385798
        },
        {
            "Time": "2023-02-15",
            "value": 1.89341963511707
        },
        {
            "Time": "2023-02-16",
            "value": 2.5039898398656395
        },
        {
            "Time": "2023-02-17",
            "value": 1.6384655526579357
        },
        {
            "Time": "2023-02-18",
            "value": 2.1111424696260257
        },
        {
            "Time": "2023-02-19",
            "value": 0.6326435224268595
        },
        {
            "Time": "2023-02-20",
            "value": 1.1578528158306005
        },
        {
            "Time": "2023-02-21",
            "value": 2.5692225992799447
        },
        {
            "Time": "2023-02-22",
            "value": 2.0364531212405024
        },
        {
            "Time": "2023-02-23",
            "value": 1.8772475493938543
        },
        {
            "Time": "2023-02-24",
            "value": 0.8963756800543131
        },
        {
            "Time": "2023-02-25",
            "value": 2.184053880578296
        },
        {
            "Time": "2023-02-26",
            "value": 2.5644935675896794
        },
        {
            "Time": "2023-02-27",
            "value": 2.061995329124428
        },
        {
            "Time": "2023-02-28",
            "value": 1.210202949890678
        },
        {
            "Time": "2023-03-01",
            "value": 1.1544219889585217
        },
        {
            "Time": "2023-03-02",
            "value": 1.5228214561943167
        },
        {
            "Time": "2023-03-03",
            "value": 2.2452127051404287
        },
        {
            "Time": "2023-03-04",
            "value": 2.49100262441532
        },
        {
            "Time": "2023-03-05",
            "value": 2.4549415618524106
        },
        {
            "Time": "2023-03-06",
            "value": 2.591379648313775
        },
        {
            "Time": "2023-03-07",
            "value": 2.586905276470198
        },
        {
            "Time": "2023-03-08",
            "value": 2.45961516746636
        },
        {
            "Time": "2023-03-09",
            "value": 1.9304290294619622
        },
        {
            "Time": "2023-03-10",
            "value": 2.778925516652466
        },
        {
            "Time": "2023-03-11",
            "value": 2.2822526736054516
        },
        {
            "Time": "2023-03-12",
            "value": 0.5200656495731033
        },
        {
            "Time": "2023-03-13",
            "value": 2.097995421366107
        },
        {
            "Time": "2023-03-14",
            "value": 2.8812541021204354
        },
        {
            "Time": "2023-03-15",
            "value": 2.3656564736297168
        },
        {
            "Time": "2023-03-16",
            "value": 2.310025789618876
        },
        {
            "Time": "2023-03-17",
            "value": 1.4282849715925758
        },
        {
            "Time": "2023-03-18",
            "value": 0.3534263987103676
        },
        {
            "Time": "2023-03-19",
            "value": 0.15927854907465278
        },
        {
            "Time": "2023-03-20",
            "value": 1.9416672051161652
        },
        {
            "Time": "2023-03-21",
            "value": 1.0507024115619776
        },
        {
            "Time": "2023-03-22",
            "value": 1.906324046899535
        },
        {
            "Time": "2023-03-23",
            "value": 0.20053222855688232
        },
        {
            "Time": "2023-03-24",
            "value": 0.22813489609366316
        },
        {
            "Time": "2023-03-25",
            "value": 0.283656245936287
        },
        {
            "Time": "2023-03-26",
            "value": 0.9776110605301069
        },
        {
            "Time": "2023-03-27",
            "value": 0.0
        }
    ]
}