{
    "data": [
        {
            "Time": "2022-11-27",
            "value": 0.2062146142322305
        },
        {
            "Time": "2022-11-28",
            "value": 0.6391403028223239
        },
        {
            "Time": "2022-11-29",
            "value": 0.4514012352277516
        },
        {
            "Time": "2022-11-30",
            "value": 0.2672568241938397
        },
        {
            "Time": "2022-12-01",
            "value": 0.0
        },
        {
            "Time": "2022-12-02",
            "value": 0.0
        },
        {
            "Time": "2022-12-03",
            "value": 0.0
        },
        {
            "Time": "2022-12-04",
            "value": 0.0
        },
        {
            "Time": "2022-12-05",
            "value": 0.0
        },
        {
            "Time": "2022-12-06",
            "value": 0.0
        },
        {
            "Time": "2022-12-07",
            "value": 0.0
        },
        {
            "Time": "2022-12-08",
            "value": 0.6728457351371451
        },
        {
            "Time": "2022-12-09",
            "value": 0.5976241439519221
        },
        {
            "Time": "2022-12-10",
            "value": 0.7230246485993939
        },
        {
            "Time": "2022-12-11",
            "value": 0.31947622514003554
        },
        {
            "Time": "2022-12-12",
            "value": 0.6804803485308597
        },
        {
            "Time": "2022-12-13",
            "value": 0.8025695430074289
        },
        {
            "Time": "2022-12-14",
            "value": 0.5468347529206826
        },
        {
            "Time": "2022-12-15",
            "value": 0.39290829568618546
        },
        {
            "Time": "2022-12-16",
            "value": 0.26521423587181325
        },
        {
            "Time": "2022-12-17",
            "value": 0.35374947616002295
        },
        {
            "Time": "2022-12-18",
            "value": 1.130617320535913
        },
        {
            "Time": "2022-12-19",
            "value": 1.3215285950266944
        },
        {
            "Time": "2022-12-20",
            "value": 0.6777887034690115
        },
        {
            "Time": "2022-12-21",
            "value": 1.375368210871123
        },
        {
            "Time": "2022-12-22",
            "value": 1.4272161978700006
        },
        {
            "Time": "2022-12-23",
            "value": 1.1772882536263727
        },
        {
            "Time": "2022-12-24",
            "value": 1.5664040578809164
        },
        {
            "Time": "2022-12-25",
            "value": 1.5175334941283514
        },
        {
            "Time": "2022-12-26",
            "value": 1.1118178103778409
        },
        {
            "Time": "2022-12-27",
            "value": 0.5689166662125
        },
        {
            "Time": "2022-12-28",
            "value": 0.3918888893229167
        },
        {
            "Time": "2022-12-29",
            "value": 0.2525046229854167
        },
        {
            "Time": "2022-12-30",
            "value": 0.36698263915208335
        },
        {
            "Time": "2022-12-31",
            "value": 0.8404425067007989
        },
        {
            "Time": "2023-01-01",
            "value": 0.5798841417142577
        },
        {
            "Time": "2023-01-02",
            "value": 0.323166662125
        },
        {
            "Time": "2023-01-03",
            "value": 0.3457429851847823
        },
        {
            "Time": "2023-01-04",
            "value": 0.362016202820382
        },
        {
            "Time": "2023-01-05",
            "value": 0.4586443851689352
        },
        {
            "Time": "2023-01-06",
            "value": 1.3792065293447284
        },
        {
            "Time": "2023-01-07",
            "value": 1.4226818424455179
        },
        {
            "Time": "2023-01-08",
            "value": 1.4284202894115587
        },
        {
            "Time": "2023-01-09",
            "value": 0.4166022343477045
        },
        {
            "Time": "2023-01-10",
            "value": 0.4353453399193287
        },
        {
            "Time": "2023-01-11",
            "value": 0.5811259471052395
        },
        {
            "Time": "2023-01-12",
            "value": 0.8888525034655386
        },
        {
            "Time": "2023-01-13",
            "value": 0.3161427572079222
        },
        {
            "Time": "2023-01-14",
            "value": 0.8271794629890441
        },
        {
            "Time": "2023-01-15",
            "value": 0.3275954229178466
        },
        {
            "Time": "2023-01-16",
            "value": 1.0533176638257107
        },
        {
            "Time": "2023-01-17",
            "value": 0.400583331874537
        },
        {
            "Time": "2023-01-18",
            "value": 1.3779333373519718
        },
        {
            "Time": "2023-01-19",
            "value": 1.2427874010503006
        },
        {
            "Time": "2023-01-20",
            "value": 0.6308652594878648
        },
        {
            "Time": "2023-01-21",
            "value": 0.259255789175
        },
        {
            "Time": "2023-01-22",
            "value": 1.3038769346465673
        },
        {
            "Time": "2023-01-23",
            "value": 0.24025307345802246
        },
        {
            "Time": "2023-01-24",
            "value": 0.9821572739586504
        },
        {
            "Time": "2023-01-25",
            "value": 1.6106009704427215
        },
        {
            "Time": "2023-01-26",
            "value": 0.8522579543718035
        },
        {
            "Time": "2023-01-27",
            "value": 1.1926753468040074
        },
        {
            "Time": "2023-01-28",
            "value": 1.345955169927194
        },
        {
            "Time": "2023-01-29",
            "value": 1.6115271296372087
        },
        {
            "Time": "2023-01-30",
            "value": 1.642822601405079
        },
        {
            "Time": "2023-01-31",
            "value": 1.5662847023638202
        },
        {
            "Time": "2023-02-01",
            "value": 0.42353588066400466
        },
        {
            "Time": "2023-02-02",
            "value": 0.8405030281736695
        },
        {
            "Time": "2023-02-03",
            "value": 0.4673787610838228
        },
        {
            "Time": "2023-02-04",
            "value": 0.1827770285982639
        },
        {
            "Time": "2023-02-05",
            "value": 0.37014695914628637
        },
        {
            "Time": "2023-02-06",
            "value": 1.1702819225916008
        },
        {
            "Time": "2023-02-07",
            "value": 0.36403415755139396
        },
        {
            "Time": "2023-02-08",
            "value": 0.2106016330768972
        },
        {
            "Time": "2023-02-09",
            "value": 0.4251772601921448
        },
        {
            "Time": "2023-02-10",
            "value": 0.26430427277181356
        },
        {
            "Time": "2023-02-11",
            "value": 0.7230516829212495
        },
        {
            "Time": "2023-02-12",
            "value": 0.9584467723714944
        },
        {
            "Time": "2023-02-13",
            "value": 0.35284082263131167
        },
        {
            "Time": "2023-02-14",
            "value": 0.8462594056810161
        },
        {
            "Time": "2023-02-15",
            "value": 2.062037308721434
        },
        {
            "Time": "2023-02-16",
            "value": 2.49535995267835
        },
        {
            "Time": "2023-02-17",
            "value": 1.73806052701758
        },
        {
            "Time": "2023-02-18",
            "value": 2.325313314351584
        },
        {
            "Time": "2023-02-19",
            "value": 0.6877994865263507
        },
        {
            "Time": "2023-02-20",
            "value": 1.2954498900825866
        },
        {
            "Time": "2023-02-21",
            "value": 2.5380859518183083
        },
        {
            "Time": "2023-02-22",
            "value": 2.0789388177283548
        },
        {
            "Time": "2023-02-23",
            "value": 2.1177194826638885
        },
        {
            "Time": "2023-02-24",
            "value": 0.9335112325815983
        },
        {
            "Time": "2023-02-25",
            "value": 2.2212761128677574
        },
        {
            "Time": "2023-02-26",
            "value": 2.6682689559456465
        },
        {
            "Time": "2023-02-27",
            "value": 2.4278511122549515
        },
        {
            "Time": "2023-02-28",
            "value": 1.2371094356470034
        },
        {
            "Time": "2023-03-01",
            "value": 1.3128327091556529
        },
        {
            "Time": "2023-03-02",
            "value": 1.75624967563669
        },
        {
            "Time": "2023-03-03",
            "value": 2.2459866627439866
        },
        {
            "Time": "2023-03-04",
            "value": 2.694955841630535
        },
        {
            "Time": "2023-03-05",
            "value": 2.629902394196692
        },
        {
            "Time": "2023-03-06",
            "value": 2.7459690736914446
        },
        {
            "Time": "2023-03-07",
            "value": 2.73094060930612
        },
        {
            "Time": "2023-03-08",
            "value": 2.420600465453649
        },
        {
            "Time": "2023-03-09",
            "value": 2.1490640876835974
        },
        {
            "Time": "2023-03-10",
            "value": 2.8264255930021154
        },
        {
            "Time": "2023-03-11",
            "value": 2.3128612502790786
        },
        {
            "Time": "2023-03-12",
            "value": 0.5529162839184846
        },
        {
            "Time": "2023-03-13",
            "value": 2.129246336638764
        },
        {
            "Time": "2023-03-14",
            "value": 2.8807983650875113
        },
        {
            "Time": "2023-03-15",
            "value": 2.346193985963935
        },
        {
            "Time": "2023-03-16",
            "value": 2.376879673852214
        },
        {
            "Time": "2023-03-17",
            "value": 1.358317592853864
        },
        {
            "Time": "2023-03-18",
            "value": 0.3904480471659362
        },
        {
            "Time": "2023-03-19",
            "value": 0.18078869007116402
        },
        {
            "Time": "2023-03-20",
            "value": 1.9966927381777044
        },
        {
            "Time": "2023-03-21",
            "value": 1.077027859321669
        },
        {
            "Time": "2023-03-22",
            "value": 1.8613337676824866
        },
        {
            "Time": "2023-03-23",
            "value": 0.21853951789439485
        },
        {
            "Time": "2023-03-24",
            "value": 0.26624814807007274
        },
        {
            "Time": "2023-03-25",
            "value": 0.3225532457951273
        },
        {
            "Time": "2023-03-26",
            "value": 1.0140918606976117
        },
        {
            "Time": "2023-03-27",
            "value": 0.0
        }
    ]
}