{
    "data": [
        {
            "Time": "2022-11-27",
            "value": 0.35257256439925294
        },
        {
            "Time": "2022-11-28",
            "value": 1.3450609179968862
        },
        {
            "Time": "2022-11-29",
            "value": 1.0652979054323561
        },
        {
            "Time": "2022-11-30",
            "value": 0.48041218855887835
        },
        {
            "Time": "2022-12-01",
            "value": 0.5658115620217696
        },
        {
            "Time": "2022-12-02",
            "value": 0.6450531002870911
        },
        {
            "Time": "2022-12-03",
            "value": 1.0588727544285645
        },
        {
            "Time": "2022-12-04",
            "value": 0.7746257335938274
        },
        {
            "Time": "2022-12-05",
            "value": 0.6414881556941251
        },
        {
            "Time": "2022-12-06",
            "value": 1.0177755467027976
        },
        {
            "Time": "2022-12-07",
            "value": 0.2986483708298725
        },
        {
            "Time": "2022-12-08",
            "value": 1.3472310019171974
        },
        {
            "Time": "2022-12-09",
            "value": 1.1848169006172407
        },
        {
            "Time": "2022-12-10",
            "value": 2.1427211348329944
        },
        {
            "Time": "2022-12-11",
            "value": 0.5948788973000657
        },
        {
            "Time": "2022-12-12",
            "value": 1.537628098703837
        },
        {
            "Time": "2022-12-13",
            "value": 1.7043757920320353
        },
        {
            "Time": "2022-12-14",
            "value": 1.0653591639872833
        },
        {
            "Time": "2022-12-15",
            "value": 0.7686528328605563
        },
        {
            "Time": "2022-12-16",
            "value": 0.49544221209578115
        },
        {
            "Time": "2022-12-17",
            "value": 0.6790921565639562
        },
        {
            "Time": "2022-12-18",
            "value": 3.4359107272622245
        },
        {
            "Time": "2022-12-19",
            "value": 3.022242914460789
        },
        {
            "Time": "2022-12-20",
            "value": 1.4642486567396522
        },
        {
            "Time": "2022-12-21",
            "value": 2.6598148845352076
        },
        {
            "Time": "2022-12-22",
            "value": 2.9345107012997493
        },
        {
            "Time": "2022-12-23",
            "value": 3.060042526966067
        },
        {
            "Time": "2022-12-24",
            "value": 3.3973435187278356
        },
        {
            "Time": "2022-12-25",
            "value": 3.372204417783431
        },
        {
            "Time": "2022-12-26",
            "value": 2.290347160125254
        },
        {
            "Time": "2022-12-27",
            "value": 1.2149161666056212
        },
        {
            "Time": "2022-12-28",
            "value": 0.7466492190326256
        },
        {
            "Time": "2022-12-29",
            "value": 0.46804591201563656
        },
        {
            "Time": "2022-12-30",
            "value": 0.7017650971744819
        },
        {
            "Time": "2022-12-31",
            "value": 1.7765779864487197
        },
        {
            "Time": "2023-01-01",
            "value": 1.168500782456104
        },
        {
            "Time": "2023-01-02",
            "value": 0.6006965358618717
        },
        {
            "Time": "2023-01-03",
            "value": 0.6506391243529237
        },
        {
            "Time": "2023-01-04",
            "value": 0.7034159394161251
        },
        {
            "Time": "2023-01-05",
            "value": 0.8953385880028292
        },
        {
            "Time": "2023-01-06",
            "value": 3.0074085460117557
        },
        {
            "Time": "2023-01-07",
            "value": 2.935707739399875
        },
        {
            "Time": "2023-01-08",
            "value": 2.9348018168168224
        },
        {
            "Time": "2023-01-09",
            "value": 0.7924496483632569
        },
        {
            "Time": "2023-01-10",
            "value": 0.8539418337014986
        },
        {
            "Time": "2023-01-11",
            "value": 1.156522604118241
        },
        {
            "Time": "2023-01-12",
            "value": 2.028085159693601
        },
        {
            "Time": "2023-01-13",
            "value": 0.5850488884483115
        },
        {
            "Time": "2023-01-14",
            "value": 1.9643287553873685
        },
        {
            "Time": "2023-01-15",
            "value": 0.6251956851838734
        },
        {
            "Time": "2023-01-16",
            "value": 2.5960269116566863
        },
        {
            "Time": "2023-01-17",
            "value": 0.7599520581946503
        },
        {
            "Time": "2023-01-18",
            "value": 2.824212391003914
        },
        {
            "Time": "2023-01-19",
            "value": 2.5183680494076612
        },
        {
            "Time": "2023-01-20",
            "value": 1.2653319294752867
        },
        {
            "Time": "2023-01-21",
            "value": 0.4552190169959034
        },
        {
            "Time": "2023-01-22",
            "value": 2.5482430682589126
        },
        {
            "Time": "2023-01-23",
            "value": 0.44780652856310016
        },
        {
            "Time": "2023-01-24",
            "value": 2.3410137637739243
        },
        {
            "Time": "2023-01-25",
            "value": 3.040237764189475
        },
        {
            "Time": "2023-01-26",
            "value": 1.7437320816056396
        },
        {
            "Time": "2023-01-27",
            "value": 2.8863921720218246
        },
        {
            "Time": "2023-01-28",
            "value": 3.221120988057232
        },
        {
            "Time": "2023-01-29",
            "value": 3.42579039377525
        },
        {
            "Time": "2023-01-30",
            "value": 3.5415982492701246
        },
        {
            "Time": "2023-01-31",
            "value": 3.5934843721185095
        },
        {
            "Time": "2023-02-01",
            "value": 0.8182831275224757
        },
        {
            "Time": "2023-02-02",
            "value": 1.7744578487462122
        },
        {
            "Time": "2023-02-03",
            "value": 0.9047212002808512
        },
        {
            "Time": "2023-02-04",
            "value": 0.33609280351310183
        },
        {
            "Time": "2023-02-05",
            "value": 0.6830143456353115
        },
        {
            "Time": "2023-02-06",
            "value": 2.547381344342488
        },
        {
            "Time": "2023-02-07",
            "value": 0.6775078154843324
        },
        {
            "Time": "2023-02-08",
            "value": 0.3835249673506309
        },
        {
            "Time": "2023-02-09",
            "value": 0.8166922929945215
        },
        {
            "Time": "2023-02-10",
            "value": 0.4662431097205243
        },
        {
            "Time": "2023-02-11",
            "value": 1.4747600411805857
        },
        {
            "Time": "2023-02-12",
            "value": 1.9503339013516836
        },
        {
            "Time": "2023-02-13",
            "value": 0.689508972818426
        },
        {
            "Time": "2023-02-14",
            "value": 1.7010376301717496
        },
        {
            "Time": "2023-02-15",
            "value": 3.9794877207238826
        },
        {
            "Time": "2023-02-16",
            "value": 4.65065963619352
        },
        {
            "Time": "2023-02-17",
            "value": 3.4484927479638308
        },
        {
            "Time": "2023-02-18",
            "value": 4.067416487662115
        },
        {
            "Time": "2023-02-19",
            "value": 1.335786697760402
        },
        {
            "Time": "2023-02-20",
            "value": 2.591756958502383
        },
        {
            "Time": "2023-02-21",
            "value": 4.715853534323207
        },
        {
            "Time": "2023-02-22",
            "value": 4.097906324648756
        },
        {
            "Time": "2023-02-23",
            "value": 4.017195668835054
        },
        {
            "Time": "2023-02-24",
            "value": 1.8278685351389834
        },
        {
            "Time": "2023-02-25",
            "value": 4.469953968795285
        },
        {
            "Time": "2023-02-26",
            "value": 5.068619422362982
        },
        {
            "Time": "2023-02-27",
            "value": 4.58762850322756
        },
        {
            "Time": "2023-02-28",
            "value": 2.495418963141317
        },
        {
            "Time": "2023-03-01",
            "value": 2.608990141054361
        },
        {
            "Time": "2023-03-02",
            "value": 3.4516887613459386
        },
        {
            "Time": "2023-03-03",
            "value": 4.610702579313435
        },
        {
            "Time": "2023-03-04",
            "value": 5.272332619229383
        },
        {
            "Time": "2023-03-05",
            "value": 5.205700571103809
        },
        {
            "Time": "2023-03-06",
            "value": 5.442616251630846
        },
        {
            "Time": "2023-03-07",
            "value": 5.400374685138623
        },
        {
            "Time": "2023-03-08",
            "value": 4.9272721464002665
        },
        {
            "Time": "2023-03-09",
            "value": 4.138208658297234
        },
        {
            "Time": "2023-03-10",
            "value": 5.618810025310571
        },
        {
            "Time": "2023-03-11",
            "value": 4.706523539731879
        },
        {
            "Time": "2023-03-12",
            "value": 1.0828318710073348
        },
        {
            "Time": "2023-03-13",
            "value": 4.486797982598235
        },
        {
            "Time": "2023-03-14",
            "value": 5.8551047867063994
        },
        {
            "Time": "2023-03-15",
            "value": 4.871000819618931
        },
        {
            "Time": "2023-03-16",
            "value": 4.907591236124161
        },
        {
            "Time": "2023-03-17",
            "value": 2.7881730170070282
        },
        {
            "Time": "2023-03-18",
            "value": 0.7518023737679131
        },
        {
            "Time": "2023-03-19",
            "value": 0.33453449800740215
        },
        {
            "Time": "2023-03-20",
            "value": 4.078470020777035
        },
        {
            "Time": "2023-03-21",
            "value": 2.152332103637988
        },
        {
            "Time": "2023-03-22",
            "value": 3.8556021215638947
        },
        {
            "Time": "2023-03-23",
            "value": 0.3965902616660435
        },
        {
            "Time": "2023-03-24",
            "value": 0.46194534466963705
        },
        {
            "Time": "2023-03-25",
            "value": 0.5787033593619049
        },
        {
            "Time": "2023-03-26",
            "value": 2.026190376145662
        },
        {
            "Time": "2023-03-27",
            "value": 0.0
        }
    ]
}