{
    "data": [
        {
            "Time": "2022-11-27",
            "value": 0.09524852336064549
        },
        {
            "Time": "2022-11-28",
            "value": 0.43102220138519964
        },
        {
            "Time": "2022-11-29",
            "value": 0.5981570054321018
        },
        {
            "Time": "2022-11-30",
            "value": 0.15117368798800446
        },
        {
            "Time": "2022-12-01",
            "value": 0.2027435207962805
        },
        {
            "Time": "2022-12-02",
            "value": 0.20866242584745204
        },
        {
            "Time": "2022-12-03",
            "value": 0.3559982136253573
        },
        {
            "Time": "2022-12-04",
            "value": 0.2619468219925538
        },
        {
            "Time": "2022-12-05",
            "value": 0.2167796084604962
        },
        {
            "Time": "2022-12-06",
            "value": 0.3561226137268747
        },
        {
            "Time": "2022-12-07",
            "value": 0.06802485932264421
        },
        {
            "Time": "2022-12-08",
            "value": 0.47952122172317113
        },
        {
            "Time": "2022-12-09",
            "value": 0.4040210141779278
        },
        {
            "Time": "2022-12-10",
            "value": 0.8466335150087088
        },
        {
            "Time": "2022-12-11",
            "value": 0.19050257100454454
        },
        {
            "Time": "2022-12-12",
            "value": 0.6474669069936163
        },
        {
            "Time": "2022-12-13",
            "value": 0.686785081251942
        },
        {
            "Time": "2022-12-14",
            "value": 0.35854883449280434
        },
        {
            "Time": "2022-12-15",
            "value": 0.25013075659696615
        },
        {
            "Time": "2022-12-16",
            "value": 0.14796232304911033
        },
        {
            "Time": "2022-12-17",
            "value": 0.20274508235969455
        },
        {
            "Time": "2022-12-18",
            "value": 0.856195157972124
        },
        {
            "Time": "2022-12-19",
            "value": 1.2151379392322843
        },
        {
            "Time": "2022-12-20",
            "value": 0.2595118395508365
        },
        {
            "Time": "2022-12-21",
            "value": 0.8139367992027583
        },
        {
            "Time": "2022-12-22",
            "value": 0.758629249890349
        },
        {
            "Time": "2022-12-23",
            "value": 0.9231524733495327
        },
        {
            "Time": "2022-12-24",
            "value": 0.6692754810587574
        },
        {
            "Time": "2022-12-25",
            "value": 0.8376707475061715
        },
        {
            "Time": "2022-12-26",
            "value": 0.7386867679797732
        },
        {
            "Time": "2022-12-27",
            "value": 0.40699116635911914
        },
        {
            "Time": "2022-12-28",
            "value": 0.2512706651129353
        },
        {
            "Time": "2022-12-29",
            "value": 0.1413098791003909
        },
        {
            "Time": "2022-12-30",
            "value": 0.22713751846481853
        },
        {
            "Time": "2022-12-31",
            "value": 0.7021356013198033
        },
        {
            "Time": "2023-01-01",
            "value": 0.3812065578796305
        },
        {
            "Time": "2023-01-02",
            "value": 0.1917899041420177
        },
        {
            "Time": "2023-01-03",
            "value": 0.2178983315997909
        },
        {
            "Time": "2023-01-04",
            "value": 0.23419064705748718
        },
        {
            "Time": "2023-01-05",
            "value": 0.29290115577679704
        },
        {
            "Time": "2023-01-06",
            "value": 1.073021059592472
        },
        {
            "Time": "2023-01-07",
            "value": 0.7885949344574399
        },
        {
            "Time": "2023-01-08",
            "value": 0.8494281013215287
        },
        {
            "Time": "2023-01-09",
            "value": 0.2580292220322124
        },
        {
            "Time": "2023-01-10",
            "value": 0.2784408331356021
        },
        {
            "Time": "2023-01-11",
            "value": 0.3828199661013424
        },
        {
            "Time": "2023-01-12",
            "value": 0.831939724396523
        },
        {
            "Time": "2023-01-13",
            "value": 0.18238121579216585
        },
        {
            "Time": "2023-01-14",
            "value": 0.7083507838282657
        },
        {
            "Time": "2023-01-15",
            "value": 0.20227781385161725
        },
        {
            "Time": "2023-01-16",
            "value": 0.9385087841266121
        },
        {
            "Time": "2023-01-17",
            "value": 0.24520951048590614
        },
        {
            "Time": "2023-01-18",
            "value": 1.1371955502068047
        },
        {
            "Time": "2023-01-19",
            "value": 1.1125501272980292
        },
        {
            "Time": "2023-01-20",
            "value": 0.387937354042695
        },
        {
            "Time": "2023-01-21",
            "value": 0.1327138986792556
        },
        {
            "Time": "2023-01-22",
            "value": 1.1774485942923227
        },
        {
            "Time": "2023-01-23",
            "value": 0.13631271533354986
        },
        {
            "Time": "2023-01-24",
            "value": 0.8700837584404528
        },
        {
            "Time": "2023-01-25",
            "value": 1.2627471194586704
        },
        {
            "Time": "2023-01-26",
            "value": 0.7525821672554385
        },
        {
            "Time": "2023-01-27",
            "value": 1.3673542392479345
        },
        {
            "Time": "2023-01-28",
            "value": 1.4808539213031195
        },
        {
            "Time": "2023-01-29",
            "value": 1.5648843821978435
        },
        {
            "Time": "2023-01-30",
            "value": 1.5117762503613679
        },
        {
            "Time": "2023-01-31",
            "value": 1.124593393224638
        },
        {
            "Time": "2023-02-01",
            "value": 0.2559916222948091
        },
        {
            "Time": "2023-02-02",
            "value": 0.5514913773727528
        },
        {
            "Time": "2023-02-03",
            "value": 0.2978461612934391
        },
        {
            "Time": "2023-02-04",
            "value": 0.0676886954136502
        },
        {
            "Time": "2023-02-05",
            "value": 0.22580423946622524
        },
        {
            "Time": "2023-02-06",
            "value": 0.9545908168750507
        },
        {
            "Time": "2023-02-07",
            "value": 0.21953430678748956
        },
        {
            "Time": "2023-02-08",
            "value": 0.10535921437576282
        },
        {
            "Time": "2023-02-09",
            "value": 0.24788413844556623
        },
        {
            "Time": "2023-02-10",
            "value": 0.14459006600674404
        },
        {
            "Time": "2023-02-11",
            "value": 0.4639537704721088
        },
        {
            "Time": "2023-02-12",
            "value": 0.6529474290134644
        },
        {
            "Time": "2023-02-13",
            "value": 0.21410253084691766
        },
        {
            "Time": "2023-02-14",
            "value": 0.5418502777795072
        },
        {
            "Time": "2023-02-15",
            "value": 1.1624317055166802
        },
        {
            "Time": "2023-02-16",
            "value": 1.3850077099132645
        },
        {
            "Time": "2023-02-17",
            "value": 1.0679441432443286
        },
        {
            "Time": "2023-02-18",
            "value": 1.3178950637354083
        },
        {
            "Time": "2023-02-19",
            "value": 0.4661761445090236
        },
        {
            "Time": "2023-02-20",
            "value": 0.8960733450178164
        },
        {
            "Time": "2023-02-21",
            "value": 1.503698741408415
        },
        {
            "Time": "2023-02-22",
            "value": 1.2533808928355106
        },
        {
            "Time": "2023-02-23",
            "value": 1.2476794003331009
        },
        {
            "Time": "2023-02-24",
            "value": 0.6181220192965655
        },
        {
            "Time": "2023-02-25",
            "value": 1.309337399251457
        },
        {
            "Time": "2023-02-26",
            "value": 1.4394137064772201
        },
        {
            "Time": "2023-02-27",
            "value": 1.3749943216400307
        },
        {
            "Time": "2023-02-28",
            "value": 0.8533749774268136
        },
        {
            "Time": "2023-03-01",
            "value": 0.8142006696905643
        },
        {
            "Time": "2023-03-02",
            "value": 1.0498818760992705
        },
        {
            "Time": "2023-03-03",
            "value": 1.2772209644670593
        },
        {
            "Time": "2023-03-04",
            "value": 1.4487171495712907
        },
        {
            "Time": "2023-03-05",
            "value": 1.4568433473173665
        },
        {
            "Time": "2023-03-06",
            "value": 1.518615270352146
        },
        {
            "Time": "2023-03-07",
            "value": 1.4861860935042353
        },
        {
            "Time": "2023-03-08",
            "value": 1.3911212948878962
        },
        {
            "Time": "2023-03-09",
            "value": 1.1235029898588405
        },
        {
            "Time": "2023-03-10",
            "value": 1.6368734491273245
        },
        {
            "Time": "2023-03-11",
            "value": 1.2723007586054356
        },
        {
            "Time": "2023-03-12",
            "value": 0.3766963242616604
        },
        {
            "Time": "2023-03-13",
            "value": 1.320520972901668
        },
        {
            "Time": "2023-03-14",
            "value": 1.7547177497739823
        },
        {
            "Time": "2023-03-15",
            "value": 1.3563845166879214
        },
        {
            "Time": "2023-03-16",
            "value": 1.3758578044258343
        },
        {
            "Time": "2023-03-17",
            "value": 0.8296747793690611
        },
        {
            "Time": "2023-03-18",
            "value": 0.23995866498858132
        },
        {
            "Time": "2023-03-19",
            "value": 0.0780012786362902
        },
        {
            "Time": "2023-03-20",
            "value": 1.2358094206581447
        },
        {
            "Time": "2023-03-21",
            "value": 0.7237273697598373
        },
        {
            "Time": "2023-03-22",
            "value": 1.183009737905036
        },
        {
            "Time": "2023-03-23",
            "value": 0.11689224301482963
        },
        {
            "Time": "2023-03-24",
            "value": 0.1293448127847943
        },
        {
            "Time": "2023-03-25",
            "value": 0.1943702755489761
        },
        {
            "Time": "2023-03-26",
            "value": 0.7162207395161612
        },
        {
            "Time": "2023-03-27",
            "value": 0.0
        }
    ]
}