{
    "data": [
        {
            "Time": "2022-11-27",
            "value": 0.30191102511121665
        },
        {
            "Time": "2022-11-28",
            "value": 1.0411533771926214
        },
        {
            "Time": "2022-11-29",
            "value": 0.8880556228838176
        },
        {
            "Time": "2022-11-30",
            "value": 0.4412067389861201
        },
        {
            "Time": "2022-12-01",
            "value": 0.5196205716317609
        },
        {
            "Time": "2022-12-02",
            "value": 0.5868023090680912
        },
        {
            "Time": "2022-12-03",
            "value": 0.9747248978687933
        },
        {
            "Time": "2022-12-04",
            "value": 0.7104399041525774
        },
        {
            "Time": "2022-12-05",
            "value": 0.602842135933879
        },
        {
            "Time": "2022-12-06",
            "value": 0.9258210846387731
        },
        {
            "Time": "2022-12-07",
            "value": 0.2439714611049593
        },
        {
            "Time": "2022-12-08",
            "value": 1.1499988850598084
        },
        {
            "Time": "2022-12-09",
            "value": 1.0587176726932805
        },
        {
            "Time": "2022-12-10",
            "value": 1.7652573238240825
        },
        {
            "Time": "2022-12-11",
            "value": 0.543834963417748
        },
        {
            "Time": "2022-12-12",
            "value": 1.0861166852656343
        },
        {
            "Time": "2022-12-13",
            "value": 1.526629148163853
        },
        {
            "Time": "2022-12-14",
            "value": 0.9603650486999212
        },
        {
            "Time": "2022-12-15",
            "value": 0.7058180013063479
        },
        {
            "Time": "2022-12-16",
            "value": 0.4384837098293282
        },
        {
            "Time": "2022-12-17",
            "value": 0.5711379446684437
        },
        {
            "Time": "2022-12-18",
            "value": 2.5955453532373887
        },
        {
            "Time": "2022-12-19",
            "value": 2.360718672907263
        },
        {
            "Time": "2022-12-20",
            "value": 1.3208259982879595
        },
        {
            "Time": "2022-12-21",
            "value": 1.753590711533365
        },
        {
            "Time": "2022-12-22",
            "value": 1.6821330394376541
        },
        {
            "Time": "2022-12-23",
            "value": 1.7513355786980993
        },
        {
            "Time": "2022-12-24",
            "value": 2.603339205702294
        },
        {
            "Time": "2022-12-25",
            "value": 2.5643286750911964
        },
        {
            "Time": "2022-12-26",
            "value": 1.8386757774044222
        },
        {
            "Time": "2022-12-27",
            "value": 1.0556791453007706
        },
        {
            "Time": "2022-12-28",
            "value": 0.6821850258945339
        },
        {
            "Time": "2022-12-29",
            "value": 0.4149691038693891
        },
        {
            "Time": "2022-12-30",
            "value": 0.6328239044150437
        },
        {
            "Time": "2022-12-31",
            "value": 1.2899896299547364
        },
        {
            "Time": "2023-01-01",
            "value": 1.069820093887157
        },
        {
            "Time": "2023-01-02",
            "value": 0.5374923644871757
        },
        {
            "Time": "2023-01-03",
            "value": 0.5965811697760796
        },
        {
            "Time": "2023-01-04",
            "value": 0.6301779818827156
        },
        {
            "Time": "2023-01-05",
            "value": 0.8262390125939815
        },
        {
            "Time": "2023-01-06",
            "value": 2.0625553869978948
        },
        {
            "Time": "2023-01-07",
            "value": 1.9597717840539948
        },
        {
            "Time": "2023-01-08",
            "value": 2.0014875915114514
        },
        {
            "Time": "2023-01-09",
            "value": 0.7147400030501998
        },
        {
            "Time": "2023-01-10",
            "value": 0.789104139365415
        },
        {
            "Time": "2023-01-11",
            "value": 1.085016846606555
        },
        {
            "Time": "2023-01-12",
            "value": 1.7388415433800783
        },
        {
            "Time": "2023-01-13",
            "value": 0.5208221039029154
        },
        {
            "Time": "2023-01-14",
            "value": 1.643061300219047
        },
        {
            "Time": "2023-01-15",
            "value": 0.5653015972670815
        },
        {
            "Time": "2023-01-16",
            "value": 2.092169447611062
        },
        {
            "Time": "2023-01-17",
            "value": 0.6864122123977846
        },
        {
            "Time": "2023-01-18",
            "value": 2.0966985639054467
        },
        {
            "Time": "2023-01-19",
            "value": 1.9692560695140375
        },
        {
            "Time": "2023-01-20",
            "value": 1.1567454348304882
        },
        {
            "Time": "2023-01-21",
            "value": 0.40158296712890024
        },
        {
            "Time": "2023-01-22",
            "value": 1.8608931899032595
        },
        {
            "Time": "2023-01-23",
            "value": 0.3916492480535684
        },
        {
            "Time": "2023-01-24",
            "value": 1.376910296723023
        },
        {
            "Time": "2023-01-25",
            "value": 2.282417070133424
        },
        {
            "Time": "2023-01-26",
            "value": 1.6044222553464507
        },
        {
            "Time": "2023-01-27",
            "value": 1.8403909515121475
        },
        {
            "Time": "2023-01-28",
            "value": 2.2872134877076755
        },
        {
            "Time": "2023-01-29",
            "value": 2.8664677276371093
        },
        {
            "Time": "2023-01-30",
            "value": 2.9781847915701745
        },
        {
            "Time": "2023-01-31",
            "value": 2.522830912371051
        },
        {
            "Time": "2023-02-01",
            "value": 0.7333585329665707
        },
        {
            "Time": "2023-02-02",
            "value": 1.2540475949186864
        },
        {
            "Time": "2023-02-03",
            "value": 0.8223048440047673
        },
        {
            "Time": "2023-02-04",
            "value": 0.2873249974422529
        },
        {
            "Time": "2023-02-05",
            "value": 0.6070002433927953
        },
        {
            "Time": "2023-02-06",
            "value": 2.0422379978597274
        },
        {
            "Time": "2023-02-07",
            "value": 0.609638644065985
        },
        {
            "Time": "2023-02-08",
            "value": 0.331987108932996
        },
        {
            "Time": "2023-02-09",
            "value": 0.7077894683098928
        },
        {
            "Time": "2023-02-10",
            "value": 0.4177927220562664
        },
        {
            "Time": "2023-02-11",
            "value": 1.132056256622165
        },
        {
            "Time": "2023-02-12",
            "value": 1.4612079847502673
        },
        {
            "Time": "2023-02-13",
            "value": 0.6587871191269807
        },
        {
            "Time": "2023-02-14",
            "value": 1.33081755889591
        },
        {
            "Time": "2023-02-15",
            "value": 2.9011752433640607
        },
        {
            "Time": "2023-02-16",
            "value": 4.029641237792357
        },
        {
            "Time": "2023-02-17",
            "value": 2.7720391905323365
        },
        {
            "Time": "2023-02-18",
            "value": 3.351504988856811
        },
        {
            "Time": "2023-02-19",
            "value": 1.208015635213017
        },
        {
            "Time": "2023-02-20",
            "value": 2.195703928365715
        },
        {
            "Time": "2023-02-21",
            "value": 4.5057038540776455
        },
        {
            "Time": "2023-02-22",
            "value": 3.348197718910422
        },
        {
            "Time": "2023-02-23",
            "value": 3.438054128997252
        },
        {
            "Time": "2023-02-24",
            "value": 1.6663968830555898
        },
        {
            "Time": "2023-02-25",
            "value": 4.167385482494904
        },
        {
            "Time": "2023-02-26",
            "value": 4.850703196538861
        },
        {
            "Time": "2023-02-27",
            "value": 3.8247495839806076
        },
        {
            "Time": "2023-02-28",
            "value": 2.3236821283298617
        },
        {
            "Time": "2023-03-01",
            "value": 2.374383559956902
        },
        {
            "Time": "2023-03-02",
            "value": 2.772791948272695
        },
        {
            "Time": "2023-03-03",
            "value": 4.326435235669813
        },
        {
            "Time": "2023-03-04",
            "value": 4.858042817218737
        },
        {
            "Time": "2023-03-05",
            "value": 4.852011179055556
        },
        {
            "Time": "2023-03-06",
            "value": 5.126633855107158
        },
        {
            "Time": "2023-03-07",
            "value": 5.161236846203535
        },
        {
            "Time": "2023-03-08",
            "value": 4.9557398945544495
        },
        {
            "Time": "2023-03-09",
            "value": 3.622138430585535
        },
        {
            "Time": "2023-03-10",
            "value": 5.503668621671528
        },
        {
            "Time": "2023-03-11",
            "value": 4.820005300610845
        },
        {
            "Time": "2023-03-12",
            "value": 0.9937092964936467
        },
        {
            "Time": "2023-03-13",
            "value": 4.336231613192018
        },
        {
            "Time": "2023-03-14",
            "value": 5.796202629724593
        },
        {
            "Time": "2023-03-15",
            "value": 4.717214384622228
        },
        {
            "Time": "2023-03-16",
            "value": 4.694227700240441
        },
        {
            "Time": "2023-03-17",
            "value": 2.8132804402847325
        },
        {
            "Time": "2023-03-18",
            "value": 0.6773893696392275
        },
        {
            "Time": "2023-03-19",
            "value": 0.28247139788831843
        },
        {
            "Time": "2023-03-20",
            "value": 3.7582550801569323
        },
        {
            "Time": "2023-03-21",
            "value": 2.0446686017645743
        },
        {
            "Time": "2023-03-22",
            "value": 3.698706425253315
        },
        {
            "Time": "2023-03-23",
            "value": 0.34860934170119584
        },
        {
            "Time": "2023-03-24",
            "value": 0.3973789468776258
        },
        {
            "Time": "2023-03-25",
            "value": 0.516287205053199
        },
        {
            "Time": "2023-03-26",
            "value": 1.9034067594513007
        },
        {
            "Time": "2023-03-27",
            "value": 0.0
        }
    ]
}