{
    "data": [
        {
            "Time": "2022-11-27",
            "value": 0.1496505263636762
        },
        {
            "Time": "2022-11-28",
            "value": 0.5776258475094149
        },
        {
            "Time": "2022-11-29",
            "value": 0.5885465584641275
        },
        {
            "Time": "2022-11-30",
            "value": 0.21955422131758118
        },
        {
            "Time": "2022-12-01",
            "value": 0.2791788197042402
        },
        {
            "Time": "2022-12-02",
            "value": 0.3117104284670908
        },
        {
            "Time": "2022-12-03",
            "value": 0.5185574634047824
        },
        {
            "Time": "2022-12-04",
            "value": 0.38548366736209405
        },
        {
            "Time": "2022-12-05",
            "value": 0.32214358431847206
        },
        {
            "Time": "2022-12-06",
            "value": 0.5041702854793232
        },
        {
            "Time": "2022-12-07",
            "value": 0.11496805671986596
        },
        {
            "Time": "2022-12-08",
            "value": 0.6694572024436004
        },
        {
            "Time": "2022-12-09",
            "value": 0.5780218888678167
        },
        {
            "Time": "2022-12-10",
            "value": 1.0280020213706904
        },
        {
            "Time": "2022-12-11",
            "value": 0.2919530286360416
        },
        {
            "Time": "2022-12-12",
            "value": 0.6969306843742409
        },
        {
            "Time": "2022-12-13",
            "value": 0.9379295057847915
        },
        {
            "Time": "2022-12-14",
            "value": 0.520636007623053
        },
        {
            "Time": "2022-12-15",
            "value": 0.382836945113994
        },
        {
            "Time": "2022-12-16",
            "value": 0.23436933131008503
        },
        {
            "Time": "2022-12-17",
            "value": 0.30633704426992875
        },
        {
            "Time": "2022-12-18",
            "value": 1.260286092537437
        },
        {
            "Time": "2022-12-19",
            "value": 1.133869355080978
        },
        {
            "Time": "2022-12-20",
            "value": 0.7551540734085387
        },
        {
            "Time": "2022-12-21",
            "value": 1.1198828781245729
        },
        {
            "Time": "2022-12-22",
            "value": 1.2705913516311567
        },
        {
            "Time": "2022-12-23",
            "value": 1.2360097830240284
        },
        {
            "Time": "2022-12-24",
            "value": 1.573461177804469
        },
        {
            "Time": "2022-12-25",
            "value": 1.5503558763241863
        },
        {
            "Time": "2022-12-26",
            "value": 1.2222148340793335
        },
        {
            "Time": "2022-12-27",
            "value": 0.6393074263772721
        },
        {
            "Time": "2022-12-28",
            "value": 0.37512731326548615
        },
        {
            "Time": "2022-12-29",
            "value": 0.21764583164830556
        },
        {
            "Time": "2022-12-30",
            "value": 0.33622993899893516
        },
        {
            "Time": "2022-12-31",
            "value": 0.9487745579170587
        },
        {
            "Time": "2023-01-01",
            "value": 0.5887730046469407
        },
        {
            "Time": "2023-01-02",
            "value": 0.28151877775836953
        },
        {
            "Time": "2023-01-03",
            "value": 0.31162015608886073
        },
        {
            "Time": "2023-01-04",
            "value": 0.33310270960206656
        },
        {
            "Time": "2023-01-05",
            "value": 0.438841915564564
        },
        {
            "Time": "2023-01-06",
            "value": 1.2569466939751877
        },
        {
            "Time": "2023-01-07",
            "value": 1.3425924244511853
        },
        {
            "Time": "2023-01-08",
            "value": 1.2732555235595844
        },
        {
            "Time": "2023-01-09",
            "value": 0.3739774273866493
        },
        {
            "Time": "2023-01-10",
            "value": 0.42473311267685987
        },
        {
            "Time": "2023-01-11",
            "value": 0.5848801063126955
        },
        {
            "Time": "2023-01-12",
            "value": 0.9674773519912088
        },
        {
            "Time": "2023-01-13",
            "value": 0.2601182633759062
        },
        {
            "Time": "2023-01-14",
            "value": 0.9515800747421967
        },
        {
            "Time": "2023-01-15",
            "value": 0.30330054175697463
        },
        {
            "Time": "2023-01-16",
            "value": 1.1534481772547451
        },
        {
            "Time": "2023-01-17",
            "value": 0.3607834963269317
        },
        {
            "Time": "2023-01-18",
            "value": 1.2674345414748385
        },
        {
            "Time": "2023-01-19",
            "value": 1.1851327791949535
        },
        {
            "Time": "2023-01-20",
            "value": 0.6373045377062965
        },
        {
            "Time": "2023-01-21",
            "value": 0.20804216368633532
        },
        {
            "Time": "2023-01-22",
            "value": 1.1990770323298585
        },
        {
            "Time": "2023-01-23",
            "value": 0.20514817966084725
        },
        {
            "Time": "2023-01-24",
            "value": 0.8475748871040071
        },
        {
            "Time": "2023-01-25",
            "value": 1.3976780158802988
        },
        {
            "Time": "2023-01-26",
            "value": 0.8829799993555228
        },
        {
            "Time": "2023-01-27",
            "value": 1.2075712191985586
        },
        {
            "Time": "2023-01-28",
            "value": 1.256080404558174
        },
        {
            "Time": "2023-01-29",
            "value": 1.423073270872727
        },
        {
            "Time": "2023-01-30",
            "value": 1.4924498034591807
        },
        {
            "Time": "2023-01-31",
            "value": 1.4632272476211212
        },
        {
            "Time": "2023-02-01",
            "value": 0.37927315246828475
        },
        {
            "Time": "2023-02-02",
            "value": 0.7428737876554273
        },
        {
            "Time": "2023-02-03",
            "value": 0.438761130759937
        },
        {
            "Time": "2023-02-04",
            "value": 0.13398518491823988
        },
        {
            "Time": "2023-02-05",
            "value": 0.32485019640545554
        },
        {
            "Time": "2023-02-06",
            "value": 1.2261468639841633
        },
        {
            "Time": "2023-02-07",
            "value": 0.3173738144897111
        },
        {
            "Time": "2023-02-08",
            "value": 0.17219379563136858
        },
        {
            "Time": "2023-02-09",
            "value": 0.38143145644640514
        },
        {
            "Time": "2023-02-10",
            "value": 0.20872458465546587
        },
        {
            "Time": "2023-02-11",
            "value": 0.6489839462847482
        },
        {
            "Time": "2023-02-12",
            "value": 0.8819656600490947
        },
        {
            "Time": "2023-02-13",
            "value": 0.3451899508375643
        },
        {
            "Time": "2023-02-14",
            "value": 0.7413941336830487
        },
        {
            "Time": "2023-02-15",
            "value": 1.9606376501705762
        },
        {
            "Time": "2023-02-16",
            "value": 2.575242505606858
        },
        {
            "Time": "2023-02-17",
            "value": 1.795675605540822
        },
        {
            "Time": "2023-02-18",
            "value": 2.130190300959778
        },
        {
            "Time": "2023-02-19",
            "value": 0.6524558024258932
        },
        {
            "Time": "2023-02-20",
            "value": 1.29582929258628
        },
        {
            "Time": "2023-02-21",
            "value": 2.630584114217665
        },
        {
            "Time": "2023-02-22",
            "value": 2.1904417644724834
        },
        {
            "Time": "2023-02-23",
            "value": 2.057423000857633
        },
        {
            "Time": "2023-02-24",
            "value": 0.9438320695971233
        },
        {
            "Time": "2023-02-25",
            "value": 2.390215754645655
        },
        {
            "Time": "2023-02-26",
            "value": 2.8584995356013554
        },
        {
            "Time": "2023-02-27",
            "value": 2.4048591674163293
        },
        {
            "Time": "2023-02-28",
            "value": 1.3004748092629697
        },
        {
            "Time": "2023-03-01",
            "value": 1.3848210664323723
        },
        {
            "Time": "2023-03-02",
            "value": 1.6767371970368437
        },
        {
            "Time": "2023-03-03",
            "value": 2.5073033368843305
        },
        {
            "Time": "2023-03-04",
            "value": 2.865362982439061
        },
        {
            "Time": "2023-03-05",
            "value": 2.8215046608601266
        },
        {
            "Time": "2023-03-06",
            "value": 2.9642574519023173
        },
        {
            "Time": "2023-03-07",
            "value": 2.939833810756589
        },
        {
            "Time": "2023-03-08",
            "value": 2.710025170371522
        },
        {
            "Time": "2023-03-09",
            "value": 2.0291451620454675
        },
        {
            "Time": "2023-03-10",
            "value": 3.057757421055887
        },
        {
            "Time": "2023-03-11",
            "value": 2.5412738745257912
        },
        {
            "Time": "2023-03-12",
            "value": 0.5315075796743615
        },
        {
            "Time": "2023-03-13",
            "value": 2.350294654802105
        },
        {
            "Time": "2023-03-14",
            "value": 3.1659105515796298
        },
        {
            "Time": "2023-03-15",
            "value": 2.5190213333883307
        },
        {
            "Time": "2023-03-16",
            "value": 2.4832515488433535
        },
        {
            "Time": "2023-03-17",
            "value": 1.4673436474597967
        },
        {
            "Time": "2023-03-18",
            "value": 0.34836014963302464
        },
        {
            "Time": "2023-03-19",
            "value": 0.12887338891114167
        },
        {
            "Time": "2023-03-20",
            "value": 2.0251543540446635
        },
        {
            "Time": "2023-03-21",
            "value": 1.0822453208537217
        },
        {
            "Time": "2023-03-22",
            "value": 1.949205383846684
        },
        {
            "Time": "2023-03-23",
            "value": 0.1752954259907004
        },
        {
            "Time": "2023-03-24",
            "value": 0.18876369105094146
        },
        {
            "Time": "2023-03-25",
            "value": 0.27484898809667324
        },
        {
            "Time": "2023-03-26",
            "value": 1.02982537097884
        },
        {
            "Time": "2023-03-27",
            "value": 0.0
        }
    ]
}