{
    "data": [
        {
            "Time": "2022-11-27",
            "value": 0.14888892875414358
        },
        {
            "Time": "2022-11-28",
            "value": 0.4460218285550738
        },
        {
            "Time": "2022-11-29",
            "value": 0.5322813074733274
        },
        {
            "Time": "2022-11-30",
            "value": 0.20415159222759527
        },
        {
            "Time": "2022-12-01",
            "value": 0.2480751260370591
        },
        {
            "Time": "2022-12-02",
            "value": 0.2749505188475304
        },
        {
            "Time": "2022-12-03",
            "value": 0.44730200680383453
        },
        {
            "Time": "2022-12-04",
            "value": 0.3282430766222148
        },
        {
            "Time": "2022-12-05",
            "value": 0.281114174892661
        },
        {
            "Time": "2022-12-06",
            "value": 0.42996334545562237
        },
        {
            "Time": "2022-12-07",
            "value": 0.11900923977180827
        },
        {
            "Time": "2022-12-08",
            "value": 0.5875314834498578
        },
        {
            "Time": "2022-12-09",
            "value": 0.47025728196285055
        },
        {
            "Time": "2022-12-10",
            "value": 0.997887982790866
        },
        {
            "Time": "2022-12-11",
            "value": 0.2557979646979349
        },
        {
            "Time": "2022-12-12",
            "value": 0.6923103482772737
        },
        {
            "Time": "2022-12-13",
            "value": 0.8030834867017644
        },
        {
            "Time": "2022-12-14",
            "value": 0.4254230562864427
        },
        {
            "Time": "2022-12-15",
            "value": 0.3328450601771249
        },
        {
            "Time": "2022-12-16",
            "value": 0.2079295301843237
        },
        {
            "Time": "2022-12-17",
            "value": 0.2631576806992056
        },
        {
            "Time": "2022-12-18",
            "value": 1.2562715941348672
        },
        {
            "Time": "2022-12-19",
            "value": 1.2189889723099137
        },
        {
            "Time": "2022-12-20",
            "value": 0.9931069397217039
        },
        {
            "Time": "2022-12-21",
            "value": 0.9719018455955799
        },
        {
            "Time": "2022-12-22",
            "value": 1.0227890538437474
        },
        {
            "Time": "2022-12-23",
            "value": 0.9936470167587598
        },
        {
            "Time": "2022-12-24",
            "value": 1.2405077901263004
        },
        {
            "Time": "2022-12-25",
            "value": 1.247671934561894
        },
        {
            "Time": "2022-12-26",
            "value": 1.1270267290861127
        },
        {
            "Time": "2022-12-27",
            "value": 0.5806240635638988
        },
        {
            "Time": "2022-12-28",
            "value": 0.3150914898088988
        },
        {
            "Time": "2022-12-29",
            "value": 0.19831760795443149
        },
        {
            "Time": "2022-12-30",
            "value": 0.29797648629017914
        },
        {
            "Time": "2022-12-31",
            "value": 0.7785365242519273
        },
        {
            "Time": "2023-01-01",
            "value": 0.48802762364329894
        },
        {
            "Time": "2023-01-02",
            "value": 0.2521482560328526
        },
        {
            "Time": "2023-01-03",
            "value": 0.2768759094203214
        },
        {
            "Time": "2023-01-04",
            "value": 0.2928701767988461
        },
        {
            "Time": "2023-01-05",
            "value": 0.37789795312298186
        },
        {
            "Time": "2023-01-06",
            "value": 1.0436241142146752
        },
        {
            "Time": "2023-01-07",
            "value": 1.134134747243776
        },
        {
            "Time": "2023-01-08",
            "value": 1.1687810039588673
        },
        {
            "Time": "2023-01-09",
            "value": 0.32756675043954037
        },
        {
            "Time": "2023-01-10",
            "value": 0.37810617875620656
        },
        {
            "Time": "2023-01-11",
            "value": 0.4964074702582073
        },
        {
            "Time": "2023-01-12",
            "value": 0.9983420846050461
        },
        {
            "Time": "2023-01-13",
            "value": 0.25642214198226715
        },
        {
            "Time": "2023-01-14",
            "value": 1.0567039261887987
        },
        {
            "Time": "2023-01-15",
            "value": 0.26821069035701595
        },
        {
            "Time": "2023-01-16",
            "value": 1.1961846909582865
        },
        {
            "Time": "2023-01-17",
            "value": 0.31400601049465526
        },
        {
            "Time": "2023-01-18",
            "value": 1.4557720090885138
        },
        {
            "Time": "2023-01-19",
            "value": 1.3257079037500399
        },
        {
            "Time": "2023-01-20",
            "value": 0.5355510798996991
        },
        {
            "Time": "2023-01-21",
            "value": 0.1944943915883504
        },
        {
            "Time": "2023-01-22",
            "value": 1.023708908511749
        },
        {
            "Time": "2023-01-23",
            "value": 0.18769941619983774
        },
        {
            "Time": "2023-01-24",
            "value": 0.919750473095395
        },
        {
            "Time": "2023-01-25",
            "value": 1.7626070047280018
        },
        {
            "Time": "2023-01-26",
            "value": 1.0425063083421502
        },
        {
            "Time": "2023-01-27",
            "value": 1.7130593499253617
        },
        {
            "Time": "2023-01-28",
            "value": 1.8468335824543556
        },
        {
            "Time": "2023-01-29",
            "value": 1.9439797050504972
        },
        {
            "Time": "2023-01-30",
            "value": 2.039618264678792
        },
        {
            "Time": "2023-01-31",
            "value": 2.005246325220688
        },
        {
            "Time": "2023-02-01",
            "value": 0.3380805924411701
        },
        {
            "Time": "2023-02-02",
            "value": 0.6601912598493923
        },
        {
            "Time": "2023-02-03",
            "value": 0.37666883317808303
        },
        {
            "Time": "2023-02-04",
            "value": 0.1457894572247749
        },
        {
            "Time": "2023-02-05",
            "value": 0.2927006342208574
        },
        {
            "Time": "2023-02-06",
            "value": 1.1744053803309955
        },
        {
            "Time": "2023-02-07",
            "value": 0.2982952391683527
        },
        {
            "Time": "2023-02-08",
            "value": 0.163488717455317
        },
        {
            "Time": "2023-02-09",
            "value": 0.319807201201626
        },
        {
            "Time": "2023-02-10",
            "value": 0.2082125492383154
        },
        {
            "Time": "2023-02-11",
            "value": 0.4694334060828505
        },
        {
            "Time": "2023-02-12",
            "value": 0.7509091933017978
        },
        {
            "Time": "2023-02-13",
            "value": 0.33044091447552637
        },
        {
            "Time": "2023-02-14",
            "value": 0.5818133982601994
        },
        {
            "Time": "2023-02-15",
            "value": 1.9799868370176261
        },
        {
            "Time": "2023-02-16",
            "value": 2.4805582961491623
        },
        {
            "Time": "2023-02-17",
            "value": 1.7185490625805762
        },
        {
            "Time": "2023-02-18",
            "value": 2.002152241205998
        },
        {
            "Time": "2023-02-19",
            "value": 0.5367527946920753
        },
        {
            "Time": "2023-02-20",
            "value": 0.8740298515951358
        },
        {
            "Time": "2023-02-21",
            "value": 2.418532047266343
        },
        {
            "Time": "2023-02-22",
            "value": 1.9979601717980529
        },
        {
            "Time": "2023-02-23",
            "value": 1.7809250549590014
        },
        {
            "Time": "2023-02-24",
            "value": 0.7743323528704846
        },
        {
            "Time": "2023-02-25",
            "value": 2.089507946402569
        },
        {
            "Time": "2023-02-26",
            "value": 2.451639315847939
        },
        {
            "Time": "2023-02-27",
            "value": 2.114819945089005
        },
        {
            "Time": "2023-02-28",
            "value": 0.9630526062521164
        },
        {
            "Time": "2023-03-01",
            "value": 1.2628622586698013
        },
        {
            "Time": "2023-03-02",
            "value": 1.450311512690738
        },
        {
            "Time": "2023-03-03",
            "value": 2.139505366318808
        },
        {
            "Time": "2023-03-04",
            "value": 2.389937375788264
        },
        {
            "Time": "2023-03-05",
            "value": 2.3556781734111754
        },
        {
            "Time": "2023-03-06",
            "value": 2.5488249413836614
        },
        {
            "Time": "2023-03-07",
            "value": 2.566234315118109
        },
        {
            "Time": "2023-03-08",
            "value": 2.307947984882629
        },
        {
            "Time": "2023-03-09",
            "value": 1.7916035865911228
        },
        {
            "Time": "2023-03-10",
            "value": 2.669196047406032
        },
        {
            "Time": "2023-03-11",
            "value": 2.182006473795986
        },
        {
            "Time": "2023-03-12",
            "value": 0.4424038627907742
        },
        {
            "Time": "2023-03-13",
            "value": 2.0954243880881775
        },
        {
            "Time": "2023-03-14",
            "value": 2.8799994007421015
        },
        {
            "Time": "2023-03-15",
            "value": 2.2808362198797676
        },
        {
            "Time": "2023-03-16",
            "value": 2.3317356012527584
        },
        {
            "Time": "2023-03-17",
            "value": 1.2830295284041797
        },
        {
            "Time": "2023-03-18",
            "value": 0.30910425730678204
        },
        {
            "Time": "2023-03-19",
            "value": 0.1364649937706925
        },
        {
            "Time": "2023-03-20",
            "value": 1.8466732744428371
        },
        {
            "Time": "2023-03-21",
            "value": 0.9485326433306452
        },
        {
            "Time": "2023-03-22",
            "value": 1.7534584872438255
        },
        {
            "Time": "2023-03-23",
            "value": 0.1877283128863007
        },
        {
            "Time": "2023-03-24",
            "value": 0.1904912529983059
        },
        {
            "Time": "2023-03-25",
            "value": 0.25872693049810763
        },
        {
            "Time": "2023-03-26",
            "value": 0.8587581190625192
        },
        {
            "Time": "2023-03-27",
            "value": 0.0
        }
    ]
}