{
    "data": [
        {
            "Time": "2022-11-27",
            "value": 0.17691249872658796
        },
        {
            "Time": "2022-11-28",
            "value": 0.563034176974557
        },
        {
            "Time": "2022-11-29",
            "value": 0.6902371710336307
        },
        {
            "Time": "2022-11-30",
            "value": 0.2521668998239303
        },
        {
            "Time": "2022-12-01",
            "value": 0.2924965238317477
        },
        {
            "Time": "2022-12-02",
            "value": 0.31402475695249027
        },
        {
            "Time": "2022-12-03",
            "value": 0.5237751060850163
        },
        {
            "Time": "2022-12-04",
            "value": 0.39698938409348616
        },
        {
            "Time": "2022-12-05",
            "value": 0.33900240073302423
        },
        {
            "Time": "2022-12-06",
            "value": 0.5061319438016384
        },
        {
            "Time": "2022-12-07",
            "value": 0.13838063975420137
        },
        {
            "Time": "2022-12-08",
            "value": 0.6381161959612952
        },
        {
            "Time": "2022-12-09",
            "value": 0.5718974712441044
        },
        {
            "Time": "2022-12-10",
            "value": 1.6948096053801855
        },
        {
            "Time": "2022-12-11",
            "value": 0.3074888696805885
        },
        {
            "Time": "2022-12-12",
            "value": 0.8621140163952017
        },
        {
            "Time": "2022-12-13",
            "value": 1.2370128042548658
        },
        {
            "Time": "2022-12-14",
            "value": 0.512714643568413
        },
        {
            "Time": "2022-12-15",
            "value": 0.3898322555496233
        },
        {
            "Time": "2022-12-16",
            "value": 0.24487470910477546
        },
        {
            "Time": "2022-12-17",
            "value": 0.3090628483485471
        },
        {
            "Time": "2022-12-18",
            "value": 2.068317237870595
        },
        {
            "Time": "2022-12-19",
            "value": 1.9088606688531373
        },
        {
            "Time": "2022-12-20",
            "value": 1.408114460918523
        },
        {
            "Time": "2022-12-21",
            "value": 1.4517697948955306
        },
        {
            "Time": "2022-12-22",
            "value": 1.7763391323485025
        },
        {
            "Time": "2022-12-23",
            "value": 1.7921321009858104
        },
        {
            "Time": "2022-12-24",
            "value": 2.027956227023976
        },
        {
            "Time": "2022-12-25",
            "value": 2.055406927016852
        },
        {
            "Time": "2022-12-26",
            "value": 1.8014254401404404
        },
        {
            "Time": "2022-12-27",
            "value": 0.6733108489613051
        },
        {
            "Time": "2022-12-28",
            "value": 0.3740370368675926
        },
        {
            "Time": "2022-12-29",
            "value": 0.2297541422396316
        },
        {
            "Time": "2022-12-30",
            "value": 0.35192592615069446
        },
        {
            "Time": "2022-12-31",
            "value": 0.8711573143929425
        },
        {
            "Time": "2023-01-01",
            "value": 0.5905613052903473
        },
        {
            "Time": "2023-01-02",
            "value": 0.29457175506810185
        },
        {
            "Time": "2023-01-03",
            "value": 0.33886507846991404
        },
        {
            "Time": "2023-01-04",
            "value": 0.354745369411875
        },
        {
            "Time": "2023-01-05",
            "value": 0.45147156048354503
        },
        {
            "Time": "2023-01-06",
            "value": 1.9413427936979883
        },
        {
            "Time": "2023-01-07",
            "value": 2.1095538325869923
        },
        {
            "Time": "2023-01-08",
            "value": 1.9581899612200513
        },
        {
            "Time": "2023-01-09",
            "value": 0.3762593996943171
        },
        {
            "Time": "2023-01-10",
            "value": 0.43857372395838445
        },
        {
            "Time": "2023-01-11",
            "value": 0.5921836193889203
        },
        {
            "Time": "2023-01-12",
            "value": 1.2071875668131848
        },
        {
            "Time": "2023-01-13",
            "value": 0.28252950874441873
        },
        {
            "Time": "2023-01-14",
            "value": 1.3766721796411188
        },
        {
            "Time": "2023-01-15",
            "value": 0.31825826040790905
        },
        {
            "Time": "2023-01-16",
            "value": 1.6966419200391825
        },
        {
            "Time": "2023-01-17",
            "value": 0.36870535729450726
        },
        {
            "Time": "2023-01-18",
            "value": 1.9826596518074862
        },
        {
            "Time": "2023-01-19",
            "value": 1.5918301523274074
        },
        {
            "Time": "2023-01-20",
            "value": 0.6412269685232393
        },
        {
            "Time": "2023-01-21",
            "value": 0.23087060364476272
        },
        {
            "Time": "2023-01-22",
            "value": 1.4450612984321547
        },
        {
            "Time": "2023-01-23",
            "value": 0.21178121095836325
        },
        {
            "Time": "2023-01-24",
            "value": 0.800425638719096
        },
        {
            "Time": "2023-01-25",
            "value": 2.149384886485862
        },
        {
            "Time": "2023-01-26",
            "value": 1.1229502352806415
        },
        {
            "Time": "2023-01-27",
            "value": 1.8831563423664521
        },
        {
            "Time": "2023-01-28",
            "value": 2.310177524476682
        },
        {
            "Time": "2023-01-29",
            "value": 2.369328371846738
        },
        {
            "Time": "2023-01-30",
            "value": 2.543847919187532
        },
        {
            "Time": "2023-01-31",
            "value": 2.4388664268161984
        },
        {
            "Time": "2023-02-01",
            "value": 0.39028541902856606
        },
        {
            "Time": "2023-02-02",
            "value": 0.7911238730914609
        },
        {
            "Time": "2023-02-03",
            "value": 0.44211557391698525
        },
        {
            "Time": "2023-02-04",
            "value": 0.1603079279178537
        },
        {
            "Time": "2023-02-05",
            "value": 0.3217592555081597
        },
        {
            "Time": "2023-02-06",
            "value": 1.3249501910184571
        },
        {
            "Time": "2023-02-07",
            "value": 0.3184708254127106
        },
        {
            "Time": "2023-02-08",
            "value": 0.1800825753049316
        },
        {
            "Time": "2023-02-09",
            "value": 0.385142267893471
        },
        {
            "Time": "2023-02-10",
            "value": 0.23205547230484583
        },
        {
            "Time": "2023-02-11",
            "value": 0.6204294019765116
        },
        {
            "Time": "2023-02-12",
            "value": 0.8430613757572925
        },
        {
            "Time": "2023-02-13",
            "value": 0.386946980873149
        },
        {
            "Time": "2023-02-14",
            "value": 0.7003838141715526
        },
        {
            "Time": "2023-02-15",
            "value": 2.10106433921645
        },
        {
            "Time": "2023-02-16",
            "value": 2.7882041949013447
        },
        {
            "Time": "2023-02-17",
            "value": 1.7987985266676958
        },
        {
            "Time": "2023-02-18",
            "value": 2.2585768161290867
        },
        {
            "Time": "2023-02-19",
            "value": 0.6419933794994739
        },
        {
            "Time": "2023-02-20",
            "value": 1.1827389626778197
        },
        {
            "Time": "2023-02-21",
            "value": 2.7505113803786956
        },
        {
            "Time": "2023-02-22",
            "value": 2.1323001570866187
        },
        {
            "Time": "2023-02-23",
            "value": 1.9163915372466869
        },
        {
            "Time": "2023-02-24",
            "value": 0.9124630193210715
        },
        {
            "Time": "2023-02-25",
            "value": 2.336743761315571
        },
        {
            "Time": "2023-02-26",
            "value": 2.8001190260856452
        },
        {
            "Time": "2023-02-27",
            "value": 2.1919762721578335
        },
        {
            "Time": "2023-02-28",
            "value": 1.2532178979951247
        },
        {
            "Time": "2023-03-01",
            "value": 1.2921025116373928
        },
        {
            "Time": "2023-03-02",
            "value": 1.5505704780228848
        },
        {
            "Time": "2023-03-03",
            "value": 2.4507704305773355
        },
        {
            "Time": "2023-03-04",
            "value": 2.8035557332967453
        },
        {
            "Time": "2023-03-05",
            "value": 2.699843973666084
        },
        {
            "Time": "2023-03-06",
            "value": 2.844487204305994
        },
        {
            "Time": "2023-03-07",
            "value": 2.8055252999849105
        },
        {
            "Time": "2023-03-08",
            "value": 2.629865861103556
        },
        {
            "Time": "2023-03-09",
            "value": 1.903708010735934
        },
        {
            "Time": "2023-03-10",
            "value": 2.910130913181025
        },
        {
            "Time": "2023-03-11",
            "value": 2.469627618663686
        },
        {
            "Time": "2023-03-12",
            "value": 0.5364237850897905
        },
        {
            "Time": "2023-03-13",
            "value": 2.1907158441372374
        },
        {
            "Time": "2023-03-14",
            "value": 2.9317883245680756
        },
        {
            "Time": "2023-03-15",
            "value": 2.366084787869297
        },
        {
            "Time": "2023-03-16",
            "value": 2.3508942038285996
        },
        {
            "Time": "2023-03-17",
            "value": 1.4872178827628793
        },
        {
            "Time": "2023-03-18",
            "value": 0.35807261795698886
        },
        {
            "Time": "2023-03-19",
            "value": 0.15359998784372292
        },
        {
            "Time": "2023-03-20",
            "value": 1.8627328158267245
        },
        {
            "Time": "2023-03-21",
            "value": 1.0652037630442468
        },
        {
            "Time": "2023-03-22",
            "value": 1.8456080194026223
        },
        {
            "Time": "2023-03-23",
            "value": 0.2044429545902618
        },
        {
            "Time": "2023-03-24",
            "value": 0.2109842602774479
        },
        {
            "Time": "2023-03-25",
            "value": 0.2688202160097662
        },
        {
            "Time": "2023-03-26",
            "value": 1.0252383512200758
        },
        {
            "Time": "2023-03-27",
            "value": 0.0
        }
    ]
}