{
    "data": [
        {
            "Time": "2022-11-27",
            "value": 0.1565986676247801
        },
        {
            "Time": "2022-11-28",
            "value": 0.44171585115447665
        },
        {
            "Time": "2022-11-29",
            "value": 0.4641726344669544
        },
        {
            "Time": "2022-11-30",
            "value": 0.19105399709392615
        },
        {
            "Time": "2022-12-01",
            "value": 0.2151328135027413
        },
        {
            "Time": "2022-12-02",
            "value": 0.25001432431269593
        },
        {
            "Time": "2022-12-03",
            "value": 0.42998282548356
        },
        {
            "Time": "2022-12-04",
            "value": 0.3022077534058646
        },
        {
            "Time": "2022-12-05",
            "value": 0.25842362483048265
        },
        {
            "Time": "2022-12-06",
            "value": 0.39325925820410185
        },
        {
            "Time": "2022-12-07",
            "value": 0.11150462055053574
        },
        {
            "Time": "2022-12-08",
            "value": 0.4735937510540926
        },
        {
            "Time": "2022-12-09",
            "value": 0.4468067681176626
        },
        {
            "Time": "2022-12-10",
            "value": 0.803548744066012
        },
        {
            "Time": "2022-12-11",
            "value": 0.2296517121551073
        },
        {
            "Time": "2022-12-12",
            "value": 0.6297868341169341
        },
        {
            "Time": "2022-12-13",
            "value": 0.5764835759386805
        },
        {
            "Time": "2022-12-14",
            "value": 0.3938400878261615
        },
        {
            "Time": "2022-12-15",
            "value": 0.28572895016612654
        },
        {
            "Time": "2022-12-16",
            "value": 0.19216294552548593
        },
        {
            "Time": "2022-12-17",
            "value": 0.24134141549667038
        },
        {
            "Time": "2022-12-18",
            "value": 0.09418772060248902
        },
        {
            "Time": "2022-12-19",
            "value": 0.1479512131750522
        },
        {
            "Time": "2022-12-20",
            "value": 0.3239288977364986
        },
        {
            "Time": "2022-12-21",
            "value": 0.3869171075920069
        },
        {
            "Time": "2022-12-22",
            "value": 0.6259724655341612
        },
        {
            "Time": "2022-12-23",
            "value": 0.7779051923165197
        },
        {
            "Time": "2022-12-24",
            "value": 0.0827365360512492
        },
        {
            "Time": "2022-12-25",
            "value": 0.09481260366465663
        },
        {
            "Time": "2022-12-26",
            "value": 0.25987797696911374
        },
        {
            "Time": "2022-12-27",
            "value": 0.39248556876037216
        },
        {
            "Time": "2022-12-28",
            "value": 0.29178240381537035
        },
        {
            "Time": "2022-12-29",
            "value": 0.18351446757243867
        },
        {
            "Time": "2022-12-30",
            "value": 0.2725198375797354
        },
        {
            "Time": "2022-12-31",
            "value": 0.49384887456572085
        },
        {
            "Time": "2023-01-01",
            "value": 0.43377668569956807
        },
        {
            "Time": "2023-01-02",
            "value": 0.2441344237743601
        },
        {
            "Time": "2023-01-03",
            "value": 0.2476179744188307
        },
        {
            "Time": "2023-01-04",
            "value": 0.26894471472943066
        },
        {
            "Time": "2023-01-05",
            "value": 0.3595273765994082
        },
        {
            "Time": "2023-01-06",
            "value": 0.7080928621873978
        },
        {
            "Time": "2023-01-07",
            "value": 0.14273864780644266
        },
        {
            "Time": "2023-01-08",
            "value": 0.1576240937486424
        },
        {
            "Time": "2023-01-09",
            "value": 0.31608912637222225
        },
        {
            "Time": "2023-01-10",
            "value": 0.33973142855646304
        },
        {
            "Time": "2023-01-11",
            "value": 0.44770419408273054
        },
        {
            "Time": "2023-01-12",
            "value": 0.6554097158133115
        },
        {
            "Time": "2023-01-13",
            "value": 0.24762063561657408
        },
        {
            "Time": "2023-01-14",
            "value": 0.7700917054856578
        },
        {
            "Time": "2023-01-15",
            "value": 0.24343790542282528
        },
        {
            "Time": "2023-01-16",
            "value": 0.8039100671840611
        },
        {
            "Time": "2023-01-17",
            "value": 0.29009962561991115
        },
        {
            "Time": "2023-01-18",
            "value": 0.973658903502269
        },
        {
            "Time": "2023-01-19",
            "value": 0.9167711503275716
        },
        {
            "Time": "2023-01-20",
            "value": 0.42554949513848445
        },
        {
            "Time": "2023-01-21",
            "value": 0.18281656654821335
        },
        {
            "Time": "2023-01-22",
            "value": 0.7217335124261945
        },
        {
            "Time": "2023-01-23",
            "value": 0.17019340920396742
        },
        {
            "Time": "2023-01-24",
            "value": 0.7660893793158414
        },
        {
            "Time": "2023-01-25",
            "value": 1.1026852259181494
        },
        {
            "Time": "2023-01-26",
            "value": 0.7104254838547379
        },
        {
            "Time": "2023-01-27",
            "value": 1.2083003873892433
        },
        {
            "Time": "2023-01-28",
            "value": 0.14523177562789352
        },
        {
            "Time": "2023-01-29",
            "value": 1.0245527490195288
        },
        {
            "Time": "2023-01-30",
            "value": 1.1354449339595363
        },
        {
            "Time": "2023-01-31",
            "value": 1.2652453752766222
        },
        {
            "Time": "2023-02-01",
            "value": 0.31754343217846065
        },
        {
            "Time": "2023-02-02",
            "value": 0.5655111335381994
        },
        {
            "Time": "2023-02-03",
            "value": 0.3425871879475903
        },
        {
            "Time": "2023-02-04",
            "value": 0.1180083477089715
        },
        {
            "Time": "2023-02-05",
            "value": 0.2635634242001463
        },
        {
            "Time": "2023-02-06",
            "value": 1.0523563289612625
        },
        {
            "Time": "2023-02-07",
            "value": 0.27849414983834253
        },
        {
            "Time": "2023-02-08",
            "value": 0.1394985750533981
        },
        {
            "Time": "2023-02-09",
            "value": 0.3056561087897435
        },
        {
            "Time": "2023-02-10",
            "value": 0.2044984465170795
        },
        {
            "Time": "2023-02-11",
            "value": 0.4454529343722464
        },
        {
            "Time": "2023-02-12",
            "value": 0.6249340637213311
        },
        {
            "Time": "2023-02-13",
            "value": 0.2696156853515925
        },
        {
            "Time": "2023-02-14",
            "value": 0.5486304409141141
        },
        {
            "Time": "2023-02-15",
            "value": 1.237987169178736
        },
        {
            "Time": "2023-02-16",
            "value": 1.4688237663992973
        },
        {
            "Time": "2023-02-17",
            "value": 0.9825830385621258
        },
        {
            "Time": "2023-02-18",
            "value": 1.3118707573571518
        },
        {
            "Time": "2023-02-19",
            "value": 0.5122865379399305
        },
        {
            "Time": "2023-02-20",
            "value": 0.8167872991620243
        },
        {
            "Time": "2023-02-21",
            "value": 1.3625928153832552
        },
        {
            "Time": "2023-02-22",
            "value": 1.2129486837026706
        },
        {
            "Time": "2023-02-23",
            "value": 1.3600972718205253
        },
        {
            "Time": "2023-02-24",
            "value": 0.642569591743456
        },
        {
            "Time": "2023-02-25",
            "value": 1.0929662050770361
        },
        {
            "Time": "2023-02-26",
            "value": 1.5224353749321318
        },
        {
            "Time": "2023-02-27",
            "value": 1.3139266024225924
        },
        {
            "Time": "2023-02-28",
            "value": 0.8871846065587832
        },
        {
            "Time": "2023-03-01",
            "value": 0.8356411625006405
        },
        {
            "Time": "2023-03-02",
            "value": 1.0062692795052548
        },
        {
            "Time": "2023-03-03",
            "value": 1.4271395860707394
        },
        {
            "Time": "2023-03-04",
            "value": 1.5958687304226964
        },
        {
            "Time": "2023-03-05",
            "value": 1.6061331879928358
        },
        {
            "Time": "2023-03-06",
            "value": 1.7827845780282057
        },
        {
            "Time": "2023-03-07",
            "value": 1.6412158795721612
        },
        {
            "Time": "2023-03-08",
            "value": 1.528595881166533
        },
        {
            "Time": "2023-03-09",
            "value": 1.1992312754424388
        },
        {
            "Time": "2023-03-10",
            "value": 1.7811728808323855
        },
        {
            "Time": "2023-03-11",
            "value": 1.3878886524989948
        },
        {
            "Time": "2023-03-12",
            "value": 0.45034109382004406
        },
        {
            "Time": "2023-03-13",
            "value": 1.3493436059259596
        },
        {
            "Time": "2023-03-14",
            "value": 1.831692827131038
        },
        {
            "Time": "2023-03-15",
            "value": 1.4413128651618163
        },
        {
            "Time": "2023-03-16",
            "value": 1.4172880957424314
        },
        {
            "Time": "2023-03-17",
            "value": 0.9464341425472393
        },
        {
            "Time": "2023-03-18",
            "value": 0.29033008173010855
        },
        {
            "Time": "2023-03-19",
            "value": 0.11168974325710403
        },
        {
            "Time": "2023-03-20",
            "value": 1.2714359242446467
        },
        {
            "Time": "2023-03-21",
            "value": 0.7911338777679712
        },
        {
            "Time": "2023-03-22",
            "value": 1.2254962002971157
        },
        {
            "Time": "2023-03-23",
            "value": 0.1697920503913138
        },
        {
            "Time": "2023-03-24",
            "value": 0.1706563330081473
        },
        {
            "Time": "2023-03-25",
            "value": 0.2407858801930972
        },
        {
            "Time": "2023-03-26",
            "value": 0.7952787622226206
        },
        {
            "Time": "2023-03-27",
            "value": 0.0
        }
    ]
}