{
    "data": [
        {
            "Time": "2022-11-27",
            "value": 0.11137955929144676
        },
        {
            "Time": "2022-11-28",
            "value": 0.618993622315225
        },
        {
            "Time": "2022-11-29",
            "value": 0.35234664526370013
        },
        {
            "Time": "2022-11-30",
            "value": 0.17637631382418498
        },
        {
            "Time": "2022-12-01",
            "value": 0.0
        },
        {
            "Time": "2022-12-02",
            "value": 0.0
        },
        {
            "Time": "2022-12-03",
            "value": 0.0
        },
        {
            "Time": "2022-12-04",
            "value": 0.0
        },
        {
            "Time": "2022-12-05",
            "value": 0.0
        },
        {
            "Time": "2022-12-06",
            "value": 0.0
        },
        {
            "Time": "2022-12-07",
            "value": 0.0
        },
        {
            "Time": "2022-12-08",
            "value": 0.6196892839231314
        },
        {
            "Time": "2022-12-09",
            "value": 0.5275736150955472
        },
        {
            "Time": "2022-12-10",
            "value": 0.8137574892655887
        },
        {
            "Time": "2022-12-11",
            "value": 0.22922671634089362
        },
        {
            "Time": "2022-12-12",
            "value": 0.719625108613657
        },
        {
            "Time": "2022-12-13",
            "value": 0.6585198017006434
        },
        {
            "Time": "2022-12-14",
            "value": 0.47181667472159644
        },
        {
            "Time": "2022-12-15",
            "value": 0.3159037614247321
        },
        {
            "Time": "2022-12-16",
            "value": 0.18679506955749517
        },
        {
            "Time": "2022-12-17",
            "value": 0.26840198818393346
        },
        {
            "Time": "2022-12-18",
            "value": 1.1429741286794168
        },
        {
            "Time": "2022-12-19",
            "value": 1.089430621435152
        },
        {
            "Time": "2022-12-20",
            "value": 0.39086744533985396
        },
        {
            "Time": "2022-12-21",
            "value": 1.0705191528349036
        },
        {
            "Time": "2022-12-22",
            "value": 1.1274587066745856
        },
        {
            "Time": "2022-12-23",
            "value": 1.0609621009866192
        },
        {
            "Time": "2022-12-24",
            "value": 1.075660846713843
        },
        {
            "Time": "2022-12-25",
            "value": 1.1327743523979998
        },
        {
            "Time": "2022-12-26",
            "value": 0.9208201281754183
        },
        {
            "Time": "2022-12-27",
            "value": 0.5279953650194245
        },
        {
            "Time": "2022-12-28",
            "value": 0.31741177799620074
        },
        {
            "Time": "2022-12-29",
            "value": 0.18262953749253205
        },
        {
            "Time": "2022-12-30",
            "value": 0.286702188403491
        },
        {
            "Time": "2022-12-31",
            "value": 0.8231332830846728
        },
        {
            "Time": "2023-01-01",
            "value": 0.519121574142858
        },
        {
            "Time": "2023-01-02",
            "value": 0.24454224597466054
        },
        {
            "Time": "2023-01-03",
            "value": 0.2659137259219198
        },
        {
            "Time": "2023-01-04",
            "value": 0.29858554376888535
        },
        {
            "Time": "2023-01-05",
            "value": 0.3748272562801186
        },
        {
            "Time": "2023-01-06",
            "value": 1.008356251995382
        },
        {
            "Time": "2023-01-07",
            "value": 1.1519916169454025
        },
        {
            "Time": "2023-01-08",
            "value": 1.3135376860064452
        },
        {
            "Time": "2023-01-09",
            "value": 0.33223404123140393
        },
        {
            "Time": "2023-01-10",
            "value": 0.3579191971013796
        },
        {
            "Time": "2023-01-11",
            "value": 0.5043857994449275
        },
        {
            "Time": "2023-01-12",
            "value": 0.8824487635618403
        },
        {
            "Time": "2023-01-13",
            "value": 0.22215767803125822
        },
        {
            "Time": "2023-01-14",
            "value": 0.8422935177620774
        },
        {
            "Time": "2023-01-15",
            "value": 0.24238570968586717
        },
        {
            "Time": "2023-01-16",
            "value": 1.0697955053178643
        },
        {
            "Time": "2023-01-17",
            "value": 0.3056268178016779
        },
        {
            "Time": "2023-01-18",
            "value": 1.0246610081802818
        },
        {
            "Time": "2023-01-19",
            "value": 1.069323305062248
        },
        {
            "Time": "2023-01-20",
            "value": 0.5795446388093369
        },
        {
            "Time": "2023-01-21",
            "value": 0.1627487448047581
        },
        {
            "Time": "2023-01-22",
            "value": 1.080613053805769
        },
        {
            "Time": "2023-01-23",
            "value": 0.15254588910705263
        },
        {
            "Time": "2023-01-24",
            "value": 0.9785877519422368
        },
        {
            "Time": "2023-01-25",
            "value": 1.3022497161065134
        },
        {
            "Time": "2023-01-26",
            "value": 0.7920494684973832
        },
        {
            "Time": "2023-01-27",
            "value": 1.18359686370605
        },
        {
            "Time": "2023-01-28",
            "value": 1.351086052750958
        },
        {
            "Time": "2023-01-29",
            "value": 1.358859293522415
        },
        {
            "Time": "2023-01-30",
            "value": 1.3039556263172938
        },
        {
            "Time": "2023-01-31",
            "value": 1.37072051577986
        },
        {
            "Time": "2023-02-01",
            "value": 0.3290163036826184
        },
        {
            "Time": "2023-02-02",
            "value": 0.7756733254591656
        },
        {
            "Time": "2023-02-03",
            "value": 0.3786975780869514
        },
        {
            "Time": "2023-02-04",
            "value": 0.07540135806543569
        },
        {
            "Time": "2023-02-05",
            "value": 0.2682260550026961
        },
        {
            "Time": "2023-02-06",
            "value": 1.2589490407975632
        },
        {
            "Time": "2023-02-07",
            "value": 0.2649069963753622
        },
        {
            "Time": "2023-02-08",
            "value": 0.12475071233021784
        },
        {
            "Time": "2023-02-09",
            "value": 0.331542173513725
        },
        {
            "Time": "2023-02-10",
            "value": 0.17923013189113235
        },
        {
            "Time": "2023-02-11",
            "value": 0.7016426917137032
        },
        {
            "Time": "2023-02-12",
            "value": 0.991192762113795
        },
        {
            "Time": "2023-02-13",
            "value": 0.2665503401152677
        },
        {
            "Time": "2023-02-14",
            "value": 0.7669859664448536
        },
        {
            "Time": "2023-02-15",
            "value": 2.168904077407354
        },
        {
            "Time": "2023-02-16",
            "value": 2.590570500214232
        },
        {
            "Time": "2023-02-17",
            "value": 1.8131809724919028
        },
        {
            "Time": "2023-02-18",
            "value": 2.372620449665659
        },
        {
            "Time": "2023-02-19",
            "value": 0.60630317567639
        },
        {
            "Time": "2023-02-20",
            "value": 1.3266122142953451
        },
        {
            "Time": "2023-02-21",
            "value": 2.6912183237244247
        },
        {
            "Time": "2023-02-22",
            "value": 2.2363169183856373
        },
        {
            "Time": "2023-02-23",
            "value": 2.227922450693817
        },
        {
            "Time": "2023-02-24",
            "value": 0.8704463278160435
        },
        {
            "Time": "2023-02-25",
            "value": 2.484765679426649
        },
        {
            "Time": "2023-02-26",
            "value": 2.8226617908721794
        },
        {
            "Time": "2023-02-27",
            "value": 2.52697044955806
        },
        {
            "Time": "2023-02-28",
            "value": 1.238569246275212
        },
        {
            "Time": "2023-03-01",
            "value": 1.3317425825737057
        },
        {
            "Time": "2023-03-02",
            "value": 1.8045409880425092
        },
        {
            "Time": "2023-03-03",
            "value": 2.41691686130693
        },
        {
            "Time": "2023-03-04",
            "value": 2.7881336441608133
        },
        {
            "Time": "2023-03-05",
            "value": 2.7135265755550044
        },
        {
            "Time": "2023-03-06",
            "value": 2.867954459922198
        },
        {
            "Time": "2023-03-07",
            "value": 2.819049949467191
        },
        {
            "Time": "2023-03-08",
            "value": 2.5337037677010916
        },
        {
            "Time": "2023-03-09",
            "value": 2.1089507486744385
        },
        {
            "Time": "2023-03-10",
            "value": 2.929266018626765
        },
        {
            "Time": "2023-03-11",
            "value": 2.3919255741175984
        },
        {
            "Time": "2023-03-12",
            "value": 0.4923929912270986
        },
        {
            "Time": "2023-03-13",
            "value": 2.283351531573314
        },
        {
            "Time": "2023-03-14",
            "value": 3.024049217088424
        },
        {
            "Time": "2023-03-15",
            "value": 2.4507429499542366
        },
        {
            "Time": "2023-03-16",
            "value": 2.45785782759676
        },
        {
            "Time": "2023-03-17",
            "value": 1.3185567516138068
        },
        {
            "Time": "2023-03-18",
            "value": 0.2982791524988781
        },
        {
            "Time": "2023-03-19",
            "value": 0.08623277608290342
        },
        {
            "Time": "2023-03-20",
            "value": 2.015654119070674
        },
        {
            "Time": "2023-03-21",
            "value": 1.005657605902741
        },
        {
            "Time": "2023-03-22",
            "value": 1.8905395735532873
        },
        {
            "Time": "2023-03-23",
            "value": 0.12995514733774358
        },
        {
            "Time": "2023-03-24",
            "value": 0.14285358333991666
        },
        {
            "Time": "2023-03-25",
            "value": 0.21674140188737565
        },
        {
            "Time": "2023-03-26",
            "value": 0.9486066394485677
        },
        {
            "Time": "2023-03-27",
            "value": 0.0
        }
    ]
}