{
    "data": [
        {
            "Time": "2023-03-01",
            "value": 55.03002166748047
        },
        {
            "Time": "2023-03-02",
            "value": 55.42837905883789
        },
        {
            "Time": "2023-03-03",
            "value": 55.3145637512207
        },
        {
            "Time": "2023-03-06",
            "value": 54.16691970825195
        },
        {
            "Time": "2023-03-07",
            "value": 52.9244270324707
        },
        {
            "Time": "2023-03-08",
            "value": 53.360721588134766
        },
        {
            "Time": "2023-03-09",
            "value": 52.26050567626953
        },
        {
            "Time": "2023-03-10",
            "value": 51.10337448120117
        },
        {
            "Time": "2023-03-13",
            "value": 49.69964599609375
        },
        {
            "Time": "2023-03-14",
            "value": 49.595314025878906
        },
        {
            "Time": "2023-03-15",
            "value": 47.87858963012695
        },
        {
            "Time": "2023-03-16",
            "value": 48.28642654418945
        },
        {
            "Time": "2023-03-17",
            "value": 47.442291259765625
        },
        {
            "Time": "2023-03-20",
            "value": 48.61838912963867
        },
        {
            "Time": "2023-03-21",
            "value": 49.377166748046875
        },
        {
            "Time": "2023-03-22",
            "value": 48.732208251953125
        },
        {
            "Time": "2023-03-23",
            "value": 48.98829650878906
        },
        {
            "Time": "2023-03-24",
            "value": 49.11159133911133
        },
        {
            "Time": "2023-03-27",
            "value": 49.320255279541016
        },
        {
            "Time": "2023-03-28",
            "value": 50.18336486816406
        },
        {
            "Time": "2023-03-29",
            "value": 50.837799072265625
        },
        {
            "Time": "2023-03-30",
            "value": 51.217185974121094
        },
        {
            "Time": "2023-03-31",
            "value": 51.994930267333984
        }
    ]
}