{
    "data": [
        {
            "Time": "2023-03-01",
            "value": 216.96107482910156
        },
        {
            "Time": "2023-03-02",
            "value": 221.92420959472656
        },
        {
            "Time": "2023-03-03",
            "value": 226.20379638671875
        },
        {
            "Time": "2023-03-06",
            "value": 222.37001037597656
        },
        {
            "Time": "2023-03-07",
            "value": 218.43716430664065
        },
        {
            "Time": "2023-03-08",
            "value": 217.97154235839844
        },
        {
            "Time": "2023-03-09",
            "value": 215.1581268310547
        },
        {
            "Time": "2023-03-10",
            "value": 212.09701538085935
        },
        {
            "Time": "2023-03-13",
            "value": 211.60171508789065
        },
        {
            "Time": "2023-03-14",
            "value": 214.9600067138672
        },
        {
            "Time": "2023-03-15",
            "value": 214.5241241455078
        },
        {
            "Time": "2023-03-16",
            "value": 218.28855895996097
        },
        {
            "Time": "2023-03-17",
            "value": 215.28689575195312
        },
        {
            "Time": "2023-03-20",
            "value": 217.49603271484375
        },
        {
            "Time": "2023-03-21",
            "value": 218.7343292236328
        },
        {
            "Time": "2023-03-22",
            "value": 209.3628387451172
        },
        {
            "Time": "2023-03-23",
            "value": 207.1041717529297
        },
        {
            "Time": "2023-03-24",
            "value": 209.3033905029297
        },
        {
            "Time": "2023-03-27",
            "value": 211.9286193847656
        },
        {
            "Time": "2023-03-28",
            "value": 209.73928833007812
        },
        {
            "Time": "2023-03-29",
            "value": 213.3056182861328
        },
        {
            "Time": "2023-03-30",
            "value": 214.98971557617188
        },
        {
            "Time": "2023-03-31",
            "value": 222.66720581054688
        }
    ]
}