{
    "data": [
        {
            "Time": "2023-03-01",
            "value": 42.35856628417969
        },
        {
            "Time": "2023-03-02",
            "value": 42.18125534057617
        },
        {
            "Time": "2023-03-03",
            "value": 43.077674865722656
        },
        {
            "Time": "2023-03-06",
            "value": 42.09259796142578
        },
        {
            "Time": "2023-03-07",
            "value": 39.541229248046875
        },
        {
            "Time": "2023-03-08",
            "value": 39.93526077270508
        },
        {
            "Time": "2023-03-09",
            "value": 38.585697174072266
        },
        {
            "Time": "2023-03-10",
            "value": 37.31494140625
        },
        {
            "Time": "2023-03-13",
            "value": 37.048973083496094
        },
        {
            "Time": "2023-03-14",
            "value": 37.47255325317383
        },
        {
            "Time": "2023-03-15",
            "value": 34.98029708862305
        },
        {
            "Time": "2023-03-16",
            "value": 35.561492919921875
        },
        {
            "Time": "2023-03-17",
            "value": 35.689552307128906
        },
        {
            "Time": "2023-03-20",
            "value": 36.891357421875
        },
        {
            "Time": "2023-03-21",
            "value": 37.68927383422851
        },
        {
            "Time": "2023-03-22",
            "value": 37.27553939819336
        },
        {
            "Time": "2023-03-23",
            "value": 37.22628402709961
        },
        {
            "Time": "2023-03-24",
            "value": 37.442996978759766
        },
        {
            "Time": "2023-03-27",
            "value": 37.413448333740234
        },
        {
            "Time": "2023-03-28",
            "value": 37.79763412475586
        },
        {
            "Time": "2023-03-29",
            "value": 38.85166931152344
        },
        {
            "Time": "2023-03-30",
            "value": 39.600337982177734
        },
        {
            "Time": "2023-03-31",
            "value": 40.29974365234375
        }
    ]
}