{
    "data": [
        {
            "Time": "2023-03-01",
            "value": 344.25604248046875
        },
        {
            "Time": "2023-03-02",
            "value": 345.9279479980469
        },
        {
            "Time": "2023-03-03",
            "value": 356.3819885253906
        },
        {
            "Time": "2023-03-06",
            "value": 352.1236877441406
        },
        {
            "Time": "2023-03-07",
            "value": 348.2783508300781
        },
        {
            "Time": "2023-03-08",
            "value": 349.0257873535156
        },
        {
            "Time": "2023-03-09",
            "value": 340.1944580078125
        },
        {
            "Time": "2023-03-10",
            "value": 335.886962890625
        },
        {
            "Time": "2023-03-13",
            "value": 330.5218505859375
        },
        {
            "Time": "2023-03-14",
            "value": 338.0339660644531
        },
        {
            "Time": "2023-03-15",
            "value": 326.6720275878906
        },
        {
            "Time": "2023-03-16",
            "value": 333.9373474121094
        },
        {
            "Time": "2023-03-17",
            "value": 326.2377014160156
        },
        {
            "Time": "2023-03-20",
            "value": 334.45062255859375
        },
        {
            "Time": "2023-03-21",
            "value": 336.9085998535156
        },
        {
            "Time": "2023-03-22",
            "value": 334.7862854003906
        },
        {
            "Time": "2023-03-23",
            "value": 336.9382019042969
        },
        {
            "Time": "2023-03-24",
            "value": 340.3142395019531
        },
        {
            "Time": "2023-03-27",
            "value": 342.63397216796875
        },
        {
            "Time": "2023-03-28",
            "value": 342.9004821777344
        },
        {
            "Time": "2023-03-29",
            "value": 345.23016357421875
        },
        {
            "Time": "2023-03-30",
            "value": 347.016845703125
        },
        {
            "Time": "2023-03-31",
            "value": 350.8666687011719
        }
    ]
}