{
    "data": [
        {
            "Time": "2023-03-01",
            "value": 156.1992645263672
        },
        {
            "Time": "2023-03-02",
            "value": 159.559326171875
        },
        {
            "Time": "2023-03-03",
            "value": 161.0078125
        },
        {
            "Time": "2023-03-06",
            "value": 158.6429443359375
        },
        {
            "Time": "2023-03-07",
            "value": 155.50950622558594
        },
        {
            "Time": "2023-03-08",
            "value": 157.40139770507812
        },
        {
            "Time": "2023-03-09",
            "value": 155.34197998046875
        },
        {
            "Time": "2023-03-10",
            "value": 155.755859375
        },
        {
            "Time": "2023-03-13",
            "value": 155.48980712890625
        },
        {
            "Time": "2023-03-14",
            "value": 158.2389373779297
        },
        {
            "Time": "2023-03-15",
            "value": 156.8988494873047
        },
        {
            "Time": "2023-03-16",
            "value": 156.44558715820312
        },
        {
            "Time": "2023-03-17",
            "value": 152.3169403076172
        },
        {
            "Time": "2023-03-20",
            "value": 154.53172302246094
        },
        {
            "Time": "2023-03-21",
            "value": 156.01483154296875
        },
        {
            "Time": "2023-03-22",
            "value": 153.859375
        },
        {
            "Time": "2023-03-23",
            "value": 155.27330017089844
        },
        {
            "Time": "2023-03-24",
            "value": 158.55593872070312
        },
        {
            "Time": "2023-03-27",
            "value": 158.4076385498047
        },
        {
            "Time": "2023-03-28",
            "value": 158.37796020507812
        },
        {
            "Time": "2023-03-29",
            "value": 160.4049072265625
        },
        {
            "Time": "2023-03-30",
            "value": 161.4430694580078
        },
        {
            "Time": "2023-03-31",
            "value": 163.6677703857422
        }
    ]
}