{
    "data": [
        {
            "Time": "2023-03-01",
            "value": 61.38905334472656
        },
        {
            "Time": "2023-03-02",
            "value": 62.77191162109375
        },
        {
            "Time": "2023-03-03",
            "value": 62.920074462890625
        },
        {
            "Time": "2023-03-06",
            "value": 62.475582122802734
        },
        {
            "Time": "2023-03-07",
            "value": 62.199012756347656
        },
        {
            "Time": "2023-03-08",
            "value": 61.438438415527344
        },
        {
            "Time": "2023-03-09",
            "value": 59.18635177612305
        },
        {
            "Time": "2023-03-10",
            "value": 58.16896438598633
        },
        {
            "Time": "2023-03-13",
            "value": 57.90227127075195
        },
        {
            "Time": "2023-03-14",
            "value": 58.1985969543457
        },
        {
            "Time": "2023-03-15",
            "value": 56.1539421081543
        },
        {
            "Time": "2023-03-16",
            "value": 56.26259994506836
        },
        {
            "Time": "2023-03-17",
            "value": 55.9168815612793
        },
        {
            "Time": "2023-03-20",
            "value": 56.914512634277344
        },
        {
            "Time": "2023-03-21",
            "value": 57.79361343383789
        },
        {
            "Time": "2023-03-22",
            "value": 56.736717224121094
        },
        {
            "Time": "2023-03-23",
            "value": 56.11443328857422
        },
        {
            "Time": "2023-03-24",
            "value": 56.144065856933594
        },
        {
            "Time": "2023-03-27",
            "value": 56.99353790283203
        },
        {
            "Time": "2023-03-28",
            "value": 57.38863754272461
        },
        {
            "Time": "2023-03-29",
            "value": 59.20610809326172
        },
        {
            "Time": "2023-03-30",
            "value": 59.21598815917969
        },
        {
            "Time": "2023-03-31",
            "value": 59.57158279418945
        }
    ]
}