{
    "data": [
        {
            "Time": "2022-11-27",
            "value": 0.19506837073551755
        },
        {
            "Time": "2022-11-28",
            "value": 0.706794543133473
        },
        {
            "Time": "2022-11-29",
            "value": 0.6876526321797287
        },
        {
            "Time": "2022-11-30",
            "value": 0.27791699600225417
        },
        {
            "Time": "2022-12-01",
            "value": 0.3370387758003276
        },
        {
            "Time": "2022-12-02",
            "value": 0.34641112404623875
        },
        {
            "Time": "2022-12-03",
            "value": 0.5790342217189489
        },
        {
            "Time": "2022-12-04",
            "value": 0.4438723272249679
        },
        {
            "Time": "2022-12-05",
            "value": 0.37800226993370717
        },
        {
            "Time": "2022-12-06",
            "value": 0.5698112266619226
        },
        {
            "Time": "2022-12-07",
            "value": 0.1518983133037592
        },
        {
            "Time": "2022-12-08",
            "value": 0.8292410211513507
        },
        {
            "Time": "2022-12-09",
            "value": 0.6565397211191516
        },
        {
            "Time": "2022-12-10",
            "value": 1.6603306389524024
        },
        {
            "Time": "2022-12-11",
            "value": 0.33913272337355455
        },
        {
            "Time": "2022-12-12",
            "value": 1.0345615709400744
        },
        {
            "Time": "2022-12-13",
            "value": 1.5365695403829587
        },
        {
            "Time": "2022-12-14",
            "value": 0.589313507923358
        },
        {
            "Time": "2022-12-15",
            "value": 0.4388075544457116
        },
        {
            "Time": "2022-12-16",
            "value": 0.26654433505266395
        },
        {
            "Time": "2022-12-17",
            "value": 0.3797231003370561
        },
        {
            "Time": "2022-12-18",
            "value": 2.5212061715775245
        },
        {
            "Time": "2022-12-19",
            "value": 2.3387534770088925
        },
        {
            "Time": "2022-12-20",
            "value": 1.4959429629974796
        },
        {
            "Time": "2022-12-21",
            "value": 2.212209095345344
        },
        {
            "Time": "2022-12-22",
            "value": 2.292203171860612
        },
        {
            "Time": "2022-12-23",
            "value": 2.423365399236005
        },
        {
            "Time": "2022-12-24",
            "value": 2.454178340935887
        },
        {
            "Time": "2022-12-25",
            "value": 2.484310606481372
        },
        {
            "Time": "2022-12-26",
            "value": 1.7271548556695917
        },
        {
            "Time": "2022-12-27",
            "value": 0.7996187477458888
        },
        {
            "Time": "2022-12-28",
            "value": 0.41508902807217596
        },
        {
            "Time": "2022-12-29",
            "value": 0.2543397512631671
        },
        {
            "Time": "2022-12-30",
            "value": 0.39275932737081976
        },
        {
            "Time": "2022-12-31",
            "value": 1.1724931154478293
        },
        {
            "Time": "2023-01-01",
            "value": 0.66712299095419
        },
        {
            "Time": "2023-01-02",
            "value": 0.3271133716200287
        },
        {
            "Time": "2023-01-03",
            "value": 0.37850074549274637
        },
        {
            "Time": "2023-01-04",
            "value": 0.381528371236504
        },
        {
            "Time": "2023-01-05",
            "value": 0.4960804454336411
        },
        {
            "Time": "2023-01-06",
            "value": 2.2384495251866956
        },
        {
            "Time": "2023-01-07",
            "value": 2.416825010067415
        },
        {
            "Time": "2023-01-08",
            "value": 2.3901348068512687
        },
        {
            "Time": "2023-01-09",
            "value": 0.4227377706629086
        },
        {
            "Time": "2023-01-10",
            "value": 0.4819869399533701
        },
        {
            "Time": "2023-01-11",
            "value": 0.6529196851138425
        },
        {
            "Time": "2023-01-12",
            "value": 1.3582595971618765
        },
        {
            "Time": "2023-01-13",
            "value": 0.29500182511322953
        },
        {
            "Time": "2023-01-14",
            "value": 1.3974132207454648
        },
        {
            "Time": "2023-01-15",
            "value": 0.36364000524431417
        },
        {
            "Time": "2023-01-16",
            "value": 1.6622249734243282
        },
        {
            "Time": "2023-01-17",
            "value": 0.4122566546498794
        },
        {
            "Time": "2023-01-18",
            "value": 2.349863804221044
        },
        {
            "Time": "2023-01-19",
            "value": 1.807232747472017
        },
        {
            "Time": "2023-01-20",
            "value": 0.7548723343032401
        },
        {
            "Time": "2023-01-21",
            "value": 0.2497659359065849
        },
        {
            "Time": "2023-01-22",
            "value": 1.6256583234084439
        },
        {
            "Time": "2023-01-23",
            "value": 0.22420349402939277
        },
        {
            "Time": "2023-01-24",
            "value": 1.3826088997167474
        },
        {
            "Time": "2023-01-25",
            "value": 2.598979651932809
        },
        {
            "Time": "2023-01-26",
            "value": 1.239000881443737
        },
        {
            "Time": "2023-01-27",
            "value": 1.9930074514315796
        },
        {
            "Time": "2023-01-28",
            "value": 2.2666239749435153
        },
        {
            "Time": "2023-01-29",
            "value": 2.3253732113940995
        },
        {
            "Time": "2023-01-30",
            "value": 2.7301839025728833
        },
        {
            "Time": "2023-01-31",
            "value": 2.6965901457598465
        },
        {
            "Time": "2023-02-01",
            "value": 0.43720547884527855
        },
        {
            "Time": "2023-02-02",
            "value": 0.9456348996927665
        },
        {
            "Time": "2023-02-03",
            "value": 0.5060252964911635
        },
        {
            "Time": "2023-02-04",
            "value": 0.16474117077062608
        },
        {
            "Time": "2023-02-05",
            "value": 0.3463838171234727
        },
        {
            "Time": "2023-02-06",
            "value": 1.5483384709369488
        },
        {
            "Time": "2023-02-07",
            "value": 0.32694543513776086
        },
        {
            "Time": "2023-02-08",
            "value": 0.20658155379718884
        },
        {
            "Time": "2023-02-09",
            "value": 0.42989890933852887
        },
        {
            "Time": "2023-02-10",
            "value": 0.2451722783603692
        },
        {
            "Time": "2023-02-11",
            "value": 0.7764743485865149
        },
        {
            "Time": "2023-02-12",
            "value": 1.0863556499674019
        },
        {
            "Time": "2023-02-13",
            "value": 0.4058397857020888
        },
        {
            "Time": "2023-02-14",
            "value": 0.8664838967832549
        },
        {
            "Time": "2023-02-15",
            "value": 2.2517395068938546
        },
        {
            "Time": "2023-02-16",
            "value": 2.9880791928573665
        },
        {
            "Time": "2023-02-17",
            "value": 1.8732880577711732
        },
        {
            "Time": "2023-02-18",
            "value": 2.35731568111223
        },
        {
            "Time": "2023-02-19",
            "value": 0.7430366908476085
        },
        {
            "Time": "2023-02-20",
            "value": 1.4309474743522723
        },
        {
            "Time": "2023-02-21",
            "value": 2.7235871902758504
        },
        {
            "Time": "2023-02-22",
            "value": 2.184531733985025
        },
        {
            "Time": "2023-02-23",
            "value": 2.1553610456978722
        },
        {
            "Time": "2023-02-24",
            "value": 1.0271076362107752
        },
        {
            "Time": "2023-02-25",
            "value": 2.497118545409247
        },
        {
            "Time": "2023-02-26",
            "value": 2.7469282621857123
        },
        {
            "Time": "2023-02-27",
            "value": 2.389491533508262
        },
        {
            "Time": "2023-02-28",
            "value": 1.4371083114009928
        },
        {
            "Time": "2023-03-01",
            "value": 1.4266440534690554
        },
        {
            "Time": "2023-03-02",
            "value": 1.7685758500184372
        },
        {
            "Time": "2023-03-03",
            "value": 2.4962437152528922
        },
        {
            "Time": "2023-03-04",
            "value": 2.7772368755338546
        },
        {
            "Time": "2023-03-05",
            "value": 2.757132587928244
        },
        {
            "Time": "2023-03-06",
            "value": 2.859733900704494
        },
        {
            "Time": "2023-03-07",
            "value": 2.8297752691747045
        },
        {
            "Time": "2023-03-08",
            "value": 2.7062692752404405
        },
        {
            "Time": "2023-03-09",
            "value": 2.0130357433203634
        },
        {
            "Time": "2023-03-10",
            "value": 2.956163513858437
        },
        {
            "Time": "2023-03-11",
            "value": 2.614479476385438
        },
        {
            "Time": "2023-03-12",
            "value": 0.5974612965728519
        },
        {
            "Time": "2023-03-13",
            "value": 2.3103577575303693
        },
        {
            "Time": "2023-03-14",
            "value": 2.966488912304868
        },
        {
            "Time": "2023-03-15",
            "value": 2.465241889636794
        },
        {
            "Time": "2023-03-16",
            "value": 2.5357650965873515
        },
        {
            "Time": "2023-03-17",
            "value": 1.6169565087878055
        },
        {
            "Time": "2023-03-18",
            "value": 0.4140196641675436
        },
        {
            "Time": "2023-03-19",
            "value": 0.1486830924949341
        },
        {
            "Time": "2023-03-20",
            "value": 2.0006891396211524
        },
        {
            "Time": "2023-03-21",
            "value": 1.176702803375583
        },
        {
            "Time": "2023-03-22",
            "value": 1.9853354422940284
        },
        {
            "Time": "2023-03-23",
            "value": 0.18700424931000975
        },
        {
            "Time": "2023-03-24",
            "value": 0.21945279804815143
        },
        {
            "Time": "2023-03-25",
            "value": 0.27563640751957375
        },
        {
            "Time": "2023-03-26",
            "value": 1.142286207195852
        },
        {
            "Time": "2023-03-27",
            "value": 0.0
        }
    ]
}