{
    "data": [
        {
            "Time": "2022-11-27",
            "value": 0.2202957990588897
        },
        {
            "Time": "2022-11-28",
            "value": 0.6799583147226336
        },
        {
            "Time": "2022-11-29",
            "value": 0.5866289342117229
        },
        {
            "Time": "2022-11-30",
            "value": 0.30680800539801173
        },
        {
            "Time": "2022-12-01",
            "value": 0.0
        },
        {
            "Time": "2022-12-02",
            "value": 0.0
        },
        {
            "Time": "2022-12-03",
            "value": 0.0
        },
        {
            "Time": "2022-12-04",
            "value": 0.0
        },
        {
            "Time": "2022-12-05",
            "value": 0.0
        },
        {
            "Time": "2022-12-06",
            "value": 0.0
        },
        {
            "Time": "2022-12-07",
            "value": 0.0
        },
        {
            "Time": "2022-12-08",
            "value": 0.7639269699291196
        },
        {
            "Time": "2022-12-09",
            "value": 0.6586628128636282
        },
        {
            "Time": "2022-12-10",
            "value": 1.2738175078744014
        },
        {
            "Time": "2022-12-11",
            "value": 0.3449965296120949
        },
        {
            "Time": "2022-12-12",
            "value": 0.8684968587758409
        },
        {
            "Time": "2022-12-13",
            "value": 1.037548304322509
        },
        {
            "Time": "2022-12-14",
            "value": 0.5951369255078672
        },
        {
            "Time": "2022-12-15",
            "value": 0.4429874267798974
        },
        {
            "Time": "2022-12-16",
            "value": 0.28953312348199545
        },
        {
            "Time": "2022-12-17",
            "value": 0.3850398714435038
        },
        {
            "Time": "2022-12-18",
            "value": 1.4309125388482178
        },
        {
            "Time": "2022-12-19",
            "value": 1.341666723516901
        },
        {
            "Time": "2022-12-20",
            "value": 0.91379065294114
        },
        {
            "Time": "2022-12-21",
            "value": 1.3272529378469073
        },
        {
            "Time": "2022-12-22",
            "value": 1.357105545561271
        },
        {
            "Time": "2022-12-23",
            "value": 1.407435116814687
        },
        {
            "Time": "2022-12-24",
            "value": 1.4077925033699736
        },
        {
            "Time": "2022-12-25",
            "value": 1.4064167221180726
        },
        {
            "Time": "2022-12-26",
            "value": 1.2560878690199395
        },
        {
            "Time": "2022-12-27",
            "value": 0.7319226751512644
        },
        {
            "Time": "2022-12-28",
            "value": 0.43472801263310185
        },
        {
            "Time": "2022-12-29",
            "value": 0.2832870359173611
        },
        {
            "Time": "2022-12-30",
            "value": 0.4170370313831019
        },
        {
            "Time": "2022-12-31",
            "value": 1.059701575295312
        },
        {
            "Time": "2023-01-01",
            "value": 0.6574204262876812
        },
        {
            "Time": "2023-01-02",
            "value": 0.3485648084693287
        },
        {
            "Time": "2023-01-03",
            "value": 0.3994075854269932
        },
        {
            "Time": "2023-01-04",
            "value": 0.4094120362340278
        },
        {
            "Time": "2023-01-05",
            "value": 0.5089172456877316
        },
        {
            "Time": "2023-01-06",
            "value": 1.361374736830448
        },
        {
            "Time": "2023-01-07",
            "value": 1.3946128598787304
        },
        {
            "Time": "2023-01-08",
            "value": 1.4292495394927733
        },
        {
            "Time": "2023-01-09",
            "value": 0.4491399895759852
        },
        {
            "Time": "2023-01-10",
            "value": 0.49089735631391734
        },
        {
            "Time": "2023-01-11",
            "value": 0.637997781045551
        },
        {
            "Time": "2023-01-12",
            "value": 1.1025140609636295
        },
        {
            "Time": "2023-01-13",
            "value": 0.3191584984008227
        },
        {
            "Time": "2023-01-14",
            "value": 1.0718345124234108
        },
        {
            "Time": "2023-01-15",
            "value": 0.3693021908432336
        },
        {
            "Time": "2023-01-16",
            "value": 1.3378877475732955
        },
        {
            "Time": "2023-01-17",
            "value": 0.43504431005558863
        },
        {
            "Time": "2023-01-18",
            "value": 1.4302296911807677
        },
        {
            "Time": "2023-01-19",
            "value": 1.3060096800464374
        },
        {
            "Time": "2023-01-20",
            "value": 0.7271659401285901
        },
        {
            "Time": "2023-01-21",
            "value": 0.2787650472484954
        },
        {
            "Time": "2023-01-22",
            "value": 1.3038262163975736
        },
        {
            "Time": "2023-01-23",
            "value": 0.2537826379920602
        },
        {
            "Time": "2023-01-24",
            "value": 1.1744296679115473
        },
        {
            "Time": "2023-01-25",
            "value": 1.5838691654756258
        },
        {
            "Time": "2023-01-26",
            "value": 0.9867814739598956
        },
        {
            "Time": "2023-01-27",
            "value": 1.6466862865650682
        },
        {
            "Time": "2023-01-28",
            "value": 1.8916703741181364
        },
        {
            "Time": "2023-01-29",
            "value": 1.9098558867309998
        },
        {
            "Time": "2023-01-30",
            "value": 1.952969826933605
        },
        {
            "Time": "2023-01-31",
            "value": 1.9861958627461405
        },
        {
            "Time": "2023-02-01",
            "value": 0.44576504404354167
        },
        {
            "Time": "2023-02-02",
            "value": 0.9688658590725808
        },
        {
            "Time": "2023-02-03",
            "value": 0.5104598752832026
        },
        {
            "Time": "2023-02-04",
            "value": 0.1972164323667824
        },
        {
            "Time": "2023-02-05",
            "value": 0.36676757579633096
        },
        {
            "Time": "2023-02-06",
            "value": 1.433629936773546
        },
        {
            "Time": "2023-02-07",
            "value": 0.3442708157095056
        },
        {
            "Time": "2023-02-08",
            "value": 0.23202595673018353
        },
        {
            "Time": "2023-02-09",
            "value": 0.46165686930779776
        },
        {
            "Time": "2023-02-10",
            "value": 0.2725321404737339
        },
        {
            "Time": "2023-02-11",
            "value": 0.8063550010987901
        },
        {
            "Time": "2023-02-12",
            "value": 1.1321733069640478
        },
        {
            "Time": "2023-02-13",
            "value": 0.4082402321279794
        },
        {
            "Time": "2023-02-14",
            "value": 0.890061758296379
        },
        {
            "Time": "2023-02-15",
            "value": 2.3429499905463134
        },
        {
            "Time": "2023-02-16",
            "value": 2.7391882070440725
        },
        {
            "Time": "2023-02-17",
            "value": 1.9062486425650744
        },
        {
            "Time": "2023-02-18",
            "value": 2.467216971515689
        },
        {
            "Time": "2023-02-19",
            "value": 0.7423701708033342
        },
        {
            "Time": "2023-02-20",
            "value": 1.404605103061547
        },
        {
            "Time": "2023-02-21",
            "value": 2.756341259279196
        },
        {
            "Time": "2023-02-22",
            "value": 2.2616817982055224
        },
        {
            "Time": "2023-02-23",
            "value": 2.23661944427769
        },
        {
            "Time": "2023-02-24",
            "value": 1.0213143466822954
        },
        {
            "Time": "2023-02-25",
            "value": 2.5267238158406173
        },
        {
            "Time": "2023-02-26",
            "value": 2.8262936503215794
        },
        {
            "Time": "2023-02-27",
            "value": 2.4326795541550106
        },
        {
            "Time": "2023-02-28",
            "value": 1.3772147756599518
        },
        {
            "Time": "2023-03-01",
            "value": 1.4571156051731555
        },
        {
            "Time": "2023-03-02",
            "value": 1.855839648843798
        },
        {
            "Time": "2023-03-03",
            "value": 2.495994534513458
        },
        {
            "Time": "2023-03-04",
            "value": 2.7585731706483685
        },
        {
            "Time": "2023-03-05",
            "value": 2.6617378544306707
        },
        {
            "Time": "2023-03-06",
            "value": 2.7846081259228543
        },
        {
            "Time": "2023-03-07",
            "value": 2.8586970798637785
        },
        {
            "Time": "2023-03-08",
            "value": 2.55625058571452
        },
        {
            "Time": "2023-03-09",
            "value": 2.117824092806378
        },
        {
            "Time": "2023-03-10",
            "value": 2.8567870216444944
        },
        {
            "Time": "2023-03-11",
            "value": 2.5093200281520236
        },
        {
            "Time": "2023-03-12",
            "value": 0.6173996879896836
        },
        {
            "Time": "2023-03-13",
            "value": 2.2890291579966595
        },
        {
            "Time": "2023-03-14",
            "value": 3.000113881186029
        },
        {
            "Time": "2023-03-15",
            "value": 2.4585052436354107
        },
        {
            "Time": "2023-03-16",
            "value": 2.5364766708784567
        },
        {
            "Time": "2023-03-17",
            "value": 1.5265716544784538
        },
        {
            "Time": "2023-03-18",
            "value": 0.41868276004158395
        },
        {
            "Time": "2023-03-19",
            "value": 0.1931788371444655
        },
        {
            "Time": "2023-03-20",
            "value": 2.058279144320582
        },
        {
            "Time": "2023-03-21",
            "value": 1.1296619319135663
        },
        {
            "Time": "2023-03-22",
            "value": 1.9751310345802229
        },
        {
            "Time": "2023-03-23",
            "value": 0.24071469866452544
        },
        {
            "Time": "2023-03-24",
            "value": 0.25176134993278354
        },
        {
            "Time": "2023-03-25",
            "value": 0.3146470717145337
        },
        {
            "Time": "2023-03-26",
            "value": 1.084840134784064
        },
        {
            "Time": "2023-03-27",
            "value": 0.0
        }
    ]
}