{
    "data": [
        {
            "Time": "2022-11-27",
            "value": 0.3288871225088929
        },
        {
            "Time": "2022-11-28",
            "value": 1.280494628652229
        },
        {
            "Time": "2022-11-29",
            "value": 1.2791372048498528
        },
        {
            "Time": "2022-11-30",
            "value": 0.44280616461241895
        },
        {
            "Time": "2022-12-01",
            "value": 0.5355488867966629
        },
        {
            "Time": "2022-12-02",
            "value": 0.5707188936122962
        },
        {
            "Time": "2022-12-03",
            "value": 1.0019201126994444
        },
        {
            "Time": "2022-12-04",
            "value": 0.7514457129643446
        },
        {
            "Time": "2022-12-05",
            "value": 0.6124638465344864
        },
        {
            "Time": "2022-12-06",
            "value": 0.9497147066213997
        },
        {
            "Time": "2022-12-07",
            "value": 0.2597432155713511
        },
        {
            "Time": "2022-12-08",
            "value": 1.431239886558981
        },
        {
            "Time": "2022-12-09",
            "value": 1.1380100319921558
        },
        {
            "Time": "2022-12-10",
            "value": 3.2598486294431175
        },
        {
            "Time": "2022-12-11",
            "value": 0.5540523284218143
        },
        {
            "Time": "2022-12-12",
            "value": 1.7775754714991987
        },
        {
            "Time": "2022-12-13",
            "value": 2.4090745420305653
        },
        {
            "Time": "2022-12-14",
            "value": 0.9872256666539484
        },
        {
            "Time": "2022-12-15",
            "value": 0.7138869007975917
        },
        {
            "Time": "2022-12-16",
            "value": 0.4418297772465117
        },
        {
            "Time": "2022-12-17",
            "value": 0.6185798020734813
        },
        {
            "Time": "2022-12-18",
            "value": 3.69108968092802
        },
        {
            "Time": "2022-12-19",
            "value": 3.537803769561708
        },
        {
            "Time": "2022-12-20",
            "value": 2.127915487822661
        },
        {
            "Time": "2022-12-21",
            "value": 3.492780388676635
        },
        {
            "Time": "2022-12-22",
            "value": 3.5359189812336247
        },
        {
            "Time": "2022-12-23",
            "value": 3.668074633447289
        },
        {
            "Time": "2022-12-24",
            "value": 3.66869480964939
        },
        {
            "Time": "2022-12-25",
            "value": 3.737456755248034
        },
        {
            "Time": "2022-12-26",
            "value": 3.1635886262454687
        },
        {
            "Time": "2022-12-27",
            "value": 1.396791976041384
        },
        {
            "Time": "2022-12-28",
            "value": 0.6788756093835968
        },
        {
            "Time": "2022-12-29",
            "value": 0.4022000123200868
        },
        {
            "Time": "2022-12-30",
            "value": 0.6490839432562202
        },
        {
            "Time": "2022-12-31",
            "value": 2.095653564709849
        },
        {
            "Time": "2023-01-01",
            "value": 1.1505438184963477
        },
        {
            "Time": "2023-01-02",
            "value": 0.5401079635064402
        },
        {
            "Time": "2023-01-03",
            "value": 0.621928285288462
        },
        {
            "Time": "2023-01-04",
            "value": 0.6191161564112636
        },
        {
            "Time": "2023-01-05",
            "value": 0.8450265332411584
        },
        {
            "Time": "2023-01-06",
            "value": 3.5295194959331555
        },
        {
            "Time": "2023-01-07",
            "value": 3.7268425193755976
        },
        {
            "Time": "2023-01-08",
            "value": 3.708183637426871
        },
        {
            "Time": "2023-01-09",
            "value": 0.7310919159268816
        },
        {
            "Time": "2023-01-10",
            "value": 0.8136651641783792
        },
        {
            "Time": "2023-01-11",
            "value": 1.136602947517254
        },
        {
            "Time": "2023-01-12",
            "value": 2.4242254227570594
        },
        {
            "Time": "2023-01-13",
            "value": 0.49869556970009843
        },
        {
            "Time": "2023-01-14",
            "value": 2.611636519249839
        },
        {
            "Time": "2023-01-15",
            "value": 0.57465962423788
        },
        {
            "Time": "2023-01-16",
            "value": 3.1308079017784936
        },
        {
            "Time": "2023-01-17",
            "value": 0.7021111106384907
        },
        {
            "Time": "2023-01-18",
            "value": 3.6592679020027723
        },
        {
            "Time": "2023-01-19",
            "value": 3.114901805273755
        },
        {
            "Time": "2023-01-20",
            "value": 1.3150126129691009
        },
        {
            "Time": "2023-01-21",
            "value": 0.39952416980731614
        },
        {
            "Time": "2023-01-22",
            "value": 2.957426547186551
        },
        {
            "Time": "2023-01-23",
            "value": 0.36952579370306543
        },
        {
            "Time": "2023-01-24",
            "value": 2.565942101556969
        },
        {
            "Time": "2023-01-25",
            "value": 4.03324068152666
        },
        {
            "Time": "2023-01-26",
            "value": 2.257652125119224
        },
        {
            "Time": "2023-01-27",
            "value": 3.6927402550684305
        },
        {
            "Time": "2023-01-28",
            "value": 4.106906027577964
        },
        {
            "Time": "2023-01-29",
            "value": 4.172310936141889
        },
        {
            "Time": "2023-01-30",
            "value": 4.2963671847028415
        },
        {
            "Time": "2023-01-31",
            "value": 4.225890120449662
        },
        {
            "Time": "2023-02-01",
            "value": 0.7450150847659136
        },
        {
            "Time": "2023-02-02",
            "value": 1.6636982806085205
        },
        {
            "Time": "2023-02-03",
            "value": 0.838368373640412
        },
        {
            "Time": "2023-02-04",
            "value": 0.264905119398161
        },
        {
            "Time": "2023-02-05",
            "value": 0.5429712345636832
        },
        {
            "Time": "2023-02-06",
            "value": 2.6611508817886875
        },
        {
            "Time": "2023-02-07",
            "value": 0.5292436674587303
        },
        {
            "Time": "2023-02-08",
            "value": 0.3133969994946047
        },
        {
            "Time": "2023-02-09",
            "value": 0.7501851613501102
        },
        {
            "Time": "2023-02-10",
            "value": 0.38801749730531043
        },
        {
            "Time": "2023-02-11",
            "value": 1.3555185228079631
        },
        {
            "Time": "2023-02-12",
            "value": 1.9335425585913415
        },
        {
            "Time": "2023-02-13",
            "value": 0.68766179379321
        },
        {
            "Time": "2023-02-14",
            "value": 1.4834254659141544
        },
        {
            "Time": "2023-02-15",
            "value": 4.092883069050444
        },
        {
            "Time": "2023-02-16",
            "value": 4.6484289261826355
        },
        {
            "Time": "2023-02-17",
            "value": 3.5534226337182986
        },
        {
            "Time": "2023-02-18",
            "value": 4.376712493145928
        },
        {
            "Time": "2023-02-19",
            "value": 1.2391831780641618
        },
        {
            "Time": "2023-02-20",
            "value": 2.4336880290640988
        },
        {
            "Time": "2023-02-21",
            "value": 4.559897516186669
        },
        {
            "Time": "2023-02-22",
            "value": 4.004236747514084
        },
        {
            "Time": "2023-02-23",
            "value": 3.858572474292411
        },
        {
            "Time": "2023-02-24",
            "value": 1.7324935364748544
        },
        {
            "Time": "2023-02-25",
            "value": 4.447698162368493
        },
        {
            "Time": "2023-02-26",
            "value": 5.018423325307599
        },
        {
            "Time": "2023-02-27",
            "value": 4.029764945781031
        },
        {
            "Time": "2023-02-28",
            "value": 2.453787980368991
        },
        {
            "Time": "2023-03-01",
            "value": 2.4967670753823326
        },
        {
            "Time": "2023-03-02",
            "value": 3.2076179613431828
        },
        {
            "Time": "2023-03-03",
            "value": 4.402465653553042
        },
        {
            "Time": "2023-03-04",
            "value": 4.898112605010648
        },
        {
            "Time": "2023-03-05",
            "value": 4.899130538185198
        },
        {
            "Time": "2023-03-06",
            "value": 5.1520429613665035
        },
        {
            "Time": "2023-03-07",
            "value": 5.084670537480346
        },
        {
            "Time": "2023-03-08",
            "value": 4.857928514459695
        },
        {
            "Time": "2023-03-09",
            "value": 3.667495760507954
        },
        {
            "Time": "2023-03-10",
            "value": 5.21493369638858
        },
        {
            "Time": "2023-03-11",
            "value": 4.570536442707296
        },
        {
            "Time": "2023-03-12",
            "value": 1.0017394160911377
        },
        {
            "Time": "2023-03-13",
            "value": 4.04637690823366
        },
        {
            "Time": "2023-03-14",
            "value": 5.420918344639437
        },
        {
            "Time": "2023-03-15",
            "value": 4.4670840193124794
        },
        {
            "Time": "2023-03-16",
            "value": 4.50690447650664
        },
        {
            "Time": "2023-03-17",
            "value": 2.7891084584622208
        },
        {
            "Time": "2023-03-18",
            "value": 0.6872096414969767
        },
        {
            "Time": "2023-03-19",
            "value": 0.22230933142675172
        },
        {
            "Time": "2023-03-20",
            "value": 3.506941576823408
        },
        {
            "Time": "2023-03-21",
            "value": 2.030000493461218
        },
        {
            "Time": "2023-03-22",
            "value": 3.4346600692758855
        },
        {
            "Time": "2023-03-23",
            "value": 0.29965276080959313
        },
        {
            "Time": "2023-03-24",
            "value": 0.35833543720207306
        },
        {
            "Time": "2023-03-25",
            "value": 0.42796902114050545
        },
        {
            "Time": "2023-03-26",
            "value": 1.896510996673129
        },
        {
            "Time": "2023-03-27",
            "value": 0.0
        }
    ]
}