{
    "data": [
        {
            "Time": "2022-11-27",
            "value": 0.14979683655643758
        },
        {
            "Time": "2022-11-28",
            "value": 0.722307865826292
        },
        {
            "Time": "2022-11-29",
            "value": 0.7441532088416701
        },
        {
            "Time": "2022-11-30",
            "value": 0.21609824927993554
        },
        {
            "Time": "2022-12-01",
            "value": 0.28004340002124006
        },
        {
            "Time": "2022-12-02",
            "value": 0.3066442651466713
        },
        {
            "Time": "2022-12-03",
            "value": 0.5489042851968196
        },
        {
            "Time": "2022-12-04",
            "value": 0.40540400487966977
        },
        {
            "Time": "2022-12-05",
            "value": 0.3193922829996619
        },
        {
            "Time": "2022-12-06",
            "value": 0.5191564515259685
        },
        {
            "Time": "2022-12-07",
            "value": 0.13144374724072708
        },
        {
            "Time": "2022-12-08",
            "value": 0.8183454503996745
        },
        {
            "Time": "2022-12-09",
            "value": 0.6291345115469524
        },
        {
            "Time": "2022-12-10",
            "value": 2.020551705709625
        },
        {
            "Time": "2022-12-11",
            "value": 0.3048803239945657
        },
        {
            "Time": "2022-12-12",
            "value": 1.097842127328672
        },
        {
            "Time": "2022-12-13",
            "value": 1.5268248843389955
        },
        {
            "Time": "2022-12-14",
            "value": 0.5583815784839881
        },
        {
            "Time": "2022-12-15",
            "value": 0.4012372001401293
        },
        {
            "Time": "2022-12-16",
            "value": 0.2248785567998525
        },
        {
            "Time": "2022-12-17",
            "value": 0.34712804496479277
        },
        {
            "Time": "2022-12-18",
            "value": 2.4785159321026398
        },
        {
            "Time": "2022-12-19",
            "value": 2.3158343547670963
        },
        {
            "Time": "2022-12-20",
            "value": 1.3330790887676967
        },
        {
            "Time": "2022-12-21",
            "value": 2.2364084645111744
        },
        {
            "Time": "2022-12-22",
            "value": 2.2894774841537533
        },
        {
            "Time": "2022-12-23",
            "value": 2.405388105619
        },
        {
            "Time": "2022-12-24",
            "value": 2.4282377935301205
        },
        {
            "Time": "2022-12-25",
            "value": 2.461337053233816
        },
        {
            "Time": "2022-12-26",
            "value": 1.997104137838876
        },
        {
            "Time": "2022-12-27",
            "value": 0.8161005322451973
        },
        {
            "Time": "2022-12-28",
            "value": 0.3624109860600331
        },
        {
            "Time": "2022-12-29",
            "value": 0.21222539622375788
        },
        {
            "Time": "2022-12-30",
            "value": 0.352189391318457
        },
        {
            "Time": "2022-12-31",
            "value": 1.2957585607970274
        },
        {
            "Time": "2023-01-01",
            "value": 0.64536957526079
        },
        {
            "Time": "2023-01-02",
            "value": 0.295234968383672
        },
        {
            "Time": "2023-01-03",
            "value": 0.31531737264874776
        },
        {
            "Time": "2023-01-04",
            "value": 0.33541507560196443
        },
        {
            "Time": "2023-01-05",
            "value": 0.44650088359071
        },
        {
            "Time": "2023-01-06",
            "value": 2.255648789322705
        },
        {
            "Time": "2023-01-07",
            "value": 2.424368136452728
        },
        {
            "Time": "2023-01-08",
            "value": 2.4055266252069725
        },
        {
            "Time": "2023-01-09",
            "value": 0.3907893405240401
        },
        {
            "Time": "2023-01-10",
            "value": 0.43833874130325495
        },
        {
            "Time": "2023-01-11",
            "value": 0.620111350597254
        },
        {
            "Time": "2023-01-12",
            "value": 1.4821527561403798
        },
        {
            "Time": "2023-01-13",
            "value": 0.26363444767883654
        },
        {
            "Time": "2023-01-14",
            "value": 1.5838592606992286
        },
        {
            "Time": "2023-01-15",
            "value": 0.30724015527100496
        },
        {
            "Time": "2023-01-16",
            "value": 1.9911489284965167
        },
        {
            "Time": "2023-01-17",
            "value": 0.3710966802521358
        },
        {
            "Time": "2023-01-18",
            "value": 2.338622262334539
        },
        {
            "Time": "2023-01-19",
            "value": 1.9460592961662653
        },
        {
            "Time": "2023-01-20",
            "value": 0.7490809225713838
        },
        {
            "Time": "2023-01-21",
            "value": 0.19942598340154166
        },
        {
            "Time": "2023-01-22",
            "value": 1.8479299591422302
        },
        {
            "Time": "2023-01-23",
            "value": 0.1884485787570891
        },
        {
            "Time": "2023-01-24",
            "value": 1.5993937452031466
        },
        {
            "Time": "2023-01-25",
            "value": 2.6180246150955218
        },
        {
            "Time": "2023-01-26",
            "value": 1.2496040980110352
        },
        {
            "Time": "2023-01-27",
            "value": 2.4063469350693034
        },
        {
            "Time": "2023-01-28",
            "value": 2.6998574938763205
        },
        {
            "Time": "2023-01-29",
            "value": 2.724680654113472
        },
        {
            "Time": "2023-01-30",
            "value": 2.80811756424262
        },
        {
            "Time": "2023-01-31",
            "value": 2.7855243140384554
        },
        {
            "Time": "2023-02-01",
            "value": 0.4157111102817926
        },
        {
            "Time": "2023-02-02",
            "value": 0.9922210110041363
        },
        {
            "Time": "2023-02-03",
            "value": 0.45740704502997265
        },
        {
            "Time": "2023-02-04",
            "value": 0.12217208480737914
        },
        {
            "Time": "2023-02-05",
            "value": 0.30539055912248253
        },
        {
            "Time": "2023-02-06",
            "value": 1.6543137563549544
        },
        {
            "Time": "2023-02-07",
            "value": 0.2748423821962758
        },
        {
            "Time": "2023-02-08",
            "value": 0.16643441911672494
        },
        {
            "Time": "2023-02-09",
            "value": 0.40217849205622613
        },
        {
            "Time": "2023-02-10",
            "value": 0.19207618616647523
        },
        {
            "Time": "2023-02-11",
            "value": 0.8085611820960603
        },
        {
            "Time": "2023-02-12",
            "value": 1.174909510798572
        },
        {
            "Time": "2023-02-13",
            "value": 0.35509128354866554
        },
        {
            "Time": "2023-02-14",
            "value": 0.87968680292558
        },
        {
            "Time": "2023-02-15",
            "value": 2.5821194405997545
        },
        {
            "Time": "2023-02-16",
            "value": 3.080014222903802
        },
        {
            "Time": "2023-02-17",
            "value": 2.193545622024185
        },
        {
            "Time": "2023-02-18",
            "value": 2.6523020460471285
        },
        {
            "Time": "2023-02-19",
            "value": 0.6851543915910319
        },
        {
            "Time": "2023-02-20",
            "value": 1.4742880676321068
        },
        {
            "Time": "2023-02-21",
            "value": 2.9930662752177257
        },
        {
            "Time": "2023-02-22",
            "value": 2.5362026104226385
        },
        {
            "Time": "2023-02-23",
            "value": 2.401537914373789
        },
        {
            "Time": "2023-02-24",
            "value": 1.0135501960742925
        },
        {
            "Time": "2023-02-25",
            "value": 2.7338350875622175
        },
        {
            "Time": "2023-02-26",
            "value": 3.0624211727669786
        },
        {
            "Time": "2023-02-27",
            "value": 2.6263947769431777
        },
        {
            "Time": "2023-02-28",
            "value": 1.4663600277788018
        },
        {
            "Time": "2023-03-01",
            "value": 1.477641440504469
        },
        {
            "Time": "2023-03-02",
            "value": 1.9778902488155887
        },
        {
            "Time": "2023-03-03",
            "value": 2.6799352988554834
        },
        {
            "Time": "2023-03-04",
            "value": 2.960624497442084
        },
        {
            "Time": "2023-03-05",
            "value": 2.9321450144404833
        },
        {
            "Time": "2023-03-06",
            "value": 3.030501380941041
        },
        {
            "Time": "2023-03-07",
            "value": 3.0039825545735805
        },
        {
            "Time": "2023-03-08",
            "value": 2.746915433465014
        },
        {
            "Time": "2023-03-09",
            "value": 2.1783526067608343
        },
        {
            "Time": "2023-03-10",
            "value": 3.074216840566458
        },
        {
            "Time": "2023-03-11",
            "value": 2.61531183220223
        },
        {
            "Time": "2023-03-12",
            "value": 0.5466008540277918
        },
        {
            "Time": "2023-03-13",
            "value": 2.4487074654542207
        },
        {
            "Time": "2023-03-14",
            "value": 3.1754471415732333
        },
        {
            "Time": "2023-03-15",
            "value": 2.590776239437994
        },
        {
            "Time": "2023-03-16",
            "value": 2.672077461067483
        },
        {
            "Time": "2023-03-17",
            "value": 1.557398387574854
        },
        {
            "Time": "2023-03-18",
            "value": 0.3661255074499247
        },
        {
            "Time": "2023-03-19",
            "value": 0.09218614346781066
        },
        {
            "Time": "2023-03-20",
            "value": 2.1551138231568725
        },
        {
            "Time": "2023-03-21",
            "value": 1.1617622408974935
        },
        {
            "Time": "2023-03-22",
            "value": 2.0170780657580023
        },
        {
            "Time": "2023-03-23",
            "value": 0.15274742311103856
        },
        {
            "Time": "2023-03-24",
            "value": 0.1551451353748167
        },
        {
            "Time": "2023-03-25",
            "value": 0.22158680196351735
        },
        {
            "Time": "2023-03-26",
            "value": 1.0745810646947536
        },
        {
            "Time": "2023-03-27",
            "value": 0.0
        }
    ]
}