{
    "data": [
        {
            "Time": "2022-11-27",
            "value": 0.1650767985490061
        },
        {
            "Time": "2022-11-28",
            "value": 0.6449804413876005
        },
        {
            "Time": "2022-11-29",
            "value": 0.43999134154528274
        },
        {
            "Time": "2022-11-30",
            "value": 0.24796506577073782
        },
        {
            "Time": "2022-12-01",
            "value": 0.0
        },
        {
            "Time": "2022-12-02",
            "value": 0.0
        },
        {
            "Time": "2022-12-03",
            "value": 0.0
        },
        {
            "Time": "2022-12-04",
            "value": 0.0
        },
        {
            "Time": "2022-12-05",
            "value": -0.00552558877415818
        },
        {
            "Time": "2022-12-06",
            "value": -0.017940414104112644
        },
        {
            "Time": "2022-12-07",
            "value": -0.030375646984941662
        },
        {
            "Time": "2022-12-08",
            "value": 0.6484368198170611
        },
        {
            "Time": "2022-12-09",
            "value": 0.6254527853943407
        },
        {
            "Time": "2022-12-10",
            "value": 1.7844406088573432
        },
        {
            "Time": "2022-12-11",
            "value": 0.2855932288857303
        },
        {
            "Time": "2022-12-12",
            "value": 0.8757704732441675
        },
        {
            "Time": "2022-12-13",
            "value": 1.0851793403168561
        },
        {
            "Time": "2022-12-14",
            "value": 0.5161290524294205
        },
        {
            "Time": "2022-12-15",
            "value": 0.361867157082022
        },
        {
            "Time": "2022-12-16",
            "value": 0.2604417912709681
        },
        {
            "Time": "2022-12-17",
            "value": 0.31708435131119794
        },
        {
            "Time": "2022-12-18",
            "value": 1.8825222382188955
        },
        {
            "Time": "2022-12-19",
            "value": 1.7663105356904316
        },
        {
            "Time": "2022-12-20",
            "value": 0.9497814310597721
        },
        {
            "Time": "2022-12-21",
            "value": 2.068944522668486
        },
        {
            "Time": "2022-12-22",
            "value": 2.211570187715326
        },
        {
            "Time": "2022-12-23",
            "value": 1.9082456282323328
        },
        {
            "Time": "2022-12-24",
            "value": 1.9006702443735293
        },
        {
            "Time": "2022-12-25",
            "value": 1.9097598812858771
        },
        {
            "Time": "2022-12-26",
            "value": 1.7889117288747314
        },
        {
            "Time": "2022-12-27",
            "value": 0.6577835380983148
        },
        {
            "Time": "2022-12-28",
            "value": 0.38124437601204597
        },
        {
            "Time": "2022-12-29",
            "value": 0.219636167361918
        },
        {
            "Time": "2022-12-30",
            "value": 0.3638078660458518
        },
        {
            "Time": "2022-12-31",
            "value": 0.8923984920790013
        },
        {
            "Time": "2023-01-01",
            "value": 0.5966964383097177
        },
        {
            "Time": "2023-01-02",
            "value": 0.29708593322128396
        },
        {
            "Time": "2023-01-03",
            "value": 0.3461219821560671
        },
        {
            "Time": "2023-01-04",
            "value": 0.3438567526036681
        },
        {
            "Time": "2023-01-05",
            "value": 0.4535236776789027
        },
        {
            "Time": "2023-01-06",
            "value": 2.211819725890451
        },
        {
            "Time": "2023-01-07",
            "value": 2.061710516621349
        },
        {
            "Time": "2023-01-08",
            "value": 2.228285211832263
        },
        {
            "Time": "2023-01-09",
            "value": 0.4136948757499014
        },
        {
            "Time": "2023-01-10",
            "value": 0.40123768248607494
        },
        {
            "Time": "2023-01-11",
            "value": 0.6014301768361318
        },
        {
            "Time": "2023-01-12",
            "value": 0.9265320238444655
        },
        {
            "Time": "2023-01-13",
            "value": 0.27259041447530646
        },
        {
            "Time": "2023-01-14",
            "value": 0.9317559022055298
        },
        {
            "Time": "2023-01-15",
            "value": 0.3231235915136148
        },
        {
            "Time": "2023-01-16",
            "value": 1.9284320969227764
        },
        {
            "Time": "2023-01-17",
            "value": 0.3789005799318251
        },
        {
            "Time": "2023-01-18",
            "value": 1.7092346310847037
        },
        {
            "Time": "2023-01-19",
            "value": 1.460903635309445
        },
        {
            "Time": "2023-01-20",
            "value": 0.6065675315643163
        },
        {
            "Time": "2023-01-21",
            "value": 0.21955882746845518
        },
        {
            "Time": "2023-01-22",
            "value": 1.2556495221215818
        },
        {
            "Time": "2023-01-23",
            "value": 0.21146202931507838
        },
        {
            "Time": "2023-01-24",
            "value": 1.2286261896755633
        },
        {
            "Time": "2023-01-25",
            "value": 1.7475969015891963
        },
        {
            "Time": "2023-01-26",
            "value": 0.9164278594458399
        },
        {
            "Time": "2023-01-27",
            "value": 1.5192588597183145
        },
        {
            "Time": "2023-01-28",
            "value": 1.6944713703698173
        },
        {
            "Time": "2023-01-29",
            "value": 2.047200877831875
        },
        {
            "Time": "2023-01-30",
            "value": 1.6948076614437952
        },
        {
            "Time": "2023-01-31",
            "value": 2.000383235873488
        },
        {
            "Time": "2023-02-01",
            "value": 0.3949722229277834
        },
        {
            "Time": "2023-02-02",
            "value": 0.8121480237738784
        },
        {
            "Time": "2023-02-03",
            "value": 0.4519722647932978
        },
        {
            "Time": "2023-02-04",
            "value": 0.13650382270283434
        },
        {
            "Time": "2023-02-05",
            "value": 0.29942687779133315
        },
        {
            "Time": "2023-02-06",
            "value": 1.130237967871945
        },
        {
            "Time": "2023-02-07",
            "value": 0.30881985204128
        },
        {
            "Time": "2023-02-08",
            "value": 0.15745147803149984
        },
        {
            "Time": "2023-02-09",
            "value": 0.4117652355786218
        },
        {
            "Time": "2023-02-10",
            "value": 0.21906142232467293
        },
        {
            "Time": "2023-02-11",
            "value": 0.6904600345481459
        },
        {
            "Time": "2023-02-12",
            "value": 0.952037306490647
        },
        {
            "Time": "2023-02-13",
            "value": 0.3236779789278083
        },
        {
            "Time": "2023-02-14",
            "value": 0.7905498466260408
        },
        {
            "Time": "2023-02-15",
            "value": 1.6014759109841799
        },
        {
            "Time": "2023-02-16",
            "value": 1.843179659536161
        },
        {
            "Time": "2023-02-17",
            "value": 1.5020068706013938
        },
        {
            "Time": "2023-02-18",
            "value": 1.688351792809264
        },
        {
            "Time": "2023-02-19",
            "value": 0.6666412205389958
        },
        {
            "Time": "2023-02-20",
            "value": 1.278849835312924
        },
        {
            "Time": "2023-02-21",
            "value": 1.8670083096024241
        },
        {
            "Time": "2023-02-22",
            "value": 1.7330610172803766
        },
        {
            "Time": "2023-02-23",
            "value": 1.6570513011339463
        },
        {
            "Time": "2023-02-24",
            "value": 0.9151158657876928
        },
        {
            "Time": "2023-02-25",
            "value": 1.8176661737215818
        },
        {
            "Time": "2023-02-26",
            "value": 2.0065914028164724
        },
        {
            "Time": "2023-02-27",
            "value": 2.0562584255906318
        },
        {
            "Time": "2023-02-28",
            "value": 1.2921500223773743
        },
        {
            "Time": "2023-03-01",
            "value": 1.3728987361012628
        },
        {
            "Time": "2023-03-02",
            "value": 1.8101575780370287
        },
        {
            "Time": "2023-03-03",
            "value": 2.3173821565233688
        },
        {
            "Time": "2023-03-04",
            "value": 2.6787366150562635
        },
        {
            "Time": "2023-03-05",
            "value": 2.6691201262807063
        },
        {
            "Time": "2023-03-06",
            "value": 2.826611418514699
        },
        {
            "Time": "2023-03-07",
            "value": 2.843107663977067
        },
        {
            "Time": "2023-03-08",
            "value": 2.6367436982697137
        },
        {
            "Time": "2023-03-09",
            "value": 2.1707487093623987
        },
        {
            "Time": "2023-03-10",
            "value": 3.048454106709202
        },
        {
            "Time": "2023-03-11",
            "value": 2.5440598516583033
        },
        {
            "Time": "2023-03-12",
            "value": 0.5434778926310284
        },
        {
            "Time": "2023-03-13",
            "value": 2.336999038044583
        },
        {
            "Time": "2023-03-14",
            "value": 3.1824773890043887
        },
        {
            "Time": "2023-03-15",
            "value": 2.655111510361585
        },
        {
            "Time": "2023-03-16",
            "value": 2.688109846416042
        },
        {
            "Time": "2023-03-17",
            "value": 1.5403199159472893
        },
        {
            "Time": "2023-03-18",
            "value": 0.3649062388377722
        },
        {
            "Time": "2023-03-19",
            "value": 0.12644098043747867
        },
        {
            "Time": "2023-03-20",
            "value": 2.184856990854354
        },
        {
            "Time": "2023-03-21",
            "value": 1.1065200769149754
        },
        {
            "Time": "2023-03-22",
            "value": 2.1465247620850527
        },
        {
            "Time": "2023-03-23",
            "value": 0.163025166428657
        },
        {
            "Time": "2023-03-24",
            "value": 0.17450618773524232
        },
        {
            "Time": "2023-03-25",
            "value": 0.23823910291236805
        },
        {
            "Time": "2023-03-26",
            "value": 1.0280108078781753
        },
        {
            "Time": "2023-03-27",
            "value": 0.0
        }
    ]
}