{
    "data": [
        {
            "Time": "2022-11-27",
            "value": 0.16924274715463464
        },
        {
            "Time": "2022-11-28",
            "value": 0.9820012040747547
        },
        {
            "Time": "2022-11-29",
            "value": 0.8402728872723111
        },
        {
            "Time": "2022-11-30",
            "value": 0.2604040945806031
        },
        {
            "Time": "2022-12-01",
            "value": 0.3292812205620127
        },
        {
            "Time": "2022-12-02",
            "value": 0.34964365728076396
        },
        {
            "Time": "2022-12-03",
            "value": 0.6543646335598257
        },
        {
            "Time": "2022-12-04",
            "value": 0.4957265017759552
        },
        {
            "Time": "2022-12-05",
            "value": 0.4124089870627083
        },
        {
            "Time": "2022-12-06",
            "value": 0.6366909120633993
        },
        {
            "Time": "2022-12-07",
            "value": 0.1365510500160372
        },
        {
            "Time": "2022-12-08",
            "value": 1.0160590818701294
        },
        {
            "Time": "2022-12-09",
            "value": 0.7685997856806247
        },
        {
            "Time": "2022-12-10",
            "value": 2.4774405247265836
        },
        {
            "Time": "2022-12-11",
            "value": 0.34617241110409086
        },
        {
            "Time": "2022-12-12",
            "value": 1.3162547704700196
        },
        {
            "Time": "2022-12-13",
            "value": 1.798085799161259
        },
        {
            "Time": "2022-12-14",
            "value": 0.6723597148179477
        },
        {
            "Time": "2022-12-15",
            "value": 0.4646491698229282
        },
        {
            "Time": "2022-12-16",
            "value": 0.2773777718207463
        },
        {
            "Time": "2022-12-17",
            "value": 0.41319554592637614
        },
        {
            "Time": "2022-12-18",
            "value": 3.1626262003164447
        },
        {
            "Time": "2022-12-19",
            "value": 2.9428000343377194
        },
        {
            "Time": "2022-12-20",
            "value": 1.530978607950237
        },
        {
            "Time": "2022-12-21",
            "value": 2.8337976363773456
        },
        {
            "Time": "2022-12-22",
            "value": 2.8928852357529964
        },
        {
            "Time": "2022-12-23",
            "value": 3.0384603897309206
        },
        {
            "Time": "2022-12-24",
            "value": 3.080616061938804
        },
        {
            "Time": "2022-12-25",
            "value": 3.1123230070253847
        },
        {
            "Time": "2022-12-26",
            "value": 2.3825232086774446
        },
        {
            "Time": "2022-12-27",
            "value": 0.9675356894541791
        },
        {
            "Time": "2022-12-28",
            "value": 0.4413554868836057
        },
        {
            "Time": "2022-12-29",
            "value": 0.2429538691211045
        },
        {
            "Time": "2022-12-30",
            "value": 0.4173122480256076
        },
        {
            "Time": "2022-12-31",
            "value": 1.5640573433700986
        },
        {
            "Time": "2023-01-01",
            "value": 0.7893038074645937
        },
        {
            "Time": "2023-01-02",
            "value": 0.33681812279990175
        },
        {
            "Time": "2023-01-03",
            "value": 0.40138853286782084
        },
        {
            "Time": "2023-01-04",
            "value": 0.4124228367435689
        },
        {
            "Time": "2023-01-05",
            "value": 0.5400887742024152
        },
        {
            "Time": "2023-01-06",
            "value": 2.8885328883942343
        },
        {
            "Time": "2023-01-07",
            "value": 3.088030220773471
        },
        {
            "Time": "2023-01-08",
            "value": 3.0530665762113
        },
        {
            "Time": "2023-01-09",
            "value": 0.4779858029374184
        },
        {
            "Time": "2023-01-10",
            "value": 0.5097658530398415
        },
        {
            "Time": "2023-01-11",
            "value": 0.7610560610722324
        },
        {
            "Time": "2023-01-12",
            "value": 1.7717166482580038
        },
        {
            "Time": "2023-01-13",
            "value": 0.29219292948222436
        },
        {
            "Time": "2023-01-14",
            "value": 1.94445153795405
        },
        {
            "Time": "2023-01-15",
            "value": 0.38161349988476656
        },
        {
            "Time": "2023-01-16",
            "value": 2.4689884569711613
        },
        {
            "Time": "2023-01-17",
            "value": 0.4479823454618056
        },
        {
            "Time": "2023-01-18",
            "value": 2.951336462824612
        },
        {
            "Time": "2023-01-19",
            "value": 2.4069591635701757
        },
        {
            "Time": "2023-01-20",
            "value": 0.9221142438297818
        },
        {
            "Time": "2023-01-21",
            "value": 0.2288021467290095
        },
        {
            "Time": "2023-01-22",
            "value": 2.3354455182185987
        },
        {
            "Time": "2023-01-23",
            "value": 0.23201878188410316
        },
        {
            "Time": "2023-01-24",
            "value": 2.0583003560593256
        },
        {
            "Time": "2023-01-25",
            "value": 3.290068069762335
        },
        {
            "Time": "2023-01-26",
            "value": 1.53455099734444
        },
        {
            "Time": "2023-01-27",
            "value": 2.9604893798001957
        },
        {
            "Time": "2023-01-28",
            "value": 3.365301942183365
        },
        {
            "Time": "2023-01-29",
            "value": 3.3875949258291325
        },
        {
            "Time": "2023-01-30",
            "value": 3.432439993348813
        },
        {
            "Time": "2023-01-31",
            "value": 3.413293041185467
        },
        {
            "Time": "2023-02-01",
            "value": 0.48089479563158705
        },
        {
            "Time": "2023-02-02",
            "value": 1.2394791493955555
        },
        {
            "Time": "2023-02-03",
            "value": 0.5490930073513346
        },
        {
            "Time": "2023-02-04",
            "value": 0.14132950866311778
        },
        {
            "Time": "2023-02-05",
            "value": 0.36962070645014705
        },
        {
            "Time": "2023-02-06",
            "value": 1.9371527300128513
        },
        {
            "Time": "2023-02-07",
            "value": 0.37840113509344125
        },
        {
            "Time": "2023-02-08",
            "value": 0.1696389315545181
        },
        {
            "Time": "2023-02-09",
            "value": 0.48322883037183484
        },
        {
            "Time": "2023-02-10",
            "value": 0.24681684553348365
        },
        {
            "Time": "2023-02-11",
            "value": 0.9966807782599952
        },
        {
            "Time": "2023-02-12",
            "value": 1.4230642373164661
        },
        {
            "Time": "2023-02-13",
            "value": 0.42910294623480344
        },
        {
            "Time": "2023-02-14",
            "value": 1.1015932334174436
        },
        {
            "Time": "2023-02-15",
            "value": 3.1336172942240093
        },
        {
            "Time": "2023-02-16",
            "value": 3.6539713422427256
        },
        {
            "Time": "2023-02-17",
            "value": 2.598010802006296
        },
        {
            "Time": "2023-02-18",
            "value": 3.1875392653786934
        },
        {
            "Time": "2023-02-19",
            "value": 0.8676222977322849
        },
        {
            "Time": "2023-02-20",
            "value": 1.8191932957094843
        },
        {
            "Time": "2023-02-21",
            "value": 3.586454202036602
        },
        {
            "Time": "2023-02-22",
            "value": 3.0534499711223115
        },
        {
            "Time": "2023-02-23",
            "value": 2.891145750537061
        },
        {
            "Time": "2023-02-24",
            "value": 1.2528462943662408
        },
        {
            "Time": "2023-02-25",
            "value": 3.330908925747553
        },
        {
            "Time": "2023-02-26",
            "value": 3.6748849973262376
        },
        {
            "Time": "2023-02-27",
            "value": 3.1648737579711583
        },
        {
            "Time": "2023-02-28",
            "value": 1.7375691360096204
        },
        {
            "Time": "2023-03-01",
            "value": 1.8033724749551305
        },
        {
            "Time": "2023-03-02",
            "value": 2.44771906299322
        },
        {
            "Time": "2023-03-03",
            "value": 3.1910620754678316
        },
        {
            "Time": "2023-03-04",
            "value": 3.5495909569767883
        },
        {
            "Time": "2023-03-05",
            "value": 3.5118466731316333
        },
        {
            "Time": "2023-03-06",
            "value": 3.6191283269041774
        },
        {
            "Time": "2023-03-07",
            "value": 3.599902189251075
        },
        {
            "Time": "2023-03-08",
            "value": 3.293823409765209
        },
        {
            "Time": "2023-03-09",
            "value": 2.6011857009642005
        },
        {
            "Time": "2023-03-10",
            "value": 3.696939638677433
        },
        {
            "Time": "2023-03-11",
            "value": 3.174503323381356
        },
        {
            "Time": "2023-03-12",
            "value": 0.6707865372531934
        },
        {
            "Time": "2023-03-13",
            "value": 2.928245552194507
        },
        {
            "Time": "2023-03-14",
            "value": 3.662387333152538
        },
        {
            "Time": "2023-03-15",
            "value": 3.1417986235575017
        },
        {
            "Time": "2023-03-16",
            "value": 3.194133494825342
        },
        {
            "Time": "2023-03-17",
            "value": 1.8780183618089095
        },
        {
            "Time": "2023-03-18",
            "value": 0.4359075617647722
        },
        {
            "Time": "2023-03-19",
            "value": 0.14177613184902718
        },
        {
            "Time": "2023-03-20",
            "value": 2.5793509759699367
        },
        {
            "Time": "2023-03-21",
            "value": 1.4118477651252737
        },
        {
            "Time": "2023-03-22",
            "value": 2.506939737716958
        },
        {
            "Time": "2023-03-23",
            "value": 0.1955561866056372
        },
        {
            "Time": "2023-03-24",
            "value": 0.24410235142624634
        },
        {
            "Time": "2023-03-25",
            "value": 0.3051426470446624
        },
        {
            "Time": "2023-03-26",
            "value": 1.345635767242228
        },
        {
            "Time": "2023-03-27",
            "value": 0.0
        }
    ]
}