{
    "data": [
        {
            "Time": "2022-11-27",
            "value": 0.2153016482757914
        },
        {
            "Time": "2022-11-28",
            "value": 1.044680323280601
        },
        {
            "Time": "2022-11-29",
            "value": 0.9222665141814895
        },
        {
            "Time": "2022-11-30",
            "value": 0.3022147015016434
        },
        {
            "Time": "2022-12-01",
            "value": 0.0
        },
        {
            "Time": "2022-12-02",
            "value": 0.0
        },
        {
            "Time": "2022-12-03",
            "value": 0.0
        },
        {
            "Time": "2022-12-04",
            "value": 0.0
        },
        {
            "Time": "2022-12-05",
            "value": -0.006906986192174786
        },
        {
            "Time": "2022-12-06",
            "value": -0.022425518358970158
        },
        {
            "Time": "2022-12-07",
            "value": -0.037969559965187784
        },
        {
            "Time": "2022-12-08",
            "value": 1.071628870865939
        },
        {
            "Time": "2022-12-09",
            "value": 0.8169136232322739
        },
        {
            "Time": "2022-12-10",
            "value": 2.679148342366714
        },
        {
            "Time": "2022-12-11",
            "value": 0.38662947688968036
        },
        {
            "Time": "2022-12-12",
            "value": 1.3862279909772381
        },
        {
            "Time": "2022-12-13",
            "value": 1.9335913349412253
        },
        {
            "Time": "2022-12-14",
            "value": 0.7200870719707203
        },
        {
            "Time": "2022-12-15",
            "value": 0.4944130644880514
        },
        {
            "Time": "2022-12-16",
            "value": 0.30798848101172194
        },
        {
            "Time": "2022-12-17",
            "value": 0.4559596464300173
        },
        {
            "Time": "2022-12-18",
            "value": 3.3460857658316496
        },
        {
            "Time": "2022-12-19",
            "value": 3.1811060177212047
        },
        {
            "Time": "2022-12-20",
            "value": 1.7062670653748897
        },
        {
            "Time": "2022-12-21",
            "value": 3.046288761196476
        },
        {
            "Time": "2022-12-22",
            "value": 3.0677184785504217
        },
        {
            "Time": "2022-12-23",
            "value": 3.2849496875481705
        },
        {
            "Time": "2022-12-24",
            "value": 3.326895579271463
        },
        {
            "Time": "2022-12-25",
            "value": 3.3019536115322676
        },
        {
            "Time": "2022-12-26",
            "value": 2.507837744427457
        },
        {
            "Time": "2022-12-27",
            "value": 1.0227392840549099
        },
        {
            "Time": "2022-12-28",
            "value": 0.48785925005728803
        },
        {
            "Time": "2022-12-29",
            "value": 0.2760333539746283
        },
        {
            "Time": "2022-12-30",
            "value": 0.4448946714450278
        },
        {
            "Time": "2022-12-31",
            "value": 1.6556962802933068
        },
        {
            "Time": "2023-01-01",
            "value": 0.8410644713998161
        },
        {
            "Time": "2023-01-02",
            "value": 0.37544122347116815
        },
        {
            "Time": "2023-01-03",
            "value": 0.4439783608406345
        },
        {
            "Time": "2023-01-04",
            "value": 0.44691727015586963
        },
        {
            "Time": "2023-01-05",
            "value": 0.583739433724352
        },
        {
            "Time": "2023-01-06",
            "value": 3.051098216581271
        },
        {
            "Time": "2023-01-07",
            "value": 3.437651244788287
        },
        {
            "Time": "2023-01-08",
            "value": 3.302850952406987
        },
        {
            "Time": "2023-01-09",
            "value": 0.5251725146679728
        },
        {
            "Time": "2023-01-10",
            "value": 0.5470645879288061
        },
        {
            "Time": "2023-01-11",
            "value": 0.8044127833176978
        },
        {
            "Time": "2023-01-12",
            "value": 1.8422118666889995
        },
        {
            "Time": "2023-01-13",
            "value": 0.3588634631462663
        },
        {
            "Time": "2023-01-14",
            "value": 2.039064081666214
        },
        {
            "Time": "2023-01-15",
            "value": 0.41846523468258506
        },
        {
            "Time": "2023-01-16",
            "value": 2.5446740694367644
        },
        {
            "Time": "2023-01-17",
            "value": 0.4863945488410919
        },
        {
            "Time": "2023-01-18",
            "value": 3.065625602322906
        },
        {
            "Time": "2023-01-19",
            "value": 2.4915112264071895
        },
        {
            "Time": "2023-01-20",
            "value": 0.9686475950059462
        },
        {
            "Time": "2023-01-21",
            "value": 0.27191782920689245
        },
        {
            "Time": "2023-01-22",
            "value": 2.464714450933776
        },
        {
            "Time": "2023-01-23",
            "value": 0.25103077078060354
        },
        {
            "Time": "2023-01-24",
            "value": 2.185008355233065
        },
        {
            "Time": "2023-01-25",
            "value": 3.4304812067569364
        },
        {
            "Time": "2023-01-26",
            "value": 1.5707336759371537
        },
        {
            "Time": "2023-01-27",
            "value": 3.0482823236317853
        },
        {
            "Time": "2023-01-28",
            "value": 3.469077301967946
        },
        {
            "Time": "2023-01-29",
            "value": 3.4745196704871275
        },
        {
            "Time": "2023-01-30",
            "value": 3.5621639129878413
        },
        {
            "Time": "2023-01-31",
            "value": 3.5300796775031156
        },
        {
            "Time": "2023-02-01",
            "value": 0.5415528947383343
        },
        {
            "Time": "2023-02-02",
            "value": 1.3282851026322104
        },
        {
            "Time": "2023-02-03",
            "value": 0.602592843754273
        },
        {
            "Time": "2023-02-04",
            "value": 0.1751947873826503
        },
        {
            "Time": "2023-02-05",
            "value": 0.38924592062333907
        },
        {
            "Time": "2023-02-06",
            "value": 2.0247550903124543
        },
        {
            "Time": "2023-02-07",
            "value": 0.3977892521128558
        },
        {
            "Time": "2023-02-08",
            "value": 0.20056036796764576
        },
        {
            "Time": "2023-02-09",
            "value": 0.5303364047294601
        },
        {
            "Time": "2023-02-10",
            "value": 0.2813281533625233
        },
        {
            "Time": "2023-02-11",
            "value": 1.0533603900937811
        },
        {
            "Time": "2023-02-12",
            "value": 1.5036308698538594
        },
        {
            "Time": "2023-02-13",
            "value": 0.43133491854271616
        },
        {
            "Time": "2023-02-14",
            "value": 1.1752990554019151
        },
        {
            "Time": "2023-02-15",
            "value": 3.1727320070485727
        },
        {
            "Time": "2023-02-16",
            "value": 3.7361320105727147
        },
        {
            "Time": "2023-02-17",
            "value": 2.7278128448372114
        },
        {
            "Time": "2023-02-18",
            "value": 3.2707925179989914
        },
        {
            "Time": "2023-02-19",
            "value": 0.9188519878357473
        },
        {
            "Time": "2023-02-20",
            "value": 1.8886956313196963
        },
        {
            "Time": "2023-02-21",
            "value": 3.7365345903300433
        },
        {
            "Time": "2023-02-22",
            "value": 3.186852835106634
        },
        {
            "Time": "2023-02-23",
            "value": 3.0203573751724107
        },
        {
            "Time": "2023-02-24",
            "value": 1.2946461274623466
        },
        {
            "Time": "2023-02-25",
            "value": 3.3664982512195656
        },
        {
            "Time": "2023-02-26",
            "value": 3.848444160924704
        },
        {
            "Time": "2023-02-27",
            "value": 3.299856988463069
        },
        {
            "Time": "2023-02-28",
            "value": 1.8156183706403333
        },
        {
            "Time": "2023-03-01",
            "value": 1.8633748907516292
        },
        {
            "Time": "2023-03-02",
            "value": 2.5407992743727856
        },
        {
            "Time": "2023-03-03",
            "value": 3.244536250869584
        },
        {
            "Time": "2023-03-04",
            "value": 3.6927389241773034
        },
        {
            "Time": "2023-03-05",
            "value": 3.663996981301236
        },
        {
            "Time": "2023-03-06",
            "value": 3.799799742269489
        },
        {
            "Time": "2023-03-07",
            "value": 3.777029267245701
        },
        {
            "Time": "2023-03-08",
            "value": 3.456432865008899
        },
        {
            "Time": "2023-03-09",
            "value": 2.6688082549597585
        },
        {
            "Time": "2023-03-10",
            "value": 3.858953483484064
        },
        {
            "Time": "2023-03-11",
            "value": 3.275797194255483
        },
        {
            "Time": "2023-03-12",
            "value": 0.7286223374530391
        },
        {
            "Time": "2023-03-13",
            "value": 3.0187957794574327
        },
        {
            "Time": "2023-03-14",
            "value": 3.8628010299815196
        },
        {
            "Time": "2023-03-15",
            "value": 3.2710898489480478
        },
        {
            "Time": "2023-03-16",
            "value": 3.3127381008137546
        },
        {
            "Time": "2023-03-17",
            "value": 1.9523158825487574
        },
        {
            "Time": "2023-03-18",
            "value": 0.49217808478312625
        },
        {
            "Time": "2023-03-19",
            "value": 0.16155138310983916
        },
        {
            "Time": "2023-03-20",
            "value": 2.701566480825981
        },
        {
            "Time": "2023-03-21",
            "value": 1.4848330289252627
        },
        {
            "Time": "2023-03-22",
            "value": 2.6238959392194516
        },
        {
            "Time": "2023-03-23",
            "value": 0.2113503228033444
        },
        {
            "Time": "2023-03-24",
            "value": 0.2529223089637505
        },
        {
            "Time": "2023-03-25",
            "value": 0.3161751814016049
        },
        {
            "Time": "2023-03-26",
            "value": 1.4110588551613874
        },
        {
            "Time": "2023-03-27",
            "value": 0.0
        }
    ]
}