{
    "data": [
        {
            "Time": "2022-11-27",
            "value": 0.227844321804009
        },
        {
            "Time": "2022-11-28",
            "value": 0.9552198574419908
        },
        {
            "Time": "2022-11-29",
            "value": 0.6231995236791765
        },
        {
            "Time": "2022-11-30",
            "value": 0.3316032386693556
        },
        {
            "Time": "2022-12-01",
            "value": 0.0
        },
        {
            "Time": "2022-12-02",
            "value": 0.0
        },
        {
            "Time": "2022-12-03",
            "value": 0.0
        },
        {
            "Time": "2022-12-04",
            "value": 0.0
        },
        {
            "Time": "2022-12-05",
            "value": 0.0006906985971150835
        },
        {
            "Time": "2022-12-06",
            "value": 0.0022425517641353125
        },
        {
            "Time": "2022-12-07",
            "value": 0.0037969558750161414
        },
        {
            "Time": "2022-12-08",
            "value": 1.0502362788025057
        },
        {
            "Time": "2022-12-09",
            "value": 0.8153353083430049
        },
        {
            "Time": "2022-12-10",
            "value": 1.8598714886136052
        },
        {
            "Time": "2022-12-11",
            "value": 0.41512602265461307
        },
        {
            "Time": "2022-12-12",
            "value": 1.3067036077661336
        },
        {
            "Time": "2022-12-13",
            "value": 1.1579656439607182
        },
        {
            "Time": "2022-12-14",
            "value": 0.7269308222246192
        },
        {
            "Time": "2022-12-15",
            "value": 0.5178104569507761
        },
        {
            "Time": "2022-12-16",
            "value": 0.3308595135463347
        },
        {
            "Time": "2022-12-17",
            "value": 0.4924264503532855
        },
        {
            "Time": "2022-12-18",
            "value": 2.1994400362295066
        },
        {
            "Time": "2022-12-19",
            "value": 2.067432703619033
        },
        {
            "Time": "2022-12-20",
            "value": 0.8873565666915689
        },
        {
            "Time": "2022-12-21",
            "value": 2.110625549877571
        },
        {
            "Time": "2022-12-22",
            "value": 2.1447327999658565
        },
        {
            "Time": "2022-12-23",
            "value": 2.170717413562615
        },
        {
            "Time": "2022-12-24",
            "value": 2.188048908159731
        },
        {
            "Time": "2022-12-25",
            "value": 2.1882145161266604
        },
        {
            "Time": "2022-12-26",
            "value": 1.6840931235715642
        },
        {
            "Time": "2022-12-27",
            "value": 0.8771324861725766
        },
        {
            "Time": "2022-12-28",
            "value": 0.5135732449742183
        },
        {
            "Time": "2022-12-29",
            "value": 0.3066532732935814
        },
        {
            "Time": "2022-12-30",
            "value": 0.4723827121358981
        },
        {
            "Time": "2022-12-31",
            "value": 1.4023114822124991
        },
        {
            "Time": "2023-01-01",
            "value": 0.8071492630128325
        },
        {
            "Time": "2023-01-02",
            "value": 0.39851446744507063
        },
        {
            "Time": "2023-01-03",
            "value": 0.46246025122158063
        },
        {
            "Time": "2023-01-04",
            "value": 0.47245841756285384
        },
        {
            "Time": "2023-01-05",
            "value": 0.6035343762010579
        },
        {
            "Time": "2023-01-06",
            "value": 2.186744459860932
        },
        {
            "Time": "2023-01-07",
            "value": 2.1654370795641826
        },
        {
            "Time": "2023-01-08",
            "value": 2.197067970756779
        },
        {
            "Time": "2023-01-09",
            "value": 0.5429886555276088
        },
        {
            "Time": "2023-01-10",
            "value": 0.5443979357190183
        },
        {
            "Time": "2023-01-11",
            "value": 0.7964689482436261
        },
        {
            "Time": "2023-01-12",
            "value": 1.53926777436837
        },
        {
            "Time": "2023-01-13",
            "value": 0.36434611571264164
        },
        {
            "Time": "2023-01-14",
            "value": 1.5376346807818868
        },
        {
            "Time": "2023-01-15",
            "value": 0.4379054753915164
        },
        {
            "Time": "2023-01-16",
            "value": 1.9902299878983836
        },
        {
            "Time": "2023-01-17",
            "value": 0.5164551936134993
        },
        {
            "Time": "2023-01-18",
            "value": 2.2713654322333126
        },
        {
            "Time": "2023-01-19",
            "value": 2.126992013107926
        },
        {
            "Time": "2023-01-20",
            "value": 0.9031501513574258
        },
        {
            "Time": "2023-01-21",
            "value": 0.30971407699469733
        },
        {
            "Time": "2023-01-22",
            "value": 2.011315611389043
        },
        {
            "Time": "2023-01-23",
            "value": 0.2850180345876224
        },
        {
            "Time": "2023-01-24",
            "value": 1.9762440585120464
        },
        {
            "Time": "2023-01-25",
            "value": 2.564703158869259
        },
        {
            "Time": "2023-01-26",
            "value": 1.4637199013177487
        },
        {
            "Time": "2023-01-27",
            "value": 2.5497907054210236
        },
        {
            "Time": "2023-01-28",
            "value": 2.7635960558363655
        },
        {
            "Time": "2023-01-29",
            "value": 2.701885142029474
        },
        {
            "Time": "2023-01-30",
            "value": 2.8250637109964116
        },
        {
            "Time": "2023-01-31",
            "value": 2.813315804201034
        },
        {
            "Time": "2023-02-01",
            "value": 0.546999766466975
        },
        {
            "Time": "2023-02-02",
            "value": 1.292325785954826
        },
        {
            "Time": "2023-02-03",
            "value": 0.6196459521866771
        },
        {
            "Time": "2023-02-04",
            "value": 0.20343960766222954
        },
        {
            "Time": "2023-02-05",
            "value": 0.4136705364937537
        },
        {
            "Time": "2023-02-06",
            "value": 1.748199203077397
        },
        {
            "Time": "2023-02-07",
            "value": 0.40866298563556264
        },
        {
            "Time": "2023-02-08",
            "value": 0.22167281603480346
        },
        {
            "Time": "2023-02-09",
            "value": 0.5615500470646649
        },
        {
            "Time": "2023-02-10",
            "value": 0.29806709109736357
        },
        {
            "Time": "2023-02-11",
            "value": 1.0150258502542397
        },
        {
            "Time": "2023-02-12",
            "value": 1.465533408129012
        },
        {
            "Time": "2023-02-13",
            "value": 0.45425290356841425
        },
        {
            "Time": "2023-02-14",
            "value": 1.1583977660752616
        },
        {
            "Time": "2023-02-15",
            "value": 2.828089742742253
        },
        {
            "Time": "2023-02-16",
            "value": 3.0954677769847923
        },
        {
            "Time": "2023-02-17",
            "value": 2.346932795245074
        },
        {
            "Time": "2023-02-18",
            "value": 2.9100266896056874
        },
        {
            "Time": "2023-02-19",
            "value": 0.9158863015393862
        },
        {
            "Time": "2023-02-20",
            "value": 1.8278843077903228
        },
        {
            "Time": "2023-02-21",
            "value": 3.1986583297362188
        },
        {
            "Time": "2023-02-22",
            "value": 2.7407721490275962
        },
        {
            "Time": "2023-02-23",
            "value": 2.8178027376016668
        },
        {
            "Time": "2023-02-24",
            "value": 1.268836908437702
        },
        {
            "Time": "2023-02-25",
            "value": 3.117568909042632
        },
        {
            "Time": "2023-02-26",
            "value": 3.422433071913188
        },
        {
            "Time": "2023-02-27",
            "value": 3.0483134787042774
        },
        {
            "Time": "2023-02-28",
            "value": 1.7446425070747915
        },
        {
            "Time": "2023-03-01",
            "value": 1.802734898021392
        },
        {
            "Time": "2023-03-02",
            "value": 2.404333101217294
        },
        {
            "Time": "2023-03-03",
            "value": 3.0829190515200624
        },
        {
            "Time": "2023-03-04",
            "value": 3.4162399280922546
        },
        {
            "Time": "2023-03-05",
            "value": 3.404918059052263
        },
        {
            "Time": "2023-03-06",
            "value": 3.5262668939602095
        },
        {
            "Time": "2023-03-07",
            "value": 3.525676412585632
        },
        {
            "Time": "2023-03-08",
            "value": 3.2611149905369947
        },
        {
            "Time": "2023-03-09",
            "value": 2.5852353629776803
        },
        {
            "Time": "2023-03-10",
            "value": 3.6609653245109133
        },
        {
            "Time": "2023-03-11",
            "value": 3.150433394259584
        },
        {
            "Time": "2023-03-12",
            "value": 0.7383930107423251
        },
        {
            "Time": "2023-03-13",
            "value": 2.8875606094723634
        },
        {
            "Time": "2023-03-14",
            "value": 3.6846639700407207
        },
        {
            "Time": "2023-03-15",
            "value": 3.1421169610968707
        },
        {
            "Time": "2023-03-16",
            "value": 3.1514714907491466
        },
        {
            "Time": "2023-03-17",
            "value": 1.8862751890540403
        },
        {
            "Time": "2023-03-18",
            "value": 0.5077764396717659
        },
        {
            "Time": "2023-03-19",
            "value": 0.18657953028138227
        },
        {
            "Time": "2023-03-20",
            "value": 2.5991848929708525
        },
        {
            "Time": "2023-03-21",
            "value": 1.435528882225975
        },
        {
            "Time": "2023-03-22",
            "value": 2.5144071974478974
        },
        {
            "Time": "2023-03-23",
            "value": 0.2516438176178257
        },
        {
            "Time": "2023-03-24",
            "value": 0.28382078391182125
        },
        {
            "Time": "2023-03-25",
            "value": 0.34893147897048515
        },
        {
            "Time": "2023-03-26",
            "value": 1.3772398029715218
        },
        {
            "Time": "2023-03-27",
            "value": 0.0
        }
    ]
}