{
    "data": [
        {
            "Time": "2022-11-27",
            "value": 0.2518257866432189
        },
        {
            "Time": "2022-11-28",
            "value": 0.8125956919367926
        },
        {
            "Time": "2022-11-29",
            "value": 0.8864106332892597
        },
        {
            "Time": "2022-11-30",
            "value": 0.347964131900038
        },
        {
            "Time": "2022-12-01",
            "value": 0.4052133690302662
        },
        {
            "Time": "2022-12-02",
            "value": 0.4408881375043882
        },
        {
            "Time": "2022-12-03",
            "value": 0.6812837935222411
        },
        {
            "Time": "2022-12-04",
            "value": 0.5526006374095279
        },
        {
            "Time": "2022-12-05",
            "value": 0.4580332554110686
        },
        {
            "Time": "2022-12-06",
            "value": 0.6689555908091119
        },
        {
            "Time": "2022-12-07",
            "value": 0.19981931618273358
        },
        {
            "Time": "2022-12-08",
            "value": 1.007490637248309
        },
        {
            "Time": "2022-12-09",
            "value": 0.7608200347096016
        },
        {
            "Time": "2022-12-10",
            "value": 2.398542781172501
        },
        {
            "Time": "2022-12-11",
            "value": 0.42137822452823726
        },
        {
            "Time": "2022-12-12",
            "value": 1.299275832496274
        },
        {
            "Time": "2022-12-13",
            "value": 1.7912244851931018
        },
        {
            "Time": "2022-12-14",
            "value": 0.7259629186573594
        },
        {
            "Time": "2022-12-15",
            "value": 0.5137032014726634
        },
        {
            "Time": "2022-12-16",
            "value": 0.3406652611227946
        },
        {
            "Time": "2022-12-17",
            "value": 0.4747412455716487
        },
        {
            "Time": "2022-12-18",
            "value": 2.7416783361186705
        },
        {
            "Time": "2022-12-19",
            "value": 2.5865888422441388
        },
        {
            "Time": "2022-12-20",
            "value": 1.5903230711528382
        },
        {
            "Time": "2022-12-21",
            "value": 2.490314272174249
        },
        {
            "Time": "2022-12-22",
            "value": 2.531153846782499
        },
        {
            "Time": "2022-12-23",
            "value": 2.6738991133800476
        },
        {
            "Time": "2022-12-24",
            "value": 2.7203107918436
        },
        {
            "Time": "2022-12-25",
            "value": 2.736816316629276
        },
        {
            "Time": "2022-12-26",
            "value": 2.3580552902996694
        },
        {
            "Time": "2022-12-27",
            "value": 0.9918232529217937
        },
        {
            "Time": "2022-12-28",
            "value": 0.5031591409464699
        },
        {
            "Time": "2022-12-29",
            "value": 0.32256828409830246
        },
        {
            "Time": "2022-12-30",
            "value": 0.4661071374569114
        },
        {
            "Time": "2022-12-31",
            "value": 1.4328321384120448
        },
        {
            "Time": "2023-01-01",
            "value": 0.7919488216997558
        },
        {
            "Time": "2023-01-02",
            "value": 0.4112418974050926
        },
        {
            "Time": "2023-01-03",
            "value": 0.453668608562969
        },
        {
            "Time": "2023-01-04",
            "value": 0.4681158512515625
        },
        {
            "Time": "2023-01-05",
            "value": 0.5825028881106482
        },
        {
            "Time": "2023-01-06",
            "value": 2.527718015716835
        },
        {
            "Time": "2023-01-07",
            "value": 2.738971263256516
        },
        {
            "Time": "2023-01-08",
            "value": 2.687328584625177
        },
        {
            "Time": "2023-01-09",
            "value": 0.5281000724586729
        },
        {
            "Time": "2023-01-10",
            "value": 0.5621870624078379
        },
        {
            "Time": "2023-01-11",
            "value": 0.7679040770194951
        },
        {
            "Time": "2023-01-12",
            "value": 1.6960876801518379
        },
        {
            "Time": "2023-01-13",
            "value": 0.3684801704429363
        },
        {
            "Time": "2023-01-14",
            "value": 1.8034587962003337
        },
        {
            "Time": "2023-01-15",
            "value": 0.431977786422363
        },
        {
            "Time": "2023-01-16",
            "value": 2.326693503956587
        },
        {
            "Time": "2023-01-17",
            "value": 0.5189955005395486
        },
        {
            "Time": "2023-01-18",
            "value": 2.6597844872152905
        },
        {
            "Time": "2023-01-19",
            "value": 2.3100929403144503
        },
        {
            "Time": "2023-01-20",
            "value": 0.9110097312395297
        },
        {
            "Time": "2023-01-21",
            "value": 0.3196929361888079
        },
        {
            "Time": "2023-01-22",
            "value": 2.080542811550096
        },
        {
            "Time": "2023-01-23",
            "value": 0.2882140043735532
        },
        {
            "Time": "2023-01-24",
            "value": 1.8249975896715525
        },
        {
            "Time": "2023-01-25",
            "value": 2.9378028299803063
        },
        {
            "Time": "2023-01-26",
            "value": 1.4719007796109607
        },
        {
            "Time": "2023-01-27",
            "value": 2.6472680699656035
        },
        {
            "Time": "2023-01-28",
            "value": 2.9649354327833204
        },
        {
            "Time": "2023-01-29",
            "value": 3.011061543200649
        },
        {
            "Time": "2023-01-30",
            "value": 3.0893338460976065
        },
        {
            "Time": "2023-01-31",
            "value": 3.054202600396517
        },
        {
            "Time": "2023-02-01",
            "value": 0.5201798203957506
        },
        {
            "Time": "2023-02-02",
            "value": 1.1718826036915697
        },
        {
            "Time": "2023-02-03",
            "value": 0.5965690167790749
        },
        {
            "Time": "2023-02-04",
            "value": 0.22287615614861112
        },
        {
            "Time": "2023-02-05",
            "value": 0.41640588571365406
        },
        {
            "Time": "2023-02-06",
            "value": 1.8930468782934469
        },
        {
            "Time": "2023-02-07",
            "value": 0.3981302987805203
        },
        {
            "Time": "2023-02-08",
            "value": 0.23958045038127992
        },
        {
            "Time": "2023-02-09",
            "value": 0.5400170978876956
        },
        {
            "Time": "2023-02-10",
            "value": 0.3051970725042642
        },
        {
            "Time": "2023-02-11",
            "value": 0.9134824165301478
        },
        {
            "Time": "2023-02-12",
            "value": 1.3012683500968776
        },
        {
            "Time": "2023-02-13",
            "value": 0.4703162304559424
        },
        {
            "Time": "2023-02-14",
            "value": 0.9717656136418849
        },
        {
            "Time": "2023-02-15",
            "value": 2.774487162761061
        },
        {
            "Time": "2023-02-16",
            "value": 3.32319255456229
        },
        {
            "Time": "2023-02-17",
            "value": 2.317931872609467
        },
        {
            "Time": "2023-02-18",
            "value": 2.901474681686379
        },
        {
            "Time": "2023-02-19",
            "value": 0.8628276497223584
        },
        {
            "Time": "2023-02-20",
            "value": 1.6608874735934036
        },
        {
            "Time": "2023-02-21",
            "value": 3.3039342962025957
        },
        {
            "Time": "2023-02-22",
            "value": 2.6972317732315845
        },
        {
            "Time": "2023-02-23",
            "value": 2.6687256485356032
        },
        {
            "Time": "2023-02-24",
            "value": 1.1850478214016964
        },
        {
            "Time": "2023-02-25",
            "value": 2.963627662972777
        },
        {
            "Time": "2023-02-26",
            "value": 3.363938341681186
        },
        {
            "Time": "2023-02-27",
            "value": 2.818003343254461
        },
        {
            "Time": "2023-02-28",
            "value": 1.6549476850090388
        },
        {
            "Time": "2023-03-01",
            "value": 1.721720128919534
        },
        {
            "Time": "2023-03-02",
            "value": 2.2050782931889805
        },
        {
            "Time": "2023-03-03",
            "value": 3.0259029866959173
        },
        {
            "Time": "2023-03-04",
            "value": 3.243134759590565
        },
        {
            "Time": "2023-03-05",
            "value": 3.2513339123569382
        },
        {
            "Time": "2023-03-06",
            "value": 3.349272893883951
        },
        {
            "Time": "2023-03-07",
            "value": 3.3085052309578593
        },
        {
            "Time": "2023-03-08",
            "value": 3.1532966161244063
        },
        {
            "Time": "2023-03-09",
            "value": 2.372792900047253
        },
        {
            "Time": "2023-03-10",
            "value": 3.403958434448443
        },
        {
            "Time": "2023-03-11",
            "value": 2.93519086278624
        },
        {
            "Time": "2023-03-12",
            "value": 0.6920737884355379
        },
        {
            "Time": "2023-03-13",
            "value": 2.7615610519213205
        },
        {
            "Time": "2023-03-14",
            "value": 3.417739126629677
        },
        {
            "Time": "2023-03-15",
            "value": 2.9326225779458444
        },
        {
            "Time": "2023-03-16",
            "value": 2.960586470465312
        },
        {
            "Time": "2023-03-17",
            "value": 1.7951352704637815
        },
        {
            "Time": "2023-03-18",
            "value": 0.49300388241260457
        },
        {
            "Time": "2023-03-19",
            "value": 0.2042247798804338
        },
        {
            "Time": "2023-03-20",
            "value": 2.3967494676454595
        },
        {
            "Time": "2023-03-21",
            "value": 1.3390909212043076
        },
        {
            "Time": "2023-03-22",
            "value": 2.375144306524759
        },
        {
            "Time": "2023-03-23",
            "value": 0.2628185836672263
        },
        {
            "Time": "2023-03-24",
            "value": 0.2912902987763426
        },
        {
            "Time": "2023-03-25",
            "value": 0.36016128538238423
        },
        {
            "Time": "2023-03-26",
            "value": 1.2494801096958017
        },
        {
            "Time": "2023-03-27",
            "value": 0.0
        }
    ]
}