{
    "data": [
        {
            "Time": "2022-11-27",
            "value": 0.2629816528536905
        },
        {
            "Time": "2022-11-28",
            "value": 1.104959322340618
        },
        {
            "Time": "2022-11-29",
            "value": 1.0363927694297115
        },
        {
            "Time": "2022-11-30",
            "value": 0.35767379699882323
        },
        {
            "Time": "2022-12-01",
            "value": 0.4296144764602412
        },
        {
            "Time": "2022-12-02",
            "value": 0.46996851731207606
        },
        {
            "Time": "2022-12-03",
            "value": 0.7761913700267982
        },
        {
            "Time": "2022-12-04",
            "value": 0.6027030806781556
        },
        {
            "Time": "2022-12-05",
            "value": 0.5094542679367914
        },
        {
            "Time": "2022-12-06",
            "value": 0.7603971306722785
        },
        {
            "Time": "2022-12-07",
            "value": 0.20836110977192132
        },
        {
            "Time": "2022-12-08",
            "value": 1.1673292035104696
        },
        {
            "Time": "2022-12-09",
            "value": 0.8795388867526338
        },
        {
            "Time": "2022-12-10",
            "value": 2.6495209476625043
        },
        {
            "Time": "2022-12-11",
            "value": 0.4528182971899223
        },
        {
            "Time": "2022-12-12",
            "value": 1.4276724262694946
        },
        {
            "Time": "2022-12-13",
            "value": 2.016486568517359
        },
        {
            "Time": "2022-12-14",
            "value": 0.7923024960070195
        },
        {
            "Time": "2022-12-15",
            "value": 0.582395753120099
        },
        {
            "Time": "2022-12-16",
            "value": 0.3705570529866594
        },
        {
            "Time": "2022-12-17",
            "value": 0.5217148683659428
        },
        {
            "Time": "2022-12-18",
            "value": 3.330705903752154
        },
        {
            "Time": "2022-12-19",
            "value": 3.127652055607272
        },
        {
            "Time": "2022-12-20",
            "value": 1.776765212589059
        },
        {
            "Time": "2022-12-21",
            "value": 3.0310160524922676
        },
        {
            "Time": "2022-12-22",
            "value": 3.080929822823311
        },
        {
            "Time": "2022-12-23",
            "value": 3.234435704479987
        },
        {
            "Time": "2022-12-24",
            "value": 3.253846205834879
        },
        {
            "Time": "2022-12-25",
            "value": 3.288651530754024
        },
        {
            "Time": "2022-12-26",
            "value": 2.5843505892634724
        },
        {
            "Time": "2022-12-27",
            "value": 1.134540745907364
        },
        {
            "Time": "2022-12-28",
            "value": 0.5480223921934906
        },
        {
            "Time": "2022-12-29",
            "value": 0.33769799714499005
        },
        {
            "Time": "2022-12-30",
            "value": 0.5198692154137732
        },
        {
            "Time": "2022-12-31",
            "value": 1.735512814587937
        },
        {
            "Time": "2023-01-01",
            "value": 0.9198561839547545
        },
        {
            "Time": "2023-01-02",
            "value": 0.43444609526180555
        },
        {
            "Time": "2023-01-03",
            "value": 0.5082088285968023
        },
        {
            "Time": "2023-01-04",
            "value": 0.5239193911507268
        },
        {
            "Time": "2023-01-05",
            "value": 0.6610262814587384
        },
        {
            "Time": "2023-01-06",
            "value": 3.045936145666751
        },
        {
            "Time": "2023-01-07",
            "value": 3.2548493563776812
        },
        {
            "Time": "2023-01-08",
            "value": 3.2199498295689755
        },
        {
            "Time": "2023-01-09",
            "value": 0.5880157483486227
        },
        {
            "Time": "2023-01-10",
            "value": 0.6285274294607588
        },
        {
            "Time": "2023-01-11",
            "value": 0.8908785469703214
        },
        {
            "Time": "2023-01-12",
            "value": 1.9221686820038195
        },
        {
            "Time": "2023-01-13",
            "value": 0.39364781206957133
        },
        {
            "Time": "2023-01-14",
            "value": 2.0509532381127085
        },
        {
            "Time": "2023-01-15",
            "value": 0.48412171439804397
        },
        {
            "Time": "2023-01-16",
            "value": 2.6361304645327333
        },
        {
            "Time": "2023-01-17",
            "value": 0.555655382577081
        },
        {
            "Time": "2023-01-18",
            "value": 3.120966885427455
        },
        {
            "Time": "2023-01-19",
            "value": 2.5440071158217057
        },
        {
            "Time": "2023-01-20",
            "value": 1.0562848200065313
        },
        {
            "Time": "2023-01-21",
            "value": 0.33873156042470237
        },
        {
            "Time": "2023-01-22",
            "value": 2.5012820322614284
        },
        {
            "Time": "2023-01-23",
            "value": 0.3185981196804537
        },
        {
            "Time": "2023-01-24",
            "value": 2.179032215175027
        },
        {
            "Time": "2023-01-25",
            "value": 3.4366549599058986
        },
        {
            "Time": "2023-01-26",
            "value": 1.6663303134819807
        },
        {
            "Time": "2023-01-27",
            "value": 3.109271312518114
        },
        {
            "Time": "2023-01-28",
            "value": 3.4578560493942097
        },
        {
            "Time": "2023-01-29",
            "value": 3.504656817142818
        },
        {
            "Time": "2023-01-30",
            "value": 3.584194180766897
        },
        {
            "Time": "2023-01-31",
            "value": 3.553660340936216
        },
        {
            "Time": "2023-02-01",
            "value": 0.5892832335175578
        },
        {
            "Time": "2023-02-02",
            "value": 1.3651967750579745
        },
        {
            "Time": "2023-02-03",
            "value": 0.6723950469653771
        },
        {
            "Time": "2023-02-04",
            "value": 0.23990567059495368
        },
        {
            "Time": "2023-02-05",
            "value": 0.47682859186127907
        },
        {
            "Time": "2023-02-06",
            "value": 2.0707348888015216
        },
        {
            "Time": "2023-02-07",
            "value": 0.4779187141788824
        },
        {
            "Time": "2023-02-08",
            "value": 0.2680070628624425
        },
        {
            "Time": "2023-02-09",
            "value": 0.611327658671802
        },
        {
            "Time": "2023-02-10",
            "value": 0.34940971550321087
        },
        {
            "Time": "2023-02-11",
            "value": 1.110123791902544
        },
        {
            "Time": "2023-02-12",
            "value": 1.554299070815818
        },
        {
            "Time": "2023-02-13",
            "value": 0.5475699580715883
        },
        {
            "Time": "2023-02-14",
            "value": 1.246425995898249
        },
        {
            "Time": "2023-02-15",
            "value": 3.2432568410862945
        },
        {
            "Time": "2023-02-16",
            "value": 3.804453428093638
        },
        {
            "Time": "2023-02-17",
            "value": 2.775223558568409
        },
        {
            "Time": "2023-02-18",
            "value": 3.313964796130183
        },
        {
            "Time": "2023-02-19",
            "value": 0.9892855094917457
        },
        {
            "Time": "2023-02-20",
            "value": 1.9681530674369971
        },
        {
            "Time": "2023-02-21",
            "value": 3.734239940681949
        },
        {
            "Time": "2023-02-22",
            "value": 3.1963863761843867
        },
        {
            "Time": "2023-02-23",
            "value": 3.0118491351661714
        },
        {
            "Time": "2023-02-24",
            "value": 1.386317460729496
        },
        {
            "Time": "2023-02-25",
            "value": 3.463452329856826
        },
        {
            "Time": "2023-02-26",
            "value": 3.7982421370012793
        },
        {
            "Time": "2023-02-27",
            "value": 3.2464307717264136
        },
        {
            "Time": "2023-02-28",
            "value": 1.9153262686638868
        },
        {
            "Time": "2023-03-01",
            "value": 1.9254835876768457
        },
        {
            "Time": "2023-03-02",
            "value": 2.569328034982785
        },
        {
            "Time": "2023-03-03",
            "value": 3.3650097551858438
        },
        {
            "Time": "2023-03-04",
            "value": 3.6443023323025607
        },
        {
            "Time": "2023-03-05",
            "value": 3.635837624970498
        },
        {
            "Time": "2023-03-06",
            "value": 3.7359702721297214
        },
        {
            "Time": "2023-03-07",
            "value": 3.7062975721497784
        },
        {
            "Time": "2023-03-08",
            "value": 3.4322222085554555
        },
        {
            "Time": "2023-03-09",
            "value": 2.65805976225553
        },
        {
            "Time": "2023-03-10",
            "value": 3.786227282264997
        },
        {
            "Time": "2023-03-11",
            "value": 3.308325995165325
        },
        {
            "Time": "2023-03-12",
            "value": 0.791988039629062
        },
        {
            "Time": "2023-03-13",
            "value": 3.081703981412499
        },
        {
            "Time": "2023-03-14",
            "value": 3.795240119648222
        },
        {
            "Time": "2023-03-15",
            "value": 3.2977535841706134
        },
        {
            "Time": "2023-03-16",
            "value": 3.286093913128542
        },
        {
            "Time": "2023-03-17",
            "value": 2.033477634841794
        },
        {
            "Time": "2023-03-18",
            "value": 0.5580817758418342
        },
        {
            "Time": "2023-03-19",
            "value": 0.23326322732695104
        },
        {
            "Time": "2023-03-20",
            "value": 2.699994352610827
        },
        {
            "Time": "2023-03-21",
            "value": 1.552500381650196
        },
        {
            "Time": "2023-03-22",
            "value": 2.6554819736307897
        },
        {
            "Time": "2023-03-23",
            "value": 0.30240576995561264
        },
        {
            "Time": "2023-03-24",
            "value": 0.34899236307805553
        },
        {
            "Time": "2023-03-25",
            "value": 0.4342754810316342
        },
        {
            "Time": "2023-03-26",
            "value": 1.5029437781424728
        },
        {
            "Time": "2023-03-27",
            "value": 0.0
        }
    ]
}