{
    "data": [
        {
            "Time": "2022-11-27",
            "value": 0.17450426804738342
        },
        {
            "Time": "2022-11-28",
            "value": 0.4650961883721431
        },
        {
            "Time": "2022-11-29",
            "value": 0.6609931364236752
        },
        {
            "Time": "2022-11-30",
            "value": 0.23893307937023478
        },
        {
            "Time": "2022-12-01",
            "value": 0.29222424698357635
        },
        {
            "Time": "2022-12-02",
            "value": 0.31083341803694114
        },
        {
            "Time": "2022-12-03",
            "value": 0.48066988456516907
        },
        {
            "Time": "2022-12-04",
            "value": 0.3661541626611227
        },
        {
            "Time": "2022-12-05",
            "value": 0.32599430384221784
        },
        {
            "Time": "2022-12-06",
            "value": 0.473324765805926
        },
        {
            "Time": "2022-12-07",
            "value": 0.14783437717043402
        },
        {
            "Time": "2022-12-08",
            "value": 0.5540042866790542
        },
        {
            "Time": "2022-12-09",
            "value": 0.5129227252541865
        },
        {
            "Time": "2022-12-10",
            "value": 1.182285785703489
        },
        {
            "Time": "2022-12-11",
            "value": 0.296444442134294
        },
        {
            "Time": "2022-12-12",
            "value": 0.45465739029204727
        },
        {
            "Time": "2022-12-13",
            "value": 1.148044336432525
        },
        {
            "Time": "2022-12-14",
            "value": 0.4714433366139288
        },
        {
            "Time": "2022-12-15",
            "value": 0.3625744082254609
        },
        {
            "Time": "2022-12-16",
            "value": 0.2353040504980845
        },
        {
            "Time": "2022-12-17",
            "value": 0.30206610768684333
        },
        {
            "Time": "2022-12-18",
            "value": 1.404121287333185
        },
        {
            "Time": "2022-12-19",
            "value": 1.3242269719568687
        },
        {
            "Time": "2022-12-20",
            "value": 1.02999545369422
        },
        {
            "Time": "2022-12-21",
            "value": 1.3305887284594229
        },
        {
            "Time": "2022-12-22",
            "value": 1.3685538943920896
        },
        {
            "Time": "2022-12-23",
            "value": 1.3945176082680308
        },
        {
            "Time": "2022-12-24",
            "value": 1.3895658923963647
        },
        {
            "Time": "2022-12-25",
            "value": 1.396219859082629
        },
        {
            "Time": "2022-12-26",
            "value": 0.3343634293711806
        },
        {
            "Time": "2022-12-27",
            "value": 0.49729778306524475
        },
        {
            "Time": "2022-12-28",
            "value": 0.3547129611363426
        },
        {
            "Time": "2022-12-29",
            "value": 0.2298842592585648
        },
        {
            "Time": "2022-12-30",
            "value": 0.34812500365393517
        },
        {
            "Time": "2022-12-31",
            "value": 0.5883983572125182
        },
        {
            "Time": "2023-01-01",
            "value": 0.5205690552042506
        },
        {
            "Time": "2023-01-02",
            "value": 0.300115740637963
        },
        {
            "Time": "2023-01-03",
            "value": 0.32816669141263777
        },
        {
            "Time": "2023-01-04",
            "value": 0.33151888125199197
        },
        {
            "Time": "2023-01-05",
            "value": 0.4158093160179398
        },
        {
            "Time": "2023-01-06",
            "value": 1.366158215954623
        },
        {
            "Time": "2023-01-07",
            "value": 1.4474868644993049
        },
        {
            "Time": "2023-01-08",
            "value": 1.4626278098375929
        },
        {
            "Time": "2023-01-09",
            "value": 0.36487857059233797
        },
        {
            "Time": "2023-01-10",
            "value": 0.39572619303753226
        },
        {
            "Time": "2023-01-11",
            "value": 0.5203603174866112
        },
        {
            "Time": "2023-01-12",
            "value": 0.5211640386973219
        },
        {
            "Time": "2023-01-13",
            "value": 0.2800413424472841
        },
        {
            "Time": "2023-01-14",
            "value": 0.8655140040977918
        },
        {
            "Time": "2023-01-15",
            "value": 0.30477985180429246
        },
        {
            "Time": "2023-01-16",
            "value": 0.4394624697106481
        },
        {
            "Time": "2023-01-17",
            "value": 0.3644506936044676
        },
        {
            "Time": "2023-01-18",
            "value": 1.5214491713435219
        },
        {
            "Time": "2023-01-19",
            "value": 1.2550389190872253
        },
        {
            "Time": "2023-01-20",
            "value": 0.518962895797783
        },
        {
            "Time": "2023-01-21",
            "value": 0.24362499802302082
        },
        {
            "Time": "2023-01-22",
            "value": 0.8637975650436379
        },
        {
            "Time": "2023-01-23",
            "value": 0.20651828645844905
        },
        {
            "Time": "2023-01-24",
            "value": 0.5187209401843462
        },
        {
            "Time": "2023-01-25",
            "value": 0.6988787301733256
        },
        {
            "Time": "2023-01-26",
            "value": 0.8362719469007698
        },
        {
            "Time": "2023-01-27",
            "value": 0.6287181841679362
        },
        {
            "Time": "2023-01-28",
            "value": 0.7769433278960574
        },
        {
            "Time": "2023-01-29",
            "value": 1.3748215198998102
        },
        {
            "Time": "2023-01-30",
            "value": 1.7174708504702911
        },
        {
            "Time": "2023-01-31",
            "value": 1.5230765856559023
        },
        {
            "Time": "2023-02-01",
            "value": 0.37671296243356484
        },
        {
            "Time": "2023-02-02",
            "value": 0.5582607672881829
        },
        {
            "Time": "2023-02-03",
            "value": 0.42964684653403346
        },
        {
            "Time": "2023-02-04",
            "value": 0.16562268566550925
        },
        {
            "Time": "2023-02-05",
            "value": 0.31290104045625
        },
        {
            "Time": "2023-02-06",
            "value": 0.8405549679448392
        },
        {
            "Time": "2023-02-07",
            "value": 0.27335105570754287
        },
        {
            "Time": "2023-02-08",
            "value": 0.20460831700215382
        },
        {
            "Time": "2023-02-09",
            "value": 0.3580059689990565
        },
        {
            "Time": "2023-02-10",
            "value": 0.2300810202581713
        },
        {
            "Time": "2023-02-11",
            "value": 0.5264352394114221
        },
        {
            "Time": "2023-02-12",
            "value": 0.6293802340917264
        },
        {
            "Time": "2023-02-13",
            "value": 0.33442659759219834
        },
        {
            "Time": "2023-02-14",
            "value": 0.6432563620865278
        },
        {
            "Time": "2023-02-15",
            "value": 1.5148486301419313
        },
        {
            "Time": "2023-02-16",
            "value": 1.6268082929613077
        },
        {
            "Time": "2023-02-17",
            "value": 1.1148219357911753
        },
        {
            "Time": "2023-02-18",
            "value": 1.481162137074393
        },
        {
            "Time": "2023-02-19",
            "value": 0.5887071756663195
        },
        {
            "Time": "2023-02-20",
            "value": 0.9563596470965919
        },
        {
            "Time": "2023-02-21",
            "value": 1.6859774814732198
        },
        {
            "Time": "2023-02-22",
            "value": 1.560354291220092
        },
        {
            "Time": "2023-02-23",
            "value": 1.4910682186604434
        },
        {
            "Time": "2023-02-24",
            "value": 0.7541416830902418
        },
        {
            "Time": "2023-02-25",
            "value": 1.6685295927851262
        },
        {
            "Time": "2023-02-26",
            "value": 1.764831278492173
        },
        {
            "Time": "2023-02-27",
            "value": 1.5802162363813392
        },
        {
            "Time": "2023-02-28",
            "value": 0.9955075484485375
        },
        {
            "Time": "2023-03-01",
            "value": 0.9087240659290337
        },
        {
            "Time": "2023-03-02",
            "value": 1.023484994670629
        },
        {
            "Time": "2023-03-03",
            "value": 1.7081563730967027
        },
        {
            "Time": "2023-03-04",
            "value": 1.8925663408690936
        },
        {
            "Time": "2023-03-05",
            "value": 1.846676055140772
        },
        {
            "Time": "2023-03-06",
            "value": 1.9528771348724345
        },
        {
            "Time": "2023-03-07",
            "value": 1.9827421539659105
        },
        {
            "Time": "2023-03-08",
            "value": 1.7306885062771167
        },
        {
            "Time": "2023-03-09",
            "value": 1.510951860181979
        },
        {
            "Time": "2023-03-10",
            "value": 2.0769498982289822
        },
        {
            "Time": "2023-03-11",
            "value": 1.7171918683646554
        },
        {
            "Time": "2023-03-12",
            "value": 0.4846912727807374
        },
        {
            "Time": "2023-03-13",
            "value": 1.5085026422072696
        },
        {
            "Time": "2023-03-14",
            "value": 2.3322783006508745
        },
        {
            "Time": "2023-03-15",
            "value": 1.803693151912823
        },
        {
            "Time": "2023-03-16",
            "value": 1.9006633935087258
        },
        {
            "Time": "2023-03-17",
            "value": 1.1986961150265247
        },
        {
            "Time": "2023-03-18",
            "value": 0.3607172618192295
        },
        {
            "Time": "2023-03-19",
            "value": 0.14699074066296294
        },
        {
            "Time": "2023-03-20",
            "value": 1.5687170767495888
        },
        {
            "Time": "2023-03-21",
            "value": 0.92116895996043
        },
        {
            "Time": "2023-03-22",
            "value": 1.555146178024467
        },
        {
            "Time": "2023-03-23",
            "value": 0.17780787057291667
        },
        {
            "Time": "2023-03-24",
            "value": 0.18612754545869212
        },
        {
            "Time": "2023-03-25",
            "value": 0.2444699072365046
        },
        {
            "Time": "2023-03-26",
            "value": 0.8938885912782458
        },
        {
            "Time": "2023-03-27",
            "value": 0.0
        }
    ]
}