{
    "data": [
        {
            "Time": "2022-11-27",
            "value": 0.20892534700205442
        },
        {
            "Time": "2022-11-28",
            "value": 0.5229702212035702
        },
        {
            "Time": "2022-11-29",
            "value": 0.4841206901195723
        },
        {
            "Time": "2022-11-30",
            "value": 0.28421670447561204
        },
        {
            "Time": "2022-12-01",
            "value": 0.0
        },
        {
            "Time": "2022-12-02",
            "value": 0.0
        },
        {
            "Time": "2022-12-03",
            "value": 0.0
        },
        {
            "Time": "2022-12-04",
            "value": 0.0
        },
        {
            "Time": "2022-12-05",
            "value": 0.0
        },
        {
            "Time": "2022-12-06",
            "value": 0.0
        },
        {
            "Time": "2022-12-07",
            "value": 0.0
        },
        {
            "Time": "2022-12-08",
            "value": 0.5670835198872277
        },
        {
            "Time": "2022-12-09",
            "value": 0.5280680260148264
        },
        {
            "Time": "2022-12-10",
            "value": 0.8688939535578154
        },
        {
            "Time": "2022-12-11",
            "value": 0.30970428222605323
        },
        {
            "Time": "2022-12-12",
            "value": 0.7997293664550889
        },
        {
            "Time": "2022-12-13",
            "value": 0.8057325353979101
        },
        {
            "Time": "2022-12-14",
            "value": 0.5018825649772052
        },
        {
            "Time": "2022-12-15",
            "value": 0.38282509606387816
        },
        {
            "Time": "2022-12-16",
            "value": 0.25797036150508684
        },
        {
            "Time": "2022-12-17",
            "value": 0.3464806527181713
        },
        {
            "Time": "2022-12-18",
            "value": 1.3924115643997628
        },
        {
            "Time": "2022-12-19",
            "value": 1.2882466706580133
        },
        {
            "Time": "2022-12-20",
            "value": 0.8462184656196601
        },
        {
            "Time": "2022-12-21",
            "value": 1.3814544674244065
        },
        {
            "Time": "2022-12-22",
            "value": 1.3622304323757415
        },
        {
            "Time": "2022-12-23",
            "value": 1.370864638128948
        },
        {
            "Time": "2022-12-24",
            "value": 1.36860204040746
        },
        {
            "Time": "2022-12-25",
            "value": 1.3924808968048834
        },
        {
            "Time": "2022-12-26",
            "value": 0.9299678434932332
        },
        {
            "Time": "2022-12-27",
            "value": 0.6273493911540756
        },
        {
            "Time": "2022-12-28",
            "value": 0.3956018489071759
        },
        {
            "Time": "2022-12-29",
            "value": 0.2648379624111111
        },
        {
            "Time": "2022-12-30",
            "value": 0.38502315432060186
        },
        {
            "Time": "2022-12-31",
            "value": 0.8071505456524279
        },
        {
            "Time": "2023-01-01",
            "value": 0.5615734536974466
        },
        {
            "Time": "2023-01-02",
            "value": 0.31365740647453705
        },
        {
            "Time": "2023-01-03",
            "value": 0.3548225029686508
        },
        {
            "Time": "2023-01-04",
            "value": 0.3595208310475694
        },
        {
            "Time": "2023-01-05",
            "value": 0.44816596963310185
        },
        {
            "Time": "2023-01-06",
            "value": 1.2465964360834265
        },
        {
            "Time": "2023-01-07",
            "value": 1.4286308477701308
        },
        {
            "Time": "2023-01-08",
            "value": 1.3537709520120298
        },
        {
            "Time": "2023-01-09",
            "value": 0.39507076812779435
        },
        {
            "Time": "2023-01-10",
            "value": 0.4365318812413685
        },
        {
            "Time": "2023-01-11",
            "value": 0.557668670568876
        },
        {
            "Time": "2023-01-12",
            "value": 0.8492913959060938
        },
        {
            "Time": "2023-01-13",
            "value": 0.3213859000367946
        },
        {
            "Time": "2023-01-14",
            "value": 0.8205822107177054
        },
        {
            "Time": "2023-01-15",
            "value": 0.35434897387362224
        },
        {
            "Time": "2023-01-16",
            "value": 1.1388835114829854
        },
        {
            "Time": "2023-01-17",
            "value": 0.4243495389508102
        },
        {
            "Time": "2023-01-18",
            "value": 1.437374188271438
        },
        {
            "Time": "2023-01-19",
            "value": 1.2259535316993888
        },
        {
            "Time": "2023-01-20",
            "value": 0.6158396807443228
        },
        {
            "Time": "2023-01-21",
            "value": 0.27696325394033566
        },
        {
            "Time": "2023-01-22",
            "value": 1.2157910887306365
        },
        {
            "Time": "2023-01-23",
            "value": 0.24326435097819443
        },
        {
            "Time": "2023-01-24",
            "value": 0.7920913596318051
        },
        {
            "Time": "2023-01-25",
            "value": 1.5080318568760112
        },
        {
            "Time": "2023-01-26",
            "value": 0.8367891990748609
        },
        {
            "Time": "2023-01-27",
            "value": 1.4673535855640476
        },
        {
            "Time": "2023-01-28",
            "value": 1.5403428390577303
        },
        {
            "Time": "2023-01-29",
            "value": 1.2942370254636661
        },
        {
            "Time": "2023-01-30",
            "value": 1.6420636122409829
        },
        {
            "Time": "2023-01-31",
            "value": 1.5693316923141534
        },
        {
            "Time": "2023-02-01",
            "value": 0.4145428243234954
        },
        {
            "Time": "2023-02-02",
            "value": 0.713547095995236
        },
        {
            "Time": "2023-02-03",
            "value": 0.4674905949163793
        },
        {
            "Time": "2023-02-04",
            "value": 0.20816782157488428
        },
        {
            "Time": "2023-02-05",
            "value": 0.3450397560503009
        },
        {
            "Time": "2023-02-06",
            "value": 1.0640398799699626
        },
        {
            "Time": "2023-02-07",
            "value": 0.31487668075031583
        },
        {
            "Time": "2023-02-08",
            "value": 0.225634144693669
        },
        {
            "Time": "2023-02-09",
            "value": 0.4077327690944745
        },
        {
            "Time": "2023-02-10",
            "value": 0.2545592010549421
        },
        {
            "Time": "2023-02-11",
            "value": 0.6322580001330027
        },
        {
            "Time": "2023-02-12",
            "value": 0.7976483566018152
        },
        {
            "Time": "2023-02-13",
            "value": 0.3740180331527273
        },
        {
            "Time": "2023-02-14",
            "value": 0.7330611131160838
        },
        {
            "Time": "2023-02-15",
            "value": 1.6373235894100853
        },
        {
            "Time": "2023-02-16",
            "value": 2.0156379132881868
        },
        {
            "Time": "2023-02-17",
            "value": 1.4957900658770065
        },
        {
            "Time": "2023-02-18",
            "value": 1.7878179158059482
        },
        {
            "Time": "2023-02-19",
            "value": 0.6720542846813341
        },
        {
            "Time": "2023-02-20",
            "value": 1.1474049691577228
        },
        {
            "Time": "2023-02-21",
            "value": 1.9998586069082749
        },
        {
            "Time": "2023-02-22",
            "value": 1.6817164468229
        },
        {
            "Time": "2023-02-23",
            "value": 1.6131803416649007
        },
        {
            "Time": "2023-02-24",
            "value": 0.8593325574664321
        },
        {
            "Time": "2023-02-25",
            "value": 1.79622423517904
        },
        {
            "Time": "2023-02-26",
            "value": 2.1964342978695135
        },
        {
            "Time": "2023-02-27",
            "value": 1.8572480538917615
        },
        {
            "Time": "2023-02-28",
            "value": 1.1466230726376705
        },
        {
            "Time": "2023-03-01",
            "value": 1.192646198329061
        },
        {
            "Time": "2023-03-02",
            "value": 1.3684929242560748
        },
        {
            "Time": "2023-03-03",
            "value": 1.8972780270603313
        },
        {
            "Time": "2023-03-04",
            "value": 2.2398039009628095
        },
        {
            "Time": "2023-03-05",
            "value": 2.1945956510731155
        },
        {
            "Time": "2023-03-06",
            "value": 2.311247586490864
        },
        {
            "Time": "2023-03-07",
            "value": 2.19553750100579
        },
        {
            "Time": "2023-03-08",
            "value": 2.077853167464628
        },
        {
            "Time": "2023-03-09",
            "value": 1.7314779567889254
        },
        {
            "Time": "2023-03-10",
            "value": 2.2695212272661127
        },
        {
            "Time": "2023-03-11",
            "value": 2.007829649799028
        },
        {
            "Time": "2023-03-12",
            "value": 0.5703237575163546
        },
        {
            "Time": "2023-03-13",
            "value": 1.912728593264734
        },
        {
            "Time": "2023-03-14",
            "value": 2.522841366722515
        },
        {
            "Time": "2023-03-15",
            "value": 2.0225452236364396
        },
        {
            "Time": "2023-03-16",
            "value": 2.0530223603982347
        },
        {
            "Time": "2023-03-17",
            "value": 1.2653869711614576
        },
        {
            "Time": "2023-03-18",
            "value": 0.4002773654244213
        },
        {
            "Time": "2023-03-19",
            "value": 0.1934490716556713
        },
        {
            "Time": "2023-03-20",
            "value": 1.808810976636987
        },
        {
            "Time": "2023-03-21",
            "value": 1.015353704287305
        },
        {
            "Time": "2023-03-22",
            "value": 1.671732570921135
        },
        {
            "Time": "2023-03-23",
            "value": 0.23055960552621527
        },
        {
            "Time": "2023-03-24",
            "value": 0.21645662310199074
        },
        {
            "Time": "2023-03-25",
            "value": 0.2922731430224537
        },
        {
            "Time": "2023-03-26",
            "value": 0.9552909838033885
        },
        {
            "Time": "2023-03-27",
            "value": 0.0
        }
    ]
}