{
    "data": [
        {
            "Time": "2022-11-27",
            "value": 0.13907448571423006
        },
        {
            "Time": "2022-11-28",
            "value": 0.4822351475442662
        },
        {
            "Time": "2022-11-29",
            "value": 0.5020307392993062
        },
        {
            "Time": "2022-11-30",
            "value": 0.19427048541724726
        },
        {
            "Time": "2022-12-01",
            "value": 0.24491179549126368
        },
        {
            "Time": "2022-12-02",
            "value": 0.28332790721832446
        },
        {
            "Time": "2022-12-03",
            "value": 0.4772707217992724
        },
        {
            "Time": "2022-12-04",
            "value": 0.3459378981293447
        },
        {
            "Time": "2022-12-05",
            "value": 0.29376641661833114
        },
        {
            "Time": "2022-12-06",
            "value": 0.4665510799191719
        },
        {
            "Time": "2022-12-07",
            "value": 0.11755853004756012
        },
        {
            "Time": "2022-12-08",
            "value": 0.5729852827992544
        },
        {
            "Time": "2022-12-09",
            "value": 0.5285564902847603
        },
        {
            "Time": "2022-12-10",
            "value": 0.8170384351274601
        },
        {
            "Time": "2022-12-11",
            "value": 0.26272883019730336
        },
        {
            "Time": "2022-12-12",
            "value": 0.5340663230834591
        },
        {
            "Time": "2022-12-13",
            "value": 0.8135847197911887
        },
        {
            "Time": "2022-12-14",
            "value": 0.4746136443592915
        },
        {
            "Time": "2022-12-15",
            "value": 0.33745625082813924
        },
        {
            "Time": "2022-12-16",
            "value": 0.21039131719209614
        },
        {
            "Time": "2022-12-17",
            "value": 0.2939581581964837
        },
        {
            "Time": "2022-12-18",
            "value": 0.8375393712111939
        },
        {
            "Time": "2022-12-19",
            "value": 0.8414837734569504
        },
        {
            "Time": "2022-12-20",
            "value": 0.7949711973784291
        },
        {
            "Time": "2022-12-21",
            "value": 0.7056449196757311
        },
        {
            "Time": "2022-12-22",
            "value": 0.9199295233333759
        },
        {
            "Time": "2022-12-23",
            "value": 0.8806271884367416
        },
        {
            "Time": "2022-12-24",
            "value": 0.8620139524272292
        },
        {
            "Time": "2022-12-25",
            "value": 0.8530251080134066
        },
        {
            "Time": "2022-12-26",
            "value": 0.41727959339660325
        },
        {
            "Time": "2022-12-27",
            "value": 0.5031516191969625
        },
        {
            "Time": "2022-12-28",
            "value": 0.3389340254850903
        },
        {
            "Time": "2022-12-29",
            "value": 0.19592672585226514
        },
        {
            "Time": "2022-12-30",
            "value": 0.32663339876964514
        },
        {
            "Time": "2022-12-31",
            "value": 0.694238950401093
        },
        {
            "Time": "2023-01-01",
            "value": 0.5153326335563164
        },
        {
            "Time": "2023-01-02",
            "value": 0.2768295328183554
        },
        {
            "Time": "2023-01-03",
            "value": 0.29100528063759795
        },
        {
            "Time": "2023-01-04",
            "value": 0.31167702524564744
        },
        {
            "Time": "2023-01-05",
            "value": 0.4057760777342044
        },
        {
            "Time": "2023-01-06",
            "value": 0.8075644826725918
        },
        {
            "Time": "2023-01-07",
            "value": 0.9328886248877942
        },
        {
            "Time": "2023-01-08",
            "value": 0.641228594799247
        },
        {
            "Time": "2023-01-09",
            "value": 0.36093838345976637
        },
        {
            "Time": "2023-01-10",
            "value": 0.38532481483625375
        },
        {
            "Time": "2023-01-11",
            "value": 0.5336281560012195
        },
        {
            "Time": "2023-01-12",
            "value": 0.7415239193296926
        },
        {
            "Time": "2023-01-13",
            "value": 0.25142282331884913
        },
        {
            "Time": "2023-01-14",
            "value": 0.6564696554870163
        },
        {
            "Time": "2023-01-15",
            "value": 0.2661951490277005
        },
        {
            "Time": "2023-01-16",
            "value": 0.847373649304549
        },
        {
            "Time": "2023-01-17",
            "value": 0.3453391388807493
        },
        {
            "Time": "2023-01-18",
            "value": 0.9157561725998439
        },
        {
            "Time": "2023-01-19",
            "value": 0.8920473410610021
        },
        {
            "Time": "2023-01-20",
            "value": 0.5737049475197059
        },
        {
            "Time": "2023-01-21",
            "value": 0.20200641457149812
        },
        {
            "Time": "2023-01-22",
            "value": 0.8538372471572353
        },
        {
            "Time": "2023-01-23",
            "value": 0.17428867046012866
        },
        {
            "Time": "2023-01-24",
            "value": 0.7179420634627445
        },
        {
            "Time": "2023-01-25",
            "value": 1.0054704203637042
        },
        {
            "Time": "2023-01-26",
            "value": 0.7939169207672783
        },
        {
            "Time": "2023-01-27",
            "value": 1.0668155175581922
        },
        {
            "Time": "2023-01-28",
            "value": 1.0843068000757534
        },
        {
            "Time": "2023-01-29",
            "value": 1.0239460999751941
        },
        {
            "Time": "2023-01-30",
            "value": 1.2846754816235386
        },
        {
            "Time": "2023-01-31",
            "value": 1.2137183114280627
        },
        {
            "Time": "2023-02-01",
            "value": 0.37121446200012764
        },
        {
            "Time": "2023-02-02",
            "value": 0.6587097230961498
        },
        {
            "Time": "2023-02-03",
            "value": 0.4096124265012873
        },
        {
            "Time": "2023-02-04",
            "value": 0.13723929320463843
        },
        {
            "Time": "2023-02-05",
            "value": 0.281101666392983
        },
        {
            "Time": "2023-02-06",
            "value": 1.0397358069915477
        },
        {
            "Time": "2023-02-07",
            "value": 0.25586340452225853
        },
        {
            "Time": "2023-02-08",
            "value": 0.15285955633711085
        },
        {
            "Time": "2023-02-09",
            "value": 0.3527793239956272
        },
        {
            "Time": "2023-02-10",
            "value": 0.18285697689624006
        },
        {
            "Time": "2023-02-11",
            "value": 0.6156619995098751
        },
        {
            "Time": "2023-02-12",
            "value": 0.7778738969514205
        },
        {
            "Time": "2023-02-13",
            "value": 0.3056443826613146
        },
        {
            "Time": "2023-02-14",
            "value": 0.7139515125713013
        },
        {
            "Time": "2023-02-15",
            "value": 1.2870041697999728
        },
        {
            "Time": "2023-02-16",
            "value": 1.537033615697011
        },
        {
            "Time": "2023-02-17",
            "value": 1.302078594666006
        },
        {
            "Time": "2023-02-18",
            "value": 1.4625971004210085
        },
        {
            "Time": "2023-02-19",
            "value": 0.6164570275235552
        },
        {
            "Time": "2023-02-20",
            "value": 1.145192943433768
        },
        {
            "Time": "2023-02-21",
            "value": 1.8050468738416368
        },
        {
            "Time": "2023-02-22",
            "value": 1.550014305065306
        },
        {
            "Time": "2023-02-23",
            "value": 1.5691547461850017
        },
        {
            "Time": "2023-02-24",
            "value": 0.8325529373416216
        },
        {
            "Time": "2023-02-25",
            "value": 1.7684673683239245
        },
        {
            "Time": "2023-02-26",
            "value": 2.0786829396851974
        },
        {
            "Time": "2023-02-27",
            "value": 1.7748969381037436
        },
        {
            "Time": "2023-02-28",
            "value": 1.1484407341556218
        },
        {
            "Time": "2023-03-01",
            "value": 1.1478953544430555
        },
        {
            "Time": "2023-03-02",
            "value": 1.3674407238120718
        },
        {
            "Time": "2023-03-03",
            "value": 1.921255925129011
        },
        {
            "Time": "2023-03-04",
            "value": 2.1321418791931896
        },
        {
            "Time": "2023-03-05",
            "value": 2.143998807335537
        },
        {
            "Time": "2023-03-06",
            "value": 2.2492522513058852
        },
        {
            "Time": "2023-03-07",
            "value": 2.2631860076337222
        },
        {
            "Time": "2023-03-08",
            "value": 2.1332362100356477
        },
        {
            "Time": "2023-03-09",
            "value": 1.750797845466768
        },
        {
            "Time": "2023-03-10",
            "value": 2.3942712852231143
        },
        {
            "Time": "2023-03-11",
            "value": 2.0619369998687285
        },
        {
            "Time": "2023-03-12",
            "value": 0.49438970010297023
        },
        {
            "Time": "2023-03-13",
            "value": 1.9600225596273617
        },
        {
            "Time": "2023-03-14",
            "value": 2.5524652816298676
        },
        {
            "Time": "2023-03-15",
            "value": 2.0549160194867127
        },
        {
            "Time": "2023-03-16",
            "value": 2.1505991672240947
        },
        {
            "Time": "2023-03-17",
            "value": 1.2683250701531439
        },
        {
            "Time": "2023-03-18",
            "value": 0.32607064320921453
        },
        {
            "Time": "2023-03-19",
            "value": 0.1033214686336056
        },
        {
            "Time": "2023-03-20",
            "value": 1.8560741352627423
        },
        {
            "Time": "2023-03-21",
            "value": 0.9929836326927707
        },
        {
            "Time": "2023-03-22",
            "value": 1.7541120911595898
        },
        {
            "Time": "2023-03-23",
            "value": 0.1349392211476001
        },
        {
            "Time": "2023-03-24",
            "value": 0.14703859819857357
        },
        {
            "Time": "2023-03-25",
            "value": 0.2046655115427986
        },
        {
            "Time": "2023-03-26",
            "value": 0.9332319053117306
        },
        {
            "Time": "2023-03-27",
            "value": 0.0
        }
    ]
}