{
    "data": [
        {
            "Time": "2022-11-27",
            "value": 0.12312584565600325
        },
        {
            "Time": "2022-11-28",
            "value": 0.3989123581421724
        },
        {
            "Time": "2022-11-29",
            "value": 0.5757764485378102
        },
        {
            "Time": "2022-11-30",
            "value": 0.16691313294426494
        },
        {
            "Time": "2022-12-01",
            "value": 0.21296947026505483
        },
        {
            "Time": "2022-12-02",
            "value": 0.2519143229268468
        },
        {
            "Time": "2022-12-03",
            "value": 0.42094826157949417
        },
        {
            "Time": "2022-12-04",
            "value": 0.2913815969208727
        },
        {
            "Time": "2022-12-05",
            "value": 0.2497396971802213
        },
        {
            "Time": "2022-12-06",
            "value": 0.40860582387519173
        },
        {
            "Time": "2022-12-07",
            "value": 0.0997690877961029
        },
        {
            "Time": "2022-12-08",
            "value": 0.4834245992543997
        },
        {
            "Time": "2022-12-09",
            "value": 0.45999211671590207
        },
        {
            "Time": "2022-12-10",
            "value": 1.159113266515944
        },
        {
            "Time": "2022-12-11",
            "value": 0.229935077608137
        },
        {
            "Time": "2022-12-12",
            "value": 0.3896975013760748
        },
        {
            "Time": "2022-12-13",
            "value": 1.0850526752452487
        },
        {
            "Time": "2022-12-14",
            "value": 0.4092356058350953
        },
        {
            "Time": "2022-12-15",
            "value": 0.295771597859818
        },
        {
            "Time": "2022-12-16",
            "value": 0.17924186723291696
        },
        {
            "Time": "2022-12-17",
            "value": 0.2485732324411114
        },
        {
            "Time": "2022-12-18",
            "value": 1.4075811820384494
        },
        {
            "Time": "2022-12-19",
            "value": 1.3129985219625553
        },
        {
            "Time": "2022-12-20",
            "value": 0.9570900546902674
        },
        {
            "Time": "2022-12-21",
            "value": 1.321587954807189
        },
        {
            "Time": "2022-12-22",
            "value": 1.3593774524219633
        },
        {
            "Time": "2022-12-23",
            "value": 1.3899688678632225
        },
        {
            "Time": "2022-12-24",
            "value": 1.3940906922064387
        },
        {
            "Time": "2022-12-25",
            "value": 1.4047669528829705
        },
        {
            "Time": "2022-12-26",
            "value": 0.28837500192893983
        },
        {
            "Time": "2022-12-27",
            "value": 0.4302801449603094
        },
        {
            "Time": "2022-12-28",
            "value": 0.29431481402229165
        },
        {
            "Time": "2022-12-29",
            "value": 0.18081798223824366
        },
        {
            "Time": "2022-12-30",
            "value": 0.28443473683006487
        },
        {
            "Time": "2022-12-31",
            "value": 0.535407037086636
        },
        {
            "Time": "2023-01-01",
            "value": 0.4451491227570027
        },
        {
            "Time": "2023-01-02",
            "value": 0.2350454295053813
        },
        {
            "Time": "2023-01-03",
            "value": 0.2599640653592333
        },
        {
            "Time": "2023-01-04",
            "value": 0.2766903175535032
        },
        {
            "Time": "2023-01-05",
            "value": 0.3642041494872531
        },
        {
            "Time": "2023-01-06",
            "value": 1.3737665910201973
        },
        {
            "Time": "2023-01-07",
            "value": 1.4369348744346038
        },
        {
            "Time": "2023-01-08",
            "value": 1.4403326932984215
        },
        {
            "Time": "2023-01-09",
            "value": 0.3173569333814569
        },
        {
            "Time": "2023-01-10",
            "value": 0.3394082942062973
        },
        {
            "Time": "2023-01-11",
            "value": 0.46437825019813
        },
        {
            "Time": "2023-01-12",
            "value": 0.4670841737813568
        },
        {
            "Time": "2023-01-13",
            "value": 0.2281832233383988
        },
        {
            "Time": "2023-01-14",
            "value": 0.8038197134017966
        },
        {
            "Time": "2023-01-15",
            "value": 0.23430383400407875
        },
        {
            "Time": "2023-01-16",
            "value": 0.36813423782183563
        },
        {
            "Time": "2023-01-17",
            "value": 0.30834915065076896
        },
        {
            "Time": "2023-01-18",
            "value": 1.5005054496303258
        },
        {
            "Time": "2023-01-19",
            "value": 1.1926742826003178
        },
        {
            "Time": "2023-01-20",
            "value": 0.4587406038164868
        },
        {
            "Time": "2023-01-21",
            "value": 0.17053476177860102
        },
        {
            "Time": "2023-01-22",
            "value": 0.743287882234098
        },
        {
            "Time": "2023-01-23",
            "value": 0.14662494573818305
        },
        {
            "Time": "2023-01-24",
            "value": 0.4154857948837558
        },
        {
            "Time": "2023-01-25",
            "value": 0.3504698514003809
        },
        {
            "Time": "2023-01-26",
            "value": 0.7748020137335939
        },
        {
            "Time": "2023-01-27",
            "value": 0.2770916120889713
        },
        {
            "Time": "2023-01-28",
            "value": 0.34173800695138135
        },
        {
            "Time": "2023-01-29",
            "value": 0.8127124451117164
        },
        {
            "Time": "2023-01-30",
            "value": 1.6715360677235793
        },
        {
            "Time": "2023-01-31",
            "value": 1.3392933650476633
        },
        {
            "Time": "2023-02-01",
            "value": 0.33681625091139333
        },
        {
            "Time": "2023-02-02",
            "value": 0.492675323531645
        },
        {
            "Time": "2023-02-03",
            "value": 0.35722557978351394
        },
        {
            "Time": "2023-02-04",
            "value": 0.12487648289775749
        },
        {
            "Time": "2023-02-05",
            "value": 0.25237982099395767
        },
        {
            "Time": "2023-02-06",
            "value": 0.755369727055094
        },
        {
            "Time": "2023-02-07",
            "value": 0.2349791865300608
        },
        {
            "Time": "2023-02-08",
            "value": 0.13372857723676596
        },
        {
            "Time": "2023-02-09",
            "value": 0.30250473653924936
        },
        {
            "Time": "2023-02-10",
            "value": 0.17024207269146488
        },
        {
            "Time": "2023-02-11",
            "value": 0.4669287145767276
        },
        {
            "Time": "2023-02-12",
            "value": 0.5649928596791032
        },
        {
            "Time": "2023-02-13",
            "value": 0.26488854473578155
        },
        {
            "Time": "2023-02-14",
            "value": 0.5939918075180609
        },
        {
            "Time": "2023-02-15",
            "value": 1.4994624397899845
        },
        {
            "Time": "2023-02-16",
            "value": 1.5865483418749935
        },
        {
            "Time": "2023-02-17",
            "value": 1.0590934672129604
        },
        {
            "Time": "2023-02-18",
            "value": 1.447397578754543
        },
        {
            "Time": "2023-02-19",
            "value": 0.5294150937966632
        },
        {
            "Time": "2023-02-20",
            "value": 0.8778133085709896
        },
        {
            "Time": "2023-02-21",
            "value": 1.6096380361172997
        },
        {
            "Time": "2023-02-22",
            "value": 1.4965236351450542
        },
        {
            "Time": "2023-02-23",
            "value": 1.4409538344604487
        },
        {
            "Time": "2023-02-24",
            "value": 0.679820264059695
        },
        {
            "Time": "2023-02-25",
            "value": 1.6077009601217471
        },
        {
            "Time": "2023-02-26",
            "value": 1.7205421099734042
        },
        {
            "Time": "2023-02-27",
            "value": 1.5758611350408995
        },
        {
            "Time": "2023-02-28",
            "value": 0.9509151742714033
        },
        {
            "Time": "2023-03-01",
            "value": 0.8405205854484273
        },
        {
            "Time": "2023-03-02",
            "value": 0.9515949639992738
        },
        {
            "Time": "2023-03-03",
            "value": 1.629248104112197
        },
        {
            "Time": "2023-03-04",
            "value": 1.8509741269297728
        },
        {
            "Time": "2023-03-05",
            "value": 1.8357418687971612
        },
        {
            "Time": "2023-03-06",
            "value": 1.9452421459324358
        },
        {
            "Time": "2023-03-07",
            "value": 1.9220416558825981
        },
        {
            "Time": "2023-03-08",
            "value": 1.6642690270732683
        },
        {
            "Time": "2023-03-09",
            "value": 1.4764052737155646
        },
        {
            "Time": "2023-03-10",
            "value": 2.0371472287397965
        },
        {
            "Time": "2023-03-11",
            "value": 1.595062407358496
        },
        {
            "Time": "2023-03-12",
            "value": 0.42916864433070817
        },
        {
            "Time": "2023-03-13",
            "value": 1.4468616449466862
        },
        {
            "Time": "2023-03-14",
            "value": 2.2015780955004662
        },
        {
            "Time": "2023-03-15",
            "value": 1.7710431456479638
        },
        {
            "Time": "2023-03-16",
            "value": 1.8408217020568416
        },
        {
            "Time": "2023-03-17",
            "value": 1.1438164012005798
        },
        {
            "Time": "2023-03-18",
            "value": 0.2846233828338985
        },
        {
            "Time": "2023-03-19",
            "value": 0.08878513941284787
        },
        {
            "Time": "2023-03-20",
            "value": 1.4863036627517514
        },
        {
            "Time": "2023-03-21",
            "value": 0.8779581200628042
        },
        {
            "Time": "2023-03-22",
            "value": 1.4602170120839055
        },
        {
            "Time": "2023-03-23",
            "value": 0.11674761742654487
        },
        {
            "Time": "2023-03-24",
            "value": 0.12112592663761343
        },
        {
            "Time": "2023-03-25",
            "value": 0.17771161113011563
        },
        {
            "Time": "2023-03-26",
            "value": 0.8041548901772324
        },
        {
            "Time": "2023-03-27",
            "value": 0.0
        }
    ]
}