{
    "data": [
        {
            "Time": "2022-11-27",
            "value": 0.11405972086442476
        },
        {
            "Time": "2022-11-28",
            "value": 0.30901927734257784
        },
        {
            "Time": "2022-11-29",
            "value": 0.4194013206127138
        },
        {
            "Time": "2022-11-30",
            "value": 0.1569352321217226
        },
        {
            "Time": "2022-12-01",
            "value": 0.0
        },
        {
            "Time": "2022-12-02",
            "value": 0.0
        },
        {
            "Time": "2022-12-03",
            "value": 0.0
        },
        {
            "Time": "2022-12-04",
            "value": 0.0
        },
        {
            "Time": "2022-12-05",
            "value": 0.0
        },
        {
            "Time": "2022-12-06",
            "value": 0.0
        },
        {
            "Time": "2022-12-07",
            "value": 0.0
        },
        {
            "Time": "2022-12-08",
            "value": 0.3826602273714284
        },
        {
            "Time": "2022-12-09",
            "value": 0.36123789798085176
        },
        {
            "Time": "2022-12-10",
            "value": 0.7834803317544964
        },
        {
            "Time": "2022-12-11",
            "value": 0.1984414434768835
        },
        {
            "Time": "2022-12-12",
            "value": 0.46102069020208547
        },
        {
            "Time": "2022-12-13",
            "value": 0.6778983180750779
        },
        {
            "Time": "2022-12-14",
            "value": 0.3300112612460633
        },
        {
            "Time": "2022-12-15",
            "value": 0.251548528900448
        },
        {
            "Time": "2022-12-16",
            "value": 0.15559895858073727
        },
        {
            "Time": "2022-12-17",
            "value": 0.21564321494454802
        },
        {
            "Time": "2022-12-18",
            "value": 0.7302596883103338
        },
        {
            "Time": "2022-12-19",
            "value": 0.7139003978113642
        },
        {
            "Time": "2022-12-20",
            "value": 0.6085215438183975
        },
        {
            "Time": "2022-12-21",
            "value": 0.7279889295867719
        },
        {
            "Time": "2022-12-22",
            "value": 0.7864011556581172
        },
        {
            "Time": "2022-12-23",
            "value": 0.7565308357859521
        },
        {
            "Time": "2022-12-24",
            "value": 0.7375261571284419
        },
        {
            "Time": "2022-12-25",
            "value": 0.7443316222029037
        },
        {
            "Time": "2022-12-26",
            "value": 0.8083453603145219
        },
        {
            "Time": "2022-12-27",
            "value": 0.3416269959473495
        },
        {
            "Time": "2022-12-28",
            "value": 0.238352512538576
        },
        {
            "Time": "2022-12-29",
            "value": 0.1579700332919406
        },
        {
            "Time": "2022-12-30",
            "value": 0.2437747989675033
        },
        {
            "Time": "2022-12-31",
            "value": 0.4580397651203053
        },
        {
            "Time": "2023-01-01",
            "value": 0.35238099757334135
        },
        {
            "Time": "2023-01-02",
            "value": 0.20138413968754984
        },
        {
            "Time": "2023-01-03",
            "value": 0.22410422877900896
        },
        {
            "Time": "2023-01-04",
            "value": 0.2230770113177529
        },
        {
            "Time": "2023-01-05",
            "value": 0.292848610412831
        },
        {
            "Time": "2023-01-06",
            "value": 0.8640155833123313
        },
        {
            "Time": "2023-01-07",
            "value": 0.9236278643868846
        },
        {
            "Time": "2023-01-08",
            "value": 0.9510800109605297
        },
        {
            "Time": "2023-01-09",
            "value": 0.25803586424739405
        },
        {
            "Time": "2023-01-10",
            "value": 0.27432155701247685
        },
        {
            "Time": "2023-01-11",
            "value": 0.36122113035273834
        },
        {
            "Time": "2023-01-12",
            "value": 0.3429281129781794
        },
        {
            "Time": "2023-01-13",
            "value": 0.17458450888740107
        },
        {
            "Time": "2023-01-14",
            "value": 0.26714403034923306
        },
        {
            "Time": "2023-01-15",
            "value": 0.2099208341668464
        },
        {
            "Time": "2023-01-16",
            "value": 0.33918202226477184
        },
        {
            "Time": "2023-01-17",
            "value": 0.2480999780119054
        },
        {
            "Time": "2023-01-18",
            "value": 1.1604305579890142
        },
        {
            "Time": "2023-01-19",
            "value": 0.4169162416261202
        },
        {
            "Time": "2023-01-20",
            "value": 0.35810066819282016
        },
        {
            "Time": "2023-01-21",
            "value": 0.15724305607820835
        },
        {
            "Time": "2023-01-22",
            "value": 0.45965317535769995
        },
        {
            "Time": "2023-01-23",
            "value": 0.13315093722687796
        },
        {
            "Time": "2023-01-24",
            "value": 0.446983031978278
        },
        {
            "Time": "2023-01-25",
            "value": 1.1650497017954384
        },
        {
            "Time": "2023-01-26",
            "value": 0.3421316543192221
        },
        {
            "Time": "2023-01-27",
            "value": 0.3352649835252376
        },
        {
            "Time": "2023-01-28",
            "value": 0.1902042055876135
        },
        {
            "Time": "2023-01-29",
            "value": 0.10618831921644596
        },
        {
            "Time": "2023-01-30",
            "value": 1.0864952599449689
        },
        {
            "Time": "2023-01-31",
            "value": 0.08208006236102262
        },
        {
            "Time": "2023-02-01",
            "value": 0.25268429824065103
        },
        {
            "Time": "2023-02-02",
            "value": 0.3891730852314185
        },
        {
            "Time": "2023-02-03",
            "value": 0.29572742248900596
        },
        {
            "Time": "2023-02-04",
            "value": 0.09744536744951435
        },
        {
            "Time": "2023-02-05",
            "value": 0.20849382544986111
        },
        {
            "Time": "2023-02-06",
            "value": 0.4470706611678986
        },
        {
            "Time": "2023-02-07",
            "value": 0.18382970659491826
        },
        {
            "Time": "2023-02-08",
            "value": 0.11425644788224189
        },
        {
            "Time": "2023-02-09",
            "value": 0.23584759861225618
        },
        {
            "Time": "2023-02-10",
            "value": 0.14093278980596796
        },
        {
            "Time": "2023-02-11",
            "value": 0.35219270358047006
        },
        {
            "Time": "2023-02-12",
            "value": 0.41624421155015806
        },
        {
            "Time": "2023-02-13",
            "value": 0.2326331649906927
        },
        {
            "Time": "2023-02-14",
            "value": 0.462173279115496
        },
        {
            "Time": "2023-02-15",
            "value": 0.7710687841971194
        },
        {
            "Time": "2023-02-16",
            "value": 0.8500047529371604
        },
        {
            "Time": "2023-02-17",
            "value": 0.6071344967176658
        },
        {
            "Time": "2023-02-18",
            "value": 0.7705436810979492
        },
        {
            "Time": "2023-02-19",
            "value": 0.4113348761231019
        },
        {
            "Time": "2023-02-20",
            "value": 0.6600445974348326
        },
        {
            "Time": "2023-02-21",
            "value": 0.6746919889142875
        },
        {
            "Time": "2023-02-22",
            "value": 0.9765749246076477
        },
        {
            "Time": "2023-02-23",
            "value": 0.8407115189810038
        },
        {
            "Time": "2023-02-24",
            "value": 0.5147905686599007
        },
        {
            "Time": "2023-02-25",
            "value": 1.0565303246396653
        },
        {
            "Time": "2023-02-26",
            "value": 0.8280686668996653
        },
        {
            "Time": "2023-02-27",
            "value": 0.6181115757802846
        },
        {
            "Time": "2023-02-28",
            "value": 0.6990338540084648
        },
        {
            "Time": "2023-03-01",
            "value": 0.5515957074745925
        },
        {
            "Time": "2023-03-02",
            "value": 0.6954798025245078
        },
        {
            "Time": "2023-03-03",
            "value": 0.8965210331038082
        },
        {
            "Time": "2023-03-04",
            "value": 0.9330581675546854
        },
        {
            "Time": "2023-03-05",
            "value": 0.9792443579685703
        },
        {
            "Time": "2023-03-06",
            "value": 1.0390281704069162
        },
        {
            "Time": "2023-03-07",
            "value": 1.1161782346189586
        },
        {
            "Time": "2023-03-08",
            "value": 1.1281535478639646
        },
        {
            "Time": "2023-03-09",
            "value": 0.885795047449255
        },
        {
            "Time": "2023-03-10",
            "value": 1.1669452940088048
        },
        {
            "Time": "2023-03-11",
            "value": 1.233068151161995
        },
        {
            "Time": "2023-03-12",
            "value": 0.3402903164572955
        },
        {
            "Time": "2023-03-13",
            "value": 1.0502800234543286
        },
        {
            "Time": "2023-03-14",
            "value": 1.2803244798175766
        },
        {
            "Time": "2023-03-15",
            "value": 1.27122163046306
        },
        {
            "Time": "2023-03-16",
            "value": 1.2867772651817657
        },
        {
            "Time": "2023-03-17",
            "value": 0.8334077041289054
        },
        {
            "Time": "2023-03-18",
            "value": 0.24303556329359638
        },
        {
            "Time": "2023-03-19",
            "value": 0.0845348415794052
        },
        {
            "Time": "2023-03-20",
            "value": 1.0186203975607888
        },
        {
            "Time": "2023-03-21",
            "value": 0.6399937100764705
        },
        {
            "Time": "2023-03-22",
            "value": 0.9919004429974397
        },
        {
            "Time": "2023-03-23",
            "value": 0.11025007470048029
        },
        {
            "Time": "2023-03-24",
            "value": 0.10379135495868634
        },
        {
            "Time": "2023-03-25",
            "value": 0.15574961226038772
        },
        {
            "Time": "2023-03-26",
            "value": 0.6327130221215891
        },
        {
            "Time": "2023-03-27",
            "value": 0.0
        }
    ]
}