{
    "data": [
        {
            "Time": "2022-11-27",
            "value": 0.3307289427180964
        },
        {
            "Time": "2022-11-28",
            "value": 1.1452979014547366
        },
        {
            "Time": "2022-11-29",
            "value": 1.1351854411107232
        },
        {
            "Time": "2022-11-30",
            "value": 0.4572448051698971
        },
        {
            "Time": "2022-12-01",
            "value": 0.0
        },
        {
            "Time": "2022-12-02",
            "value": 0.0
        },
        {
            "Time": "2022-12-03",
            "value": 0.0
        },
        {
            "Time": "2022-12-04",
            "value": 0.0
        },
        {
            "Time": "2022-12-05",
            "value": 0.0
        },
        {
            "Time": "2022-12-06",
            "value": 0.0
        },
        {
            "Time": "2022-12-07",
            "value": 0.0
        },
        {
            "Time": "2022-12-08",
            "value": 1.2932728034845018
        },
        {
            "Time": "2022-12-09",
            "value": 1.1510550395109462
        },
        {
            "Time": "2022-12-10",
            "value": 2.603213336829111
        },
        {
            "Time": "2022-12-11",
            "value": 0.5743569962819308
        },
        {
            "Time": "2022-12-12",
            "value": 1.5648155828483248
        },
        {
            "Time": "2022-12-13",
            "value": 1.9939513503194395
        },
        {
            "Time": "2022-12-14",
            "value": 1.034928801786379
        },
        {
            "Time": "2022-12-15",
            "value": 0.7398328290451672
        },
        {
            "Time": "2022-12-16",
            "value": 0.4550864036442867
        },
        {
            "Time": "2022-12-17",
            "value": 0.6368824766321316
        },
        {
            "Time": "2022-12-18",
            "value": 3.0965913280780293
        },
        {
            "Time": "2022-12-19",
            "value": 2.8542514124258465
        },
        {
            "Time": "2022-12-20",
            "value": 1.8088990000248921
        },
        {
            "Time": "2022-12-21",
            "value": 2.795929226218033
        },
        {
            "Time": "2022-12-22",
            "value": 2.951581504619137
        },
        {
            "Time": "2022-12-23",
            "value": 3.0326898660827366
        },
        {
            "Time": "2022-12-24",
            "value": 3.063031886979279
        },
        {
            "Time": "2022-12-25",
            "value": 3.0780367194488254
        },
        {
            "Time": "2022-12-26",
            "value": 2.3387967396874907
        },
        {
            "Time": "2022-12-27",
            "value": 1.3109490994088142
        },
        {
            "Time": "2022-12-28",
            "value": 0.7220876336562885
        },
        {
            "Time": "2022-12-29",
            "value": 0.4458267483107204
        },
        {
            "Time": "2022-12-30",
            "value": 0.7016857827805458
        },
        {
            "Time": "2022-12-31",
            "value": 1.907882836475705
        },
        {
            "Time": "2023-01-01",
            "value": 1.1468943662487037
        },
        {
            "Time": "2023-01-02",
            "value": 0.5943296322020608
        },
        {
            "Time": "2023-01-03",
            "value": 0.6424167389337785
        },
        {
            "Time": "2023-01-04",
            "value": 0.6827992435806723
        },
        {
            "Time": "2023-01-05",
            "value": 0.8842676058107347
        },
        {
            "Time": "2023-01-06",
            "value": 3.0471149322373705
        },
        {
            "Time": "2023-01-07",
            "value": 3.271404599581054
        },
        {
            "Time": "2023-01-08",
            "value": 3.2845314626560733
        },
        {
            "Time": "2023-01-09",
            "value": 0.7816590214218133
        },
        {
            "Time": "2023-01-10",
            "value": 0.8325059185081697
        },
        {
            "Time": "2023-01-11",
            "value": 1.1364376571148267
        },
        {
            "Time": "2023-01-12",
            "value": 2.116538104244355
        },
        {
            "Time": "2023-01-13",
            "value": 0.5556716742785237
        },
        {
            "Time": "2023-01-14",
            "value": 2.1145046597014123
        },
        {
            "Time": "2023-01-15",
            "value": 0.5990163308452535
        },
        {
            "Time": "2023-01-16",
            "value": 2.544605865779352
        },
        {
            "Time": "2023-01-17",
            "value": 0.7426781924977705
        },
        {
            "Time": "2023-01-18",
            "value": 3.1818310691861953
        },
        {
            "Time": "2023-01-19",
            "value": 2.6511465709357154
        },
        {
            "Time": "2023-01-20",
            "value": 1.2833217915367852
        },
        {
            "Time": "2023-01-21",
            "value": 0.43585361248033105
        },
        {
            "Time": "2023-01-22",
            "value": 2.4720241640042744
        },
        {
            "Time": "2023-01-23",
            "value": 0.39658463252910364
        },
        {
            "Time": "2023-01-24",
            "value": 2.272989932641037
        },
        {
            "Time": "2023-01-25",
            "value": 3.2995191574093723
        },
        {
            "Time": "2023-01-26",
            "value": 1.944296017793496
        },
        {
            "Time": "2023-01-27",
            "value": 3.214257938019146
        },
        {
            "Time": "2023-01-28",
            "value": 3.4639992689970214
        },
        {
            "Time": "2023-01-29",
            "value": 3.5511784495582934
        },
        {
            "Time": "2023-01-30",
            "value": 3.6506841712529825
        },
        {
            "Time": "2023-01-31",
            "value": 3.593965010895071
        },
        {
            "Time": "2023-02-01",
            "value": 0.7948243492683819
        },
        {
            "Time": "2023-02-02",
            "value": 1.6687846560280286
        },
        {
            "Time": "2023-02-03",
            "value": 0.8876823014652694
        },
        {
            "Time": "2023-02-04",
            "value": 0.29439026268153934
        },
        {
            "Time": "2023-02-05",
            "value": 0.6202416542784448
        },
        {
            "Time": "2023-02-06",
            "value": 2.4986376125277827
        },
        {
            "Time": "2023-02-07",
            "value": 0.5920758522059794
        },
        {
            "Time": "2023-02-08",
            "value": 0.3587019691745877
        },
        {
            "Time": "2023-02-09",
            "value": 0.7813138555265747
        },
        {
            "Time": "2023-02-10",
            "value": 0.413122122823327
        },
        {
            "Time": "2023-02-11",
            "value": 1.3658438025668418
        },
        {
            "Time": "2023-02-12",
            "value": 1.851051899477394
        },
        {
            "Time": "2023-02-13",
            "value": 0.6784968918114975
        },
        {
            "Time": "2023-02-14",
            "value": 1.5664605945202064
        },
        {
            "Time": "2023-02-15",
            "value": 3.6119415199796125
        },
        {
            "Time": "2023-02-16",
            "value": 4.051079207774394
        },
        {
            "Time": "2023-02-17",
            "value": 3.165709078370532
        },
        {
            "Time": "2023-02-18",
            "value": 3.8608066725600403
        },
        {
            "Time": "2023-02-19",
            "value": 1.3143365754025051
        },
        {
            "Time": "2023-02-20",
            "value": 2.49645725608557
        },
        {
            "Time": "2023-02-21",
            "value": 4.556494475160412
        },
        {
            "Time": "2023-02-22",
            "value": 3.787434125375796
        },
        {
            "Time": "2023-02-23",
            "value": 3.743100416981378
        },
        {
            "Time": "2023-02-24",
            "value": 1.7828024437658558
        },
        {
            "Time": "2023-02-25",
            "value": 4.202286032115181
        },
        {
            "Time": "2023-02-26",
            "value": 4.906505418338811
        },
        {
            "Time": "2023-02-27",
            "value": 4.119074778370878
        },
        {
            "Time": "2023-02-28",
            "value": 2.4330791702940826
        },
        {
            "Time": "2023-03-01",
            "value": 2.571470861192709
        },
        {
            "Time": "2023-03-02",
            "value": 3.118637888239705
        },
        {
            "Time": "2023-03-03",
            "value": 4.392357671471968
        },
        {
            "Time": "2023-03-04",
            "value": 4.884848024736868
        },
        {
            "Time": "2023-03-05",
            "value": 4.843366133955674
        },
        {
            "Time": "2023-03-06",
            "value": 5.056577698530173
        },
        {
            "Time": "2023-03-07",
            "value": 5.033452376789569
        },
        {
            "Time": "2023-03-08",
            "value": 4.720738100758101
        },
        {
            "Time": "2023-03-09",
            "value": 3.796450053127956
        },
        {
            "Time": "2023-03-10",
            "value": 5.2196945269119475
        },
        {
            "Time": "2023-03-11",
            "value": 4.54051243583439
        },
        {
            "Time": "2023-03-12",
            "value": 1.0690050635320316
        },
        {
            "Time": "2023-03-13",
            "value": 4.246916387831689
        },
        {
            "Time": "2023-03-14",
            "value": 5.445159280511714
        },
        {
            "Time": "2023-03-15",
            "value": 4.562187049798994
        },
        {
            "Time": "2023-03-16",
            "value": 4.653523001545589
        },
        {
            "Time": "2023-03-17",
            "value": 2.7467315135946815
        },
        {
            "Time": "2023-03-18",
            "value": 0.7309689711912373
        },
        {
            "Time": "2023-03-19",
            "value": 0.2822845387900627
        },
        {
            "Time": "2023-03-20",
            "value": 3.893752023766262
        },
        {
            "Time": "2023-03-21",
            "value": 2.1129164034308556
        },
        {
            "Time": "2023-03-22",
            "value": 3.7361256773849068
        },
        {
            "Time": "2023-03-23",
            "value": 0.33185132032591147
        },
        {
            "Time": "2023-03-24",
            "value": 0.38116740944000593
        },
        {
            "Time": "2023-03-25",
            "value": 0.48796712812358806
        },
        {
            "Time": "2023-03-26",
            "value": 2.0063170226737803
        },
        {
            "Time": "2023-03-27",
            "value": 0.0
        }
    ]
}