{
    "data": [
        {
            "Time": "2022-11-27",
            "value": 0.12723764820354666
        },
        {
            "Time": "2022-11-28",
            "value": 0.46841912465573166
        },
        {
            "Time": "2022-11-29",
            "value": 0.4107141697083436
        },
        {
            "Time": "2022-11-30",
            "value": 0.18745190270313378
        },
        {
            "Time": "2022-12-01",
            "value": 0.22362358875011393
        },
        {
            "Time": "2022-12-02",
            "value": 0.2712752396840349
        },
        {
            "Time": "2022-12-03",
            "value": 0.4636573380863299
        },
        {
            "Time": "2022-12-04",
            "value": 0.3072219705891796
        },
        {
            "Time": "2022-12-05",
            "value": 0.2692576163568278
        },
        {
            "Time": "2022-12-06",
            "value": 0.44245128642667936
        },
        {
            "Time": "2022-12-07",
            "value": 0.11216196570886733
        },
        {
            "Time": "2022-12-08",
            "value": 0.5839913162075798
        },
        {
            "Time": "2022-12-09",
            "value": 0.5061471222109615
        },
        {
            "Time": "2022-12-10",
            "value": 0.8991675429654353
        },
        {
            "Time": "2022-12-11",
            "value": 0.2374342567488991
        },
        {
            "Time": "2022-12-12",
            "value": 0.6446992415141568
        },
        {
            "Time": "2022-12-13",
            "value": 0.819212739129367
        },
        {
            "Time": "2022-12-14",
            "value": 0.453167276293374
        },
        {
            "Time": "2022-12-15",
            "value": 0.32980470819703983
        },
        {
            "Time": "2022-12-16",
            "value": 0.19293321622435877
        },
        {
            "Time": "2022-12-17",
            "value": 0.27997633392203647
        },
        {
            "Time": "2022-12-18",
            "value": 1.5879621546659815
        },
        {
            "Time": "2022-12-19",
            "value": 1.508399433797397
        },
        {
            "Time": "2022-12-20",
            "value": 0.9225141465114539
        },
        {
            "Time": "2022-12-21",
            "value": 1.2454702967118478
        },
        {
            "Time": "2022-12-22",
            "value": 1.572808260175451
        },
        {
            "Time": "2022-12-23",
            "value": 1.598536424362056
        },
        {
            "Time": "2022-12-24",
            "value": 1.6030450891441304
        },
        {
            "Time": "2022-12-25",
            "value": 1.59104798693273
        },
        {
            "Time": "2022-12-26",
            "value": 1.091495410673333
        },
        {
            "Time": "2022-12-27",
            "value": 0.5812505088370723
        },
        {
            "Time": "2022-12-28",
            "value": 0.32456365415780786
        },
        {
            "Time": "2022-12-29",
            "value": 0.1903675886910164
        },
        {
            "Time": "2022-12-30",
            "value": 0.30974819496730405
        },
        {
            "Time": "2022-12-31",
            "value": 0.8307286879682012
        },
        {
            "Time": "2023-01-01",
            "value": 0.5229104427158068
        },
        {
            "Time": "2023-01-02",
            "value": 0.2651469460210016
        },
        {
            "Time": "2023-01-03",
            "value": 0.2743711129337021
        },
        {
            "Time": "2023-01-04",
            "value": 0.3057402740104708
        },
        {
            "Time": "2023-01-05",
            "value": 0.39440566779821756
        },
        {
            "Time": "2023-01-06",
            "value": 1.2737614079744453
        },
        {
            "Time": "2023-01-07",
            "value": 1.618837174642116
        },
        {
            "Time": "2023-01-08",
            "value": 1.620300069903401
        },
        {
            "Time": "2023-01-09",
            "value": 0.3465290161605931
        },
        {
            "Time": "2023-01-10",
            "value": 0.37911452331291723
        },
        {
            "Time": "2023-01-11",
            "value": 0.5215838111445331
        },
        {
            "Time": "2023-01-12",
            "value": 0.871162589936542
        },
        {
            "Time": "2023-01-13",
            "value": 0.2534027636233338
        },
        {
            "Time": "2023-01-14",
            "value": 0.8249167642982491
        },
        {
            "Time": "2023-01-15",
            "value": 0.2559907576908665
        },
        {
            "Time": "2023-01-16",
            "value": 1.179265307422481
        },
        {
            "Time": "2023-01-17",
            "value": 0.34368165681538915
        },
        {
            "Time": "2023-01-18",
            "value": 1.3584599029892912
        },
        {
            "Time": "2023-01-19",
            "value": 1.2406077138108995
        },
        {
            "Time": "2023-01-20",
            "value": 0.5961642401982216
        },
        {
            "Time": "2023-01-21",
            "value": 0.18589231542903895
        },
        {
            "Time": "2023-01-22",
            "value": 1.2167457773052195
        },
        {
            "Time": "2023-01-23",
            "value": 0.1621287050549061
        },
        {
            "Time": "2023-01-24",
            "value": 1.0343503634929967
        },
        {
            "Time": "2023-01-25",
            "value": 1.4588043409114526
        },
        {
            "Time": "2023-01-26",
            "value": 0.8308502889880431
        },
        {
            "Time": "2023-01-27",
            "value": 1.406028006932606
        },
        {
            "Time": "2023-01-28",
            "value": 1.4759460462693905
        },
        {
            "Time": "2023-01-29",
            "value": 1.5300509253026717
        },
        {
            "Time": "2023-01-30",
            "value": 1.66766510685939
        },
        {
            "Time": "2023-01-31",
            "value": 1.6427788854760428
        },
        {
            "Time": "2023-02-01",
            "value": 0.3809970772452142
        },
        {
            "Time": "2023-02-02",
            "value": 0.7389355669621824
        },
        {
            "Time": "2023-02-03",
            "value": 0.4134497838124772
        },
        {
            "Time": "2023-02-04",
            "value": 0.1318511450355665
        },
        {
            "Time": "2023-02-05",
            "value": 0.28041945830676923
        },
        {
            "Time": "2023-02-06",
            "value": 1.22409384684729
        },
        {
            "Time": "2023-02-07",
            "value": 0.2519089105817878
        },
        {
            "Time": "2023-02-08",
            "value": 0.15094659120504825
        },
        {
            "Time": "2023-02-09",
            "value": 0.3513563727848755
        },
        {
            "Time": "2023-02-10",
            "value": 0.17883617286098316
        },
        {
            "Time": "2023-02-11",
            "value": 0.6280374412182275
        },
        {
            "Time": "2023-02-12",
            "value": 0.8828999068729045
        },
        {
            "Time": "2023-02-13",
            "value": 0.30226328627553445
        },
        {
            "Time": "2023-02-14",
            "value": 0.7173947044608725
        },
        {
            "Time": "2023-02-15",
            "value": 1.8992149276007018
        },
        {
            "Time": "2023-02-16",
            "value": 2.3274692249270785
        },
        {
            "Time": "2023-02-17",
            "value": 1.5989057254025587
        },
        {
            "Time": "2023-02-18",
            "value": 1.964192465552589
        },
        {
            "Time": "2023-02-19",
            "value": 0.6249396594515654
        },
        {
            "Time": "2023-02-20",
            "value": 1.2033335189308176
        },
        {
            "Time": "2023-02-21",
            "value": 2.2811508984209197
        },
        {
            "Time": "2023-02-22",
            "value": 1.8899112655674568
        },
        {
            "Time": "2023-02-23",
            "value": 1.907360671362945
        },
        {
            "Time": "2023-02-24",
            "value": 0.8676336218003434
        },
        {
            "Time": "2023-02-25",
            "value": 2.025361267519764
        },
        {
            "Time": "2023-02-26",
            "value": 2.4754482836409375
        },
        {
            "Time": "2023-02-27",
            "value": 2.1327170987503052
        },
        {
            "Time": "2023-02-28",
            "value": 1.2098880322866314
        },
        {
            "Time": "2023-03-01",
            "value": 1.2628726651493851
        },
        {
            "Time": "2023-03-02",
            "value": 1.5183196837936341
        },
        {
            "Time": "2023-03-03",
            "value": 2.165715066023204
        },
        {
            "Time": "2023-03-04",
            "value": 2.4551213985048057
        },
        {
            "Time": "2023-03-05",
            "value": 2.4529926140547325
        },
        {
            "Time": "2023-03-06",
            "value": 2.5486362054640774
        },
        {
            "Time": "2023-03-07",
            "value": 2.508478291112767
        },
        {
            "Time": "2023-03-08",
            "value": 2.3200088578802247
        },
        {
            "Time": "2023-03-09",
            "value": 1.8831865099210163
        },
        {
            "Time": "2023-03-10",
            "value": 2.5955607747298095
        },
        {
            "Time": "2023-03-11",
            "value": 2.178111940571043
        },
        {
            "Time": "2023-03-12",
            "value": 0.49867321160636546
        },
        {
            "Time": "2023-03-13",
            "value": 2.0799409684859413
        },
        {
            "Time": "2023-03-14",
            "value": 2.716306104673197
        },
        {
            "Time": "2023-03-15",
            "value": 2.2099938410991373
        },
        {
            "Time": "2023-03-16",
            "value": 2.276037161922206
        },
        {
            "Time": "2023-03-17",
            "value": 1.3054416944688099
        },
        {
            "Time": "2023-03-18",
            "value": 0.3242788018195772
        },
        {
            "Time": "2023-03-19",
            "value": 0.1065109659276769
        },
        {
            "Time": "2023-03-20",
            "value": 1.9209525481807945
        },
        {
            "Time": "2023-03-21",
            "value": 1.007054288453876
        },
        {
            "Time": "2023-03-22",
            "value": 1.7675884615685062
        },
        {
            "Time": "2023-03-23",
            "value": 0.13267247370596258
        },
        {
            "Time": "2023-03-24",
            "value": 0.14337449162554436
        },
        {
            "Time": "2023-03-25",
            "value": 0.20093307107260164
        },
        {
            "Time": "2023-03-26",
            "value": 0.9405835642618458
        },
        {
            "Time": "2023-03-27",
            "value": 0.0
        }
    ]
}