{
    "data": [
        {
            "Time": "2022-11-27",
            "value": 0.20646446772274304
        },
        {
            "Time": "2022-11-28",
            "value": 0.6170814239683468
        },
        {
            "Time": "2022-11-29",
            "value": 0.5515777092743124
        },
        {
            "Time": "2022-11-30",
            "value": 0.2884858217467703
        },
        {
            "Time": "2022-12-01",
            "value": 0.0
        },
        {
            "Time": "2022-12-02",
            "value": 0.0
        },
        {
            "Time": "2022-12-03",
            "value": 0.0
        },
        {
            "Time": "2022-12-04",
            "value": 0.0
        },
        {
            "Time": "2022-12-05",
            "value": 0.0
        },
        {
            "Time": "2022-12-06",
            "value": 0.0
        },
        {
            "Time": "2022-12-07",
            "value": 0.0
        },
        {
            "Time": "2022-12-08",
            "value": 0.7302657596943435
        },
        {
            "Time": "2022-12-09",
            "value": 0.636100327395621
        },
        {
            "Time": "2022-12-10",
            "value": 1.0821622714935
        },
        {
            "Time": "2022-12-11",
            "value": 0.35639774181340855
        },
        {
            "Time": "2022-12-12",
            "value": 0.8143405312655028
        },
        {
            "Time": "2022-12-13",
            "value": 0.9367734798863394
        },
        {
            "Time": "2022-12-14",
            "value": 0.5866086344531076
        },
        {
            "Time": "2022-12-15",
            "value": 0.4357684074671462
        },
        {
            "Time": "2022-12-16",
            "value": 0.28095761362010996
        },
        {
            "Time": "2022-12-17",
            "value": 0.3801643534798891
        },
        {
            "Time": "2022-12-18",
            "value": 1.853219893549101
        },
        {
            "Time": "2022-12-19",
            "value": 1.7078427282192314
        },
        {
            "Time": "2022-12-20",
            "value": 1.0197508323223354
        },
        {
            "Time": "2022-12-21",
            "value": 1.5829936168017864
        },
        {
            "Time": "2022-12-22",
            "value": 1.736582628193295
        },
        {
            "Time": "2022-12-23",
            "value": 1.791674817208838
        },
        {
            "Time": "2022-12-24",
            "value": 1.7802600212124462
        },
        {
            "Time": "2022-12-25",
            "value": 1.8024150698872967
        },
        {
            "Time": "2022-12-26",
            "value": 1.204318428132266
        },
        {
            "Time": "2022-12-27",
            "value": 0.7054243910787779
        },
        {
            "Time": "2022-12-28",
            "value": 0.4254085637326389
        },
        {
            "Time": "2022-12-29",
            "value": 0.27010995258159726
        },
        {
            "Time": "2022-12-30",
            "value": 0.410657403453125
        },
        {
            "Time": "2022-12-31",
            "value": 0.9596421458850628
        },
        {
            "Time": "2023-01-01",
            "value": 0.6412190904728144
        },
        {
            "Time": "2023-01-02",
            "value": 0.34930555266203706
        },
        {
            "Time": "2023-01-03",
            "value": 0.38234104869443897
        },
        {
            "Time": "2023-01-04",
            "value": 0.40155675621830356
        },
        {
            "Time": "2023-01-05",
            "value": 0.5071272556490277
        },
        {
            "Time": "2023-01-06",
            "value": 1.392334837527411
        },
        {
            "Time": "2023-01-07",
            "value": 1.8099980206113078
        },
        {
            "Time": "2023-01-08",
            "value": 1.8239025482822857
        },
        {
            "Time": "2023-01-09",
            "value": 0.4424307252847569
        },
        {
            "Time": "2023-01-10",
            "value": 0.4903670299158457
        },
        {
            "Time": "2023-01-11",
            "value": 0.6424762447247462
        },
        {
            "Time": "2023-01-12",
            "value": 0.9987828815233737
        },
        {
            "Time": "2023-01-13",
            "value": 0.32366230780447147
        },
        {
            "Time": "2023-01-14",
            "value": 0.9333118191390541
        },
        {
            "Time": "2023-01-15",
            "value": 0.36719498395151545
        },
        {
            "Time": "2023-01-16",
            "value": 1.326417311520717
        },
        {
            "Time": "2023-01-17",
            "value": 0.43524599615649806
        },
        {
            "Time": "2023-01-18",
            "value": 1.470066812111118
        },
        {
            "Time": "2023-01-19",
            "value": 1.3221246353869525
        },
        {
            "Time": "2023-01-20",
            "value": 0.705943180624791
        },
        {
            "Time": "2023-01-21",
            "value": 0.2818012153572627
        },
        {
            "Time": "2023-01-22",
            "value": 1.3686523348632478
        },
        {
            "Time": "2023-01-23",
            "value": 0.25251172182484954
        },
        {
            "Time": "2023-01-24",
            "value": 1.2309815166316733
        },
        {
            "Time": "2023-01-25",
            "value": 1.6891459961241613
        },
        {
            "Time": "2023-01-26",
            "value": 0.9741823894459994
        },
        {
            "Time": "2023-01-27",
            "value": 1.7317805634806567
        },
        {
            "Time": "2023-01-28",
            "value": 1.7901251467878065
        },
        {
            "Time": "2023-01-29",
            "value": 1.9000249430226621
        },
        {
            "Time": "2023-01-30",
            "value": 2.038790007958672
        },
        {
            "Time": "2023-01-31",
            "value": 1.9721031965011746
        },
        {
            "Time": "2023-02-01",
            "value": 0.4487997619596065
        },
        {
            "Time": "2023-02-02",
            "value": 0.8583966931351091
        },
        {
            "Time": "2023-02-03",
            "value": 0.5054225965256641
        },
        {
            "Time": "2023-02-04",
            "value": 0.19585416808440972
        },
        {
            "Time": "2023-02-05",
            "value": 0.3694004619977497
        },
        {
            "Time": "2023-02-06",
            "value": 1.3624660724386162
        },
        {
            "Time": "2023-02-07",
            "value": 0.3352982226111649
        },
        {
            "Time": "2023-02-08",
            "value": 0.23930763515081396
        },
        {
            "Time": "2023-02-09",
            "value": 0.45448259910436606
        },
        {
            "Time": "2023-02-10",
            "value": 0.26866423554321756
        },
        {
            "Time": "2023-02-11",
            "value": 0.741107319572126
        },
        {
            "Time": "2023-02-12",
            "value": 1.0340913835051424
        },
        {
            "Time": "2023-02-13",
            "value": 0.3982677913261343
        },
        {
            "Time": "2023-02-14",
            "value": 0.8376864170599055
        },
        {
            "Time": "2023-02-15",
            "value": 2.0860614908559993
        },
        {
            "Time": "2023-02-16",
            "value": 2.5060756226657324
        },
        {
            "Time": "2023-02-17",
            "value": 1.7351012314392162
        },
        {
            "Time": "2023-02-18",
            "value": 2.1555737972072233
        },
        {
            "Time": "2023-02-19",
            "value": 0.7282038184724947
        },
        {
            "Time": "2023-02-20",
            "value": 1.369176754143573
        },
        {
            "Time": "2023-02-21",
            "value": 2.4473370071104723
        },
        {
            "Time": "2023-02-22",
            "value": 2.1310537895439285
        },
        {
            "Time": "2023-02-23",
            "value": 2.074933429806906
        },
        {
            "Time": "2023-02-24",
            "value": 1.0006621718507764
        },
        {
            "Time": "2023-02-25",
            "value": 2.2183764105317234
        },
        {
            "Time": "2023-02-26",
            "value": 2.6286074526018663
        },
        {
            "Time": "2023-02-27",
            "value": 2.3096891652030402
        },
        {
            "Time": "2023-02-28",
            "value": 1.3319399600260964
        },
        {
            "Time": "2023-03-01",
            "value": 1.39589272176826
        },
        {
            "Time": "2023-03-02",
            "value": 1.687678140088759
        },
        {
            "Time": "2023-03-03",
            "value": 2.266865328753789
        },
        {
            "Time": "2023-03-04",
            "value": 2.558582738482108
        },
        {
            "Time": "2023-03-05",
            "value": 2.4992330776375167
        },
        {
            "Time": "2023-03-06",
            "value": 2.606746587846877
        },
        {
            "Time": "2023-03-07",
            "value": 2.5795480984785204
        },
        {
            "Time": "2023-03-08",
            "value": 2.3614399716789887
        },
        {
            "Time": "2023-03-09",
            "value": 1.9676157176386242
        },
        {
            "Time": "2023-03-10",
            "value": 2.6484334671925147
        },
        {
            "Time": "2023-03-11",
            "value": 2.2420411600459276
        },
        {
            "Time": "2023-03-12",
            "value": 0.609019793204846
        },
        {
            "Time": "2023-03-13",
            "value": 2.2089458142285294
        },
        {
            "Time": "2023-03-14",
            "value": 2.7717962543437356
        },
        {
            "Time": "2023-03-15",
            "value": 2.2841588281716536
        },
        {
            "Time": "2023-03-16",
            "value": 2.3544992214566176
        },
        {
            "Time": "2023-03-17",
            "value": 1.4006520932510875
        },
        {
            "Time": "2023-03-18",
            "value": 0.43271982323454034
        },
        {
            "Time": "2023-03-19",
            "value": 0.1916435183015046
        },
        {
            "Time": "2023-03-20",
            "value": 2.017643378971013
        },
        {
            "Time": "2023-03-21",
            "value": 1.1180415637745713
        },
        {
            "Time": "2023-03-22",
            "value": 1.8850136929052446
        },
        {
            "Time": "2023-03-23",
            "value": 0.2059391530163856
        },
        {
            "Time": "2023-03-24",
            "value": 0.23837691404652778
        },
        {
            "Time": "2023-03-25",
            "value": 0.3012812527210648
        },
        {
            "Time": "2023-03-26",
            "value": 1.083126732751338
        },
        {
            "Time": "2023-03-27",
            "value": 0.0
        }
    ]
}