{
    "data": [
        {
            "Time": "2022-11-27",
            "value": 0.34068008959380985
        },
        {
            "Time": "2022-11-28",
            "value": 1.0546405650600748
        },
        {
            "Time": "2022-11-29",
            "value": 1.004004352427301
        },
        {
            "Time": "2022-11-30",
            "value": 0.4787423886765143
        },
        {
            "Time": "2022-12-01",
            "value": 0.5675417405289588
        },
        {
            "Time": "2022-12-02",
            "value": 0.6353087532741868
        },
        {
            "Time": "2022-12-03",
            "value": 1.0316431328537752
        },
        {
            "Time": "2022-12-04",
            "value": 0.7695557981337258
        },
        {
            "Time": "2022-12-05",
            "value": 0.6432812763512611
        },
        {
            "Time": "2022-12-06",
            "value": 1.0048399991824033
        },
        {
            "Time": "2022-12-07",
            "value": 0.2919056680697565
        },
        {
            "Time": "2022-12-08",
            "value": 1.2356531600818423
        },
        {
            "Time": "2022-12-09",
            "value": 1.14166406150156
        },
        {
            "Time": "2022-12-10",
            "value": 2.9489210088240037
        },
        {
            "Time": "2022-12-11",
            "value": 0.5964833595449349
        },
        {
            "Time": "2022-12-12",
            "value": 1.7721702452536618
        },
        {
            "Time": "2022-12-13",
            "value": 2.0094511379045437
        },
        {
            "Time": "2022-12-14",
            "value": 1.0392899432924962
        },
        {
            "Time": "2022-12-15",
            "value": 0.7589158066006778
        },
        {
            "Time": "2022-12-16",
            "value": 0.4767906052644103
        },
        {
            "Time": "2022-12-17",
            "value": 0.642438722637973
        },
        {
            "Time": "2022-12-18",
            "value": 3.4836713922928753
        },
        {
            "Time": "2022-12-19",
            "value": 3.3574191769986332
        },
        {
            "Time": "2022-12-20",
            "value": 1.8220909253451265
        },
        {
            "Time": "2022-12-21",
            "value": 3.337033635020402
        },
        {
            "Time": "2022-12-22",
            "value": 3.34174768810618
        },
        {
            "Time": "2022-12-23",
            "value": 3.5354790802152043
        },
        {
            "Time": "2022-12-24",
            "value": 3.4546353346383296
        },
        {
            "Time": "2022-12-25",
            "value": 3.5102470842003086
        },
        {
            "Time": "2022-12-26",
            "value": 2.7326555328063082
        },
        {
            "Time": "2022-12-27",
            "value": 1.3015491998721764
        },
        {
            "Time": "2022-12-28",
            "value": 0.7361212210983827
        },
        {
            "Time": "2022-12-29",
            "value": 0.46350281036048274
        },
        {
            "Time": "2022-12-30",
            "value": 0.7184827979793718
        },
        {
            "Time": "2022-12-31",
            "value": 1.8721382751817424
        },
        {
            "Time": "2023-01-01",
            "value": 1.13403124757612
        },
        {
            "Time": "2023-01-02",
            "value": 0.6035109114426422
        },
        {
            "Time": "2023-01-03",
            "value": 0.6638504143041655
        },
        {
            "Time": "2023-01-04",
            "value": 0.6951607115025298
        },
        {
            "Time": "2023-01-05",
            "value": 0.8904669289192237
        },
        {
            "Time": "2023-01-06",
            "value": 3.389146612664466
        },
        {
            "Time": "2023-01-07",
            "value": 3.6480824548217736
        },
        {
            "Time": "2023-01-08",
            "value": 3.57870819372853
        },
        {
            "Time": "2023-01-09",
            "value": 0.7811019862725215
        },
        {
            "Time": "2023-01-10",
            "value": 0.8610033523347596
        },
        {
            "Time": "2023-01-11",
            "value": 1.1359217528887444
        },
        {
            "Time": "2023-01-12",
            "value": 2.0354570641096474
        },
        {
            "Time": "2023-01-13",
            "value": 0.5586306671168201
        },
        {
            "Time": "2023-01-14",
            "value": 2.10749603586304
        },
        {
            "Time": "2023-01-15",
            "value": 0.6083303734202995
        },
        {
            "Time": "2023-01-16",
            "value": 2.761423523169906
        },
        {
            "Time": "2023-01-17",
            "value": 0.7605658128091533
        },
        {
            "Time": "2023-01-18",
            "value": 3.5486206434931793
        },
        {
            "Time": "2023-01-19",
            "value": 3.0291682052651296
        },
        {
            "Time": "2023-01-20",
            "value": 1.2355170194475775
        },
        {
            "Time": "2023-01-21",
            "value": 0.45486281012181384
        },
        {
            "Time": "2023-01-22",
            "value": 2.6739950728190527
        },
        {
            "Time": "2023-01-23",
            "value": 0.4083785404514096
        },
        {
            "Time": "2023-01-24",
            "value": 2.3333680148127405
        },
        {
            "Time": "2023-01-25",
            "value": 3.885797632646698
        },
        {
            "Time": "2023-01-26",
            "value": 1.9568207023777509
        },
        {
            "Time": "2023-01-27",
            "value": 3.593852438664877
        },
        {
            "Time": "2023-01-28",
            "value": 4.1898125930193775
        },
        {
            "Time": "2023-01-29",
            "value": 4.145909630439127
        },
        {
            "Time": "2023-01-30",
            "value": 4.31849390072141
        },
        {
            "Time": "2023-01-31",
            "value": 4.32875499686277
        },
        {
            "Time": "2023-02-01",
            "value": 0.8037020041281581
        },
        {
            "Time": "2023-02-02",
            "value": 1.7174933096366358
        },
        {
            "Time": "2023-02-03",
            "value": 0.9028348781401637
        },
        {
            "Time": "2023-02-04",
            "value": 0.31475948817123456
        },
        {
            "Time": "2023-02-05",
            "value": 0.6332912434070094
        },
        {
            "Time": "2023-02-06",
            "value": 2.628939032666824
        },
        {
            "Time": "2023-02-07",
            "value": 0.5936330054707795
        },
        {
            "Time": "2023-02-08",
            "value": 0.3778772393239963
        },
        {
            "Time": "2023-02-09",
            "value": 0.7818928692515626
        },
        {
            "Time": "2023-02-10",
            "value": 0.4271608075102618
        },
        {
            "Time": "2023-02-11",
            "value": 1.2694745270569474
        },
        {
            "Time": "2023-02-12",
            "value": 1.810921044600096
        },
        {
            "Time": "2023-02-13",
            "value": 0.679253241581871
        },
        {
            "Time": "2023-02-14",
            "value": 1.4878040408312334
        },
        {
            "Time": "2023-02-15",
            "value": 4.1982684564948665
        },
        {
            "Time": "2023-02-16",
            "value": 5.0376922310824375
        },
        {
            "Time": "2023-02-17",
            "value": 3.6758577348165646
        },
        {
            "Time": "2023-02-18",
            "value": 4.556253099755007
        },
        {
            "Time": "2023-02-19",
            "value": 1.3010257809514651
        },
        {
            "Time": "2023-02-20",
            "value": 2.3664761462837625
        },
        {
            "Time": "2023-02-21",
            "value": 5.157319804092578
        },
        {
            "Time": "2023-02-22",
            "value": 4.240187738121522
        },
        {
            "Time": "2023-02-23",
            "value": 3.9407990136659055
        },
        {
            "Time": "2023-02-24",
            "value": 1.7586333859608816
        },
        {
            "Time": "2023-02-25",
            "value": 4.750260288293223
        },
        {
            "Time": "2023-02-26",
            "value": 5.412585894141611
        },
        {
            "Time": "2023-02-27",
            "value": 4.797777545785678
        },
        {
            "Time": "2023-02-28",
            "value": 2.3705010804640727
        },
        {
            "Time": "2023-03-01",
            "value": 2.593556972484303
        },
        {
            "Time": "2023-03-02",
            "value": 3.361601901627716
        },
        {
            "Time": "2023-03-03",
            "value": 4.70601908951623
        },
        {
            "Time": "2023-03-04",
            "value": 5.369375587862237
        },
        {
            "Time": "2023-03-05",
            "value": 5.371120582816707
        },
        {
            "Time": "2023-03-06",
            "value": 5.636489137046804
        },
        {
            "Time": "2023-03-07",
            "value": 5.510242605353292
        },
        {
            "Time": "2023-03-08",
            "value": 4.894078425540581
        },
        {
            "Time": "2023-03-09",
            "value": 4.005851148023239
        },
        {
            "Time": "2023-03-10",
            "value": 5.683838196083295
        },
        {
            "Time": "2023-03-11",
            "value": 4.640268653405499
        },
        {
            "Time": "2023-03-12",
            "value": 1.0682132412323302
        },
        {
            "Time": "2023-03-13",
            "value": 4.196444424347883
        },
        {
            "Time": "2023-03-14",
            "value": 5.99079270386462
        },
        {
            "Time": "2023-03-15",
            "value": 4.796010786347687
        },
        {
            "Time": "2023-03-16",
            "value": 5.038289611377061
        },
        {
            "Time": "2023-03-17",
            "value": 2.704071112147026
        },
        {
            "Time": "2023-03-18",
            "value": 0.7488182153724354
        },
        {
            "Time": "2023-03-19",
            "value": 0.3007291646802083
        },
        {
            "Time": "2023-03-20",
            "value": 4.003337169643949
        },
        {
            "Time": "2023-03-21",
            "value": 2.0640547409011996
        },
        {
            "Time": "2023-03-22",
            "value": 3.7493500441059564
        },
        {
            "Time": "2023-03-23",
            "value": 0.3546275340236123
        },
        {
            "Time": "2023-03-24",
            "value": 0.3918133261333063
        },
        {
            "Time": "2023-03-25",
            "value": 0.5005688647120998
        },
        {
            "Time": "2023-03-26",
            "value": 1.976455393398462
        },
        {
            "Time": "2023-03-27",
            "value": 0.0
        }
    ]
}