{
    "data": [
        {
            "Time": "2023-03-01",
            "value": 323.3800048828125
        },
        {
            "Time": "2023-03-02",
            "value": 333.5
        },
        {
            "Time": "2023-03-03",
            "value": 344.0400085449219
        },
        {
            "Time": "2023-03-06",
            "value": 347.0199890136719
        },
        {
            "Time": "2023-03-07",
            "value": 344.79998779296875
        },
        {
            "Time": "2023-03-08",
            "value": 345.8399963378906
        },
        {
            "Time": "2023-03-09",
            "value": 338.3699951171875
        },
        {
            "Time": "2023-03-10",
            "value": 329.29998779296875
        },
        {
            "Time": "2023-03-13",
            "value": 324.2699890136719
        },
        {
            "Time": "2023-03-14",
            "value": 333.3299865722656
        },
        {
            "Time": "2023-03-15",
            "value": 333.6099853515625
        },
        {
            "Time": "2023-03-16",
            "value": 353.2900085449219
        },
        {
            "Time": "2023-03-17",
            "value": 358.1400146484375
        },
        {
            "Time": "2023-03-20",
            "value": 362.8800048828125
        },
        {
            "Time": "2023-03-21",
            "value": 374.2200012207031
        },
        {
            "Time": "2023-03-22",
            "value": 361.7099914550781
        },
        {
            "Time": "2023-03-23",
            "value": 369.0
        },
        {
            "Time": "2023-03-24",
            "value": 374.9599914550781
        },
        {
            "Time": "2023-03-27",
            "value": 373.1499938964844
        },
        {
            "Time": "2023-03-28",
            "value": 373.3999938964844
        },
        {
            "Time": "2023-03-29",
            "value": 379.1600036621094
        },
        {
            "Time": "2023-03-30",
            "value": 381.8999938964844
        },
        {
            "Time": "2023-03-31",
            "value": 385.3699951171875
        }
    ]
}