{
    "data": [
        {
            "Time": "2023-03-01",
            "value": 46.91202163696289
        },
        {
            "Time": "2023-03-02",
            "value": 47.09640884399414
        },
        {
            "Time": "2023-03-03",
            "value": 47.82425308227539
        },
        {
            "Time": "2023-03-06",
            "value": 47.960113525390625
        },
        {
            "Time": "2023-03-07",
            "value": 47.465179443359375
        },
        {
            "Time": "2023-03-08",
            "value": 47.65927505493164
        },
        {
            "Time": "2023-03-09",
            "value": 47.36813735961914
        },
        {
            "Time": "2023-03-10",
            "value": 47.12552261352539
        },
        {
            "Time": "2023-03-13",
            "value": 46.979949951171875
        },
        {
            "Time": "2023-03-14",
            "value": 47.601043701171875
        },
        {
            "Time": "2023-03-15",
            "value": 47.61075210571289
        },
        {
            "Time": "2023-03-16",
            "value": 48.639434814453125
        },
        {
            "Time": "2023-03-17",
            "value": 48.70737075805664
        },
        {
            "Time": "2023-03-20",
            "value": 49.435211181640625
        },
        {
            "Time": "2023-03-21",
            "value": 49.173187255859375
        },
        {
            "Time": "2023-03-22",
            "value": 47.998931884765625
        },
        {
            "Time": "2023-03-23",
            "value": 48.26095962524414
        },
        {
            "Time": "2023-03-24",
            "value": 49.017913818359375
        },
        {
            "Time": "2023-03-27",
            "value": 49.04703521728515
        },
        {
            "Time": "2023-03-28",
            "value": 48.90146255493164
        },
        {
            "Time": "2023-03-29",
            "value": 49.65842056274414
        },
        {
            "Time": "2023-03-30",
            "value": 49.91073989868164
        },
        {
            "Time": "2023-03-31",
            "value": 50.73563003540039
        }
    ]
}