{
    "data": [
        {
            "Time": "2023-03-01",
            "value": 35.63931655883789
        },
        {
            "Time": "2023-03-02",
            "value": 35.741676330566406
        },
        {
            "Time": "2023-03-03",
            "value": 35.60209655761719
        },
        {
            "Time": "2023-03-06",
            "value": 35.49973678588867
        },
        {
            "Time": "2023-03-07",
            "value": 35.27641296386719
        },
        {
            "Time": "2023-03-08",
            "value": 34.922813415527344
        },
        {
            "Time": "2023-03-09",
            "value": 34.010887145996094
        },
        {
            "Time": "2023-03-10",
            "value": 34.131858825683594
        },
        {
            "Time": "2023-03-13",
            "value": 34.001583099365234
        },
        {
            "Time": "2023-03-14",
            "value": 34.31796646118164
        },
        {
            "Time": "2023-03-15",
            "value": 34.48546600341797
        },
        {
            "Time": "2023-03-16",
            "value": 34.0388069152832
        },
        {
            "Time": "2023-03-17",
            "value": 34.23421859741211
        },
        {
            "Time": "2023-03-20",
            "value": 34.82975769042969
        },
        {
            "Time": "2023-03-21",
            "value": 35.11822509765625
        },
        {
            "Time": "2023-03-22",
            "value": 34.71809768676758
        },
        {
            "Time": "2023-03-23",
            "value": 34.77392578125
        },
        {
            "Time": "2023-03-24",
            "value": 35.04378128051758
        },
        {
            "Time": "2023-03-27",
            "value": 35.40668487548828
        },
        {
            "Time": "2023-03-28",
            "value": 35.36015701293945
        },
        {
            "Time": "2023-03-29",
            "value": 35.80681228637695
        },
        {
            "Time": "2023-03-30",
            "value": 35.974308013916016
        },
        {
            "Time": "2023-03-31",
            "value": 36.188331604003906
        }
    ]
}