{
    "data": [
        {
            "Time": "2023-03-01",
            "value": 173.23619079589844
        },
        {
            "Time": "2023-03-02",
            "value": 174.3450164794922
        },
        {
            "Time": "2023-03-03",
            "value": 185.05364990234375
        },
        {
            "Time": "2023-03-06",
            "value": 184.7040252685547
        },
        {
            "Time": "2023-03-07",
            "value": 184.31443786621097
        },
        {
            "Time": "2023-03-08",
            "value": 184.77395629882812
        },
        {
            "Time": "2023-03-09",
            "value": 181.4974365234375
        },
        {
            "Time": "2023-03-10",
            "value": 179.31973266601562
        },
        {
            "Time": "2023-03-13",
            "value": 180.7082672119141
        },
        {
            "Time": "2023-03-14",
            "value": 193.8143615722656
        },
        {
            "Time": "2023-03-15",
            "value": 197.5404052734375
        },
        {
            "Time": "2023-03-16",
            "value": 204.71278381347656
        },
        {
            "Time": "2023-03-17",
            "value": 195.40267944335935
        },
        {
            "Time": "2023-03-20",
            "value": 197.600341796875
        },
        {
            "Time": "2023-03-21",
            "value": 201.94573974609375
        },
        {
            "Time": "2023-03-22",
            "value": 199.5982208251953
        },
        {
            "Time": "2023-03-23",
            "value": 204.06349182128903
        },
        {
            "Time": "2023-03-24",
            "value": 205.79164123535156
        },
        {
            "Time": "2023-03-27",
            "value": 202.62501525878903
        },
        {
            "Time": "2023-03-28",
            "value": 200.46730041503903
        },
        {
            "Time": "2023-03-29",
            "value": 205.13235473632812
        },
        {
            "Time": "2023-03-30",
            "value": 207.6197052001953
        },
        {
            "Time": "2023-03-31",
            "value": 211.71536254882812
        }
    ]
}