{
    "data": [
        {
            "Time": "2023-03-01",
            "value": 35.624359130859375
        },
        {
            "Time": "2023-03-02",
            "value": 35.935577392578125
        },
        {
            "Time": "2023-03-03",
            "value": 36.2078857421875
        },
        {
            "Time": "2023-03-06",
            "value": 36.062007904052734
        },
        {
            "Time": "2023-03-07",
            "value": 35.19643783569336
        },
        {
            "Time": "2023-03-08",
            "value": 34.91440200805664
        },
        {
            "Time": "2023-03-09",
            "value": 34.49620819091797
        },
        {
            "Time": "2023-03-10",
            "value": 34.340599060058594
        },
        {
            "Time": "2023-03-13",
            "value": 34.53510665893555
        },
        {
            "Time": "2023-03-14",
            "value": 34.31142044067383
        },
        {
            "Time": "2023-03-15",
            "value": 34.9046745300293
        },
        {
            "Time": "2023-03-16",
            "value": 35.24506759643555
        },
        {
            "Time": "2023-03-17",
            "value": 35.04083251953125
        },
        {
            "Time": "2023-03-20",
            "value": 35.42985153198242
        },
        {
            "Time": "2023-03-21",
            "value": 35.97447967529297
        },
        {
            "Time": "2023-03-22",
            "value": 35.2061653137207
        },
        {
            "Time": "2023-03-23",
            "value": 34.98248291015625
        },
        {
            "Time": "2023-03-24",
            "value": 34.93385314941406
        },
        {
            "Time": "2023-03-27",
            "value": 35.40067672729492
        },
        {
            "Time": "2023-03-28",
            "value": 35.449302673339844
        },
        {
            "Time": "2023-03-29",
            "value": 35.935577392578125
        },
        {
            "Time": "2023-03-30",
            "value": 36.13008499145508
        },
        {
            "Time": "2023-03-31",
            "value": 36.86922073364258
        }
    ]
}