{
    "data": [
        {
            "Time": "2022-11-27",
            "value": 0.3450583326081674
        },
        {
            "Time": "2022-11-28",
            "value": 1.3848738364104536
        },
        {
            "Time": "2022-11-29",
            "value": 1.2420517722878595
        },
        {
            "Time": "2022-11-30",
            "value": 0.49781037078824775
        },
        {
            "Time": "2022-12-01",
            "value": 0.5931364802059285
        },
        {
            "Time": "2022-12-02",
            "value": 0.6761164139826662
        },
        {
            "Time": "2022-12-03",
            "value": 1.1026381569583543
        },
        {
            "Time": "2022-12-04",
            "value": 0.8133574049505654
        },
        {
            "Time": "2022-12-05",
            "value": 0.6695450941971477
        },
        {
            "Time": "2022-12-06",
            "value": 1.0766612555155624
        },
        {
            "Time": "2022-12-07",
            "value": 0.2922355998769973
        },
        {
            "Time": "2022-12-08",
            "value": 1.506008488903145
        },
        {
            "Time": "2022-12-09",
            "value": 1.2497443103868173
        },
        {
            "Time": "2022-12-10",
            "value": 3.115138474744378
        },
        {
            "Time": "2022-12-11",
            "value": 0.6130725916205918
        },
        {
            "Time": "2022-12-12",
            "value": 1.8622446114066429
        },
        {
            "Time": "2022-12-13",
            "value": 2.452244514128192
        },
        {
            "Time": "2022-12-14",
            "value": 1.1267802005000804
        },
        {
            "Time": "2022-12-15",
            "value": 0.79978010219554
        },
        {
            "Time": "2022-12-16",
            "value": 0.4898870311696552
        },
        {
            "Time": "2022-12-17",
            "value": 0.6972673952176869
        },
        {
            "Time": "2022-12-18",
            "value": 4.134755479823529
        },
        {
            "Time": "2022-12-19",
            "value": 3.55543532466026
        },
        {
            "Time": "2022-12-20",
            "value": 2.3235561416044654
        },
        {
            "Time": "2022-12-21",
            "value": 3.10531073237331
        },
        {
            "Time": "2022-12-22",
            "value": 3.8938843473998306
        },
        {
            "Time": "2022-12-23",
            "value": 3.764356729193722
        },
        {
            "Time": "2022-12-24",
            "value": 4.068355197266872
        },
        {
            "Time": "2022-12-25",
            "value": 4.118018537133575
        },
        {
            "Time": "2022-12-26",
            "value": 2.7835144354728687
        },
        {
            "Time": "2022-12-27",
            "value": 1.4762090276741833
        },
        {
            "Time": "2022-12-28",
            "value": 0.7663394487921725
        },
        {
            "Time": "2022-12-29",
            "value": 0.4750128857641687
        },
        {
            "Time": "2022-12-30",
            "value": 0.7407257103306906
        },
        {
            "Time": "2022-12-31",
            "value": 2.2113423314672565
        },
        {
            "Time": "2023-01-01",
            "value": 1.273192762991604
        },
        {
            "Time": "2023-01-02",
            "value": 0.6126809725875566
        },
        {
            "Time": "2023-01-03",
            "value": 0.689820429089826
        },
        {
            "Time": "2023-01-04",
            "value": 0.718880870505462
        },
        {
            "Time": "2023-01-05",
            "value": 0.9399075254000021
        },
        {
            "Time": "2023-01-06",
            "value": 3.4963470943249617
        },
        {
            "Time": "2023-01-07",
            "value": 4.0692104620735154
        },
        {
            "Time": "2023-01-08",
            "value": 3.8321173202686296
        },
        {
            "Time": "2023-01-09",
            "value": 0.8178326996073275
        },
        {
            "Time": "2023-01-10",
            "value": 0.9052604267216163
        },
        {
            "Time": "2023-01-11",
            "value": 1.227654141541888
        },
        {
            "Time": "2023-01-12",
            "value": 2.5506877846562395
        },
        {
            "Time": "2023-01-13",
            "value": 0.6017229525646086
        },
        {
            "Time": "2023-01-14",
            "value": 2.7192428581427475
        },
        {
            "Time": "2023-01-15",
            "value": 0.6450370256450996
        },
        {
            "Time": "2023-01-16",
            "value": 3.241852093368536
        },
        {
            "Time": "2023-01-17",
            "value": 0.798714497283867
        },
        {
            "Time": "2023-01-18",
            "value": 3.8478776620890938
        },
        {
            "Time": "2023-01-19",
            "value": 3.3672173162900743
        },
        {
            "Time": "2023-01-20",
            "value": 1.446246126246388
        },
        {
            "Time": "2023-01-21",
            "value": 0.4694718220000472
        },
        {
            "Time": "2023-01-22",
            "value": 2.953277625705048
        },
        {
            "Time": "2023-01-23",
            "value": 0.42230987848712037
        },
        {
            "Time": "2023-01-24",
            "value": 2.719479798555748
        },
        {
            "Time": "2023-01-25",
            "value": 4.349113369698976
        },
        {
            "Time": "2023-01-26",
            "value": 2.3703749750641094
        },
        {
            "Time": "2023-01-27",
            "value": 3.964601364975031
        },
        {
            "Time": "2023-01-28",
            "value": 4.515065993974877
        },
        {
            "Time": "2023-01-29",
            "value": 4.646873174357489
        },
        {
            "Time": "2023-01-30",
            "value": 4.976576354639774
        },
        {
            "Time": "2023-01-31",
            "value": 4.745508945851269
        },
        {
            "Time": "2023-02-01",
            "value": 0.8479793604721761
        },
        {
            "Time": "2023-02-02",
            "value": 1.8518213132346455
        },
        {
            "Time": "2023-02-03",
            "value": 0.9465349679971756
        },
        {
            "Time": "2023-02-04",
            "value": 0.3139992975656127
        },
        {
            "Time": "2023-02-05",
            "value": 0.6639731779470643
        },
        {
            "Time": "2023-02-06",
            "value": 2.91441022849893
        },
        {
            "Time": "2023-02-07",
            "value": 0.6288145171370487
        },
        {
            "Time": "2023-02-08",
            "value": 0.37160987053173666
        },
        {
            "Time": "2023-02-09",
            "value": 0.843476271129149
        },
        {
            "Time": "2023-02-10",
            "value": 0.4397568666180221
        },
        {
            "Time": "2023-02-11",
            "value": 1.4903191134642344
        },
        {
            "Time": "2023-02-12",
            "value": 2.112063405701744
        },
        {
            "Time": "2023-02-13",
            "value": 0.7178332413467903
        },
        {
            "Time": "2023-02-14",
            "value": 1.7352358251841407
        },
        {
            "Time": "2023-02-15",
            "value": 4.631043824808024
        },
        {
            "Time": "2023-02-16",
            "value": 5.563876037747671
        },
        {
            "Time": "2023-02-17",
            "value": 3.8185607625101277
        },
        {
            "Time": "2023-02-18",
            "value": 4.838305871740616
        },
        {
            "Time": "2023-02-19",
            "value": 1.4056335158181201
        },
        {
            "Time": "2023-02-20",
            "value": 2.726728874860377
        },
        {
            "Time": "2023-02-21",
            "value": 5.313676900922723
        },
        {
            "Time": "2023-02-22",
            "value": 4.626651453931201
        },
        {
            "Time": "2023-02-23",
            "value": 4.3008617610982744
        },
        {
            "Time": "2023-02-24",
            "value": 1.9342496258893265
        },
        {
            "Time": "2023-02-25",
            "value": 4.844751922932165
        },
        {
            "Time": "2023-02-26",
            "value": 5.494728050543405
        },
        {
            "Time": "2023-02-27",
            "value": 4.916799385243669
        },
        {
            "Time": "2023-02-28",
            "value": 2.634267783630465
        },
        {
            "Time": "2023-03-01",
            "value": 2.8534379467566295
        },
        {
            "Time": "2023-03-02",
            "value": 3.6578399971931104
        },
        {
            "Time": "2023-03-03",
            "value": 4.899755662201427
        },
        {
            "Time": "2023-03-04",
            "value": 5.4848654617402826
        },
        {
            "Time": "2023-03-05",
            "value": 5.426420720239335
        },
        {
            "Time": "2023-03-06",
            "value": 5.62533441354949
        },
        {
            "Time": "2023-03-07",
            "value": 5.58779073277183
        },
        {
            "Time": "2023-03-08",
            "value": 5.134285296735793
        },
        {
            "Time": "2023-03-09",
            "value": 4.158403062551946
        },
        {
            "Time": "2023-03-10",
            "value": 5.789303970812177
        },
        {
            "Time": "2023-03-11",
            "value": 4.839487943575452
        },
        {
            "Time": "2023-03-12",
            "value": 1.1192721637681864
        },
        {
            "Time": "2023-03-13",
            "value": 4.563424393361272
        },
        {
            "Time": "2023-03-14",
            "value": 5.9648699687787055
        },
        {
            "Time": "2023-03-15",
            "value": 4.947394881075608
        },
        {
            "Time": "2023-03-16",
            "value": 5.039218173047561
        },
        {
            "Time": "2023-03-17",
            "value": 2.9046116787735197
        },
        {
            "Time": "2023-03-18",
            "value": 0.7734731266746715
        },
        {
            "Time": "2023-03-19",
            "value": 0.27925183992044283
        },
        {
            "Time": "2023-03-20",
            "value": 4.092833094746736
        },
        {
            "Time": "2023-03-21",
            "value": 2.2417584018562753
        },
        {
            "Time": "2023-03-22",
            "value": 3.903648785019216
        },
        {
            "Time": "2023-03-23",
            "value": 0.3417460608117198
        },
        {
            "Time": "2023-03-24",
            "value": 0.40915403928223565
        },
        {
            "Time": "2023-03-25",
            "value": 0.5177514738996026
        },
        {
            "Time": "2023-03-26",
            "value": 2.1374322227709275
        },
        {
            "Time": "2023-03-27",
            "value": 0.0
        }
    ]
}