{
    "data": [
        {
            "Time": "2022-11-27",
            "value": 0.22883474528727285
        },
        {
            "Time": "2022-11-28",
            "value": 0.8659354416853784
        },
        {
            "Time": "2022-11-29",
            "value": 0.580206905184846
        },
        {
            "Time": "2022-11-30",
            "value": 0.2985316374486231
        },
        {
            "Time": "2022-12-01",
            "value": 0.3340462968353074
        },
        {
            "Time": "2022-12-02",
            "value": 0.38600259827286415
        },
        {
            "Time": "2022-12-03",
            "value": 1.6849802458858127
        },
        {
            "Time": "2022-12-04",
            "value": 0.7889506623154915
        },
        {
            "Time": "2022-12-05",
            "value": 0.0
        },
        {
            "Time": "2022-12-06",
            "value": 0.0
        },
        {
            "Time": "2022-12-07",
            "value": 0.0
        },
        {
            "Time": "2022-12-08",
            "value": 0.8889608776740962
        },
        {
            "Time": "2022-12-09",
            "value": 0.7361140078866304
        },
        {
            "Time": "2022-12-10",
            "value": 1.5203758224742454
        },
        {
            "Time": "2022-12-11",
            "value": 0.3816434206966211
        },
        {
            "Time": "2022-12-12",
            "value": 1.1023920611216114
        },
        {
            "Time": "2022-12-13",
            "value": 1.1304234758107887
        },
        {
            "Time": "2022-12-14",
            "value": 0.6451077835931565
        },
        {
            "Time": "2022-12-15",
            "value": 0.45599749904805065
        },
        {
            "Time": "2022-12-16",
            "value": 0.3127351827157237
        },
        {
            "Time": "2022-12-17",
            "value": 0.38524687126106283
        },
        {
            "Time": "2022-12-18",
            "value": 2.314463347543802
        },
        {
            "Time": "2022-12-19",
            "value": 2.142070815116042
        },
        {
            "Time": "2022-12-20",
            "value": 0.8341296633666515
        },
        {
            "Time": "2022-12-21",
            "value": 2.112703895005815
        },
        {
            "Time": "2022-12-22",
            "value": 2.1251162549298135
        },
        {
            "Time": "2022-12-23",
            "value": 2.232377239751273
        },
        {
            "Time": "2022-12-24",
            "value": 2.235693040244619
        },
        {
            "Time": "2022-12-25",
            "value": 2.283586796026788
        },
        {
            "Time": "2022-12-26",
            "value": 1.2662132867015097
        },
        {
            "Time": "2022-12-27",
            "value": 0.6600636147004846
        },
        {
            "Time": "2022-12-28",
            "value": 0.47104183205496697
        },
        {
            "Time": "2022-12-29",
            "value": 0.2959998362441045
        },
        {
            "Time": "2022-12-30",
            "value": 0.4477255248832854
        },
        {
            "Time": "2022-12-31",
            "value": 0.941800382697532
        },
        {
            "Time": "2023-01-01",
            "value": 0.6882624181930548
        },
        {
            "Time": "2023-01-02",
            "value": 0.3897048612640509
        },
        {
            "Time": "2023-01-03",
            "value": 0.3962614008294001
        },
        {
            "Time": "2023-01-04",
            "value": 0.4439718287203488
        },
        {
            "Time": "2023-01-05",
            "value": 0.5618790473759385
        },
        {
            "Time": "2023-01-06",
            "value": 2.2153286822370797
        },
        {
            "Time": "2023-01-07",
            "value": 2.2507813545369966
        },
        {
            "Time": "2023-01-08",
            "value": 2.271558316809463
        },
        {
            "Time": "2023-01-09",
            "value": 0.5042806803294174
        },
        {
            "Time": "2023-01-10",
            "value": 0.5261847259608499
        },
        {
            "Time": "2023-01-11",
            "value": 0.7132427760937566
        },
        {
            "Time": "2023-01-12",
            "value": 1.249206236339127
        },
        {
            "Time": "2023-01-13",
            "value": 0.3775068524555113
        },
        {
            "Time": "2023-01-14",
            "value": 1.5499384300853254
        },
        {
            "Time": "2023-01-15",
            "value": 0.3623222773050429
        },
        {
            "Time": "2023-01-16",
            "value": 1.6150543841278533
        },
        {
            "Time": "2023-01-17",
            "value": 0.43682022694530376
        },
        {
            "Time": "2023-01-18",
            "value": 2.299302910146462
        },
        {
            "Time": "2023-01-19",
            "value": 1.9853917735824722
        },
        {
            "Time": "2023-01-20",
            "value": 0.7378972333762724
        },
        {
            "Time": "2023-01-21",
            "value": 0.28404519735759587
        },
        {
            "Time": "2023-01-22",
            "value": 1.613888007374994
        },
        {
            "Time": "2023-01-23",
            "value": 0.2859042447062451
        },
        {
            "Time": "2023-01-24",
            "value": 1.5572240054503343
        },
        {
            "Time": "2023-01-25",
            "value": 2.622056257791786
        },
        {
            "Time": "2023-01-26",
            "value": 1.3105992430817268
        },
        {
            "Time": "2023-01-27",
            "value": 2.1171361012100456
        },
        {
            "Time": "2023-01-28",
            "value": 2.807097169764926
        },
        {
            "Time": "2023-01-29",
            "value": 2.758106822925878
        },
        {
            "Time": "2023-01-30",
            "value": 2.8051510247679867
        },
        {
            "Time": "2023-01-31",
            "value": 2.843766846121115
        },
        {
            "Time": "2023-02-01",
            "value": 0.5175475615132392
        },
        {
            "Time": "2023-02-02",
            "value": 1.132734515557518
        },
        {
            "Time": "2023-02-03",
            "value": 0.5580476531194678
        },
        {
            "Time": "2023-02-04",
            "value": 0.19379547898414617
        },
        {
            "Time": "2023-02-05",
            "value": 0.4203039165442926
        },
        {
            "Time": "2023-02-06",
            "value": 1.7793173460405562
        },
        {
            "Time": "2023-02-07",
            "value": 0.41682425309244553
        },
        {
            "Time": "2023-02-08",
            "value": 0.24010487234913608
        },
        {
            "Time": "2023-02-09",
            "value": 0.503018512180155
        },
        {
            "Time": "2023-02-10",
            "value": 0.2926069649451036
        },
        {
            "Time": "2023-02-11",
            "value": 0.8766457981720376
        },
        {
            "Time": "2023-02-12",
            "value": 1.2518859828943758
        },
        {
            "Time": "2023-02-13",
            "value": 0.418684487654368
        },
        {
            "Time": "2023-02-14",
            "value": 0.9302420275664341
        },
        {
            "Time": "2023-02-15",
            "value": 2.336692028633943
        },
        {
            "Time": "2023-02-16",
            "value": 3.074644106092729
        },
        {
            "Time": "2023-02-17",
            "value": 2.1146702772905326
        },
        {
            "Time": "2023-02-18",
            "value": 2.8090415708764205
        },
        {
            "Time": "2023-02-19",
            "value": 0.8392394149628662
        },
        {
            "Time": "2023-02-20",
            "value": 1.360113254070078
        },
        {
            "Time": "2023-02-21",
            "value": 3.061176054942883
        },
        {
            "Time": "2023-02-22",
            "value": 2.4174374576729303
        },
        {
            "Time": "2023-02-23",
            "value": 2.3828751237680095
        },
        {
            "Time": "2023-02-24",
            "value": 1.0306943103378263
        },
        {
            "Time": "2023-02-25",
            "value": 2.8988262247994245
        },
        {
            "Time": "2023-02-26",
            "value": 3.1920199733121195
        },
        {
            "Time": "2023-02-27",
            "value": 2.380526818381755
        },
        {
            "Time": "2023-02-28",
            "value": 1.4309571801410923
        },
        {
            "Time": "2023-03-01",
            "value": 1.5387329128911813
        },
        {
            "Time": "2023-03-02",
            "value": 1.922632236469588
        },
        {
            "Time": "2023-03-03",
            "value": 2.68445064914208
        },
        {
            "Time": "2023-03-04",
            "value": 3.1988323041235276
        },
        {
            "Time": "2023-03-05",
            "value": 3.1487827468483647
        },
        {
            "Time": "2023-03-06",
            "value": 3.2599020310290268
        },
        {
            "Time": "2023-03-07",
            "value": 3.237240893646929
        },
        {
            "Time": "2023-03-08",
            "value": 3.0020373912358234
        },
        {
            "Time": "2023-03-09",
            "value": 2.1322543493462076
        },
        {
            "Time": "2023-03-10",
            "value": 3.3599086485279352
        },
        {
            "Time": "2023-03-11",
            "value": 2.7833935647685863
        },
        {
            "Time": "2023-03-12",
            "value": 0.6998960529362583
        },
        {
            "Time": "2023-03-13",
            "value": 2.3152157893018375
        },
        {
            "Time": "2023-03-14",
            "value": 3.344038240514638
        },
        {
            "Time": "2023-03-15",
            "value": 2.6876026278974985
        },
        {
            "Time": "2023-03-16",
            "value": 2.8197938722848757
        },
        {
            "Time": "2023-03-17",
            "value": 1.5408508916542245
        },
        {
            "Time": "2023-03-18",
            "value": 0.47338574771070574
        },
        {
            "Time": "2023-03-19",
            "value": 0.19709008398988423
        },
        {
            "Time": "2023-03-20",
            "value": 2.2669574091474773
        },
        {
            "Time": "2023-03-21",
            "value": 1.309278150569264
        },
        {
            "Time": "2023-03-22",
            "value": 2.233699353164489
        },
        {
            "Time": "2023-03-23",
            "value": 0.25094362390756636
        },
        {
            "Time": "2023-03-24",
            "value": 0.2966844642249896
        },
        {
            "Time": "2023-03-25",
            "value": 0.36115906286350336
        },
        {
            "Time": "2023-03-26",
            "value": 1.2474156959634817
        },
        {
            "Time": "2023-03-27",
            "value": 0.0
        }
    ]
}