{
    "data": [
        {
            "Time": "2022-11-27",
            "value": 0.18304316222144285
        },
        {
            "Time": "2022-11-28",
            "value": 0.7273954157373179
        },
        {
            "Time": "2022-11-29",
            "value": 0.433337515096816
        },
        {
            "Time": "2022-11-30",
            "value": 0.2728798970503695
        },
        {
            "Time": "2022-12-01",
            "value": 0.32390838795829213
        },
        {
            "Time": "2022-12-02",
            "value": 0.3699202451377692
        },
        {
            "Time": "2022-12-03",
            "value": 0.6225140752484902
        },
        {
            "Time": "2022-12-04",
            "value": 0.45040045694315184
        },
        {
            "Time": "2022-12-05",
            "value": 0.37578831597802875
        },
        {
            "Time": "2022-12-06",
            "value": 0.5956798780140319
        },
        {
            "Time": "2022-12-07",
            "value": 0.1261038231594648
        },
        {
            "Time": "2022-12-08",
            "value": 0.7261964168728849
        },
        {
            "Time": "2022-12-09",
            "value": 0.674742212126218
        },
        {
            "Time": "2022-12-10",
            "value": 0.5564567612766358
        },
        {
            "Time": "2022-12-11",
            "value": 0.3557238411473148
        },
        {
            "Time": "2022-12-12",
            "value": 0.6062161576727716
        },
        {
            "Time": "2022-12-13",
            "value": 0.5903221202565214
        },
        {
            "Time": "2022-12-14",
            "value": 0.6102718007692131
        },
        {
            "Time": "2022-12-15",
            "value": 0.4359871811684907
        },
        {
            "Time": "2022-12-16",
            "value": 0.27491581677777754
        },
        {
            "Time": "2022-12-17",
            "value": 0.37178076516384373
        },
        {
            "Time": "2022-12-18",
            "value": 0.4543276266687568
        },
        {
            "Time": "2022-12-19",
            "value": 0.5101452580817087
        },
        {
            "Time": "2022-12-20",
            "value": 0.5043929154487631
        },
        {
            "Time": "2022-12-21",
            "value": 0.8318117028583829
        },
        {
            "Time": "2022-12-22",
            "value": 0.5198529844657342
        },
        {
            "Time": "2022-12-23",
            "value": 0.4874791891193923
        },
        {
            "Time": "2022-12-24",
            "value": 0.4660968515670625
        },
        {
            "Time": "2022-12-25",
            "value": 0.48171243770121663
        },
        {
            "Time": "2022-12-26",
            "value": 0.4426148692050095
        },
        {
            "Time": "2022-12-27",
            "value": 0.6378011350142067
        },
        {
            "Time": "2022-12-28",
            "value": 0.4439768480665009
        },
        {
            "Time": "2022-12-29",
            "value": 0.27154224584865855
        },
        {
            "Time": "2022-12-30",
            "value": 0.4120003298633763
        },
        {
            "Time": "2022-12-31",
            "value": 0.8032333049537268
        },
        {
            "Time": "2023-01-01",
            "value": 0.6622117193855921
        },
        {
            "Time": "2023-01-02",
            "value": 0.359927581710705
        },
        {
            "Time": "2023-01-03",
            "value": 0.3888856396999594
        },
        {
            "Time": "2023-01-04",
            "value": 0.41810643884537374
        },
        {
            "Time": "2023-01-05",
            "value": 0.5317554610227408
        },
        {
            "Time": "2023-01-06",
            "value": 0.5983442282728724
        },
        {
            "Time": "2023-01-07",
            "value": 0.46634895894972694
        },
        {
            "Time": "2023-01-08",
            "value": 0.5301482665309862
        },
        {
            "Time": "2023-01-09",
            "value": 0.46076204373900254
        },
        {
            "Time": "2023-01-10",
            "value": 0.49795932143643884
        },
        {
            "Time": "2023-01-11",
            "value": 0.6777559970905025
        },
        {
            "Time": "2023-01-12",
            "value": 0.7466783142902996
        },
        {
            "Time": "2023-01-13",
            "value": 0.3445202985831436
        },
        {
            "Time": "2023-01-14",
            "value": 0.6113009136901001
        },
        {
            "Time": "2023-01-15",
            "value": 0.356045412271769
        },
        {
            "Time": "2023-01-16",
            "value": 0.8023767194009207
        },
        {
            "Time": "2023-01-17",
            "value": 0.4441300410112486
        },
        {
            "Time": "2023-01-18",
            "value": 0.9336098999986217
        },
        {
            "Time": "2023-01-19",
            "value": 0.8373904578038851
        },
        {
            "Time": "2023-01-20",
            "value": 0.675835617143796
        },
        {
            "Time": "2023-01-21",
            "value": 0.25509518193334035
        },
        {
            "Time": "2023-01-22",
            "value": 1.0820048429524092
        },
        {
            "Time": "2023-01-23",
            "value": 0.2537436712652899
        },
        {
            "Time": "2023-01-24",
            "value": 1.107694783328821
        },
        {
            "Time": "2023-01-25",
            "value": 1.363337921915585
        },
        {
            "Time": "2023-01-26",
            "value": 0.9435909862720814
        },
        {
            "Time": "2023-01-27",
            "value": 1.3487440843031446
        },
        {
            "Time": "2023-01-28",
            "value": 1.4786573646605006
        },
        {
            "Time": "2023-01-29",
            "value": 1.465690902732687
        },
        {
            "Time": "2023-01-30",
            "value": 1.5822562700226435
        },
        {
            "Time": "2023-01-31",
            "value": 1.5450814330394906
        },
        {
            "Time": "2023-02-01",
            "value": 0.4827660740967837
        },
        {
            "Time": "2023-02-02",
            "value": 0.9267906421853105
        },
        {
            "Time": "2023-02-03",
            "value": 0.5216076395623809
        },
        {
            "Time": "2023-02-04",
            "value": 0.17929431528727935
        },
        {
            "Time": "2023-02-05",
            "value": 0.38227958748791463
        },
        {
            "Time": "2023-02-06",
            "value": 1.2591072659278433
        },
        {
            "Time": "2023-02-07",
            "value": 0.3818595950266451
        },
        {
            "Time": "2023-02-08",
            "value": 0.2221358925359976
        },
        {
            "Time": "2023-02-09",
            "value": 0.4583637105931531
        },
        {
            "Time": "2023-02-10",
            "value": 0.2664732710358987
        },
        {
            "Time": "2023-02-11",
            "value": 0.7551393938563132
        },
        {
            "Time": "2023-02-12",
            "value": 1.032846755328858
        },
        {
            "Time": "2023-02-13",
            "value": 0.39935425545370157
        },
        {
            "Time": "2023-02-14",
            "value": 0.9515266125787022
        },
        {
            "Time": "2023-02-15",
            "value": 1.8113043172208074
        },
        {
            "Time": "2023-02-16",
            "value": 1.9768874063876858
        },
        {
            "Time": "2023-02-17",
            "value": 1.6793888783435635
        },
        {
            "Time": "2023-02-18",
            "value": 1.8148670943171374
        },
        {
            "Time": "2023-02-19",
            "value": 0.7841006150509932
        },
        {
            "Time": "2023-02-20",
            "value": 1.3776982607080244
        },
        {
            "Time": "2023-02-21",
            "value": 2.159852177938603
        },
        {
            "Time": "2023-02-22",
            "value": 1.8308386033686892
        },
        {
            "Time": "2023-02-23",
            "value": 1.7753925683609963
        },
        {
            "Time": "2023-02-24",
            "value": 1.0131167981801958
        },
        {
            "Time": "2023-02-25",
            "value": 1.8620781766361103
        },
        {
            "Time": "2023-02-26",
            "value": 2.040157653359866
        },
        {
            "Time": "2023-02-27",
            "value": 1.9707808178254298
        },
        {
            "Time": "2023-02-28",
            "value": 1.3717150827714293
        },
        {
            "Time": "2023-03-01",
            "value": 1.2567751895747017
        },
        {
            "Time": "2023-03-02",
            "value": 1.6703163187140413
        },
        {
            "Time": "2023-03-03",
            "value": 2.1895359074814906
        },
        {
            "Time": "2023-03-04",
            "value": 2.695652334585203
        },
        {
            "Time": "2023-03-05",
            "value": 2.7774176066131715
        },
        {
            "Time": "2023-03-06",
            "value": 3.0886301895805843
        },
        {
            "Time": "2023-03-07",
            "value": 3.1006698722935684
        },
        {
            "Time": "2023-03-08",
            "value": 2.8391637375796708
        },
        {
            "Time": "2023-03-09",
            "value": 2.518270407218166
        },
        {
            "Time": "2023-03-10",
            "value": 3.3664532569418157
        },
        {
            "Time": "2023-03-11",
            "value": 2.7986112595831734
        },
        {
            "Time": "2023-03-12",
            "value": 0.6483123073627783
        },
        {
            "Time": "2023-03-13",
            "value": 2.6074774661021496
        },
        {
            "Time": "2023-03-14",
            "value": 3.5691883134797746
        },
        {
            "Time": "2023-03-15",
            "value": 2.9304139434418004
        },
        {
            "Time": "2023-03-16",
            "value": 2.9829010932193056
        },
        {
            "Time": "2023-03-17",
            "value": 1.65445495517712
        },
        {
            "Time": "2023-03-18",
            "value": 0.4408296883200351
        },
        {
            "Time": "2023-03-19",
            "value": 0.16700284106657115
        },
        {
            "Time": "2023-03-20",
            "value": 2.396447738159176
        },
        {
            "Time": "2023-03-21",
            "value": 1.26721643283686
        },
        {
            "Time": "2023-03-22",
            "value": 2.2934946525799
        },
        {
            "Time": "2023-03-23",
            "value": 0.22472000512387375
        },
        {
            "Time": "2023-03-24",
            "value": 0.26023183050434956
        },
        {
            "Time": "2023-03-25",
            "value": 0.3237229773862161
        },
        {
            "Time": "2023-03-26",
            "value": 1.1855825091582286
        },
        {
            "Time": "2023-03-27",
            "value": 0.0
        }
    ]
}