{
    "data": [
        {
            "Time": "2022-11-27",
            "value": 0.11056515496875369
        },
        {
            "Time": "2022-11-28",
            "value": 0.7761537664861591
        },
        {
            "Time": "2022-11-29",
            "value": 0.5691468845578146
        },
        {
            "Time": "2022-11-30",
            "value": 0.19413100650458365
        },
        {
            "Time": "2022-12-01",
            "value": 0.0
        },
        {
            "Time": "2022-12-02",
            "value": 0.0
        },
        {
            "Time": "2022-12-03",
            "value": 0.0
        },
        {
            "Time": "2022-12-04",
            "value": 0.0
        },
        {
            "Time": "2022-12-05",
            "value": 0.0
        },
        {
            "Time": "2022-12-06",
            "value": 0.0
        },
        {
            "Time": "2022-12-07",
            "value": 0.0
        },
        {
            "Time": "2022-12-08",
            "value": 0.7753503364157189
        },
        {
            "Time": "2022-12-09",
            "value": 0.6084071598795443
        },
        {
            "Time": "2022-12-10",
            "value": 1.8092476967494697
        },
        {
            "Time": "2022-12-11",
            "value": 0.25849733714920525
        },
        {
            "Time": "2022-12-12",
            "value": 1.059964652103918
        },
        {
            "Time": "2022-12-13",
            "value": 1.2401215539160046
        },
        {
            "Time": "2022-12-14",
            "value": 0.5461166975592993
        },
        {
            "Time": "2022-12-15",
            "value": 0.37058501862819954
        },
        {
            "Time": "2022-12-16",
            "value": 0.191131666314613
        },
        {
            "Time": "2022-12-17",
            "value": 0.33041603442775536
        },
        {
            "Time": "2022-12-18",
            "value": 2.379241008462193
        },
        {
            "Time": "2022-12-19",
            "value": 2.2137121974155702
        },
        {
            "Time": "2022-12-20",
            "value": 1.0903086092996044
        },
        {
            "Time": "2022-12-21",
            "value": 2.179710501900814
        },
        {
            "Time": "2022-12-22",
            "value": 2.2160742553974515
        },
        {
            "Time": "2022-12-23",
            "value": 2.301041327909516
        },
        {
            "Time": "2022-12-24",
            "value": 2.3290078013249262
        },
        {
            "Time": "2022-12-25",
            "value": 2.3704850184272375
        },
        {
            "Time": "2022-12-26",
            "value": 1.7071336753833637
        },
        {
            "Time": "2022-12-27",
            "value": 0.7427709890612839
        },
        {
            "Time": "2022-12-28",
            "value": 0.3559382699005985
        },
        {
            "Time": "2022-12-29",
            "value": 0.20100956211952628
        },
        {
            "Time": "2022-12-30",
            "value": 0.3302636571526866
        },
        {
            "Time": "2022-12-31",
            "value": 1.2718382473465684
        },
        {
            "Time": "2023-01-01",
            "value": 0.6168473254892285
        },
        {
            "Time": "2023-01-02",
            "value": 0.274810187023493
        },
        {
            "Time": "2023-01-03",
            "value": 0.2807844759826787
        },
        {
            "Time": "2023-01-04",
            "value": 0.32664259512268423
        },
        {
            "Time": "2023-01-05",
            "value": 0.43264774330262035
        },
        {
            "Time": "2023-01-06",
            "value": 2.141292996173088
        },
        {
            "Time": "2023-01-07",
            "value": 2.2672378022979474
        },
        {
            "Time": "2023-01-08",
            "value": 2.318584086036034
        },
        {
            "Time": "2023-01-09",
            "value": 0.37472951581758335
        },
        {
            "Time": "2023-01-10",
            "value": 0.4264387945393621
        },
        {
            "Time": "2023-01-11",
            "value": 0.6009871098495747
        },
        {
            "Time": "2023-01-12",
            "value": 1.3581185570500156
        },
        {
            "Time": "2023-01-13",
            "value": 0.2643417383557542
        },
        {
            "Time": "2023-01-14",
            "value": 1.4716629896312896
        },
        {
            "Time": "2023-01-15",
            "value": 0.2776815297735995
        },
        {
            "Time": "2023-01-16",
            "value": 1.8074072128530345
        },
        {
            "Time": "2023-01-17",
            "value": 0.3711510395399856
        },
        {
            "Time": "2023-01-18",
            "value": 2.19028999216138
        },
        {
            "Time": "2023-01-19",
            "value": 1.8562292761730548
        },
        {
            "Time": "2023-01-20",
            "value": 0.7301893615039416
        },
        {
            "Time": "2023-01-21",
            "value": 0.17995428183184028
        },
        {
            "Time": "2023-01-22",
            "value": 1.8040626616240611
        },
        {
            "Time": "2023-01-23",
            "value": 0.15857261939427475
        },
        {
            "Time": "2023-01-24",
            "value": 1.6562551205843314
        },
        {
            "Time": "2023-01-25",
            "value": 2.4140636531226565
        },
        {
            "Time": "2023-01-26",
            "value": 1.1785622284090045
        },
        {
            "Time": "2023-01-27",
            "value": 2.1705130737666045
        },
        {
            "Time": "2023-01-28",
            "value": 2.4686224893524717
        },
        {
            "Time": "2023-01-29",
            "value": 2.4511898291247203
        },
        {
            "Time": "2023-01-30",
            "value": 2.5032044670413107
        },
        {
            "Time": "2023-01-31",
            "value": 2.484929706042649
        },
        {
            "Time": "2023-02-01",
            "value": 0.3857476115931146
        },
        {
            "Time": "2023-02-02",
            "value": 1.041048046185391
        },
        {
            "Time": "2023-02-03",
            "value": 0.44032834453798125
        },
        {
            "Time": "2023-02-04",
            "value": 0.07939539508392428
        },
        {
            "Time": "2023-02-05",
            "value": 0.28477684434695694
        },
        {
            "Time": "2023-02-06",
            "value": 1.56394097412398
        },
        {
            "Time": "2023-02-07",
            "value": 0.2540328768530482
        },
        {
            "Time": "2023-02-08",
            "value": 0.13263545587435774
        },
        {
            "Time": "2023-02-09",
            "value": 0.3945447048128888
        },
        {
            "Time": "2023-02-10",
            "value": 0.15736409095146384
        },
        {
            "Time": "2023-02-11",
            "value": 0.8082326924602354
        },
        {
            "Time": "2023-02-12",
            "value": 1.1654077178554891
        },
        {
            "Time": "2023-02-13",
            "value": 0.29520300025485047
        },
        {
            "Time": "2023-02-14",
            "value": 0.913908795193824
        },
        {
            "Time": "2023-02-15",
            "value": 2.363348348762458
        },
        {
            "Time": "2023-02-16",
            "value": 2.685664128283305
        },
        {
            "Time": "2023-02-17",
            "value": 2.035453233842668
        },
        {
            "Time": "2023-02-18",
            "value": 2.438867808595472
        },
        {
            "Time": "2023-02-19",
            "value": 0.6947919644755525
        },
        {
            "Time": "2023-02-20",
            "value": 1.4829420711309464
        },
        {
            "Time": "2023-02-21",
            "value": 2.6537446456131875
        },
        {
            "Time": "2023-02-22",
            "value": 2.306925163754089
        },
        {
            "Time": "2023-02-23",
            "value": 2.290471207875255
        },
        {
            "Time": "2023-02-24",
            "value": 0.992265005719913
        },
        {
            "Time": "2023-02-25",
            "value": 2.4958833342237305
        },
        {
            "Time": "2023-02-26",
            "value": 2.7433122922695463
        },
        {
            "Time": "2023-02-27",
            "value": 2.487407573522096
        },
        {
            "Time": "2023-02-28",
            "value": 1.3843923982714947
        },
        {
            "Time": "2023-03-01",
            "value": 1.423982519587928
        },
        {
            "Time": "2023-03-02",
            "value": 1.903832177845987
        },
        {
            "Time": "2023-03-03",
            "value": 2.4362575245838167
        },
        {
            "Time": "2023-03-04",
            "value": 2.7242936109793194
        },
        {
            "Time": "2023-03-05",
            "value": 2.693624064003969
        },
        {
            "Time": "2023-03-06",
            "value": 2.8155870195327948
        },
        {
            "Time": "2023-03-07",
            "value": 2.775218695361946
        },
        {
            "Time": "2023-03-08",
            "value": 2.5068962710727223
        },
        {
            "Time": "2023-03-09",
            "value": 2.1405452609798306
        },
        {
            "Time": "2023-03-10",
            "value": 2.829626467801585
        },
        {
            "Time": "2023-03-11",
            "value": 2.3795579805726685
        },
        {
            "Time": "2023-03-12",
            "value": 0.5263829042467039
        },
        {
            "Time": "2023-03-13",
            "value": 2.3021449467249955
        },
        {
            "Time": "2023-03-14",
            "value": 2.931543441671749
        },
        {
            "Time": "2023-03-15",
            "value": 2.4345453123556133
        },
        {
            "Time": "2023-03-16",
            "value": 2.5141009377818113
        },
        {
            "Time": "2023-03-17",
            "value": 1.4117406406545658
        },
        {
            "Time": "2023-03-18",
            "value": 0.34116264261847495
        },
        {
            "Time": "2023-03-19",
            "value": 0.07295506042572963
        },
        {
            "Time": "2023-03-20",
            "value": 2.1131878553225047
        },
        {
            "Time": "2023-03-21",
            "value": 1.134547615353702
        },
        {
            "Time": "2023-03-22",
            "value": 1.9453478371936581
        },
        {
            "Time": "2023-03-23",
            "value": 0.11138162813173456
        },
        {
            "Time": "2023-03-24",
            "value": 0.1395487294979854
        },
        {
            "Time": "2023-03-25",
            "value": 0.1934359083373727
        },
        {
            "Time": "2023-03-26",
            "value": 1.0598994947162752
        },
        {
            "Time": "2023-03-27",
            "value": 0.0
        }
    ]
}