{
    "data": [
        {
            "Time": "2022-11-27",
            "value": 0.2615252797213732
        },
        {
            "Time": "2022-11-28",
            "value": 0.7065950949781624
        },
        {
            "Time": "2022-11-29",
            "value": 0.66643947117987
        },
        {
            "Time": "2022-11-30",
            "value": 0.34546677018307553
        },
        {
            "Time": "2022-12-01",
            "value": 0.3823280081129919
        },
        {
            "Time": "2022-12-02",
            "value": 0.4119831786984686
        },
        {
            "Time": "2022-12-03",
            "value": 0.6404905970881364
        },
        {
            "Time": "2022-12-04",
            "value": 0.5052270477357776
        },
        {
            "Time": "2022-12-05",
            "value": 0.4400508789694774
        },
        {
            "Time": "2022-12-06",
            "value": 0.6300790148156443
        },
        {
            "Time": "2022-12-07",
            "value": 0.22246874713281248
        },
        {
            "Time": "2022-12-08",
            "value": 0.8002210309381463
        },
        {
            "Time": "2022-12-09",
            "value": 0.7123260243547581
        },
        {
            "Time": "2022-12-10",
            "value": 1.1825037348970795
        },
        {
            "Time": "2022-12-11",
            "value": 0.3940890630897801
        },
        {
            "Time": "2022-12-12",
            "value": 0.8972942659518252
        },
        {
            "Time": "2022-12-13",
            "value": 1.205744942170624
        },
        {
            "Time": "2022-12-14",
            "value": 0.6505467913033226
        },
        {
            "Time": "2022-12-15",
            "value": 0.479521983655706
        },
        {
            "Time": "2022-12-16",
            "value": 0.33171373420315037
        },
        {
            "Time": "2022-12-17",
            "value": 0.4461421450815746
        },
        {
            "Time": "2022-12-18",
            "value": 1.8050221673231794
        },
        {
            "Time": "2022-12-19",
            "value": 1.4499775109773927
        },
        {
            "Time": "2022-12-20",
            "value": 1.2019050256685226
        },
        {
            "Time": "2022-12-21",
            "value": 1.6754422848848818
        },
        {
            "Time": "2022-12-22",
            "value": 1.4779081082434649
        },
        {
            "Time": "2022-12-23",
            "value": 1.5317453449760696
        },
        {
            "Time": "2022-12-24",
            "value": 1.6387550638718276
        },
        {
            "Time": "2022-12-25",
            "value": 1.5372354979230105
        },
        {
            "Time": "2022-12-26",
            "value": 1.241360230632842
        },
        {
            "Time": "2022-12-27",
            "value": 0.756773379814852
        },
        {
            "Time": "2022-12-28",
            "value": 0.4698802890131283
        },
        {
            "Time": "2022-12-29",
            "value": 0.31657407158125
        },
        {
            "Time": "2022-12-30",
            "value": 0.4503923535800926
        },
        {
            "Time": "2022-12-31",
            "value": 1.036981311679136
        },
        {
            "Time": "2023-01-01",
            "value": 0.6984946444032628
        },
        {
            "Time": "2023-01-02",
            "value": 0.4064892415973537
        },
        {
            "Time": "2023-01-03",
            "value": 0.44234275037791804
        },
        {
            "Time": "2023-01-04",
            "value": 0.4516817120545718
        },
        {
            "Time": "2023-01-05",
            "value": 0.5640955248952902
        },
        {
            "Time": "2023-01-06",
            "value": 1.3836463444821103
        },
        {
            "Time": "2023-01-07",
            "value": 1.606256726602543
        },
        {
            "Time": "2023-01-08",
            "value": 1.5437132502859492
        },
        {
            "Time": "2023-01-09",
            "value": 0.5051036415496991
        },
        {
            "Time": "2023-01-10",
            "value": 0.5374993195541593
        },
        {
            "Time": "2023-01-11",
            "value": 0.699434927828434
        },
        {
            "Time": "2023-01-12",
            "value": 1.1176800746517048
        },
        {
            "Time": "2023-01-13",
            "value": 0.3645293293474868
        },
        {
            "Time": "2023-01-14",
            "value": 1.1046716473240166
        },
        {
            "Time": "2023-01-15",
            "value": 0.40565104238233435
        },
        {
            "Time": "2023-01-16",
            "value": 1.2834286761963416
        },
        {
            "Time": "2023-01-17",
            "value": 0.48061728454364255
        },
        {
            "Time": "2023-01-18",
            "value": 1.512040959438202
        },
        {
            "Time": "2023-01-19",
            "value": 1.2596616114353056
        },
        {
            "Time": "2023-01-20",
            "value": 0.7726506086234739
        },
        {
            "Time": "2023-01-21",
            "value": 0.3132493079945486
        },
        {
            "Time": "2023-01-22",
            "value": 1.3474853457205547
        },
        {
            "Time": "2023-01-23",
            "value": 0.3144930608900463
        },
        {
            "Time": "2023-01-24",
            "value": 1.1347854430775215
        },
        {
            "Time": "2023-01-25",
            "value": 1.7679830814427713
        },
        {
            "Time": "2023-01-26",
            "value": 1.0463747257269242
        },
        {
            "Time": "2023-01-27",
            "value": 1.5934916275072475
        },
        {
            "Time": "2023-01-28",
            "value": 2.0438582020615748
        },
        {
            "Time": "2023-01-29",
            "value": 1.961450898438751
        },
        {
            "Time": "2023-01-30",
            "value": 2.142152636612916
        },
        {
            "Time": "2023-01-31",
            "value": 2.197896313437313
        },
        {
            "Time": "2023-02-01",
            "value": 0.5152106489180556
        },
        {
            "Time": "2023-02-02",
            "value": 0.9504106700243647
        },
        {
            "Time": "2023-02-03",
            "value": 0.5536961433738258
        },
        {
            "Time": "2023-02-04",
            "value": 0.24378819399675927
        },
        {
            "Time": "2023-02-05",
            "value": 0.417672702686293
        },
        {
            "Time": "2023-02-06",
            "value": 1.5619500843398912
        },
        {
            "Time": "2023-02-07",
            "value": 0.4138765170337293
        },
        {
            "Time": "2023-02-08",
            "value": 0.28443576116114583
        },
        {
            "Time": "2023-02-09",
            "value": 0.5085707124531528
        },
        {
            "Time": "2023-02-10",
            "value": 0.3177287028165046
        },
        {
            "Time": "2023-02-11",
            "value": 0.8468015200324057
        },
        {
            "Time": "2023-02-12",
            "value": 1.138429987372539
        },
        {
            "Time": "2023-02-13",
            "value": 0.4657846050483803
        },
        {
            "Time": "2023-02-14",
            "value": 0.9995833783112076
        },
        {
            "Time": "2023-02-15",
            "value": 2.338117839073323
        },
        {
            "Time": "2023-02-16",
            "value": 2.7785486676567315
        },
        {
            "Time": "2023-02-17",
            "value": 2.0036539593847627
        },
        {
            "Time": "2023-02-18",
            "value": 2.424644098133039
        },
        {
            "Time": "2023-02-19",
            "value": 0.8044267954831197
        },
        {
            "Time": "2023-02-20",
            "value": 1.4938363634031784
        },
        {
            "Time": "2023-02-21",
            "value": 2.7627671762655526
        },
        {
            "Time": "2023-02-22",
            "value": 2.3377455560478766
        },
        {
            "Time": "2023-02-23",
            "value": 2.277649128341393
        },
        {
            "Time": "2023-02-24",
            "value": 1.0936064022084009
        },
        {
            "Time": "2023-02-25",
            "value": 2.5486449731279706
        },
        {
            "Time": "2023-02-26",
            "value": 2.89425306066449
        },
        {
            "Time": "2023-02-27",
            "value": 2.5733548371997745
        },
        {
            "Time": "2023-02-28",
            "value": 1.45690259845333
        },
        {
            "Time": "2023-03-01",
            "value": 1.497881422524724
        },
        {
            "Time": "2023-03-02",
            "value": 1.927349290859057
        },
        {
            "Time": "2023-03-03",
            "value": 2.5356253906142183
        },
        {
            "Time": "2023-03-04",
            "value": 2.8440648317089203
        },
        {
            "Time": "2023-03-05",
            "value": 2.7795790693609645
        },
        {
            "Time": "2023-03-06",
            "value": 2.8824025524329255
        },
        {
            "Time": "2023-03-07",
            "value": 2.8578754556076653
        },
        {
            "Time": "2023-03-08",
            "value": 2.6011459953233858
        },
        {
            "Time": "2023-03-09",
            "value": 2.1862763052601335
        },
        {
            "Time": "2023-03-10",
            "value": 2.9748582712814153
        },
        {
            "Time": "2023-03-11",
            "value": 2.464191805838075
        },
        {
            "Time": "2023-03-12",
            "value": 0.6645360674759548
        },
        {
            "Time": "2023-03-13",
            "value": 2.383646942348365
        },
        {
            "Time": "2023-03-14",
            "value": 3.095925593977624
        },
        {
            "Time": "2023-03-15",
            "value": 2.553654298929386
        },
        {
            "Time": "2023-03-16",
            "value": 2.5995105654550406
        },
        {
            "Time": "2023-03-17",
            "value": 1.5158582079919294
        },
        {
            "Time": "2023-03-18",
            "value": 0.4698908738114087
        },
        {
            "Time": "2023-03-19",
            "value": 0.223503672848505
        },
        {
            "Time": "2023-03-20",
            "value": 2.1849527626157994
        },
        {
            "Time": "2023-03-21",
            "value": 1.1904232672752704
        },
        {
            "Time": "2023-03-22",
            "value": 2.023031031138565
        },
        {
            "Time": "2023-03-23",
            "value": 0.28166698361719317
        },
        {
            "Time": "2023-03-24",
            "value": 0.3109050871665683
        },
        {
            "Time": "2023-03-25",
            "value": 0.37325016406558365
        },
        {
            "Time": "2023-03-26",
            "value": 1.1561615875266187
        },
        {
            "Time": "2023-03-27",
            "value": 0.0
        }
    ]
}