{
    "data": [
        {
            "Time": "2022-11-27",
            "value": 0.23370508533105572
        },
        {
            "Time": "2022-11-28",
            "value": 0.8125673780353934
        },
        {
            "Time": "2022-11-29",
            "value": 0.7698153541620544
        },
        {
            "Time": "2022-11-30",
            "value": 0.3149491795954967
        },
        {
            "Time": "2022-12-01",
            "value": 0.34473350634868055
        },
        {
            "Time": "2022-12-02",
            "value": 0.38995885455320956
        },
        {
            "Time": "2022-12-03",
            "value": 0.6247079900275231
        },
        {
            "Time": "2022-12-04",
            "value": 0.46923467579045847
        },
        {
            "Time": "2022-12-05",
            "value": 0.40976419544066495
        },
        {
            "Time": "2022-12-06",
            "value": 0.603902780425339
        },
        {
            "Time": "2022-12-07",
            "value": 0.19762326315905673
        },
        {
            "Time": "2022-12-08",
            "value": 0.8057206693257711
        },
        {
            "Time": "2022-12-09",
            "value": 0.7099085300899208
        },
        {
            "Time": "2022-12-10",
            "value": 1.6911115189142227
        },
        {
            "Time": "2022-12-11",
            "value": 0.3719252459728886
        },
        {
            "Time": "2022-12-12",
            "value": 0.9074803093076714
        },
        {
            "Time": "2022-12-13",
            "value": 1.3382082722213062
        },
        {
            "Time": "2022-12-14",
            "value": 0.6276274344416345
        },
        {
            "Time": "2022-12-15",
            "value": 0.46105491197090226
        },
        {
            "Time": "2022-12-16",
            "value": 0.3053556491675606
        },
        {
            "Time": "2022-12-17",
            "value": 0.41847431197852514
        },
        {
            "Time": "2022-12-18",
            "value": 2.52147776482847
        },
        {
            "Time": "2022-12-19",
            "value": 2.3821929922235627
        },
        {
            "Time": "2022-12-20",
            "value": 1.3074096468015408
        },
        {
            "Time": "2022-12-21",
            "value": 1.77783247472955
        },
        {
            "Time": "2022-12-22",
            "value": 2.354615324820071
        },
        {
            "Time": "2022-12-23",
            "value": 2.375256131322247
        },
        {
            "Time": "2022-12-24",
            "value": 2.522923844688647
        },
        {
            "Time": "2022-12-25",
            "value": 2.4964488154396887
        },
        {
            "Time": "2022-12-26",
            "value": 1.585095028219444
        },
        {
            "Time": "2022-12-27",
            "value": 0.7778995111245383
        },
        {
            "Time": "2022-12-28",
            "value": 0.4428791287876323
        },
        {
            "Time": "2022-12-29",
            "value": 0.28578240678587963
        },
        {
            "Time": "2022-12-30",
            "value": 0.4213657365729167
        },
        {
            "Time": "2022-12-31",
            "value": 1.0909835922693152
        },
        {
            "Time": "2023-01-01",
            "value": 0.6896810552014164
        },
        {
            "Time": "2023-01-02",
            "value": 0.37573524388903357
        },
        {
            "Time": "2023-01-03",
            "value": 0.40684358171333224
        },
        {
            "Time": "2023-01-04",
            "value": 0.4274305574835648
        },
        {
            "Time": "2023-01-05",
            "value": 0.5242225676787038
        },
        {
            "Time": "2023-01-06",
            "value": 2.3245224211059443
        },
        {
            "Time": "2023-01-07",
            "value": 2.5217657885458156
        },
        {
            "Time": "2023-01-08",
            "value": 2.435869157342848
        },
        {
            "Time": "2023-01-09",
            "value": 0.47371411973431715
        },
        {
            "Time": "2023-01-10",
            "value": 0.5231644792210908
        },
        {
            "Time": "2023-01-11",
            "value": 0.6887681682542605
        },
        {
            "Time": "2023-01-12",
            "value": 1.439456233854281
        },
        {
            "Time": "2023-01-13",
            "value": 0.3581973889725645
        },
        {
            "Time": "2023-01-14",
            "value": 1.5605566968854947
        },
        {
            "Time": "2023-01-15",
            "value": 0.3801071401630191
        },
        {
            "Time": "2023-01-16",
            "value": 1.917134668806263
        },
        {
            "Time": "2023-01-17",
            "value": 0.4495324068909722
        },
        {
            "Time": "2023-01-18",
            "value": 2.4135143739257483
        },
        {
            "Time": "2023-01-19",
            "value": 1.9234727265607032
        },
        {
            "Time": "2023-01-20",
            "value": 0.8131767359752694
        },
        {
            "Time": "2023-01-21",
            "value": 0.2852884259171759
        },
        {
            "Time": "2023-01-22",
            "value": 1.859027010472381
        },
        {
            "Time": "2023-01-23",
            "value": 0.28387901667671955
        },
        {
            "Time": "2023-01-24",
            "value": 1.4336403584802655
        },
        {
            "Time": "2023-01-25",
            "value": 2.689443302232069
        },
        {
            "Time": "2023-01-26",
            "value": 1.2792283118330992
        },
        {
            "Time": "2023-01-27",
            "value": 2.414310449128002
        },
        {
            "Time": "2023-01-28",
            "value": 2.7124033571279154
        },
        {
            "Time": "2023-01-29",
            "value": 2.7637765180758342
        },
        {
            "Time": "2023-01-30",
            "value": 2.8457760496228186
        },
        {
            "Time": "2023-01-31",
            "value": 2.8030586289403927
        },
        {
            "Time": "2023-02-01",
            "value": 0.49007812316620364
        },
        {
            "Time": "2023-02-02",
            "value": 1.0398252999173847
        },
        {
            "Time": "2023-02-03",
            "value": 0.5234595022709813
        },
        {
            "Time": "2023-02-04",
            "value": 0.21063888984381943
        },
        {
            "Time": "2023-02-05",
            "value": 0.3855330553696774
        },
        {
            "Time": "2023-02-06",
            "value": 1.6420779127026914
        },
        {
            "Time": "2023-02-07",
            "value": 0.3837780566866424
        },
        {
            "Time": "2023-02-08",
            "value": 0.25565556392316807
        },
        {
            "Time": "2023-02-09",
            "value": 0.48771238590284005
        },
        {
            "Time": "2023-02-10",
            "value": 0.28756008591586557
        },
        {
            "Time": "2023-02-11",
            "value": 0.8249608737692363
        },
        {
            "Time": "2023-02-12",
            "value": 1.1399123238058566
        },
        {
            "Time": "2023-02-13",
            "value": 0.44968893900161383
        },
        {
            "Time": "2023-02-14",
            "value": 0.959621088814646
        },
        {
            "Time": "2023-02-15",
            "value": 2.5573141505032697
        },
        {
            "Time": "2023-02-16",
            "value": 3.013091796975564
        },
        {
            "Time": "2023-02-17",
            "value": 2.1673257932730587
        },
        {
            "Time": "2023-02-18",
            "value": 2.608051594848417
        },
        {
            "Time": "2023-02-19",
            "value": 0.7861983868239613
        },
        {
            "Time": "2023-02-20",
            "value": 1.5089960570833107
        },
        {
            "Time": "2023-02-21",
            "value": 2.8918044342418234
        },
        {
            "Time": "2023-02-22",
            "value": 2.4867693407338294
        },
        {
            "Time": "2023-02-23",
            "value": 2.299906273905706
        },
        {
            "Time": "2023-02-24",
            "value": 1.0968611025113773
        },
        {
            "Time": "2023-02-25",
            "value": 2.5953649453792673
        },
        {
            "Time": "2023-02-26",
            "value": 2.9469526155180077
        },
        {
            "Time": "2023-02-27",
            "value": 2.5884025475001047
        },
        {
            "Time": "2023-02-28",
            "value": 1.4480657301415327
        },
        {
            "Time": "2023-03-01",
            "value": 1.5231266978912887
        },
        {
            "Time": "2023-03-02",
            "value": 1.9359850958643594
        },
        {
            "Time": "2023-03-03",
            "value": 2.593413371275787
        },
        {
            "Time": "2023-03-04",
            "value": 2.8866912924218853
        },
        {
            "Time": "2023-03-05",
            "value": 2.8252252390887134
        },
        {
            "Time": "2023-03-06",
            "value": 2.9398449189512834
        },
        {
            "Time": "2023-03-07",
            "value": 2.912328053338558
        },
        {
            "Time": "2023-03-08",
            "value": 2.693429143344927
        },
        {
            "Time": "2023-03-09",
            "value": 2.1590274298546257
        },
        {
            "Time": "2023-03-10",
            "value": 3.0119094410684295
        },
        {
            "Time": "2023-03-11",
            "value": 2.5357371864588703
        },
        {
            "Time": "2023-03-12",
            "value": 0.6484794260532446
        },
        {
            "Time": "2023-03-13",
            "value": 2.430900378175196
        },
        {
            "Time": "2023-03-14",
            "value": 3.1110748757084656
        },
        {
            "Time": "2023-03-15",
            "value": 2.5687441716331225
        },
        {
            "Time": "2023-03-16",
            "value": 2.6327973194949728
        },
        {
            "Time": "2023-03-17",
            "value": 1.5690874963765447
        },
        {
            "Time": "2023-03-18",
            "value": 0.4443285226213446
        },
        {
            "Time": "2023-03-19",
            "value": 0.19092228716858467
        },
        {
            "Time": "2023-03-20",
            "value": 2.1845264712768326
        },
        {
            "Time": "2023-03-21",
            "value": 1.2082736424194085
        },
        {
            "Time": "2023-03-22",
            "value": 2.0603464456282246
        },
        {
            "Time": "2023-03-23",
            "value": 0.2750048222097222
        },
        {
            "Time": "2023-03-24",
            "value": 0.2846532121516146
        },
        {
            "Time": "2023-03-25",
            "value": 0.3347175948254051
        },
        {
            "Time": "2023-03-26",
            "value": 1.1644837423186305
        },
        {
            "Time": "2023-03-27",
            "value": 0.0
        }
    ]
}