{
    "data": [
        {
            "Time": "2022-11-27",
            "value": 0.3563186980633549
        },
        {
            "Time": "2022-11-28",
            "value": 1.270352519728929
        },
        {
            "Time": "2022-11-29",
            "value": 1.0503016983006428
        },
        {
            "Time": "2022-11-30",
            "value": 0.4863038278851654
        },
        {
            "Time": "2022-12-01",
            "value": 0.0
        },
        {
            "Time": "2022-12-02",
            "value": 0.0
        },
        {
            "Time": "2022-12-03",
            "value": 0.0
        },
        {
            "Time": "2022-12-04",
            "value": 0.0
        },
        {
            "Time": "2022-12-05",
            "value": 0.0
        },
        {
            "Time": "2022-12-06",
            "value": 0.0
        },
        {
            "Time": "2022-12-07",
            "value": 0.0
        },
        {
            "Time": "2022-12-08",
            "value": 1.392326210049143
        },
        {
            "Time": "2022-12-09",
            "value": 1.2096541317798943
        },
        {
            "Time": "2022-12-10",
            "value": 2.5148351293656455
        },
        {
            "Time": "2022-12-11",
            "value": 0.6188719266220278
        },
        {
            "Time": "2022-12-12",
            "value": 1.56567837532064
        },
        {
            "Time": "2022-12-13",
            "value": 1.9764809659529772
        },
        {
            "Time": "2022-12-14",
            "value": 1.1010537620897993
        },
        {
            "Time": "2022-12-15",
            "value": 0.7980007558207032
        },
        {
            "Time": "2022-12-16",
            "value": 0.48391324497923266
        },
        {
            "Time": "2022-12-17",
            "value": 0.6941041718896096
        },
        {
            "Time": "2022-12-18",
            "value": 3.147867880537092
        },
        {
            "Time": "2022-12-19",
            "value": 2.652742418089538
        },
        {
            "Time": "2022-12-20",
            "value": 1.9798444252392282
        },
        {
            "Time": "2022-12-21",
            "value": 2.8671017315906933
        },
        {
            "Time": "2022-12-22",
            "value": 2.9719731048370432
        },
        {
            "Time": "2022-12-23",
            "value": 3.0448421967873274
        },
        {
            "Time": "2022-12-24",
            "value": 3.0924560927391074
        },
        {
            "Time": "2022-12-25",
            "value": 3.0850181636046696
        },
        {
            "Time": "2022-12-26",
            "value": 2.383509238061081
        },
        {
            "Time": "2022-12-27",
            "value": 1.3173496080088187
        },
        {
            "Time": "2022-12-28",
            "value": 0.7821424349008388
        },
        {
            "Time": "2022-12-29",
            "value": 0.485537723557931
        },
        {
            "Time": "2022-12-30",
            "value": 0.736146565965195
        },
        {
            "Time": "2022-12-31",
            "value": 1.8933005214661682
        },
        {
            "Time": "2023-01-01",
            "value": 1.2109581192668095
        },
        {
            "Time": "2023-01-02",
            "value": 0.6270454705674272
        },
        {
            "Time": "2023-01-03",
            "value": 0.6861346333208138
        },
        {
            "Time": "2023-01-04",
            "value": 0.7240892914019098
        },
        {
            "Time": "2023-01-05",
            "value": 0.9363487505926216
        },
        {
            "Time": "2023-01-06",
            "value": 2.687732640586432
        },
        {
            "Time": "2023-01-07",
            "value": 3.123133919127675
        },
        {
            "Time": "2023-01-08",
            "value": 3.114736605692828
        },
        {
            "Time": "2023-01-09",
            "value": 0.8113334145399512
        },
        {
            "Time": "2023-01-10",
            "value": 0.8742069176099608
        },
        {
            "Time": "2023-01-11",
            "value": 1.188182573390851
        },
        {
            "Time": "2023-01-12",
            "value": 1.9272874486859453
        },
        {
            "Time": "2023-01-13",
            "value": 0.5921540314827318
        },
        {
            "Time": "2023-01-14",
            "value": 1.932789463327626
        },
        {
            "Time": "2023-01-15",
            "value": 0.6474177626403037
        },
        {
            "Time": "2023-01-16",
            "value": 2.4542092407867537
        },
        {
            "Time": "2023-01-17",
            "value": 0.8020158059979581
        },
        {
            "Time": "2023-01-18",
            "value": 3.2949324107949187
        },
        {
            "Time": "2023-01-19",
            "value": 2.29705033044038
        },
        {
            "Time": "2023-01-20",
            "value": 1.316916695776713
        },
        {
            "Time": "2023-01-21",
            "value": 0.4811310741673283
        },
        {
            "Time": "2023-01-22",
            "value": 2.420346626874478
        },
        {
            "Time": "2023-01-23",
            "value": 0.4297034204440338
        },
        {
            "Time": "2023-01-24",
            "value": 2.172990259822346
        },
        {
            "Time": "2023-01-25",
            "value": 3.6501364069270146
        },
        {
            "Time": "2023-01-26",
            "value": 1.9723502953274163
        },
        {
            "Time": "2023-01-27",
            "value": 3.214301716924394
        },
        {
            "Time": "2023-01-28",
            "value": 3.9359837485448925
        },
        {
            "Time": "2023-01-29",
            "value": 3.5775734504667476
        },
        {
            "Time": "2023-01-30",
            "value": 3.702150170814277
        },
        {
            "Time": "2023-01-31",
            "value": 3.8423633118639176
        },
        {
            "Time": "2023-02-01",
            "value": 0.8499372524532518
        },
        {
            "Time": "2023-02-02",
            "value": 1.6841331266827493
        },
        {
            "Time": "2023-02-03",
            "value": 0.9437303630883641
        },
        {
            "Time": "2023-02-04",
            "value": 0.3259152673310185
        },
        {
            "Time": "2023-02-05",
            "value": 0.6614657661943331
        },
        {
            "Time": "2023-02-06",
            "value": 2.492563070200794
        },
        {
            "Time": "2023-02-07",
            "value": 0.6310602178263046
        },
        {
            "Time": "2023-02-08",
            "value": 0.3761870756897014
        },
        {
            "Time": "2023-02-09",
            "value": 0.8346497335675945
        },
        {
            "Time": "2023-02-10",
            "value": 0.45302161892117254
        },
        {
            "Time": "2023-02-11",
            "value": 1.4365573907122127
        },
        {
            "Time": "2023-02-12",
            "value": 1.953145224281768
        },
        {
            "Time": "2023-02-13",
            "value": 0.6971319228088008
        },
        {
            "Time": "2023-02-14",
            "value": 1.7023484051325277
        },
        {
            "Time": "2023-02-15",
            "value": 3.8781854631722745
        },
        {
            "Time": "2023-02-16",
            "value": 4.347112431444452
        },
        {
            "Time": "2023-02-17",
            "value": 3.340461060495818
        },
        {
            "Time": "2023-02-18",
            "value": 3.9211763096307
        },
        {
            "Time": "2023-02-19",
            "value": 1.367924968005516
        },
        {
            "Time": "2023-02-20",
            "value": 2.575702277902314
        },
        {
            "Time": "2023-02-21",
            "value": 4.302331862158864
        },
        {
            "Time": "2023-02-22",
            "value": 3.9055842088950663
        },
        {
            "Time": "2023-02-23",
            "value": 3.6599713225171286
        },
        {
            "Time": "2023-02-24",
            "value": 1.8296764003899701
        },
        {
            "Time": "2023-02-25",
            "value": 4.058400082285009
        },
        {
            "Time": "2023-02-26",
            "value": 4.4768279074759505
        },
        {
            "Time": "2023-02-27",
            "value": 4.08729110582482
        },
        {
            "Time": "2023-02-28",
            "value": 2.4916397463875803
        },
        {
            "Time": "2023-03-01",
            "value": 2.463575082138776
        },
        {
            "Time": "2023-03-02",
            "value": 3.2534678582498096
        },
        {
            "Time": "2023-03-03",
            "value": 4.091429919997348
        },
        {
            "Time": "2023-03-04",
            "value": 4.579493961679076
        },
        {
            "Time": "2023-03-05",
            "value": 4.516653064826592
        },
        {
            "Time": "2023-03-06",
            "value": 4.721853002777413
        },
        {
            "Time": "2023-03-07",
            "value": 4.680153547074668
        },
        {
            "Time": "2023-03-08",
            "value": 4.323861044729552
        },
        {
            "Time": "2023-03-09",
            "value": 3.7387468752041872
        },
        {
            "Time": "2023-03-10",
            "value": 5.036870089151345
        },
        {
            "Time": "2023-03-11",
            "value": 4.317416424015238
        },
        {
            "Time": "2023-03-12",
            "value": 1.1020474583143314
        },
        {
            "Time": "2023-03-13",
            "value": 4.035644964030842
        },
        {
            "Time": "2023-03-14",
            "value": 5.288944002175412
        },
        {
            "Time": "2023-03-15",
            "value": 4.41636381978437
        },
        {
            "Time": "2023-03-16",
            "value": 4.504076802711885
        },
        {
            "Time": "2023-03-17",
            "value": 2.7851875777482054
        },
        {
            "Time": "2023-03-18",
            "value": 0.7669494808417996
        },
        {
            "Time": "2023-03-19",
            "value": 0.3082235067961966
        },
        {
            "Time": "2023-03-20",
            "value": 3.824924452865586
        },
        {
            "Time": "2023-03-21",
            "value": 2.1593551964995115
        },
        {
            "Time": "2023-03-22",
            "value": 3.7200813747355093
        },
        {
            "Time": "2023-03-23",
            "value": 0.36849475030342266
        },
        {
            "Time": "2023-03-24",
            "value": 0.41432256777008103
        },
        {
            "Time": "2023-03-25",
            "value": 0.5182684728020023
        },
        {
            "Time": "2023-03-26",
            "value": 2.057931299231221
        },
        {
            "Time": "2023-03-27",
            "value": 0.0
        }
    ]
}