{
    "data": [
        {
            "Time": "2022-11-27",
            "value": 0.15591553927223398
        },
        {
            "Time": "2022-11-28",
            "value": 0.7768939999398549
        },
        {
            "Time": "2022-11-29",
            "value": 0.5507943792401118
        },
        {
            "Time": "2022-11-30",
            "value": 0.2540298447743383
        },
        {
            "Time": "2022-12-01",
            "value": 0.2963555745563207
        },
        {
            "Time": "2022-12-02",
            "value": 0.3381472744022637
        },
        {
            "Time": "2022-12-03",
            "value": 0.5543306103871642
        },
        {
            "Time": "2022-12-04",
            "value": 0.40925023146790507
        },
        {
            "Time": "2022-12-05",
            "value": 0.3487041245767153
        },
        {
            "Time": "2022-12-06",
            "value": 0.545028185972319
        },
        {
            "Time": "2022-12-07",
            "value": 0.1557963953543982
        },
        {
            "Time": "2022-12-08",
            "value": 0.7728658830216314
        },
        {
            "Time": "2022-12-09",
            "value": 0.6465504550145232
        },
        {
            "Time": "2022-12-10",
            "value": 1.7613557310290966
        },
        {
            "Time": "2022-12-11",
            "value": 0.31136629899857554
        },
        {
            "Time": "2022-12-12",
            "value": 1.0388230876638678
        },
        {
            "Time": "2022-12-13",
            "value": 1.1293819543582548
        },
        {
            "Time": "2022-12-14",
            "value": 0.5787107293697994
        },
        {
            "Time": "2022-12-15",
            "value": 0.3967276422254066
        },
        {
            "Time": "2022-12-16",
            "value": 0.24537016079989374
        },
        {
            "Time": "2022-12-17",
            "value": 0.3742242399761203
        },
        {
            "Time": "2022-12-18",
            "value": 2.271780447414984
        },
        {
            "Time": "2022-12-19",
            "value": 2.0522573997724147
        },
        {
            "Time": "2022-12-20",
            "value": 1.0251220924944784
        },
        {
            "Time": "2022-12-21",
            "value": 2.070283790379119
        },
        {
            "Time": "2022-12-22",
            "value": 2.1187701156944563
        },
        {
            "Time": "2022-12-23",
            "value": 2.2221484220477583
        },
        {
            "Time": "2022-12-24",
            "value": 2.243611244290024
        },
        {
            "Time": "2022-12-25",
            "value": 2.26367440408206
        },
        {
            "Time": "2022-12-26",
            "value": 1.646882164906366
        },
        {
            "Time": "2022-12-27",
            "value": 0.7256049011142002
        },
        {
            "Time": "2022-12-28",
            "value": 0.3870512581107573
        },
        {
            "Time": "2022-12-29",
            "value": 0.233327722217719
        },
        {
            "Time": "2022-12-30",
            "value": 0.37615415501818067
        },
        {
            "Time": "2022-12-31",
            "value": 1.1967316769663194
        },
        {
            "Time": "2023-01-01",
            "value": 0.6359963317317934
        },
        {
            "Time": "2023-01-02",
            "value": 0.3273544947115939
        },
        {
            "Time": "2023-01-03",
            "value": 0.3434353755534048
        },
        {
            "Time": "2023-01-04",
            "value": 0.3681197638484788
        },
        {
            "Time": "2023-01-05",
            "value": 0.46800914829305323
        },
        {
            "Time": "2023-01-06",
            "value": 2.0557026331839716
        },
        {
            "Time": "2023-01-07",
            "value": 2.24226678139082
        },
        {
            "Time": "2023-01-08",
            "value": 2.235658275091073
        },
        {
            "Time": "2023-01-09",
            "value": 0.4198341814686446
        },
        {
            "Time": "2023-01-10",
            "value": 0.4473340760454739
        },
        {
            "Time": "2023-01-11",
            "value": 0.6180219033288298
        },
        {
            "Time": "2023-01-12",
            "value": 1.2790643263414738
        },
        {
            "Time": "2023-01-13",
            "value": 0.29795337300054603
        },
        {
            "Time": "2023-01-14",
            "value": 1.4148563727781132
        },
        {
            "Time": "2023-01-15",
            "value": 0.32545741963784575
        },
        {
            "Time": "2023-01-16",
            "value": 1.7439519355805475
        },
        {
            "Time": "2023-01-17",
            "value": 0.40455574776939296
        },
        {
            "Time": "2023-01-18",
            "value": 2.208373271385505
        },
        {
            "Time": "2023-01-19",
            "value": 1.7630451101924307
        },
        {
            "Time": "2023-01-20",
            "value": 0.735010711453871
        },
        {
            "Time": "2023-01-21",
            "value": 0.22598259210761096
        },
        {
            "Time": "2023-01-22",
            "value": 1.705379286428228
        },
        {
            "Time": "2023-01-23",
            "value": 0.21738108154691882
        },
        {
            "Time": "2023-01-24",
            "value": 1.6298594583033672
        },
        {
            "Time": "2023-01-25",
            "value": 2.4845579113128116
        },
        {
            "Time": "2023-01-26",
            "value": 1.1737237785779846
        },
        {
            "Time": "2023-01-27",
            "value": 2.2013149693131786
        },
        {
            "Time": "2023-01-28",
            "value": 2.561750496250557
        },
        {
            "Time": "2023-01-29",
            "value": 2.4990673760595357
        },
        {
            "Time": "2023-01-30",
            "value": 2.5716945300232714
        },
        {
            "Time": "2023-01-31",
            "value": 2.5846132228750918
        },
        {
            "Time": "2023-02-01",
            "value": 0.4283151073535851
        },
        {
            "Time": "2023-02-02",
            "value": 1.0690190954363012
        },
        {
            "Time": "2023-02-03",
            "value": 0.46373709855795564
        },
        {
            "Time": "2023-02-04",
            "value": 0.15102510326970592
        },
        {
            "Time": "2023-02-05",
            "value": 0.3331187923090212
        },
        {
            "Time": "2023-02-06",
            "value": 1.5377250470799237
        },
        {
            "Time": "2023-02-07",
            "value": 0.31088433013498623
        },
        {
            "Time": "2023-02-08",
            "value": 0.18877600818080065
        },
        {
            "Time": "2023-02-09",
            "value": 0.4351401064617431
        },
        {
            "Time": "2023-02-10",
            "value": 0.22306091244999307
        },
        {
            "Time": "2023-02-11",
            "value": 0.843909721226362
        },
        {
            "Time": "2023-02-12",
            "value": 1.179932304721401
        },
        {
            "Time": "2023-02-13",
            "value": 0.3492104712591352
        },
        {
            "Time": "2023-02-14",
            "value": 0.9790757720706942
        },
        {
            "Time": "2023-02-15",
            "value": 2.350266631940048
        },
        {
            "Time": "2023-02-16",
            "value": 2.7123359157886147
        },
        {
            "Time": "2023-02-17",
            "value": 2.0144201388721568
        },
        {
            "Time": "2023-02-18",
            "value": 2.424431322197128
        },
        {
            "Time": "2023-02-19",
            "value": 0.7317324049561295
        },
        {
            "Time": "2023-02-20",
            "value": 1.4708068178076146
        },
        {
            "Time": "2023-02-21",
            "value": 2.629331511540725
        },
        {
            "Time": "2023-02-22",
            "value": 2.309571058267155
        },
        {
            "Time": "2023-02-23",
            "value": 2.212758356802501
        },
        {
            "Time": "2023-02-24",
            "value": 1.0073803619741757
        },
        {
            "Time": "2023-02-25",
            "value": 2.4420244070579304
        },
        {
            "Time": "2023-02-26",
            "value": 2.713947649557624
        },
        {
            "Time": "2023-02-27",
            "value": 2.4636920746996243
        },
        {
            "Time": "2023-02-28",
            "value": 1.3555655467717393
        },
        {
            "Time": "2023-03-01",
            "value": 1.4031679824118557
        },
        {
            "Time": "2023-03-02",
            "value": 1.9085269385479913
        },
        {
            "Time": "2023-03-03",
            "value": 2.3656102112871085
        },
        {
            "Time": "2023-03-04",
            "value": 2.6623671861269274
        },
        {
            "Time": "2023-03-05",
            "value": 2.6083956497073815
        },
        {
            "Time": "2023-03-06",
            "value": 2.7105112363966057
        },
        {
            "Time": "2023-03-07",
            "value": 2.6812318257226697
        },
        {
            "Time": "2023-03-08",
            "value": 2.420253648432157
        },
        {
            "Time": "2023-03-09",
            "value": 2.1185689954086033
        },
        {
            "Time": "2023-03-10",
            "value": 2.7706417271872628
        },
        {
            "Time": "2023-03-11",
            "value": 2.311546498748899
        },
        {
            "Time": "2023-03-12",
            "value": 0.5684134918399397
        },
        {
            "Time": "2023-03-13",
            "value": 2.228404680626018
        },
        {
            "Time": "2023-03-14",
            "value": 2.850177394315499
        },
        {
            "Time": "2023-03-15",
            "value": 2.3498167169733213
        },
        {
            "Time": "2023-03-16",
            "value": 2.4544131838230685
        },
        {
            "Time": "2023-03-17",
            "value": 1.377962484006214
        },
        {
            "Time": "2023-03-18",
            "value": 0.3882847903658113
        },
        {
            "Time": "2023-03-19",
            "value": 0.12393081586497866
        },
        {
            "Time": "2023-03-20",
            "value": 2.065221817650914
        },
        {
            "Time": "2023-03-21",
            "value": 1.1143661140304586
        },
        {
            "Time": "2023-03-22",
            "value": 1.8970270053378877
        },
        {
            "Time": "2023-03-23",
            "value": 0.17207628045278411
        },
        {
            "Time": "2023-03-24",
            "value": 0.20780164601903356
        },
        {
            "Time": "2023-03-25",
            "value": 0.24940380364699655
        },
        {
            "Time": "2023-03-26",
            "value": 1.0708797067611653
        },
        {
            "Time": "2023-03-27",
            "value": 0.0
        }
    ]
}