{
    "data": [
        {
            "Time": "2022-11-27",
            "value": 0.12403933104550167
        },
        {
            "Time": "2022-11-28",
            "value": 0.7120738960338813
        },
        {
            "Time": "2022-11-29",
            "value": 0.5662872979067507
        },
        {
            "Time": "2022-11-30",
            "value": 0.21609805722620276
        },
        {
            "Time": "2022-12-01",
            "value": 0.2698626452459696
        },
        {
            "Time": "2022-12-02",
            "value": 0.3137981318746732
        },
        {
            "Time": "2022-12-03",
            "value": 0.5399673379564977
        },
        {
            "Time": "2022-12-04",
            "value": 0.3814986723659522
        },
        {
            "Time": "2022-12-05",
            "value": 0.3116372622892708
        },
        {
            "Time": "2022-12-06",
            "value": 0.516928699829714
        },
        {
            "Time": "2022-12-07",
            "value": 0.12945902745109003
        },
        {
            "Time": "2022-12-08",
            "value": 0.7119907853329175
        },
        {
            "Time": "2022-12-09",
            "value": 0.5955190380036625
        },
        {
            "Time": "2022-12-10",
            "value": 1.548951400113385
        },
        {
            "Time": "2022-12-11",
            "value": 0.290917933102544
        },
        {
            "Time": "2022-12-12",
            "value": 0.8160378335213793
        },
        {
            "Time": "2022-12-13",
            "value": 1.1278935661373424
        },
        {
            "Time": "2022-12-14",
            "value": 0.5440675776716853
        },
        {
            "Time": "2022-12-15",
            "value": 0.39762458923944
        },
        {
            "Time": "2022-12-16",
            "value": 0.22694799094980286
        },
        {
            "Time": "2022-12-17",
            "value": 0.32724226642623977
        },
        {
            "Time": "2022-12-18",
            "value": 2.4063424252551155
        },
        {
            "Time": "2022-12-19",
            "value": 2.2257359736007345
        },
        {
            "Time": "2022-12-20",
            "value": 1.1334259761373937
        },
        {
            "Time": "2022-12-21",
            "value": 1.6063613263586056
        },
        {
            "Time": "2022-12-22",
            "value": 2.236240970216525
        },
        {
            "Time": "2022-12-23",
            "value": 2.272955448037742
        },
        {
            "Time": "2022-12-24",
            "value": 2.4095850888115895
        },
        {
            "Time": "2022-12-25",
            "value": 2.4258586401151967
        },
        {
            "Time": "2022-12-26",
            "value": 1.4337735533217268
        },
        {
            "Time": "2022-12-27",
            "value": 0.683017327765907
        },
        {
            "Time": "2022-12-28",
            "value": 0.37179806542572646
        },
        {
            "Time": "2022-12-29",
            "value": 0.21391682823539704
        },
        {
            "Time": "2022-12-30",
            "value": 0.34431775251318913
        },
        {
            "Time": "2022-12-31",
            "value": 1.0281644603724405
        },
        {
            "Time": "2023-01-01",
            "value": 0.6112542169302876
        },
        {
            "Time": "2023-01-02",
            "value": 0.28536557520291667
        },
        {
            "Time": "2023-01-03",
            "value": 0.31255598696646775
        },
        {
            "Time": "2023-01-04",
            "value": 0.34272938741912035
        },
        {
            "Time": "2023-01-05",
            "value": 0.45538126631814124
        },
        {
            "Time": "2023-01-06",
            "value": 2.1773377370493394
        },
        {
            "Time": "2023-01-07",
            "value": 2.379716186682963
        },
        {
            "Time": "2023-01-08",
            "value": 2.3074599610400766
        },
        {
            "Time": "2023-01-09",
            "value": 0.3802323466373657
        },
        {
            "Time": "2023-01-10",
            "value": 0.4414104684308132
        },
        {
            "Time": "2023-01-11",
            "value": 0.5972963080399819
        },
        {
            "Time": "2023-01-12",
            "value": 1.2685570300423432
        },
        {
            "Time": "2023-01-13",
            "value": 0.26229039422487366
        },
        {
            "Time": "2023-01-14",
            "value": 1.4027597272556227
        },
        {
            "Time": "2023-01-15",
            "value": 0.3035510393821456
        },
        {
            "Time": "2023-01-16",
            "value": 1.8085172012744815
        },
        {
            "Time": "2023-01-17",
            "value": 0.3781043749124446
        },
        {
            "Time": "2023-01-18",
            "value": 2.213478459102529
        },
        {
            "Time": "2023-01-19",
            "value": 1.8624612065843686
        },
        {
            "Time": "2023-01-20",
            "value": 0.6994791618069338
        },
        {
            "Time": "2023-01-21",
            "value": 0.20529635361277315
        },
        {
            "Time": "2023-01-22",
            "value": 1.6948456655612163
        },
        {
            "Time": "2023-01-23",
            "value": 0.18220999411227778
        },
        {
            "Time": "2023-01-24",
            "value": 1.3891576467520392
        },
        {
            "Time": "2023-01-25",
            "value": 2.4583227570496655
        },
        {
            "Time": "2023-01-26",
            "value": 1.1668782980137788
        },
        {
            "Time": "2023-01-27",
            "value": 2.2201203360235744
        },
        {
            "Time": "2023-01-28",
            "value": 2.578823849924579
        },
        {
            "Time": "2023-01-29",
            "value": 2.594581035902696
        },
        {
            "Time": "2023-01-30",
            "value": 2.6860968731799546
        },
        {
            "Time": "2023-01-31",
            "value": 2.6598435522994865
        },
        {
            "Time": "2023-02-01",
            "value": 0.40080735511597143
        },
        {
            "Time": "2023-02-02",
            "value": 0.9870966619943647
        },
        {
            "Time": "2023-02-03",
            "value": 0.4474264804531757
        },
        {
            "Time": "2023-02-04",
            "value": 0.11684259469075695
        },
        {
            "Time": "2023-02-05",
            "value": 0.3115476934267168
        },
        {
            "Time": "2023-02-06",
            "value": 1.4913122260808112
        },
        {
            "Time": "2023-02-07",
            "value": 0.28800842456864334
        },
        {
            "Time": "2023-02-08",
            "value": 0.15892047224220993
        },
        {
            "Time": "2023-02-09",
            "value": 0.39267578765142935
        },
        {
            "Time": "2023-02-10",
            "value": 0.19813026431359687
        },
        {
            "Time": "2023-02-11",
            "value": 0.7504436837395265
        },
        {
            "Time": "2023-02-12",
            "value": 1.0226562224900237
        },
        {
            "Time": "2023-02-13",
            "value": 0.32852724487785945
        },
        {
            "Time": "2023-02-14",
            "value": 0.87645638019151
        },
        {
            "Time": "2023-02-15",
            "value": 2.5062203353473143
        },
        {
            "Time": "2023-02-16",
            "value": 2.9503159043312386
        },
        {
            "Time": "2023-02-17",
            "value": 2.1234646356882454
        },
        {
            "Time": "2023-02-18",
            "value": 2.5610452265642003
        },
        {
            "Time": "2023-02-19",
            "value": 0.6812089705059515
        },
        {
            "Time": "2023-02-20",
            "value": 1.3943710197954788
        },
        {
            "Time": "2023-02-21",
            "value": 2.8631393363893736
        },
        {
            "Time": "2023-02-22",
            "value": 2.4328725782187592
        },
        {
            "Time": "2023-02-23",
            "value": 2.2306460437492883
        },
        {
            "Time": "2023-02-24",
            "value": 0.969765350856082
        },
        {
            "Time": "2023-02-25",
            "value": 2.518100587637593
        },
        {
            "Time": "2023-02-26",
            "value": 2.9483607287631264
        },
        {
            "Time": "2023-02-27",
            "value": 2.580048129841612
        },
        {
            "Time": "2023-02-28",
            "value": 1.3499524059702974
        },
        {
            "Time": "2023-03-01",
            "value": 1.4096828022956414
        },
        {
            "Time": "2023-03-02",
            "value": 1.8672633329193749
        },
        {
            "Time": "2023-03-03",
            "value": 2.5319763017860883
        },
        {
            "Time": "2023-03-04",
            "value": 2.8814954207109054
        },
        {
            "Time": "2023-03-05",
            "value": 2.8225776308416806
        },
        {
            "Time": "2023-03-06",
            "value": 2.9349183317440324
        },
        {
            "Time": "2023-03-07",
            "value": 2.902284207684844
        },
        {
            "Time": "2023-03-08",
            "value": 2.609964505445466
        },
        {
            "Time": "2023-03-09",
            "value": 2.1497157467038917
        },
        {
            "Time": "2023-03-10",
            "value": 2.9758521832383855
        },
        {
            "Time": "2023-03-11",
            "value": 2.4582377516356595
        },
        {
            "Time": "2023-03-12",
            "value": 0.5387752691169663
        },
        {
            "Time": "2023-03-13",
            "value": 2.333955434235918
        },
        {
            "Time": "2023-03-14",
            "value": 3.084093448558385
        },
        {
            "Time": "2023-03-15",
            "value": 2.5264475128347987
        },
        {
            "Time": "2023-03-16",
            "value": 2.554744567585215
        },
        {
            "Time": "2023-03-17",
            "value": 1.4436177560314
        },
        {
            "Time": "2023-03-18",
            "value": 0.358925041570565
        },
        {
            "Time": "2023-03-19",
            "value": 0.10567228830580026
        },
        {
            "Time": "2023-03-20",
            "value": 2.113272795907658
        },
        {
            "Time": "2023-03-21",
            "value": 1.117727443518281
        },
        {
            "Time": "2023-03-22",
            "value": 1.9527385659238008
        },
        {
            "Time": "2023-03-23",
            "value": 0.11965913818774099
        },
        {
            "Time": "2023-03-24",
            "value": 0.17336402074180263
        },
        {
            "Time": "2023-03-25",
            "value": 0.22527661789078704
        },
        {
            "Time": "2023-03-26",
            "value": 1.0499739625025941
        },
        {
            "Time": "2023-03-27",
            "value": 0.0
        }
    ]
}