{
    "data": [
        {
            "Time": "2022-11-27",
            "value": 0.15329405360301207
        },
        {
            "Time": "2022-11-28",
            "value": 0.6257789841906692
        },
        {
            "Time": "2022-11-29",
            "value": 0.6593358556599984
        },
        {
            "Time": "2022-11-30",
            "value": 0.23613275788040033
        },
        {
            "Time": "2022-12-01",
            "value": 0.2925033949626666
        },
        {
            "Time": "2022-12-02",
            "value": 0.34117129506004823
        },
        {
            "Time": "2022-12-03",
            "value": 0.5765960368054494
        },
        {
            "Time": "2022-12-04",
            "value": 0.3982983354586031
        },
        {
            "Time": "2022-12-05",
            "value": 0.32628358214413233
        },
        {
            "Time": "2022-12-06",
            "value": 0.5610848960529922
        },
        {
            "Time": "2022-12-07",
            "value": 0.14598171708614016
        },
        {
            "Time": "2022-12-08",
            "value": 0.6721692615116945
        },
        {
            "Time": "2022-12-09",
            "value": 0.6133608818429805
        },
        {
            "Time": "2022-12-10",
            "value": 1.4758947072437918
        },
        {
            "Time": "2022-12-11",
            "value": 0.3086116035633527
        },
        {
            "Time": "2022-12-12",
            "value": 0.5439751601562325
        },
        {
            "Time": "2022-12-13",
            "value": 1.3788774190660837
        },
        {
            "Time": "2022-12-14",
            "value": 0.5696643757327184
        },
        {
            "Time": "2022-12-15",
            "value": 0.39324943948814195
        },
        {
            "Time": "2022-12-16",
            "value": 0.24484010460958755
        },
        {
            "Time": "2022-12-17",
            "value": 0.3220209502506431
        },
        {
            "Time": "2022-12-18",
            "value": 1.9694880347879868
        },
        {
            "Time": "2022-12-19",
            "value": 1.8953967007770078
        },
        {
            "Time": "2022-12-20",
            "value": 0.9749331308164962
        },
        {
            "Time": "2022-12-21",
            "value": 1.8108963788416221
        },
        {
            "Time": "2022-12-22",
            "value": 1.8436789543155272
        },
        {
            "Time": "2022-12-23",
            "value": 1.9432833173747708
        },
        {
            "Time": "2022-12-24",
            "value": 1.7826836231271068
        },
        {
            "Time": "2022-12-25",
            "value": 1.8110744020876888
        },
        {
            "Time": "2022-12-26",
            "value": 1.8565583512693622
        },
        {
            "Time": "2022-12-27",
            "value": 0.5760828015129907
        },
        {
            "Time": "2022-12-28",
            "value": 0.40320717453719446
        },
        {
            "Time": "2022-12-29",
            "value": 0.23660011848631662
        },
        {
            "Time": "2022-12-30",
            "value": 0.3840568144661006
        },
        {
            "Time": "2022-12-31",
            "value": 0.7350632497930913
        },
        {
            "Time": "2023-01-01",
            "value": 0.6075258381201353
        },
        {
            "Time": "2023-01-02",
            "value": 0.3263253933170228
        },
        {
            "Time": "2023-01-03",
            "value": 0.3352788010399539
        },
        {
            "Time": "2023-01-04",
            "value": 0.377322318812643
        },
        {
            "Time": "2023-01-05",
            "value": 0.48872766029013315
        },
        {
            "Time": "2023-01-06",
            "value": 2.1607395375432836
        },
        {
            "Time": "2023-01-07",
            "value": 2.055224228246844
        },
        {
            "Time": "2023-01-08",
            "value": 2.15922152446857
        },
        {
            "Time": "2023-01-09",
            "value": 0.41809978507319506
        },
        {
            "Time": "2023-01-10",
            "value": 0.4574846915046062
        },
        {
            "Time": "2023-01-11",
            "value": 0.6302582301108406
        },
        {
            "Time": "2023-01-12",
            "value": 1.1059893635208875
        },
        {
            "Time": "2023-01-13",
            "value": 0.31835381037722804
        },
        {
            "Time": "2023-01-14",
            "value": 1.1900199318924214
        },
        {
            "Time": "2023-01-15",
            "value": 0.32054815214952326
        },
        {
            "Time": "2023-01-16",
            "value": 0.8725137846279492
        },
        {
            "Time": "2023-01-17",
            "value": 0.40237042970665815
        },
        {
            "Time": "2023-01-18",
            "value": 2.396095715780502
        },
        {
            "Time": "2023-01-19",
            "value": 1.8878092559948874
        },
        {
            "Time": "2023-01-20",
            "value": 0.6121990243119483
        },
        {
            "Time": "2023-01-21",
            "value": 0.23006648601295107
        },
        {
            "Time": "2023-01-22",
            "value": 1.3523623860404108
        },
        {
            "Time": "2023-01-23",
            "value": 0.2197403588214193
        },
        {
            "Time": "2023-01-24",
            "value": 0.6527044160918105
        },
        {
            "Time": "2023-01-25",
            "value": 2.654487920519477
        },
        {
            "Time": "2023-01-26",
            "value": 1.2140977498077303
        },
        {
            "Time": "2023-01-27",
            "value": 1.3819146505081867
        },
        {
            "Time": "2023-01-28",
            "value": 2.5555445971052606
        },
        {
            "Time": "2023-01-29",
            "value": 2.651038874178349
        },
        {
            "Time": "2023-01-30",
            "value": 2.7283598129019833
        },
        {
            "Time": "2023-01-31",
            "value": 2.674040934618548
        },
        {
            "Time": "2023-02-01",
            "value": 0.4468020844152454
        },
        {
            "Time": "2023-02-02",
            "value": 0.7074401749362818
        },
        {
            "Time": "2023-02-03",
            "value": 0.4890913339122865
        },
        {
            "Time": "2023-02-04",
            "value": 0.146020728642325
        },
        {
            "Time": "2023-02-05",
            "value": 0.35652906981113514
        },
        {
            "Time": "2023-02-06",
            "value": 1.2877142182474124
        },
        {
            "Time": "2023-02-07",
            "value": 0.34442702435495864
        },
        {
            "Time": "2023-02-08",
            "value": 0.18725271133882587
        },
        {
            "Time": "2023-02-09",
            "value": 0.41444873466826704
        },
        {
            "Time": "2023-02-10",
            "value": 0.22725050722969015
        },
        {
            "Time": "2023-02-11",
            "value": 0.672800735463301
        },
        {
            "Time": "2023-02-12",
            "value": 0.8770187697767057
        },
        {
            "Time": "2023-02-13",
            "value": 0.3582606443724122
        },
        {
            "Time": "2023-02-14",
            "value": 0.8240609951700192
        },
        {
            "Time": "2023-02-15",
            "value": 1.8255844137299821
        },
        {
            "Time": "2023-02-16",
            "value": 2.663394504626506
        },
        {
            "Time": "2023-02-17",
            "value": 1.7755484467579088
        },
        {
            "Time": "2023-02-18",
            "value": 2.18538622699417
        },
        {
            "Time": "2023-02-19",
            "value": 0.7225718924596728
        },
        {
            "Time": "2023-02-20",
            "value": 1.258387649964192
        },
        {
            "Time": "2023-02-21",
            "value": 2.549385083218595
        },
        {
            "Time": "2023-02-22",
            "value": 1.6188509888992741
        },
        {
            "Time": "2023-02-23",
            "value": 1.7697206397895398
        },
        {
            "Time": "2023-02-24",
            "value": 0.935546500183258
        },
        {
            "Time": "2023-02-25",
            "value": 2.3326264575139333
        },
        {
            "Time": "2023-02-26",
            "value": 2.556757412120302
        },
        {
            "Time": "2023-02-27",
            "value": 1.9704640470422181
        },
        {
            "Time": "2023-02-28",
            "value": 1.2851447055106024
        },
        {
            "Time": "2023-03-01",
            "value": 1.1527539549055705
        },
        {
            "Time": "2023-03-02",
            "value": 1.4907400447148096
        },
        {
            "Time": "2023-03-03",
            "value": 2.364077122369569
        },
        {
            "Time": "2023-03-04",
            "value": 2.772171113534225
        },
        {
            "Time": "2023-03-05",
            "value": 2.775505434265935
        },
        {
            "Time": "2023-03-06",
            "value": 2.837140602463589
        },
        {
            "Time": "2023-03-07",
            "value": 3.010469314574413
        },
        {
            "Time": "2023-03-08",
            "value": 2.8259557232680823
        },
        {
            "Time": "2023-03-09",
            "value": 1.8885465470691705
        },
        {
            "Time": "2023-03-10",
            "value": 3.2088273805879934
        },
        {
            "Time": "2023-03-11",
            "value": 2.642420880559355
        },
        {
            "Time": "2023-03-12",
            "value": 0.5857901754950945
        },
        {
            "Time": "2023-03-13",
            "value": 1.938309065609023
        },
        {
            "Time": "2023-03-14",
            "value": 3.3427293452500564
        },
        {
            "Time": "2023-03-15",
            "value": 2.2249001937729416
        },
        {
            "Time": "2023-03-16",
            "value": 2.246696795954664
        },
        {
            "Time": "2023-03-17",
            "value": 1.4609227916593681
        },
        {
            "Time": "2023-03-18",
            "value": 0.3977798510783128
        },
        {
            "Time": "2023-03-19",
            "value": 0.13875142707090646
        },
        {
            "Time": "2023-03-20",
            "value": 1.946850819193889
        },
        {
            "Time": "2023-03-21",
            "value": 1.1411091992177558
        },
        {
            "Time": "2023-03-22",
            "value": 1.776740297015605
        },
        {
            "Time": "2023-03-23",
            "value": 0.18038026368349963
        },
        {
            "Time": "2023-03-24",
            "value": 0.22672164624066762
        },
        {
            "Time": "2023-03-25",
            "value": 0.2858295731493044
        },
        {
            "Time": "2023-03-26",
            "value": 1.1181324459574418
        },
        {
            "Time": "2023-03-27",
            "value": 0.0
        }
    ]
}