{
    "data": [
        {
            "Time": "2022-11-27",
            "value": 0.21831504857582754
        },
        {
            "Time": "2022-11-28",
            "value": 0.8772252129377528
        },
        {
            "Time": "2022-11-29",
            "value": 0.672349819330544
        },
        {
            "Time": "2022-11-30",
            "value": 0.29433279574715193
        },
        {
            "Time": "2022-12-01",
            "value": 0.33648477566121526
        },
        {
            "Time": "2022-12-02",
            "value": 0.3800719705830346
        },
        {
            "Time": "2022-12-03",
            "value": 0.6159796928488835
        },
        {
            "Time": "2022-12-04",
            "value": 0.46280353424200715
        },
        {
            "Time": "2022-12-05",
            "value": 0.3947532763524333
        },
        {
            "Time": "2022-12-06",
            "value": 0.6014209860063269
        },
        {
            "Time": "2022-12-07",
            "value": 0.1889490702882176
        },
        {
            "Time": "2022-12-08",
            "value": 0.8356388475722257
        },
        {
            "Time": "2022-12-09",
            "value": 0.7019499080048028
        },
        {
            "Time": "2022-12-10",
            "value": 1.9108153373678258
        },
        {
            "Time": "2022-12-11",
            "value": 0.3603496604979109
        },
        {
            "Time": "2022-12-12",
            "value": 1.11463144719251
        },
        {
            "Time": "2022-12-13",
            "value": 1.3124932982452537
        },
        {
            "Time": "2022-12-14",
            "value": 0.6331082043086254
        },
        {
            "Time": "2022-12-15",
            "value": 0.4543650133149258
        },
        {
            "Time": "2022-12-16",
            "value": 0.2909041249388616
        },
        {
            "Time": "2022-12-17",
            "value": 0.4298959637448586
        },
        {
            "Time": "2022-12-18",
            "value": 2.3517317023142064
        },
        {
            "Time": "2022-12-19",
            "value": 2.1863266809371256
        },
        {
            "Time": "2022-12-20",
            "value": 1.136469230520556
        },
        {
            "Time": "2022-12-21",
            "value": 2.1649486804688913
        },
        {
            "Time": "2022-12-22",
            "value": 2.2010081915317943
        },
        {
            "Time": "2022-12-23",
            "value": 2.2927175927111034
        },
        {
            "Time": "2022-12-24",
            "value": 2.3145278920002106
        },
        {
            "Time": "2022-12-25",
            "value": 2.322250849422957
        },
        {
            "Time": "2022-12-26",
            "value": 1.8155364564357177
        },
        {
            "Time": "2022-12-27",
            "value": 0.834767149598606
        },
        {
            "Time": "2022-12-28",
            "value": 0.4279907435798611
        },
        {
            "Time": "2022-12-29",
            "value": 0.286116895696412
        },
        {
            "Time": "2022-12-30",
            "value": 0.41553240213888887
        },
        {
            "Time": "2022-12-31",
            "value": 1.3327968587910735
        },
        {
            "Time": "2023-01-01",
            "value": 0.6940612946529419
        },
        {
            "Time": "2023-01-02",
            "value": 0.36830208329282405
        },
        {
            "Time": "2023-01-03",
            "value": 0.388913745788944
        },
        {
            "Time": "2023-01-04",
            "value": 0.416469695183186
        },
        {
            "Time": "2023-01-05",
            "value": 0.5273181119447917
        },
        {
            "Time": "2023-01-06",
            "value": 2.1745761662362897
        },
        {
            "Time": "2023-01-07",
            "value": 2.31996464267404
        },
        {
            "Time": "2023-01-08",
            "value": 2.297650671025292
        },
        {
            "Time": "2023-01-09",
            "value": 0.46221788130561337
        },
        {
            "Time": "2023-01-10",
            "value": 0.5197821933592087
        },
        {
            "Time": "2023-01-11",
            "value": 0.6780546059606452
        },
        {
            "Time": "2023-01-12",
            "value": 1.422297816746858
        },
        {
            "Time": "2023-01-13",
            "value": 0.3412085188110284
        },
        {
            "Time": "2023-01-14",
            "value": 1.5569281035887794
        },
        {
            "Time": "2023-01-15",
            "value": 0.37687391509769963
        },
        {
            "Time": "2023-01-16",
            "value": 1.8990066621778345
        },
        {
            "Time": "2023-01-17",
            "value": 0.44961615563009916
        },
        {
            "Time": "2023-01-18",
            "value": 2.2370805541908703
        },
        {
            "Time": "2023-01-19",
            "value": 1.9012706073304377
        },
        {
            "Time": "2023-01-20",
            "value": 0.8183342031900644
        },
        {
            "Time": "2023-01-21",
            "value": 0.27069513782069443
        },
        {
            "Time": "2023-01-22",
            "value": 1.8504094392938688
        },
        {
            "Time": "2023-01-23",
            "value": 0.25946828487842016
        },
        {
            "Time": "2023-01-24",
            "value": 1.7163716276788281
        },
        {
            "Time": "2023-01-25",
            "value": 2.5033593702448216
        },
        {
            "Time": "2023-01-26",
            "value": 1.2419175139821805
        },
        {
            "Time": "2023-01-27",
            "value": 2.2832070359632084
        },
        {
            "Time": "2023-01-28",
            "value": 2.529351109805611
        },
        {
            "Time": "2023-01-29",
            "value": 2.5549946423741803
        },
        {
            "Time": "2023-01-30",
            "value": 2.592298216772182
        },
        {
            "Time": "2023-01-31",
            "value": 2.5661900596586475
        },
        {
            "Time": "2023-02-01",
            "value": 0.47866041429267364
        },
        {
            "Time": "2023-02-02",
            "value": 1.1198183237599133
        },
        {
            "Time": "2023-02-03",
            "value": 0.5163191333821658
        },
        {
            "Time": "2023-02-04",
            "value": 0.19249768685949076
        },
        {
            "Time": "2023-02-05",
            "value": 0.3755787372525016
        },
        {
            "Time": "2023-02-06",
            "value": 1.6153986383739047
        },
        {
            "Time": "2023-02-07",
            "value": 0.3607412944797908
        },
        {
            "Time": "2023-02-08",
            "value": 0.23758807972716436
        },
        {
            "Time": "2023-02-09",
            "value": 0.4940449793671165
        },
        {
            "Time": "2023-02-10",
            "value": 0.2755350608624446
        },
        {
            "Time": "2023-02-11",
            "value": 0.8853785564520209
        },
        {
            "Time": "2023-02-12",
            "value": 1.228933769556976
        },
        {
            "Time": "2023-02-13",
            "value": 0.40972793385070805
        },
        {
            "Time": "2023-02-14",
            "value": 1.0390416979472095
        },
        {
            "Time": "2023-02-15",
            "value": 2.3701130394149272
        },
        {
            "Time": "2023-02-16",
            "value": 2.7214973075267515
        },
        {
            "Time": "2023-02-17",
            "value": 2.0735064741712304
        },
        {
            "Time": "2023-02-18",
            "value": 2.4274522301097314
        },
        {
            "Time": "2023-02-19",
            "value": 0.7942634244389788
        },
        {
            "Time": "2023-02-20",
            "value": 1.5491843438712642
        },
        {
            "Time": "2023-02-21",
            "value": 2.673594959344525
        },
        {
            "Time": "2023-02-22",
            "value": 2.3402845015397937
        },
        {
            "Time": "2023-02-23",
            "value": 2.2708175052270985
        },
        {
            "Time": "2023-02-24",
            "value": 1.0816602918696765
        },
        {
            "Time": "2023-02-25",
            "value": 2.520807366585643
        },
        {
            "Time": "2023-02-26",
            "value": 2.742819124117591
        },
        {
            "Time": "2023-02-27",
            "value": 2.4730871025345507
        },
        {
            "Time": "2023-02-28",
            "value": 1.4506790984382312
        },
        {
            "Time": "2023-03-01",
            "value": 1.4686821278306124
        },
        {
            "Time": "2023-03-02",
            "value": 1.9522470287738196
        },
        {
            "Time": "2023-03-03",
            "value": 2.4469338061330426
        },
        {
            "Time": "2023-03-04",
            "value": 2.69548620362669
        },
        {
            "Time": "2023-03-05",
            "value": 2.6374025001337467
        },
        {
            "Time": "2023-03-06",
            "value": 2.751113948070373
        },
        {
            "Time": "2023-03-07",
            "value": 2.7158379873637437
        },
        {
            "Time": "2023-03-08",
            "value": 2.466642137720501
        },
        {
            "Time": "2023-03-09",
            "value": 2.1407573879728767
        },
        {
            "Time": "2023-03-10",
            "value": 2.774260702211563
        },
        {
            "Time": "2023-03-11",
            "value": 2.3777915712846913
        },
        {
            "Time": "2023-03-12",
            "value": 0.6307888252106635
        },
        {
            "Time": "2023-03-13",
            "value": 2.303748505674144
        },
        {
            "Time": "2023-03-14",
            "value": 2.8729824482808013
        },
        {
            "Time": "2023-03-15",
            "value": 2.409563892528291
        },
        {
            "Time": "2023-03-16",
            "value": 2.472318566974377
        },
        {
            "Time": "2023-03-17",
            "value": 1.4657606889542434
        },
        {
            "Time": "2023-03-18",
            "value": 0.4404600688475153
        },
        {
            "Time": "2023-03-19",
            "value": 0.16942939815763888
        },
        {
            "Time": "2023-03-20",
            "value": 2.10549220787227
        },
        {
            "Time": "2023-03-21",
            "value": 1.1821169391587942
        },
        {
            "Time": "2023-03-22",
            "value": 1.9642163964950172
        },
        {
            "Time": "2023-03-23",
            "value": 0.22843650850081015
        },
        {
            "Time": "2023-03-24",
            "value": 0.26311689858568865
        },
        {
            "Time": "2023-03-25",
            "value": 0.30285185189016206
        },
        {
            "Time": "2023-03-26",
            "value": 1.1444026839839307
        },
        {
            "Time": "2023-03-27",
            "value": 0.0
        }
    ]
}