{
    "data": [
        {
            "Time": "2022-11-27",
            "value": 0.15672620623213618
        },
        {
            "Time": "2022-11-28",
            "value": 0.4707897971919619
        },
        {
            "Time": "2022-11-29",
            "value": 0.5477236500401681
        },
        {
            "Time": "2022-11-30",
            "value": 0.2349330746664266
        },
        {
            "Time": "2022-12-01",
            "value": 0.0
        },
        {
            "Time": "2022-12-02",
            "value": 0.0
        },
        {
            "Time": "2022-12-03",
            "value": 0.0
        },
        {
            "Time": "2022-12-04",
            "value": 0.0
        },
        {
            "Time": "2022-12-05",
            "value": 0.0
        },
        {
            "Time": "2022-12-06",
            "value": 0.0
        },
        {
            "Time": "2022-12-07",
            "value": 0.0
        },
        {
            "Time": "2022-12-08",
            "value": 0.5682550849635384
        },
        {
            "Time": "2022-12-09",
            "value": 0.5271647065223403
        },
        {
            "Time": "2022-12-10",
            "value": 0.8191913194667974
        },
        {
            "Time": "2022-12-11",
            "value": 0.29076052789461054
        },
        {
            "Time": "2022-12-12",
            "value": 0.4602040775011959
        },
        {
            "Time": "2022-12-13",
            "value": 1.337998703225454
        },
        {
            "Time": "2022-12-14",
            "value": 0.47712979939466243
        },
        {
            "Time": "2022-12-15",
            "value": 0.35708166173467853
        },
        {
            "Time": "2022-12-16",
            "value": 0.22470985973857158
        },
        {
            "Time": "2022-12-17",
            "value": 0.29136537781229305
        },
        {
            "Time": "2022-12-18",
            "value": 1.6036391324413255
        },
        {
            "Time": "2022-12-19",
            "value": 1.0362878254341392
        },
        {
            "Time": "2022-12-20",
            "value": 1.2061477761483281
        },
        {
            "Time": "2022-12-21",
            "value": 1.4436338909236481
        },
        {
            "Time": "2022-12-22",
            "value": 1.148825451639734
        },
        {
            "Time": "2022-12-23",
            "value": 0.700253304856117
        },
        {
            "Time": "2022-12-24",
            "value": 0.6059447406661403
        },
        {
            "Time": "2022-12-25",
            "value": 0.6079472591712299
        },
        {
            "Time": "2022-12-26",
            "value": 1.1324801770342665
        },
        {
            "Time": "2022-12-27",
            "value": 0.5861248277072322
        },
        {
            "Time": "2022-12-28",
            "value": 0.34949828811483996
        },
        {
            "Time": "2022-12-29",
            "value": 0.20945261329335405
        },
        {
            "Time": "2022-12-30",
            "value": 0.3248247344497619
        },
        {
            "Time": "2022-12-31",
            "value": 0.8778702890948348
        },
        {
            "Time": "2023-01-01",
            "value": 0.5370966534312112
        },
        {
            "Time": "2023-01-02",
            "value": 0.2828753312562797
        },
        {
            "Time": "2023-01-03",
            "value": 0.3241890879102126
        },
        {
            "Time": "2023-01-04",
            "value": 0.3229880173586963
        },
        {
            "Time": "2023-01-05",
            "value": 0.42439847881409193
        },
        {
            "Time": "2023-01-06",
            "value": 1.377172540049651
        },
        {
            "Time": "2023-01-07",
            "value": 1.5572972930643563
        },
        {
            "Time": "2023-01-08",
            "value": 1.5366488500773527
        },
        {
            "Time": "2023-01-09",
            "value": 0.3648207175833833
        },
        {
            "Time": "2023-01-10",
            "value": 0.39629829712016
        },
        {
            "Time": "2023-01-11",
            "value": 0.5432526482244463
        },
        {
            "Time": "2023-01-12",
            "value": 0.8491472585454809
        },
        {
            "Time": "2023-01-13",
            "value": 0.26321613199161475
        },
        {
            "Time": "2023-01-14",
            "value": 1.0144418055818842
        },
        {
            "Time": "2023-01-15",
            "value": 0.30056835816934996
        },
        {
            "Time": "2023-01-16",
            "value": 1.0578626387452332
        },
        {
            "Time": "2023-01-17",
            "value": 0.3505714690357992
        },
        {
            "Time": "2023-01-18",
            "value": 1.0754945060528482
        },
        {
            "Time": "2023-01-19",
            "value": 1.0708686332676434
        },
        {
            "Time": "2023-01-20",
            "value": 0.5728354328717791
        },
        {
            "Time": "2023-01-21",
            "value": 0.21776104439310812
        },
        {
            "Time": "2023-01-22",
            "value": 0.8748357514381317
        },
        {
            "Time": "2023-01-23",
            "value": 0.20035544117466994
        },
        {
            "Time": "2023-01-24",
            "value": 0.5738195119913144
        },
        {
            "Time": "2023-01-25",
            "value": 1.2574015941149645
        },
        {
            "Time": "2023-01-26",
            "value": 0.8033837684975901
        },
        {
            "Time": "2023-01-27",
            "value": 1.2128167573238189
        },
        {
            "Time": "2023-01-28",
            "value": 1.293687838299518
        },
        {
            "Time": "2023-01-29",
            "value": 1.3055664082219032
        },
        {
            "Time": "2023-01-30",
            "value": 1.730773511835295
        },
        {
            "Time": "2023-01-31",
            "value": 1.516855467878944
        },
        {
            "Time": "2023-02-01",
            "value": 0.36461631839698266
        },
        {
            "Time": "2023-02-02",
            "value": 0.7057438135765406
        },
        {
            "Time": "2023-02-03",
            "value": 0.41550819987518584
        },
        {
            "Time": "2023-02-04",
            "value": 0.15082075403325446
        },
        {
            "Time": "2023-02-05",
            "value": 0.31076383694100707
        },
        {
            "Time": "2023-02-06",
            "value": 0.9058301375005804
        },
        {
            "Time": "2023-02-07",
            "value": 0.2990292196362856
        },
        {
            "Time": "2023-02-08",
            "value": 0.1673909489110803
        },
        {
            "Time": "2023-02-09",
            "value": 0.3590021005318705
        },
        {
            "Time": "2023-02-10",
            "value": 0.2145100418570781
        },
        {
            "Time": "2023-02-11",
            "value": 0.5382172707372876
        },
        {
            "Time": "2023-02-12",
            "value": 0.7931132412179881
        },
        {
            "Time": "2023-02-13",
            "value": 0.35081603873670064
        },
        {
            "Time": "2023-02-14",
            "value": 0.6676919769166247
        },
        {
            "Time": "2023-02-15",
            "value": 1.3340381526480116
        },
        {
            "Time": "2023-02-16",
            "value": 1.5924854888222535
        },
        {
            "Time": "2023-02-17",
            "value": 1.297524381567273
        },
        {
            "Time": "2023-02-18",
            "value": 1.5706597604093546
        },
        {
            "Time": "2023-02-19",
            "value": 0.5990219941286583
        },
        {
            "Time": "2023-02-20",
            "value": 1.0573609940318494
        },
        {
            "Time": "2023-02-21",
            "value": 2.0872164530836486
        },
        {
            "Time": "2023-02-22",
            "value": 1.6807561551773322
        },
        {
            "Time": "2023-02-23",
            "value": 1.4993775176707285
        },
        {
            "Time": "2023-02-24",
            "value": 0.8144475803874757
        },
        {
            "Time": "2023-02-25",
            "value": 1.9934965445526107
        },
        {
            "Time": "2023-02-26",
            "value": 2.2297574391127153
        },
        {
            "Time": "2023-02-27",
            "value": 1.6887449158678982
        },
        {
            "Time": "2023-02-28",
            "value": 1.1252054233841002
        },
        {
            "Time": "2023-03-01",
            "value": 1.067596751653697
        },
        {
            "Time": "2023-03-02",
            "value": 1.196766078490496
        },
        {
            "Time": "2023-03-03",
            "value": 1.8872283113323423
        },
        {
            "Time": "2023-03-04",
            "value": 2.158731498933974
        },
        {
            "Time": "2023-03-05",
            "value": 2.254388384923935
        },
        {
            "Time": "2023-03-06",
            "value": 2.3081083729437193
        },
        {
            "Time": "2023-03-07",
            "value": 2.422859500831597
        },
        {
            "Time": "2023-03-08",
            "value": 2.2377520392287034
        },
        {
            "Time": "2023-03-09",
            "value": 1.6702154352222205
        },
        {
            "Time": "2023-03-10",
            "value": 2.538157326358406
        },
        {
            "Time": "2023-03-11",
            "value": 2.2271498616868564
        },
        {
            "Time": "2023-03-12",
            "value": 0.5107100536563055
        },
        {
            "Time": "2023-03-13",
            "value": 1.9797312487722254
        },
        {
            "Time": "2023-03-14",
            "value": 2.715232728482105
        },
        {
            "Time": "2023-03-15",
            "value": 2.1741655003570832
        },
        {
            "Time": "2023-03-16",
            "value": 2.167930713497447
        },
        {
            "Time": "2023-03-17",
            "value": 1.3842110990133702
        },
        {
            "Time": "2023-03-18",
            "value": 0.34512208152869994
        },
        {
            "Time": "2023-03-19",
            "value": 0.16524155113892344
        },
        {
            "Time": "2023-03-20",
            "value": 1.783269870093866
        },
        {
            "Time": "2023-03-21",
            "value": 1.0041006832959871
        },
        {
            "Time": "2023-03-22",
            "value": 1.7678859468457329
        },
        {
            "Time": "2023-03-23",
            "value": 0.18428315155049613
        },
        {
            "Time": "2023-03-24",
            "value": 0.2133044000322824
        },
        {
            "Time": "2023-03-25",
            "value": 0.26204044052250375
        },
        {
            "Time": "2023-03-26",
            "value": 0.9548977437408358
        },
        {
            "Time": "2023-03-27",
            "value": 0.0
        }
    ]
}