{
    "data": [
        {
            "Time": "2022-11-27",
            "value": 0.19562673582201387
        },
        {
            "Time": "2022-11-28",
            "value": 0.5380274649709199
        },
        {
            "Time": "2022-11-29",
            "value": 0.41948119206947915
        },
        {
            "Time": "2022-11-30",
            "value": 0.2805796395947124
        },
        {
            "Time": "2022-12-01",
            "value": 0.0
        },
        {
            "Time": "2022-12-02",
            "value": 0.0
        },
        {
            "Time": "2022-12-03",
            "value": 0.0
        },
        {
            "Time": "2022-12-04",
            "value": 0.0
        },
        {
            "Time": "2022-12-05",
            "value": 0.0
        },
        {
            "Time": "2022-12-06",
            "value": 0.0
        },
        {
            "Time": "2022-12-07",
            "value": 0.0
        },
        {
            "Time": "2022-12-08",
            "value": 0.6541620364059029
        },
        {
            "Time": "2022-12-09",
            "value": 0.6010065468277433
        },
        {
            "Time": "2022-12-10",
            "value": 0.7832056150405573
        },
        {
            "Time": "2022-12-11",
            "value": 0.3403941485454299
        },
        {
            "Time": "2022-12-12",
            "value": 0.7031533168279482
        },
        {
            "Time": "2022-12-13",
            "value": 0.6526813687853984
        },
        {
            "Time": "2022-12-14",
            "value": 0.5497139476563043
        },
        {
            "Time": "2022-12-15",
            "value": 0.4016724967547332
        },
        {
            "Time": "2022-12-16",
            "value": 0.2640404098935053
        },
        {
            "Time": "2022-12-17",
            "value": 0.3479295726553339
        },
        {
            "Time": "2022-12-18",
            "value": 0.7153449934747441
        },
        {
            "Time": "2022-12-19",
            "value": 0.6954881715083862
        },
        {
            "Time": "2022-12-20",
            "value": 0.5580062467190909
        },
        {
            "Time": "2022-12-21",
            "value": 0.6671911242807257
        },
        {
            "Time": "2022-12-22",
            "value": 0.7524990084269929
        },
        {
            "Time": "2022-12-23",
            "value": 0.7117251102064927
        },
        {
            "Time": "2022-12-24",
            "value": 0.7052548689847241
        },
        {
            "Time": "2022-12-25",
            "value": 0.6961569777546808
        },
        {
            "Time": "2022-12-26",
            "value": 0.8418191642872901
        },
        {
            "Time": "2022-12-27",
            "value": 0.6011117987826554
        },
        {
            "Time": "2022-12-28",
            "value": 0.40671296108564814
        },
        {
            "Time": "2022-12-29",
            "value": 0.2647324758243221
        },
        {
            "Time": "2022-12-30",
            "value": 0.38431712931134254
        },
        {
            "Time": "2022-12-31",
            "value": 0.7951638287663886
        },
        {
            "Time": "2023-01-01",
            "value": 0.5989030594635227
        },
        {
            "Time": "2023-01-02",
            "value": 0.3397222179233796
        },
        {
            "Time": "2023-01-03",
            "value": 0.37356616686641264
        },
        {
            "Time": "2023-01-04",
            "value": 0.38170139048506946
        },
        {
            "Time": "2023-01-05",
            "value": 0.4794745397919097
        },
        {
            "Time": "2023-01-06",
            "value": 0.7986250110687179
        },
        {
            "Time": "2023-01-07",
            "value": 0.8194870581338353
        },
        {
            "Time": "2023-01-08",
            "value": 0.8303343471134264
        },
        {
            "Time": "2023-01-09",
            "value": 0.41693584848055226
        },
        {
            "Time": "2023-01-10",
            "value": 0.4424765229287979
        },
        {
            "Time": "2023-01-11",
            "value": 0.6002475459227166
        },
        {
            "Time": "2023-01-12",
            "value": 0.8938868341286129
        },
        {
            "Time": "2023-01-13",
            "value": 0.29463414019930073
        },
        {
            "Time": "2023-01-14",
            "value": 0.7379205483531481
        },
        {
            "Time": "2023-01-15",
            "value": 0.3462642687356339
        },
        {
            "Time": "2023-01-16",
            "value": 0.9914956064665852
        },
        {
            "Time": "2023-01-17",
            "value": 0.4119710647884491
        },
        {
            "Time": "2023-01-18",
            "value": 0.9352002541533052
        },
        {
            "Time": "2023-01-19",
            "value": 1.0283860274821621
        },
        {
            "Time": "2023-01-20",
            "value": 0.6375815298286754
        },
        {
            "Time": "2023-01-21",
            "value": 0.2655662003399537
        },
        {
            "Time": "2023-01-22",
            "value": 0.9514899519247968
        },
        {
            "Time": "2023-01-23",
            "value": 0.23374189685773147
        },
        {
            "Time": "2023-01-24",
            "value": 0.7364616559244775
        },
        {
            "Time": "2023-01-25",
            "value": 1.2150079816981352
        },
        {
            "Time": "2023-01-26",
            "value": 0.9507530122548932
        },
        {
            "Time": "2023-01-27",
            "value": 1.2546570624803501
        },
        {
            "Time": "2023-01-28",
            "value": 1.3517841338524355
        },
        {
            "Time": "2023-01-29",
            "value": 1.3973000251171044
        },
        {
            "Time": "2023-01-30",
            "value": 1.4807248571291356
        },
        {
            "Time": "2023-01-31",
            "value": 1.5131690490881997
        },
        {
            "Time": "2023-02-01",
            "value": 0.4313068159856271
        },
        {
            "Time": "2023-02-02",
            "value": 0.7779876325100172
        },
        {
            "Time": "2023-02-03",
            "value": 0.4797600670047639
        },
        {
            "Time": "2023-02-04",
            "value": 0.17544200771447357
        },
        {
            "Time": "2023-02-05",
            "value": 0.34035489476141534
        },
        {
            "Time": "2023-02-06",
            "value": 1.281099334797285
        },
        {
            "Time": "2023-02-07",
            "value": 0.31437425113632944
        },
        {
            "Time": "2023-02-08",
            "value": 0.20426846733036458
        },
        {
            "Time": "2023-02-09",
            "value": 0.4265077885280825
        },
        {
            "Time": "2023-02-10",
            "value": 0.25588518572090274
        },
        {
            "Time": "2023-02-11",
            "value": 0.6671969221449702
        },
        {
            "Time": "2023-02-12",
            "value": 0.8796654532974121
        },
        {
            "Time": "2023-02-13",
            "value": 0.3908970957909237
        },
        {
            "Time": "2023-02-14",
            "value": 0.7513199252522603
        },
        {
            "Time": "2023-02-15",
            "value": 1.8891315076779929
        },
        {
            "Time": "2023-02-16",
            "value": 2.3012355731245386
        },
        {
            "Time": "2023-02-17",
            "value": 1.5399340144600666
        },
        {
            "Time": "2023-02-18",
            "value": 2.037247433582372
        },
        {
            "Time": "2023-02-19",
            "value": 0.6845501532577656
        },
        {
            "Time": "2023-02-20",
            "value": 1.2659863803001434
        },
        {
            "Time": "2023-02-21",
            "value": 2.395527322930856
        },
        {
            "Time": "2023-02-22",
            "value": 1.929317494203248
        },
        {
            "Time": "2023-02-23",
            "value": 1.968256201023284
        },
        {
            "Time": "2023-02-24",
            "value": 0.9357673036600793
        },
        {
            "Time": "2023-02-25",
            "value": 2.2237087726999545
        },
        {
            "Time": "2023-02-26",
            "value": 2.5309199692095192
        },
        {
            "Time": "2023-02-27",
            "value": 2.067765709500322
        },
        {
            "Time": "2023-02-28",
            "value": 1.2825061972779885
        },
        {
            "Time": "2023-03-01",
            "value": 1.3586085423302912
        },
        {
            "Time": "2023-03-02",
            "value": 1.5666902285919828
        },
        {
            "Time": "2023-03-03",
            "value": 2.2940969730448533
        },
        {
            "Time": "2023-03-04",
            "value": 2.5754651910385
        },
        {
            "Time": "2023-03-05",
            "value": 2.5428387807239616
        },
        {
            "Time": "2023-03-06",
            "value": 2.676015374235586
        },
        {
            "Time": "2023-03-07",
            "value": 2.662423939354747
        },
        {
            "Time": "2023-03-08",
            "value": 2.5260939301903114
        },
        {
            "Time": "2023-03-09",
            "value": 1.8699391871468831
        },
        {
            "Time": "2023-03-10",
            "value": 2.7660672609872905
        },
        {
            "Time": "2023-03-11",
            "value": 2.358659202022639
        },
        {
            "Time": "2023-03-12",
            "value": 0.5704755394337712
        },
        {
            "Time": "2023-03-13",
            "value": 2.1723079117896487
        },
        {
            "Time": "2023-03-14",
            "value": 2.8839166072980316
        },
        {
            "Time": "2023-03-15",
            "value": 2.3033199393237607
        },
        {
            "Time": "2023-03-16",
            "value": 2.3398348016625774
        },
        {
            "Time": "2023-03-17",
            "value": 1.4621579551553106
        },
        {
            "Time": "2023-03-18",
            "value": 0.41005828061307875
        },
        {
            "Time": "2023-03-19",
            "value": 0.17083333237986112
        },
        {
            "Time": "2023-03-20",
            "value": 1.938900112488393
        },
        {
            "Time": "2023-03-21",
            "value": 1.089951800238655
        },
        {
            "Time": "2023-03-22",
            "value": 1.8738088539619178
        },
        {
            "Time": "2023-03-23",
            "value": 0.22138503311550928
        },
        {
            "Time": "2023-03-24",
            "value": 0.23822279779909145
        },
        {
            "Time": "2023-03-25",
            "value": 0.2663900462525174
        },
        {
            "Time": "2023-03-26",
            "value": 1.024044886245672
        },
        {
            "Time": "2023-03-27",
            "value": 0.0
        }
    ]
}