{
    "data": [
        {
            "Time": "2022-11-27",
            "value": 0.18476054786444773
        },
        {
            "Time": "2022-11-28",
            "value": 0.5106516131046241
        },
        {
            "Time": "2022-11-29",
            "value": 0.5969101228203314
        },
        {
            "Time": "2022-11-30",
            "value": 0.24369896885177408
        },
        {
            "Time": "2022-12-01",
            "value": 0.2905922996845428
        },
        {
            "Time": "2022-12-02",
            "value": 0.3132340047455208
        },
        {
            "Time": "2022-12-03",
            "value": 0.5082125142353375
        },
        {
            "Time": "2022-12-04",
            "value": 0.38112852872283853
        },
        {
            "Time": "2022-12-05",
            "value": 0.3260152465263608
        },
        {
            "Time": "2022-12-06",
            "value": 0.494396182125853
        },
        {
            "Time": "2022-12-07",
            "value": 0.13685197005493743
        },
        {
            "Time": "2022-12-08",
            "value": 0.6034050927509259
        },
        {
            "Time": "2022-12-09",
            "value": 0.5519753249303828
        },
        {
            "Time": "2022-12-10",
            "value": 1.106698464715658
        },
        {
            "Time": "2022-12-11",
            "value": 0.29644316810371757
        },
        {
            "Time": "2022-12-12",
            "value": 0.49419840473851795
        },
        {
            "Time": "2022-12-13",
            "value": 1.3560954064392738
        },
        {
            "Time": "2022-12-14",
            "value": 0.4898669750760562
        },
        {
            "Time": "2022-12-15",
            "value": 0.37387958766427776
        },
        {
            "Time": "2022-12-16",
            "value": 0.23753114396341002
        },
        {
            "Time": "2022-12-17",
            "value": 0.30436224873978696
        },
        {
            "Time": "2022-12-18",
            "value": 1.5839676468312134
        },
        {
            "Time": "2022-12-19",
            "value": 1.080308534818654
        },
        {
            "Time": "2022-12-20",
            "value": 1.2289405170019365
        },
        {
            "Time": "2022-12-21",
            "value": 1.4941868148232793
        },
        {
            "Time": "2022-12-22",
            "value": 1.1901113915235304
        },
        {
            "Time": "2022-12-23",
            "value": 1.1035798926595524
        },
        {
            "Time": "2022-12-24",
            "value": 1.0892616625157303
        },
        {
            "Time": "2022-12-25",
            "value": 1.0911263364753288
        },
        {
            "Time": "2022-12-26",
            "value": 1.202971368973893
        },
        {
            "Time": "2022-12-27",
            "value": 0.6278760875266022
        },
        {
            "Time": "2022-12-28",
            "value": 0.3648113427108796
        },
        {
            "Time": "2022-12-29",
            "value": 0.22853433843371912
        },
        {
            "Time": "2022-12-30",
            "value": 0.3414715625155589
        },
        {
            "Time": "2022-12-31",
            "value": 0.9583994014265967
        },
        {
            "Time": "2023-01-01",
            "value": 0.5498804742166604
        },
        {
            "Time": "2023-01-02",
            "value": 0.29189815300935185
        },
        {
            "Time": "2023-01-03",
            "value": 0.3298643900366215
        },
        {
            "Time": "2023-01-04",
            "value": 0.3345381923015046
        },
        {
            "Time": "2023-01-05",
            "value": 0.44082986043069905
        },
        {
            "Time": "2023-01-06",
            "value": 1.5068013538291158
        },
        {
            "Time": "2023-01-07",
            "value": 1.607015970099142
        },
        {
            "Time": "2023-01-08",
            "value": 1.5858752813668038
        },
        {
            "Time": "2023-01-09",
            "value": 0.3832685172228588
        },
        {
            "Time": "2023-01-10",
            "value": 0.41850360058352465
        },
        {
            "Time": "2023-01-11",
            "value": 0.5621699087876679
        },
        {
            "Time": "2023-01-12",
            "value": 0.9443056299629315
        },
        {
            "Time": "2023-01-13",
            "value": 0.27774146364130786
        },
        {
            "Time": "2023-01-14",
            "value": 1.0737126921171471
        },
        {
            "Time": "2023-01-15",
            "value": 0.3012489016294214
        },
        {
            "Time": "2023-01-16",
            "value": 1.240185330046549
        },
        {
            "Time": "2023-01-17",
            "value": 0.36469560542812507
        },
        {
            "Time": "2023-01-18",
            "value": 1.3152384847780607
        },
        {
            "Time": "2023-01-19",
            "value": 1.2315785279352616
        },
        {
            "Time": "2023-01-20",
            "value": 0.5958048166354275
        },
        {
            "Time": "2023-01-21",
            "value": 0.22376273234905092
        },
        {
            "Time": "2023-01-22",
            "value": 1.0682415790985484
        },
        {
            "Time": "2023-01-23",
            "value": 0.21916157279171294
        },
        {
            "Time": "2023-01-24",
            "value": 0.6190743056953673
        },
        {
            "Time": "2023-01-25",
            "value": 1.4523423710287071
        },
        {
            "Time": "2023-01-26",
            "value": 0.8700064689829708
        },
        {
            "Time": "2023-01-27",
            "value": 1.4080983177660722
        },
        {
            "Time": "2023-01-28",
            "value": 1.4768645023453981
        },
        {
            "Time": "2023-01-29",
            "value": 1.5056410044084143
        },
        {
            "Time": "2023-01-30",
            "value": 1.8456258570588393
        },
        {
            "Time": "2023-01-31",
            "value": 1.7337354499475854
        },
        {
            "Time": "2023-02-01",
            "value": 0.38423605811360917
        },
        {
            "Time": "2023-02-02",
            "value": 0.7834661851057406
        },
        {
            "Time": "2023-02-03",
            "value": 0.43638525247146903
        },
        {
            "Time": "2023-02-04",
            "value": 0.1582433287293526
        },
        {
            "Time": "2023-02-05",
            "value": 0.3240061349862986
        },
        {
            "Time": "2023-02-06",
            "value": 1.0010385556683017
        },
        {
            "Time": "2023-02-07",
            "value": 0.30846527234558146
        },
        {
            "Time": "2023-02-08",
            "value": 0.1827763884493039
        },
        {
            "Time": "2023-02-09",
            "value": 0.37827271642306687
        },
        {
            "Time": "2023-02-10",
            "value": 0.2289074586526984
        },
        {
            "Time": "2023-02-11",
            "value": 0.5787182256731652
        },
        {
            "Time": "2023-02-12",
            "value": 0.8793174617638982
        },
        {
            "Time": "2023-02-13",
            "value": 0.3589295850726034
        },
        {
            "Time": "2023-02-14",
            "value": 0.6779956152960505
        },
        {
            "Time": "2023-02-15",
            "value": 1.5812867381122582
        },
        {
            "Time": "2023-02-16",
            "value": 2.2557336638431353
        },
        {
            "Time": "2023-02-17",
            "value": 1.5544873851347767
        },
        {
            "Time": "2023-02-18",
            "value": 1.9872903568186564
        },
        {
            "Time": "2023-02-19",
            "value": 0.6262346504800768
        },
        {
            "Time": "2023-02-20",
            "value": 1.114806753372914
        },
        {
            "Time": "2023-02-21",
            "value": 2.362652463744433
        },
        {
            "Time": "2023-02-22",
            "value": 1.8003364257210257
        },
        {
            "Time": "2023-02-23",
            "value": 1.708311814526702
        },
        {
            "Time": "2023-02-24",
            "value": 0.849259040172583
        },
        {
            "Time": "2023-02-25",
            "value": 2.2050712755075237
        },
        {
            "Time": "2023-02-26",
            "value": 2.471327223560528
        },
        {
            "Time": "2023-02-27",
            "value": 1.906319741232474
        },
        {
            "Time": "2023-02-28",
            "value": 1.2073773574690976
        },
        {
            "Time": "2023-03-01",
            "value": 1.2440124432447768
        },
        {
            "Time": "2023-03-02",
            "value": 1.3680307753040113
        },
        {
            "Time": "2023-03-03",
            "value": 2.145052053921576
        },
        {
            "Time": "2023-03-04",
            "value": 2.4735451848517602
        },
        {
            "Time": "2023-03-05",
            "value": 2.5457538675829836
        },
        {
            "Time": "2023-03-06",
            "value": 2.5993188249857213
        },
        {
            "Time": "2023-03-07",
            "value": 2.711027105378346
        },
        {
            "Time": "2023-03-08",
            "value": 2.499839758708335
        },
        {
            "Time": "2023-03-09",
            "value": 1.8589808990998506
        },
        {
            "Time": "2023-03-10",
            "value": 2.804468564364422
        },
        {
            "Time": "2023-03-11",
            "value": 2.4126945727192504
        },
        {
            "Time": "2023-03-12",
            "value": 0.5159745159745367
        },
        {
            "Time": "2023-03-13",
            "value": 2.1417875129870545
        },
        {
            "Time": "2023-03-14",
            "value": 2.9429159328370864
        },
        {
            "Time": "2023-03-15",
            "value": 2.353580005269932
        },
        {
            "Time": "2023-03-16",
            "value": 2.3289472072976847
        },
        {
            "Time": "2023-03-17",
            "value": 1.4544356949363504
        },
        {
            "Time": "2023-03-18",
            "value": 0.3707982551031716
        },
        {
            "Time": "2023-03-19",
            "value": 0.17173611137698147
        },
        {
            "Time": "2023-03-20",
            "value": 1.9002881933154063
        },
        {
            "Time": "2023-03-21",
            "value": 1.0443713251033553
        },
        {
            "Time": "2023-03-22",
            "value": 1.8548412302497699
        },
        {
            "Time": "2023-03-23",
            "value": 0.183710847049457
        },
        {
            "Time": "2023-03-24",
            "value": 0.2227606505249537
        },
        {
            "Time": "2023-03-25",
            "value": 0.26424884480905325
        },
        {
            "Time": "2023-03-26",
            "value": 0.9904508898417217
        },
        {
            "Time": "2023-03-27",
            "value": 0.0
        }
    ]
}