{
    "data": [
        {
            "Time": "2022-11-27",
            "value": 0.25043282945379713
        },
        {
            "Time": "2022-11-28",
            "value": 0.794747481819505
        },
        {
            "Time": "2022-11-29",
            "value": 0.7338263095993202
        },
        {
            "Time": "2022-11-30",
            "value": 0.33957594605589336
        },
        {
            "Time": "2022-12-01",
            "value": 0.0
        },
        {
            "Time": "2022-12-02",
            "value": 0.0
        },
        {
            "Time": "2022-12-03",
            "value": 0.0
        },
        {
            "Time": "2022-12-04",
            "value": 0.0
        },
        {
            "Time": "2022-12-05",
            "value": 0.0
        },
        {
            "Time": "2022-12-06",
            "value": 0.0
        },
        {
            "Time": "2022-12-07",
            "value": 0.0
        },
        {
            "Time": "2022-12-08",
            "value": 0.8895601768580141
        },
        {
            "Time": "2022-12-09",
            "value": 0.7189333144854967
        },
        {
            "Time": "2022-12-10",
            "value": 1.9513390431078874
        },
        {
            "Time": "2022-12-11",
            "value": 0.39865376314653933
        },
        {
            "Time": "2022-12-12",
            "value": 1.174646721175119
        },
        {
            "Time": "2022-12-13",
            "value": 1.4422973953679628
        },
        {
            "Time": "2022-12-14",
            "value": 0.6603729963600967
        },
        {
            "Time": "2022-12-15",
            "value": 0.5004923584258248
        },
        {
            "Time": "2022-12-16",
            "value": 0.3320351470321958
        },
        {
            "Time": "2022-12-17",
            "value": 0.4495503572274753
        },
        {
            "Time": "2022-12-18",
            "value": 2.604398996646075
        },
        {
            "Time": "2022-12-19",
            "value": 2.376099454376837
        },
        {
            "Time": "2022-12-20",
            "value": 1.2880521637491393
        },
        {
            "Time": "2022-12-21",
            "value": 2.2760792678783996
        },
        {
            "Time": "2022-12-22",
            "value": 2.27658299949094
        },
        {
            "Time": "2022-12-23",
            "value": 2.283829800183887
        },
        {
            "Time": "2022-12-24",
            "value": 2.497300464302845
        },
        {
            "Time": "2022-12-25",
            "value": 2.528582350061094
        },
        {
            "Time": "2022-12-26",
            "value": 1.9734282583357035
        },
        {
            "Time": "2022-12-27",
            "value": 0.8905336484455055
        },
        {
            "Time": "2022-12-28",
            "value": 0.47887731366898145
        },
        {
            "Time": "2022-12-29",
            "value": 0.3187824049858796
        },
        {
            "Time": "2022-12-30",
            "value": 0.45533102384606483
        },
        {
            "Time": "2022-12-31",
            "value": 1.341273562230896
        },
        {
            "Time": "2023-01-01",
            "value": 0.734220685860973
        },
        {
            "Time": "2023-01-02",
            "value": 0.3836168927921296
        },
        {
            "Time": "2023-01-03",
            "value": 0.4298003657834907
        },
        {
            "Time": "2023-01-04",
            "value": 0.4431071408400628
        },
        {
            "Time": "2023-01-05",
            "value": 0.5531956064025463
        },
        {
            "Time": "2023-01-06",
            "value": 2.346540804124289
        },
        {
            "Time": "2023-01-07",
            "value": 2.516160042298495
        },
        {
            "Time": "2023-01-08",
            "value": 2.5204621434305876
        },
        {
            "Time": "2023-01-09",
            "value": 0.4804725098011574
        },
        {
            "Time": "2023-01-10",
            "value": 0.5370095114410803
        },
        {
            "Time": "2023-01-11",
            "value": 0.7101083503059269
        },
        {
            "Time": "2023-01-12",
            "value": 1.511863723667138
        },
        {
            "Time": "2023-01-13",
            "value": 0.3692959871388597
        },
        {
            "Time": "2023-01-14",
            "value": 1.5789217806054827
        },
        {
            "Time": "2023-01-15",
            "value": 0.41258809583694833
        },
        {
            "Time": "2023-01-16",
            "value": 1.9658602274348238
        },
        {
            "Time": "2023-01-17",
            "value": 0.4914935199792245
        },
        {
            "Time": "2023-01-18",
            "value": 2.366456443875212
        },
        {
            "Time": "2023-01-19",
            "value": 2.078709236306815
        },
        {
            "Time": "2023-01-20",
            "value": 0.8479271259347917
        },
        {
            "Time": "2023-01-21",
            "value": 0.3170714132029051
        },
        {
            "Time": "2023-01-22",
            "value": 1.8789397046458902
        },
        {
            "Time": "2023-01-23",
            "value": 0.2886974513510301
        },
        {
            "Time": "2023-01-24",
            "value": 1.680575078533742
        },
        {
            "Time": "2023-01-25",
            "value": 2.7597666750834797
        },
        {
            "Time": "2023-01-26",
            "value": 1.2793372884691394
        },
        {
            "Time": "2023-01-27",
            "value": 2.4476747185411405
        },
        {
            "Time": "2023-01-28",
            "value": 2.78794382139407
        },
        {
            "Time": "2023-01-29",
            "value": 2.753504383391236
        },
        {
            "Time": "2023-01-30",
            "value": 2.928498929787311
        },
        {
            "Time": "2023-01-31",
            "value": 2.913131928743217
        },
        {
            "Time": "2023-02-01",
            "value": 0.5009602401455555
        },
        {
            "Time": "2023-02-02",
            "value": 1.134964990067589
        },
        {
            "Time": "2023-02-03",
            "value": 0.5649048787996808
        },
        {
            "Time": "2023-02-04",
            "value": 0.24795862497352433
        },
        {
            "Time": "2023-02-05",
            "value": 0.40972834335725855
        },
        {
            "Time": "2023-02-06",
            "value": 1.6947650813220592
        },
        {
            "Time": "2023-02-07",
            "value": 0.3878136826250999
        },
        {
            "Time": "2023-02-08",
            "value": 0.26933017143442123
        },
        {
            "Time": "2023-02-09",
            "value": 0.5241762759444092
        },
        {
            "Time": "2023-02-10",
            "value": 0.31277944617001574
        },
        {
            "Time": "2023-02-11",
            "value": 0.8794343990417043
        },
        {
            "Time": "2023-02-12",
            "value": 1.2635550227336834
        },
        {
            "Time": "2023-02-13",
            "value": 0.46680139352669303
        },
        {
            "Time": "2023-02-14",
            "value": 1.0088563110293407
        },
        {
            "Time": "2023-02-15",
            "value": 2.594459416851529
        },
        {
            "Time": "2023-02-16",
            "value": 3.0789229019888227
        },
        {
            "Time": "2023-02-17",
            "value": 2.2596397593431408
        },
        {
            "Time": "2023-02-18",
            "value": 2.692953831434812
        },
        {
            "Time": "2023-02-19",
            "value": 0.7976796812937571
        },
        {
            "Time": "2023-02-20",
            "value": 1.560252533968081
        },
        {
            "Time": "2023-02-21",
            "value": 3.0037846786972007
        },
        {
            "Time": "2023-02-22",
            "value": 2.586819288170726
        },
        {
            "Time": "2023-02-23",
            "value": 2.454715278618841
        },
        {
            "Time": "2023-02-24",
            "value": 1.1120262314038447
        },
        {
            "Time": "2023-02-25",
            "value": 2.7563837108185543
        },
        {
            "Time": "2023-02-26",
            "value": 3.0851631500308048
        },
        {
            "Time": "2023-02-27",
            "value": 2.6972631652813015
        },
        {
            "Time": "2023-02-28",
            "value": 1.5013513992067016
        },
        {
            "Time": "2023-03-01",
            "value": 1.5409578698141422
        },
        {
            "Time": "2023-03-02",
            "value": 2.0699649032895846
        },
        {
            "Time": "2023-03-03",
            "value": 2.683167264373237
        },
        {
            "Time": "2023-03-04",
            "value": 2.9999055744149308
        },
        {
            "Time": "2023-03-05",
            "value": 2.9451531404297175
        },
        {
            "Time": "2023-03-06",
            "value": 3.0598058114575895
        },
        {
            "Time": "2023-03-07",
            "value": 3.0126845853061344
        },
        {
            "Time": "2023-03-08",
            "value": 2.7024006486055563
        },
        {
            "Time": "2023-03-09",
            "value": 2.2634980145487233
        },
        {
            "Time": "2023-03-10",
            "value": 3.089665922297371
        },
        {
            "Time": "2023-03-11",
            "value": 2.5805035790921504
        },
        {
            "Time": "2023-03-12",
            "value": 0.6519202448824392
        },
        {
            "Time": "2023-03-13",
            "value": 2.4349432823776778
        },
        {
            "Time": "2023-03-14",
            "value": 3.21744188379987
        },
        {
            "Time": "2023-03-15",
            "value": 2.652676499090055
        },
        {
            "Time": "2023-03-16",
            "value": 2.7097605362418338
        },
        {
            "Time": "2023-03-17",
            "value": 1.5606790924412928
        },
        {
            "Time": "2023-03-18",
            "value": 0.479491183279558
        },
        {
            "Time": "2023-03-19",
            "value": 0.22395833400462964
        },
        {
            "Time": "2023-03-20",
            "value": 2.217162257461635
        },
        {
            "Time": "2023-03-21",
            "value": 1.231565135877927
        },
        {
            "Time": "2023-03-22",
            "value": 2.0802333827984145
        },
        {
            "Time": "2023-03-23",
            "value": 0.27213458885767194
        },
        {
            "Time": "2023-03-24",
            "value": 0.30630427824280093
        },
        {
            "Time": "2023-03-25",
            "value": 0.3401620339848206
        },
        {
            "Time": "2023-03-26",
            "value": 1.1708459587400304
        },
        {
            "Time": "2023-03-27",
            "value": 0.0
        }
    ]
}