{
    "data": [
        {
            "Time": "2022-11-27",
            "value": 0.21692282909909805
        },
        {
            "Time": "2022-11-28",
            "value": 0.8016265187213825
        },
        {
            "Time": "2022-11-29",
            "value": 0.7684496096743311
        },
        {
            "Time": "2022-11-30",
            "value": 0.284010471975952
        },
        {
            "Time": "2022-12-01",
            "value": 0.0
        },
        {
            "Time": "2022-12-02",
            "value": 0.0
        },
        {
            "Time": "2022-12-03",
            "value": 0.0
        },
        {
            "Time": "2022-12-04",
            "value": 0.0
        },
        {
            "Time": "2022-12-05",
            "value": 0.0
        },
        {
            "Time": "2022-12-06",
            "value": 0.0
        },
        {
            "Time": "2022-12-07",
            "value": 0.0
        },
        {
            "Time": "2022-12-08",
            "value": 0.856256593494942
        },
        {
            "Time": "2022-12-09",
            "value": 0.67121744884663
        },
        {
            "Time": "2022-12-10",
            "value": 2.0157770523214484
        },
        {
            "Time": "2022-12-11",
            "value": 0.3504119763299479
        },
        {
            "Time": "2022-12-12",
            "value": 1.1355202002268758
        },
        {
            "Time": "2022-12-13",
            "value": 1.5242688785014311
        },
        {
            "Time": "2022-12-14",
            "value": 0.6020289200056725
        },
        {
            "Time": "2022-12-15",
            "value": 0.44756654609989466
        },
        {
            "Time": "2022-12-16",
            "value": 0.28193641909620565
        },
        {
            "Time": "2022-12-17",
            "value": 0.38785147268166487
        },
        {
            "Time": "2022-12-18",
            "value": 2.545691020308012
        },
        {
            "Time": "2022-12-19",
            "value": 2.3699048264357283
        },
        {
            "Time": "2022-12-20",
            "value": 1.3366871923405121
        },
        {
            "Time": "2022-12-21",
            "value": 2.326647066837407
        },
        {
            "Time": "2022-12-22",
            "value": 2.367304302132333
        },
        {
            "Time": "2022-12-23",
            "value": 2.4897018878630695
        },
        {
            "Time": "2022-12-24",
            "value": 2.5185797136195647
        },
        {
            "Time": "2022-12-25",
            "value": 2.546326164545069
        },
        {
            "Time": "2022-12-26",
            "value": 2.0098109356374834
        },
        {
            "Time": "2022-12-27",
            "value": 0.8569987025224629
        },
        {
            "Time": "2022-12-28",
            "value": 0.43584258966550926
        },
        {
            "Time": "2022-12-29",
            "value": 0.27772762129212963
        },
        {
            "Time": "2022-12-30",
            "value": 0.4130752370914352
        },
        {
            "Time": "2022-12-31",
            "value": 1.3127206569414673
        },
        {
            "Time": "2023-01-01",
            "value": 0.6911028507653709
        },
        {
            "Time": "2023-01-02",
            "value": 0.3432870384150463
        },
        {
            "Time": "2023-01-03",
            "value": 0.3805626854733255
        },
        {
            "Time": "2023-01-04",
            "value": 0.40528497337145003
        },
        {
            "Time": "2023-01-05",
            "value": 0.5144131971324074
        },
        {
            "Time": "2023-01-06",
            "value": 2.346084694731529
        },
        {
            "Time": "2023-01-07",
            "value": 2.5197720030851327
        },
        {
            "Time": "2023-01-08",
            "value": 2.5034230682339706
        },
        {
            "Time": "2023-01-09",
            "value": 0.44304926972754466
        },
        {
            "Time": "2023-01-10",
            "value": 0.5042338419710434
        },
        {
            "Time": "2023-01-11",
            "value": 0.6672003839151948
        },
        {
            "Time": "2023-01-12",
            "value": 1.4907406323437504
        },
        {
            "Time": "2023-01-13",
            "value": 0.3264828843788515
        },
        {
            "Time": "2023-01-14",
            "value": 1.6513612039913892
        },
        {
            "Time": "2023-01-15",
            "value": 0.36818351333816135
        },
        {
            "Time": "2023-01-16",
            "value": 1.9960745322901052
        },
        {
            "Time": "2023-01-17",
            "value": 0.4334334330391535
        },
        {
            "Time": "2023-01-18",
            "value": 2.4183743725286093
        },
        {
            "Time": "2023-01-19",
            "value": 1.9965117548207425
        },
        {
            "Time": "2023-01-20",
            "value": 0.7966834296025637
        },
        {
            "Time": "2023-01-21",
            "value": 0.2743819454571991
        },
        {
            "Time": "2023-01-22",
            "value": 1.9094330485432405
        },
        {
            "Time": "2023-01-23",
            "value": 0.2514006601544759
        },
        {
            "Time": "2023-01-24",
            "value": 1.6603722947957777
        },
        {
            "Time": "2023-01-25",
            "value": 2.675214261381017
        },
        {
            "Time": "2023-01-26",
            "value": 1.297526277885941
        },
        {
            "Time": "2023-01-27",
            "value": 2.436986320125831
        },
        {
            "Time": "2023-01-28",
            "value": 2.682924450380254
        },
        {
            "Time": "2023-01-29",
            "value": 2.7093927520137107
        },
        {
            "Time": "2023-01-30",
            "value": 2.811394651420607
        },
        {
            "Time": "2023-01-31",
            "value": 2.7748879824744757
        },
        {
            "Time": "2023-02-01",
            "value": 0.4571663967825396
        },
        {
            "Time": "2023-02-02",
            "value": 1.0542204738599756
        },
        {
            "Time": "2023-02-03",
            "value": 0.5093667786226255
        },
        {
            "Time": "2023-02-04",
            "value": 0.1963028838851852
        },
        {
            "Time": "2023-02-05",
            "value": 0.37304502971317605
        },
        {
            "Time": "2023-02-06",
            "value": 1.6791144149463137
        },
        {
            "Time": "2023-02-07",
            "value": 0.3552691018458302
        },
        {
            "Time": "2023-02-08",
            "value": 0.22162725923989693
        },
        {
            "Time": "2023-02-09",
            "value": 0.4636744363295302
        },
        {
            "Time": "2023-02-10",
            "value": 0.2644085664709209
        },
        {
            "Time": "2023-02-11",
            "value": 0.8206204321472478
        },
        {
            "Time": "2023-02-12",
            "value": 1.1948846767179784
        },
        {
            "Time": "2023-02-13",
            "value": 0.42717813105649893
        },
        {
            "Time": "2023-02-14",
            "value": 0.9199630340236913
        },
        {
            "Time": "2023-02-15",
            "value": 2.5481670170714668
        },
        {
            "Time": "2023-02-16",
            "value": 3.0137767165217655
        },
        {
            "Time": "2023-02-17",
            "value": 2.1911209111728187
        },
        {
            "Time": "2023-02-18",
            "value": 2.6222707052345338
        },
        {
            "Time": "2023-02-19",
            "value": 0.7443487851349327
        },
        {
            "Time": "2023-02-20",
            "value": 1.4702660787430555
        },
        {
            "Time": "2023-02-21",
            "value": 2.9400494708314593
        },
        {
            "Time": "2023-02-22",
            "value": 2.513560822373252
        },
        {
            "Time": "2023-02-23",
            "value": 2.378099486400917
        },
        {
            "Time": "2023-02-24",
            "value": 1.0526959914479626
        },
        {
            "Time": "2023-02-25",
            "value": 2.6966101439466206
        },
        {
            "Time": "2023-02-26",
            "value": 3.013281916577696
        },
        {
            "Time": "2023-02-27",
            "value": 2.603652944930492
        },
        {
            "Time": "2023-02-28",
            "value": 1.458073227456594
        },
        {
            "Time": "2023-03-01",
            "value": 1.5022603130657897
        },
        {
            "Time": "2023-03-02",
            "value": 1.968246540485707
        },
        {
            "Time": "2023-03-03",
            "value": 2.6229021856612458
        },
        {
            "Time": "2023-03-04",
            "value": 2.9306958391394176
        },
        {
            "Time": "2023-03-05",
            "value": 2.8677731889033327
        },
        {
            "Time": "2023-03-06",
            "value": 2.987400763550312
        },
        {
            "Time": "2023-03-07",
            "value": 2.9508400212203147
        },
        {
            "Time": "2023-03-08",
            "value": 2.6852842192208075
        },
        {
            "Time": "2023-03-09",
            "value": 2.181119188367693
        },
        {
            "Time": "2023-03-10",
            "value": 3.0153444904324695
        },
        {
            "Time": "2023-03-11",
            "value": 2.5284825544466427
        },
        {
            "Time": "2023-03-12",
            "value": 0.6095729524032347
        },
        {
            "Time": "2023-03-13",
            "value": 2.3591114507990674
        },
        {
            "Time": "2023-03-14",
            "value": 3.0955820903553564
        },
        {
            "Time": "2023-03-15",
            "value": 2.563878986693995
        },
        {
            "Time": "2023-03-16",
            "value": 2.6129338189229627
        },
        {
            "Time": "2023-03-17",
            "value": 1.5422657280321501
        },
        {
            "Time": "2023-03-18",
            "value": 0.43281643764280076
        },
        {
            "Time": "2023-03-19",
            "value": 0.19198495570023147
        },
        {
            "Time": "2023-03-20",
            "value": 2.1423875715158944
        },
        {
            "Time": "2023-03-21",
            "value": 1.1662769148506293
        },
        {
            "Time": "2023-03-22",
            "value": 2.0149640968680935
        },
        {
            "Time": "2023-03-23",
            "value": 0.224651123601207
        },
        {
            "Time": "2023-03-24",
            "value": 0.2548590900743634
        },
        {
            "Time": "2023-03-25",
            "value": 0.30368171449724535
        },
        {
            "Time": "2023-03-26",
            "value": 1.114350402991978
        },
        {
            "Time": "2023-03-27",
            "value": 0.0
        }
    ]
}