{
    "data": [
        {
            "Time": "2022-11-27",
            "value": 0.1907977607178908
        },
        {
            "Time": "2022-11-28",
            "value": 0.8703867746058938
        },
        {
            "Time": "2022-11-29",
            "value": 0.7300837114298651
        },
        {
            "Time": "2022-11-30",
            "value": 0.28349054581969485
        },
        {
            "Time": "2022-12-01",
            "value": 0.0
        },
        {
            "Time": "2022-12-02",
            "value": 0.0
        },
        {
            "Time": "2022-12-03",
            "value": 0.0
        },
        {
            "Time": "2022-12-04",
            "value": 0.0
        },
        {
            "Time": "2022-12-05",
            "value": 0.0
        },
        {
            "Time": "2022-12-06",
            "value": 0.0
        },
        {
            "Time": "2022-12-07",
            "value": 0.0
        },
        {
            "Time": "2022-12-08",
            "value": 0.8749130400552529
        },
        {
            "Time": "2022-12-09",
            "value": 0.6975173721240497
        },
        {
            "Time": "2022-12-10",
            "value": 1.9678517413963164
        },
        {
            "Time": "2022-12-11",
            "value": 0.3453977119133366
        },
        {
            "Time": "2022-12-12",
            "value": 1.1503344357274725
        },
        {
            "Time": "2022-12-13",
            "value": 1.4855351329069846
        },
        {
            "Time": "2022-12-14",
            "value": 0.6171882483064016
        },
        {
            "Time": "2022-12-15",
            "value": 0.4440037335999965
        },
        {
            "Time": "2022-12-16",
            "value": 0.27547510584853985
        },
        {
            "Time": "2022-12-17",
            "value": 0.40141369172221986
        },
        {
            "Time": "2022-12-18",
            "value": 2.5093230264989903
        },
        {
            "Time": "2022-12-19",
            "value": 2.357033145410281
        },
        {
            "Time": "2022-12-20",
            "value": 1.3020455700702525
        },
        {
            "Time": "2022-12-21",
            "value": 2.2744063386826388
        },
        {
            "Time": "2022-12-22",
            "value": 2.3244364782324465
        },
        {
            "Time": "2022-12-23",
            "value": 2.4381591196200723
        },
        {
            "Time": "2022-12-24",
            "value": 2.4568048099776503
        },
        {
            "Time": "2022-12-25",
            "value": 2.484912866812033
        },
        {
            "Time": "2022-12-26",
            "value": 1.9865202899142267
        },
        {
            "Time": "2022-12-27",
            "value": 0.8633772256580785
        },
        {
            "Time": "2022-12-28",
            "value": 0.4240035255656874
        },
        {
            "Time": "2022-12-29",
            "value": 0.25568431710075984
        },
        {
            "Time": "2022-12-30",
            "value": 0.40963796538288705
        },
        {
            "Time": "2022-12-31",
            "value": 1.376039838952278
        },
        {
            "Time": "2023-01-01",
            "value": 0.7052398450881653
        },
        {
            "Time": "2023-01-02",
            "value": 0.3450752289549074
        },
        {
            "Time": "2023-01-03",
            "value": 0.38947630605679173
        },
        {
            "Time": "2023-01-04",
            "value": 0.4009707323626167
        },
        {
            "Time": "2023-01-05",
            "value": 0.5174378470154699
        },
        {
            "Time": "2023-01-06",
            "value": 2.3037253484018523
        },
        {
            "Time": "2023-01-07",
            "value": 2.459955205075962
        },
        {
            "Time": "2023-01-08",
            "value": 2.453644352400255
        },
        {
            "Time": "2023-01-09",
            "value": 0.45610315386576467
        },
        {
            "Time": "2023-01-10",
            "value": 0.5009669884837626
        },
        {
            "Time": "2023-01-11",
            "value": 0.6833505652686143
        },
        {
            "Time": "2023-01-12",
            "value": 1.5069548157375414
        },
        {
            "Time": "2023-01-13",
            "value": 0.32092390947507277
        },
        {
            "Time": "2023-01-14",
            "value": 1.6100185400563527
        },
        {
            "Time": "2023-01-15",
            "value": 0.360271386018639
        },
        {
            "Time": "2023-01-16",
            "value": 2.033878036620023
        },
        {
            "Time": "2023-01-17",
            "value": 0.4324120704520883
        },
        {
            "Time": "2023-01-18",
            "value": 2.45050325956098
        },
        {
            "Time": "2023-01-19",
            "value": 2.0334940127818584
        },
        {
            "Time": "2023-01-20",
            "value": 0.8125969192841649
        },
        {
            "Time": "2023-01-21",
            "value": 0.2571056145498808
        },
        {
            "Time": "2023-01-22",
            "value": 1.9726188869008376
        },
        {
            "Time": "2023-01-23",
            "value": 0.23524776228030903
        },
        {
            "Time": "2023-01-24",
            "value": 1.7885758650467836
        },
        {
            "Time": "2023-01-25",
            "value": 2.7294940393472302
        },
        {
            "Time": "2023-01-26",
            "value": 1.3024425487166518
        },
        {
            "Time": "2023-01-27",
            "value": 2.4770307361867516
        },
        {
            "Time": "2023-01-28",
            "value": 2.758623894513863
        },
        {
            "Time": "2023-01-29",
            "value": 2.7804739141529837
        },
        {
            "Time": "2023-01-30",
            "value": 2.836913969871068
        },
        {
            "Time": "2023-01-31",
            "value": 2.8175194879214427
        },
        {
            "Time": "2023-02-01",
            "value": 0.4627083261636227
        },
        {
            "Time": "2023-02-02",
            "value": 1.1246336389983351
        },
        {
            "Time": "2023-02-03",
            "value": 0.5105907286992011
        },
        {
            "Time": "2023-02-04",
            "value": 0.16585561997989035
        },
        {
            "Time": "2023-02-05",
            "value": 0.3667020076467518
        },
        {
            "Time": "2023-02-06",
            "value": 1.6483179534633656
        },
        {
            "Time": "2023-02-07",
            "value": 0.34858414041292596
        },
        {
            "Time": "2023-02-08",
            "value": 0.2056609881694064
        },
        {
            "Time": "2023-02-09",
            "value": 0.4736277233557467
        },
        {
            "Time": "2023-02-10",
            "value": 0.25573434809630896
        },
        {
            "Time": "2023-02-11",
            "value": 0.9123864092897046
        },
        {
            "Time": "2023-02-12",
            "value": 1.2529836899231699
        },
        {
            "Time": "2023-02-13",
            "value": 0.40436391467487653
        },
        {
            "Time": "2023-02-14",
            "value": 1.0191439462062784
        },
        {
            "Time": "2023-02-15",
            "value": 2.616682367446629
        },
        {
            "Time": "2023-02-16",
            "value": 3.000110644964958
        },
        {
            "Time": "2023-02-17",
            "value": 2.2493974712585407
        },
        {
            "Time": "2023-02-18",
            "value": 2.632221161278419
        },
        {
            "Time": "2023-02-19",
            "value": 0.7685693703716019
        },
        {
            "Time": "2023-02-20",
            "value": 1.5606441288188542
        },
        {
            "Time": "2023-02-21",
            "value": 2.9515625854007
        },
        {
            "Time": "2023-02-22",
            "value": 2.5675762234657684
        },
        {
            "Time": "2023-02-23",
            "value": 2.4394185286626593
        },
        {
            "Time": "2023-02-24",
            "value": 1.0761240770597924
        },
        {
            "Time": "2023-02-25",
            "value": 2.7613597368883243
        },
        {
            "Time": "2023-02-26",
            "value": 2.971618427374435
        },
        {
            "Time": "2023-02-27",
            "value": 2.6381514967106536
        },
        {
            "Time": "2023-02-28",
            "value": 1.5018635340544342
        },
        {
            "Time": "2023-03-01",
            "value": 1.5164771418554304
        },
        {
            "Time": "2023-03-02",
            "value": 2.087212549417186
        },
        {
            "Time": "2023-03-03",
            "value": 2.675363582185514
        },
        {
            "Time": "2023-03-04",
            "value": 2.9171219114158964
        },
        {
            "Time": "2023-03-05",
            "value": 2.909082728769903
        },
        {
            "Time": "2023-03-06",
            "value": 2.975052641909294
        },
        {
            "Time": "2023-03-07",
            "value": 2.9678560112562304
        },
        {
            "Time": "2023-03-08",
            "value": 2.6945312968503337
        },
        {
            "Time": "2023-03-09",
            "value": 2.229247445744967
        },
        {
            "Time": "2023-03-10",
            "value": 3.0073451810665355
        },
        {
            "Time": "2023-03-11",
            "value": 2.5778962951287685
        },
        {
            "Time": "2023-03-12",
            "value": 0.6208355612419947
        },
        {
            "Time": "2023-03-13",
            "value": 2.4518933111061925
        },
        {
            "Time": "2023-03-14",
            "value": 3.0118471589196267
        },
        {
            "Time": "2023-03-15",
            "value": 2.627390490900284
        },
        {
            "Time": "2023-03-16",
            "value": 2.6593033241837083
        },
        {
            "Time": "2023-03-17",
            "value": 1.5463850579021223
        },
        {
            "Time": "2023-03-18",
            "value": 0.4250499855548266
        },
        {
            "Time": "2023-03-19",
            "value": 0.17947145821520272
        },
        {
            "Time": "2023-03-20",
            "value": 2.1907870730400885
        },
        {
            "Time": "2023-03-21",
            "value": 1.2054446671302539
        },
        {
            "Time": "2023-03-22",
            "value": 2.066341648491306
        },
        {
            "Time": "2023-03-23",
            "value": 0.21096482074745684
        },
        {
            "Time": "2023-03-24",
            "value": 0.2388322587613575
        },
        {
            "Time": "2023-03-25",
            "value": 0.29986255375415855
        },
        {
            "Time": "2023-03-26",
            "value": 1.1405017099141581
        },
        {
            "Time": "2023-03-27",
            "value": 0.0
        }
    ]
}