{"data": [{"Time": "1998-01-01", "value": 357.0}, {"Time": "1998-04-01", "value": 312.0}, {"Time": "1998-07-01", "value": 377.0}, {"Time": "1998-10-01", "value": 336.0}, {"Time": "1999-01-01", "value": 323.0}, {"Time": "1999-04-01", "value": 254.0}, {"Time": "1999-07-01", "value": 205.0}, {"Time": "1999-10-01", "value": 320.0}, {"Time": "2000-01-01", "value": 273.0}, {"Time": "2000-04-01", "value": 237.0}, {"Time": "2000-07-01", "value": 227.0}, {"Time": "2000-10-01", "value": 348.0}, {"Time": "2001-01-01", "value": 293.0}, {"Time": "2001-04-01", "value": 308.0}, {"Time": "2001-07-01", "value": 227.0}, {"Time": "2001-10-01", "value": 310.0}, {"Time": "2002-01-01", "value": 319.0}, {"Time": "2002-04-01", "value": 321.0}, {"Time": "2002-07-01", "value": 332.0}, {"Time": "2002-10-01", "value": 349.0}, {"Time": "2003-01-01", "value": 303.0}, {"Time": "2003-04-01", "value": 277.0}, {"Time": "2003-07-01", "value": 330.0}, {"Time": "2003-10-01", "value": 300.0}, {"Time": "2004-01-01", "value": 322.0}, {"Time": "2004-04-01", "value": 269.0}, {"Time": "2004-07-01", "value": 245.0}, {"Time": "2004-10-01", "value": 349.0}, {"Time": "2005-01-01", "value": 339.0}, {"Time": "2005-04-01", "value": 226.0}, {"Time": "2005-07-01", "value": 215.0}, {"Time": "2005-10-01", "value": 233.0}, {"Time": "2006-01-01", "value": 260.0}, {"Time": "2006-04-01", "value": 268.0}, {"Time": "2006-07-01", "value": 240.0}, {"Time": "2006-10-01", "value": 223.0}, {"Time": "2007-01-01", "value": 253.0}, {"Time": "2007-04-01", "value": 230.0}, {"Time": "2007-07-01", "value": 201.0}, {"Time": "2007-10-01", "value": 248.0}, {"Time": "2008-01-01", "value": 260.0}, {"Time": "2008-04-01", "value": 238.0}, {"Time": "2008-07-01", "value": 154.0}, {"Time": "2008-10-01", "value": 178.0}, {"Time": "2009-01-01", "value": 233.0}, {"Time": "2009-04-01", "value": 208.0}, {"Time": "2009-07-01", "value": 249.0}, {"Time": "2009-10-01", "value": 249.0}, {"Time": "2010-01-01", "value": 211.0}, {"Time": "2010-04-01", "value": 261.0}, {"Time": "2010-07-01", "value": 225.0}, {"Time": "2010-10-01", "value": 255.0}, {"Time": "2011-01-01", "value": 241.0}, {"Time": "2011-04-01", "value": 229.0}, {"Time": "2011-07-01", "value": 205.0}, {"Time": "2011-10-01", "value": 248.0}, {"Time": "2012-01-01", "value": 189.0}, {"Time": "2012-04-01", "value": 227.0}, {"Time": "2012-07-01", "value": 203.0}, {"Time": "2012-10-01", "value": 227.0}, {"Time": "2013-01-01", "value": 229.0}, {"Time": "2013-04-01", "value": 267.0}, {"Time": "2013-07-01", "value": 175.0}, {"Time": "2013-10-01", "value": 286.0}, {"Time": "2014-01-01", "value": 251.0}, {"Time": "2014-04-01", "value": 235.0}, {"Time": "2014-07-01", "value": 225.0}, {"Time": "2014-10-01", "value": 269.0}, {"Time": "2015-01-01", "value": 279.0}, {"Time": "2015-04-01", "value": 247.0}, {"Time": "2015-07-01", "value": 189.0}, {"Time": "2015-10-01", "value": 330.0}, {"Time": "2016-01-01", "value": 268.0}, {"Time": "2016-04-01", "value": 269.0}, {"Time": "2016-07-01", "value": 224.0}, {"Time": "2016-10-01", "value": 222.0}]}