{"data": [{"Time": "1998-01-01", "value": 330.0}, {"Time": "1998-04-01", "value": 328.0}, {"Time": "1998-07-01", "value": 325.0}, {"Time": "1998-10-01", "value": 280.0}, {"Time": "1999-01-01", "value": 327.0}, {"Time": "1999-04-01", "value": 314.0}, {"Time": "1999-07-01", "value": 389.0}, {"Time": "1999-10-01", "value": 301.0}, {"Time": "2000-01-01", "value": 337.0}, {"Time": "2000-04-01", "value": 309.0}, {"Time": "2000-07-01", "value": 342.0}, {"Time": "2000-10-01", "value": 319.0}, {"Time": "2001-01-01", "value": 354.0}, {"Time": "2001-04-01", "value": 334.0}, {"Time": "2001-07-01", "value": 425.0}, {"Time": "2001-10-01", "value": 332.0}, {"Time": "2002-01-01", "value": 329.0}, {"Time": "2002-04-01", "value": 424.0}, {"Time": "2002-07-01", "value": 422.0}, {"Time": "2002-10-01", "value": 327.0}, {"Time": "2003-01-01", "value": 342.0}, {"Time": "2003-04-01", "value": 366.0}, {"Time": "2003-07-01", "value": 412.0}, {"Time": "2003-10-01", "value": 331.0}, {"Time": "2004-01-01", "value": 383.0}, {"Time": "2004-04-01", "value": 454.0}, {"Time": "2004-07-01", "value": 382.0}, {"Time": "2004-10-01", "value": 327.0}, {"Time": "2005-01-01", "value": 296.0}, {"Time": "2005-04-01", "value": 301.0}, {"Time": "2005-07-01", "value": 376.0}, {"Time": "2005-10-01", "value": 276.0}, {"Time": "2006-01-01", "value": 323.0}, {"Time": "2006-04-01", "value": 324.0}, {"Time": "2006-07-01", "value": 312.0}, {"Time": "2006-10-01", "value": 327.0}, {"Time": "2007-01-01", "value": 343.0}, {"Time": "2007-04-01", "value": 349.0}, {"Time": "2007-07-01", "value": 271.0}, {"Time": "2007-10-01", "value": 266.0}, {"Time": "2008-01-01", "value": 351.0}, {"Time": "2008-04-01", "value": 329.0}, {"Time": "2008-07-01", "value": 234.0}, {"Time": "2008-10-01", "value": 271.0}, {"Time": "2009-01-01", "value": 315.0}, {"Time": "2009-04-01", "value": 282.0}, {"Time": "2009-07-01", "value": 290.0}, {"Time": "2009-10-01", "value": 340.0}, {"Time": "2010-01-01", "value": 283.0}, {"Time": "2010-04-01", "value": 374.0}, {"Time": "2010-07-01", "value": 327.0}, {"Time": "2010-10-01", "value": 280.0}, {"Time": "2011-01-01", "value": 215.0}, {"Time": "2011-04-01", "value": 356.0}, {"Time": "2011-07-01", "value": 326.0}, {"Time": "2011-10-01", "value": 286.0}, {"Time": "2012-01-01", "value": 337.0}, {"Time": "2012-04-01", "value": 329.0}, {"Time": "2012-07-01", "value": 341.0}, {"Time": "2012-10-01", "value": 350.0}, {"Time": "2013-01-01", "value": 315.0}, {"Time": "2013-04-01", "value": 268.0}, {"Time": "2013-07-01", "value": 299.0}, {"Time": "2013-10-01", "value": 288.0}, {"Time": "2014-01-01", "value": 321.0}, {"Time": "2014-04-01", "value": 251.0}, {"Time": "2014-07-01", "value": 273.0}, {"Time": "2014-10-01", "value": 301.0}, {"Time": "2015-01-01", "value": 302.0}, {"Time": "2015-04-01", "value": 351.0}, {"Time": "2015-07-01", "value": 286.0}, {"Time": "2015-10-01", "value": 333.0}, {"Time": "2016-01-01", "value": 316.0}, {"Time": "2016-04-01", "value": 392.0}, {"Time": "2016-07-01", "value": 350.0}, {"Time": "2016-10-01", "value": 347.0}]}