{"data": [{"Time": "1998-01-01", "value": 215.0}, {"Time": "1998-04-01", "value": 336.0}, {"Time": "1998-07-01", "value": 228.0}, {"Time": "1998-10-01", "value": 201.0}, {"Time": "1999-01-01", "value": 201.0}, {"Time": "1999-04-01", "value": 247.0}, {"Time": "1999-07-01", "value": 204.0}, {"Time": "1999-10-01", "value": 256.0}, {"Time": "2000-01-01", "value": 203.0}, {"Time": "2000-04-01", "value": 189.0}, {"Time": "2000-07-01", "value": 178.0}, {"Time": "2000-10-01", "value": 211.0}, {"Time": "2001-01-01", "value": 192.0}, {"Time": "2001-04-01", "value": 192.0}, {"Time": "2001-07-01", "value": 217.0}, {"Time": "2001-10-01", "value": 313.0}, {"Time": "2002-01-01", "value": 158.0}, {"Time": "2002-04-01", "value": 230.0}, {"Time": "2002-07-01", "value": 208.0}, {"Time": "2002-10-01", "value": 287.0}, {"Time": "2003-01-01", "value": 261.0}, {"Time": "2003-04-01", "value": 264.0}, {"Time": "2003-07-01", "value": 249.0}, {"Time": "2003-10-01", "value": 216.0}, {"Time": "2004-01-01", "value": 167.0}, {"Time": "2004-04-01", "value": 191.0}, {"Time": "2004-07-01", "value": 208.0}, {"Time": "2004-10-01", "value": 281.0}, {"Time": "2005-01-01", "value": 199.0}, {"Time": "2005-04-01", "value": 245.0}, {"Time": "2005-07-01", "value": 203.0}, {"Time": "2005-10-01", "value": 166.0}, {"Time": "2006-01-01", "value": 182.0}, {"Time": "2006-04-01", "value": 223.0}, {"Time": "2006-07-01", "value": 175.0}, {"Time": "2006-10-01", "value": 189.0}, {"Time": "2007-01-01", "value": 174.0}, {"Time": "2007-04-01", "value": 202.0}, {"Time": "2007-07-01", "value": 171.0}, {"Time": "2007-10-01", "value": 230.0}, {"Time": "2008-01-01", "value": 141.0}, {"Time": "2008-04-01", "value": 166.0}, {"Time": "2008-07-01", "value": 175.0}, {"Time": "2008-10-01", "value": 193.0}, {"Time": "2009-01-01", "value": 144.0}, {"Time": "2009-04-01", "value": 223.0}, {"Time": "2009-07-01", "value": 219.0}, {"Time": "2009-10-01", "value": 214.0}, {"Time": "2010-01-01", "value": 176.0}, {"Time": "2010-04-01", "value": 197.0}, {"Time": "2010-07-01", "value": 260.0}, {"Time": "2010-10-01", "value": 229.0}, {"Time": "2011-01-01", "value": 188.0}, {"Time": "2011-04-01", "value": 205.0}, {"Time": "2011-07-01", "value": 195.0}, {"Time": "2011-10-01", "value": 195.0}, {"Time": "2012-01-01", "value": 184.0}, {"Time": "2012-04-01", "value": 218.0}, {"Time": "2012-07-01", "value": 177.0}, {"Time": "2012-10-01", "value": 191.0}, {"Time": "2013-01-01", "value": 182.0}, {"Time": "2013-04-01", "value": 272.0}, {"Time": "2013-07-01", "value": 206.0}, {"Time": "2013-10-01", "value": 196.0}, {"Time": "2014-01-01", "value": 198.0}, {"Time": "2014-04-01", "value": 198.0}, {"Time": "2014-07-01", "value": 243.0}, {"Time": "2014-10-01", "value": 255.0}, {"Time": "2015-01-01", "value": 213.0}, {"Time": "2015-04-01", "value": 209.0}, {"Time": "2015-07-01", "value": 233.0}, {"Time": "2015-10-01", "value": 209.0}, {"Time": "2016-01-01", "value": 244.0}, {"Time": "2016-04-01", "value": 280.0}, {"Time": "2016-07-01", "value": 255.0}, {"Time": "2016-10-01", "value": 231.0}]}