{"data": [{"Time": "1998-01-01", "value": 1257.0}, {"Time": "1998-04-01", "value": 795.0}, {"Time": "1998-07-01", "value": 643.0}, {"Time": "1998-10-01", "value": 830.0}, {"Time": "1999-01-01", "value": 1111.0}, {"Time": "1999-04-01", "value": 841.0}, {"Time": "1999-07-01", "value": 585.0}, {"Time": "1999-10-01", "value": 792.0}, {"Time": "2000-01-01", "value": 1128.0}, {"Time": "2000-04-01", "value": 744.0}, {"Time": "2000-07-01", "value": 533.0}, {"Time": "2000-10-01", "value": 789.0}, {"Time": "2001-01-01", "value": 1138.0}, {"Time": "2001-04-01", "value": 969.0}, {"Time": "2001-07-01", "value": 597.0}, {"Time": "2001-10-01", "value": 829.0}, {"Time": "2002-01-01", "value": 1049.0}, {"Time": "2002-04-01", "value": 858.0}, {"Time": "2002-07-01", "value": 686.0}, {"Time": "2002-10-01", "value": 885.0}, {"Time": "2003-01-01", "value": 1164.0}, {"Time": "2003-04-01", "value": 754.0}, {"Time": "2003-07-01", "value": 681.0}, {"Time": "2003-10-01", "value": 888.0}, {"Time": "2004-01-01", "value": 1178.0}, {"Time": "2004-04-01", "value": 737.0}, {"Time": "2004-07-01", "value": 606.0}, {"Time": "2004-10-01", "value": 755.0}, {"Time": "2005-01-01", "value": 1162.0}, {"Time": "2005-04-01", "value": 630.0}, {"Time": "2005-07-01", "value": 550.0}, {"Time": "2005-10-01", "value": 702.0}, {"Time": "2006-01-01", "value": 1183.0}, {"Time": "2006-04-01", "value": 696.0}, {"Time": "2006-07-01", "value": 547.0}, {"Time": "2006-10-01", "value": 811.0}, {"Time": "2007-01-01", "value": 921.0}, {"Time": "2007-04-01", "value": 722.0}, {"Time": "2007-07-01", "value": 544.0}, {"Time": "2007-10-01", "value": 729.0}, {"Time": "2008-01-01", "value": 1160.0}, {"Time": "2008-04-01", "value": 733.0}, {"Time": "2008-07-01", "value": 574.0}, {"Time": "2008-10-01", "value": 753.0}, {"Time": "2009-01-01", "value": 1031.0}, {"Time": "2009-04-01", "value": 664.0}, {"Time": "2009-07-01", "value": 459.0}, {"Time": "2009-10-01", "value": 753.0}, {"Time": "2010-01-01", "value": 1014.0}, {"Time": "2010-04-01", "value": 584.0}, {"Time": "2010-07-01", "value": 544.0}, {"Time": "2010-10-01", "value": 679.0}, {"Time": "2011-01-01", "value": 1046.0}, {"Time": "2011-04-01", "value": 718.0}, {"Time": "2011-07-01", "value": 664.0}, {"Time": "2011-10-01", "value": 643.0}, {"Time": "2012-01-01", "value": 1038.0}, {"Time": "2012-04-01", "value": 755.0}, {"Time": "2012-07-01", "value": 506.0}, {"Time": "2012-10-01", "value": 765.0}, {"Time": "2013-01-01", "value": 1058.0}, {"Time": "2013-04-01", "value": 696.0}, {"Time": "2013-07-01", "value": 679.0}, {"Time": "2013-10-01", "value": 824.0}, {"Time": "2014-01-01", "value": 1055.0}, {"Time": "2014-04-01", "value": 788.0}, {"Time": "2014-07-01", "value": 571.0}, {"Time": "2014-10-01", "value": 910.0}, {"Time": "2015-01-01", "value": 1147.0}, {"Time": "2015-04-01", "value": 777.0}, {"Time": "2015-07-01", "value": 625.0}, {"Time": "2015-10-01", "value": 874.0}, {"Time": "2016-01-01", "value": 1222.0}, {"Time": "2016-04-01", "value": 776.0}, {"Time": "2016-07-01", "value": 653.0}, {"Time": "2016-10-01", "value": 924.0}]}