{"data": [{"Time": "1998-01-01", "value": 455.0}, {"Time": "1998-04-01", "value": 343.0}, {"Time": "1998-07-01", "value": 304.0}, {"Time": "1998-10-01", "value": 332.0}, {"Time": "1999-01-01", "value": 467.0}, {"Time": "1999-04-01", "value": 313.0}, {"Time": "1999-07-01", "value": 279.0}, {"Time": "1999-10-01", "value": 363.0}, {"Time": "2000-01-01", "value": 371.0}, {"Time": "2000-04-01", "value": 335.0}, {"Time": "2000-07-01", "value": 283.0}, {"Time": "2000-10-01", "value": 373.0}, {"Time": "2001-01-01", "value": 394.0}, {"Time": "2001-04-01", "value": 328.0}, {"Time": "2001-07-01", "value": 274.0}, {"Time": "2001-10-01", "value": 406.0}, {"Time": "2002-01-01", "value": 441.0}, {"Time": "2002-04-01", "value": 312.0}, {"Time": "2002-07-01", "value": 307.0}, {"Time": "2002-10-01", "value": 425.0}, {"Time": "2003-01-01", "value": 412.0}, {"Time": "2003-04-01", "value": 348.0}, {"Time": "2003-07-01", "value": 390.0}, {"Time": "2003-10-01", "value": 333.0}, {"Time": "2004-01-01", "value": 508.0}, {"Time": "2004-04-01", "value": 384.0}, {"Time": "2004-07-01", "value": 280.0}, {"Time": "2004-10-01", "value": 340.0}, {"Time": "2005-01-01", "value": 418.0}, {"Time": "2005-04-01", "value": 274.0}, {"Time": "2005-07-01", "value": 204.0}, {"Time": "2005-10-01", "value": 308.0}, {"Time": "2006-01-01", "value": 490.0}, {"Time": "2006-04-01", "value": 320.0}, {"Time": "2006-07-01", "value": 272.0}, {"Time": "2006-10-01", "value": 343.0}, {"Time": "2007-01-01", "value": 418.0}, {"Time": "2007-04-01", "value": 318.0}, {"Time": "2007-07-01", "value": 249.0}, {"Time": "2007-10-01", "value": 331.0}, {"Time": "2008-01-01", "value": 453.0}, {"Time": "2008-04-01", "value": 216.0}, {"Time": "2008-07-01", "value": 241.0}, {"Time": "2008-10-01", "value": 299.0}, {"Time": "2009-01-01", "value": 382.0}, {"Time": "2009-04-01", "value": 247.0}, {"Time": "2009-07-01", "value": 248.0}, {"Time": "2009-10-01", "value": 294.0}, {"Time": "2010-01-01", "value": 371.0}, {"Time": "2010-04-01", "value": 217.0}, {"Time": "2010-07-01", "value": 262.0}, {"Time": "2010-10-01", "value": 287.0}, {"Time": "2011-01-01", "value": 403.0}, {"Time": "2011-04-01", "value": 279.0}, {"Time": "2011-07-01", "value": 250.0}, {"Time": "2011-10-01", "value": 272.0}, {"Time": "2012-01-01", "value": 360.0}, {"Time": "2012-04-01", "value": 249.0}, {"Time": "2012-07-01", "value": 309.0}, {"Time": "2012-10-01", "value": 341.0}, {"Time": "2013-01-01", "value": 377.0}, {"Time": "2013-04-01", "value": 347.0}, {"Time": "2013-07-01", "value": 259.0}, {"Time": "2013-10-01", "value": 319.0}, {"Time": "2014-01-01", "value": 459.0}, {"Time": "2014-04-01", "value": 306.0}, {"Time": "2014-07-01", "value": 231.0}, {"Time": "2014-10-01", "value": 325.0}, {"Time": "2015-01-01", "value": 448.0}, {"Time": "2015-04-01", "value": 276.0}, {"Time": "2015-07-01", "value": 271.0}, {"Time": "2015-10-01", "value": 364.0}, {"Time": "2016-01-01", "value": 413.0}, {"Time": "2016-04-01", "value": 251.0}, {"Time": "2016-07-01", "value": 265.0}, {"Time": "2016-10-01", "value": 379.0}]}