{"data": [{"Time": "1998-01-01", "value": 1342.0}, {"Time": "1998-04-01", "value": 1161.0}, {"Time": "1998-07-01", "value": 839.0}, {"Time": "1998-10-01", "value": 1184.0}, {"Time": "1999-01-01", "value": 1307.0}, {"Time": "1999-04-01", "value": 928.0}, {"Time": "1999-07-01", "value": 1028.0}, {"Time": "1999-10-01", "value": 1067.0}, {"Time": "2000-01-01", "value": 1278.0}, {"Time": "2000-04-01", "value": 854.0}, {"Time": "2000-07-01", "value": 962.0}, {"Time": "2000-10-01", "value": 1049.0}, {"Time": "2001-01-01", "value": 1190.0}, {"Time": "2001-04-01", "value": 920.0}, {"Time": "2001-07-01", "value": 921.0}, {"Time": "2001-10-01", "value": 1050.0}, {"Time": "2002-01-01", "value": 1298.0}, {"Time": "2002-04-01", "value": 1112.0}, {"Time": "2002-07-01", "value": 1021.0}, {"Time": "2002-10-01", "value": 1213.0}, {"Time": "2003-01-01", "value": 1301.0}, {"Time": "2003-04-01", "value": 1034.0}, {"Time": "2003-07-01", "value": 1023.0}, {"Time": "2003-10-01", "value": 1108.0}, {"Time": "2004-01-01", "value": 1335.0}, {"Time": "2004-04-01", "value": 1061.0}, {"Time": "2004-07-01", "value": 957.0}, {"Time": "2004-10-01", "value": 1063.0}, {"Time": "2005-01-01", "value": 1202.0}, {"Time": "2005-04-01", "value": 960.0}, {"Time": "2005-07-01", "value": 845.0}, {"Time": "2005-10-01", "value": 949.0}, {"Time": "2006-01-01", "value": 1182.0}, {"Time": "2006-04-01", "value": 1121.0}, {"Time": "2006-07-01", "value": 878.0}, {"Time": "2006-10-01", "value": 1082.0}, {"Time": "2007-01-01", "value": 1251.0}, {"Time": "2007-04-01", "value": 990.0}, {"Time": "2007-07-01", "value": 949.0}, {"Time": "2007-10-01", "value": 1005.0}, {"Time": "2008-01-01", "value": 1226.0}, {"Time": "2008-04-01", "value": 929.0}, {"Time": "2008-07-01", "value": 809.0}, {"Time": "2008-10-01", "value": 1080.0}, {"Time": "2009-01-01", "value": 1164.0}, {"Time": "2009-04-01", "value": 788.0}, {"Time": "2009-07-01", "value": 868.0}, {"Time": "2009-10-01", "value": 1061.0}, {"Time": "2010-01-01", "value": 1162.0}, {"Time": "2010-04-01", "value": 968.0}, {"Time": "2010-07-01", "value": 1003.0}, {"Time": "2010-10-01", "value": 1054.0}, {"Time": "2011-01-01", "value": 1215.0}, {"Time": "2011-04-01", "value": 1064.0}, {"Time": "2011-07-01", "value": 925.0}, {"Time": "2011-10-01", "value": 1058.0}, {"Time": "2012-01-01", "value": 1140.0}, {"Time": "2012-04-01", "value": 924.0}, {"Time": "2012-07-01", "value": 971.0}, {"Time": "2012-10-01", "value": 1200.0}, {"Time": "2013-01-01", "value": 1234.0}, {"Time": "2013-04-01", "value": 936.0}, {"Time": "2013-07-01", "value": 1012.0}, {"Time": "2013-10-01", "value": 1115.0}, {"Time": "2014-01-01", "value": 1330.0}, {"Time": "2014-04-01", "value": 1137.0}, {"Time": "2014-07-01", "value": 969.0}, {"Time": "2014-10-01", "value": 1116.0}, {"Time": "2015-01-01", "value": 1253.0}, {"Time": "2015-04-01", "value": 1130.0}, {"Time": "2015-07-01", "value": 1064.0}, {"Time": "2015-10-01", "value": 1214.0}, {"Time": "2016-01-01", "value": 1624.0}, {"Time": "2016-04-01", "value": 1154.0}, {"Time": "2016-07-01", "value": 1039.0}, {"Time": "2016-10-01", "value": 1407.0}]}