{"data": [{"Time": "1998-01-01", "value": 262.0}, {"Time": "1998-04-01", "value": 239.0}, {"Time": "1998-07-01", "value": 184.0}, {"Time": "1998-10-01", "value": 229.0}, {"Time": "1999-01-01", "value": 252.0}, {"Time": "1999-04-01", "value": 212.0}, {"Time": "1999-07-01", "value": 229.0}, {"Time": "1999-10-01", "value": 254.0}, {"Time": "2000-01-01", "value": 226.0}, {"Time": "2000-04-01", "value": 321.0}, {"Time": "2000-07-01", "value": 268.0}, {"Time": "2000-10-01", "value": 246.0}, {"Time": "2001-01-01", "value": 165.0}, {"Time": "2001-04-01", "value": 265.0}, {"Time": "2001-07-01", "value": 243.0}, {"Time": "2001-10-01", "value": 287.0}, {"Time": "2002-01-01", "value": 169.0}, {"Time": "2002-04-01", "value": 257.0}, {"Time": "2002-07-01", "value": 246.0}, {"Time": "2002-10-01", "value": 250.0}, {"Time": "2003-01-01", "value": 192.0}, {"Time": "2003-04-01", "value": 274.0}, {"Time": "2003-07-01", "value": 255.0}, {"Time": "2003-10-01", "value": 238.0}, {"Time": "2004-01-01", "value": 219.0}, {"Time": "2004-04-01", "value": 241.0}, {"Time": "2004-07-01", "value": 213.0}, {"Time": "2004-10-01", "value": 239.0}, {"Time": "2005-01-01", "value": 191.0}, {"Time": "2005-04-01", "value": 239.0}, {"Time": "2005-07-01", "value": 151.0}, {"Time": "2005-10-01", "value": 211.0}, {"Time": "2006-01-01", "value": 188.0}, {"Time": "2006-04-01", "value": 230.0}, {"Time": "2006-07-01", "value": 193.0}, {"Time": "2006-10-01", "value": 217.0}, {"Time": "2007-01-01", "value": 181.0}, {"Time": "2007-04-01", "value": 250.0}, {"Time": "2007-07-01", "value": 210.0}, {"Time": "2007-10-01", "value": 194.0}, {"Time": "2008-01-01", "value": 238.0}, {"Time": "2008-04-01", "value": 216.0}, {"Time": "2008-07-01", "value": 236.0}, {"Time": "2008-10-01", "value": 236.0}, {"Time": "2009-01-01", "value": 184.0}, {"Time": "2009-04-01", "value": 190.0}, {"Time": "2009-07-01", "value": 191.0}, {"Time": "2009-10-01", "value": 311.0}, {"Time": "2010-01-01", "value": 224.0}, {"Time": "2010-04-01", "value": 236.0}, {"Time": "2010-07-01", "value": 212.0}, {"Time": "2010-10-01", "value": 263.0}, {"Time": "2011-01-01", "value": 248.0}, {"Time": "2011-04-01", "value": 263.0}, {"Time": "2011-07-01", "value": 194.0}, {"Time": "2011-10-01", "value": 306.0}, {"Time": "2012-01-01", "value": 246.0}, {"Time": "2012-04-01", "value": 294.0}, {"Time": "2012-07-01", "value": 216.0}, {"Time": "2012-10-01", "value": 287.0}, {"Time": "2013-01-01", "value": 304.0}, {"Time": "2013-04-01", "value": 205.0}, {"Time": "2013-07-01", "value": 249.0}, {"Time": "2013-10-01", "value": 302.0}, {"Time": "2014-01-01", "value": 318.0}, {"Time": "2014-04-01", "value": 291.0}, {"Time": "2014-07-01", "value": 296.0}, {"Time": "2014-10-01", "value": 298.0}, {"Time": "2015-01-01", "value": 271.0}, {"Time": "2015-04-01", "value": 242.0}, {"Time": "2015-07-01", "value": 347.0}, {"Time": "2015-10-01", "value": 370.0}, {"Time": "2016-01-01", "value": 303.0}, {"Time": "2016-04-01", "value": 323.0}, {"Time": "2016-07-01", "value": 263.0}, {"Time": "2016-10-01", "value": 277.0}]}