{"data": [{"Time": "1998-01-01", "value": 424.0}, {"Time": "1998-04-01", "value": 557.0}, {"Time": "1998-07-01", "value": 556.0}, {"Time": "1998-10-01", "value": 590.0}, {"Time": "1999-01-01", "value": 480.0}, {"Time": "1999-04-01", "value": 460.0}, {"Time": "1999-07-01", "value": 469.0}, {"Time": "1999-10-01", "value": 564.0}, {"Time": "2000-01-01", "value": 414.0}, {"Time": "2000-04-01", "value": 467.0}, {"Time": "2000-07-01", "value": 449.0}, {"Time": "2000-10-01", "value": 473.0}, {"Time": "2001-01-01", "value": 416.0}, {"Time": "2001-04-01", "value": 411.0}, {"Time": "2001-07-01", "value": 524.0}, {"Time": "2001-10-01", "value": 481.0}, {"Time": "2002-01-01", "value": 438.0}, {"Time": "2002-04-01", "value": 593.0}, {"Time": "2002-07-01", "value": 548.0}, {"Time": "2002-10-01", "value": 535.0}, {"Time": "2003-01-01", "value": 449.0}, {"Time": "2003-04-01", "value": 543.0}, {"Time": "2003-07-01", "value": 586.0}, {"Time": "2003-10-01", "value": 574.0}, {"Time": "2004-01-01", "value": 387.0}, {"Time": "2004-04-01", "value": 534.0}, {"Time": "2004-07-01", "value": 480.0}, {"Time": "2004-10-01", "value": 516.0}, {"Time": "2005-01-01", "value": 493.0}, {"Time": "2005-04-01", "value": 454.0}, {"Time": "2005-07-01", "value": 443.0}, {"Time": "2005-10-01", "value": 444.0}, {"Time": "2006-01-01", "value": 437.0}, {"Time": "2006-04-01", "value": 449.0}, {"Time": "2006-07-01", "value": 454.0}, {"Time": "2006-10-01", "value": 413.0}, {"Time": "2007-01-01", "value": 405.0}, {"Time": "2007-04-01", "value": 508.0}, {"Time": "2007-07-01", "value": 438.0}, {"Time": "2007-10-01", "value": 429.0}, {"Time": "2008-01-01", "value": 469.0}, {"Time": "2008-04-01", "value": 418.0}, {"Time": "2008-07-01", "value": 442.0}, {"Time": "2008-10-01", "value": 398.0}, {"Time": "2009-01-01", "value": 343.0}, {"Time": "2009-04-01", "value": 434.0}, {"Time": "2009-07-01", "value": 371.0}, {"Time": "2009-10-01", "value": 457.0}, {"Time": "2010-01-01", "value": 357.0}, {"Time": "2010-04-01", "value": 395.0}, {"Time": "2010-07-01", "value": 442.0}, {"Time": "2010-10-01", "value": 417.0}, {"Time": "2011-01-01", "value": 405.0}, {"Time": "2011-04-01", "value": 397.0}, {"Time": "2011-07-01", "value": 455.0}, {"Time": "2011-10-01", "value": 473.0}, {"Time": "2012-01-01", "value": 423.0}, {"Time": "2012-04-01", "value": 527.0}, {"Time": "2012-07-01", "value": 395.0}, {"Time": "2012-10-01", "value": 506.0}, {"Time": "2013-01-01", "value": 363.0}, {"Time": "2013-04-01", "value": 560.0}, {"Time": "2013-07-01", "value": 405.0}, {"Time": "2013-10-01", "value": 441.0}, {"Time": "2014-01-01", "value": 368.0}, {"Time": "2014-04-01", "value": 507.0}, {"Time": "2014-07-01", "value": 499.0}, {"Time": "2014-10-01", "value": 569.0}, {"Time": "2015-01-01", "value": 396.0}, {"Time": "2015-04-01", "value": 515.0}, {"Time": "2015-07-01", "value": 456.0}, {"Time": "2015-10-01", "value": 513.0}, {"Time": "2016-01-01", "value": 504.0}, {"Time": "2016-04-01", "value": 461.0}, {"Time": "2016-07-01", "value": 505.0}, {"Time": "2016-10-01", "value": 525.0}]}