{"data": [{"Time": "1998-01-01", "value": 2289.0}, {"Time": "1998-04-01", "value": 1814.0}, {"Time": "1998-07-01", "value": 1990.0}, {"Time": "1998-10-01", "value": 2151.0}, {"Time": "1999-01-01", "value": 1779.0}, {"Time": "1999-04-01", "value": 2198.0}, {"Time": "1999-07-01", "value": 1969.0}, {"Time": "1999-10-01", "value": 2101.0}, {"Time": "2000-01-01", "value": 1893.0}, {"Time": "2000-04-01", "value": 1858.0}, {"Time": "2000-07-01", "value": 2237.0}, {"Time": "2000-10-01", "value": 2288.0}, {"Time": "2001-01-01", "value": 1977.0}, {"Time": "2001-04-01", "value": 2104.0}, {"Time": "2001-07-01", "value": 1952.0}, {"Time": "2001-10-01", "value": 2293.0}, {"Time": "2002-01-01", "value": 1993.0}, {"Time": "2002-04-01", "value": 1939.0}, {"Time": "2002-07-01", "value": 2109.0}, {"Time": "2002-10-01", "value": 2156.0}, {"Time": "2003-01-01", "value": 2104.0}, {"Time": "2003-04-01", "value": 1962.0}, {"Time": "2003-07-01", "value": 1985.0}, {"Time": "2003-10-01", "value": 1926.0}, {"Time": "2004-01-01", "value": 2087.0}, {"Time": "2004-04-01", "value": 2019.0}, {"Time": "2004-07-01", "value": 1836.0}, {"Time": "2004-10-01", "value": 1895.0}, {"Time": "2005-01-01", "value": 1969.0}, {"Time": "2005-04-01", "value": 1718.0}, {"Time": "2005-07-01", "value": 1781.0}, {"Time": "2005-10-01", "value": 1939.0}, {"Time": "2006-01-01", "value": 1988.0}, {"Time": "2006-04-01", "value": 2004.0}, {"Time": "2006-07-01", "value": 1826.0}, {"Time": "2006-10-01", "value": 2002.0}, {"Time": "2007-01-01", "value": 1824.0}, {"Time": "2007-04-01", "value": 1938.0}, {"Time": "2007-07-01", "value": 1779.0}, {"Time": "2007-10-01", "value": 1889.0}, {"Time": "2008-01-01", "value": 2063.0}, {"Time": "2008-04-01", "value": 1954.0}, {"Time": "2008-07-01", "value": 1979.0}, {"Time": "2008-10-01", "value": 1701.0}, {"Time": "2009-01-01", "value": 1707.0}, {"Time": "2009-04-01", "value": 1799.0}, {"Time": "2009-07-01", "value": 1562.0}, {"Time": "2009-10-01", "value": 1893.0}, {"Time": "2010-01-01", "value": 1839.0}, {"Time": "2010-04-01", "value": 1650.0}, {"Time": "2010-07-01", "value": 1946.0}, {"Time": "2010-10-01", "value": 1949.0}, {"Time": "2011-01-01", "value": 2055.0}, {"Time": "2011-04-01", "value": 1972.0}, {"Time": "2011-07-01", "value": 1977.0}, {"Time": "2011-10-01", "value": 1752.0}, {"Time": "2012-01-01", "value": 2051.0}, {"Time": "2012-04-01", "value": 1934.0}, {"Time": "2012-07-01", "value": 1924.0}, {"Time": "2012-10-01", "value": 1919.0}, {"Time": "2013-01-01", "value": 1798.0}, {"Time": "2013-04-01", "value": 2106.0}, {"Time": "2013-07-01", "value": 2182.0}, {"Time": "2013-10-01", "value": 2262.0}, {"Time": "2014-01-01", "value": 2160.0}, {"Time": "2014-04-01", "value": 2057.0}, {"Time": "2014-07-01", "value": 2071.0}, {"Time": "2014-10-01", "value": 2280.0}, {"Time": "2015-01-01", "value": 2343.0}, {"Time": "2015-04-01", "value": 2362.0}, {"Time": "2015-07-01", "value": 2264.0}, {"Time": "2015-10-01", "value": 2392.0}, {"Time": "2016-01-01", "value": 2223.0}, {"Time": "2016-04-01", "value": 2389.0}, {"Time": "2016-07-01", "value": 2217.0}, {"Time": "2016-10-01", "value": 2370.0}]}