{"data": [{"Time": "1998-01-01", "value": 675.0}, {"Time": "1998-04-01", "value": 792.0}, {"Time": "1998-07-01", "value": 566.0}, {"Time": "1998-10-01", "value": 592.0}, {"Time": "1999-01-01", "value": 785.0}, {"Time": "1999-04-01", "value": 682.0}, {"Time": "1999-07-01", "value": 655.0}, {"Time": "1999-10-01", "value": 631.0}, {"Time": "2000-01-01", "value": 727.0}, {"Time": "2000-04-01", "value": 628.0}, {"Time": "2000-07-01", "value": 626.0}, {"Time": "2000-10-01", "value": 787.0}, {"Time": "2001-01-01", "value": 726.0}, {"Time": "2001-04-01", "value": 767.0}, {"Time": "2001-07-01", "value": 658.0}, {"Time": "2001-10-01", "value": 659.0}, {"Time": "2002-01-01", "value": 744.0}, {"Time": "2002-04-01", "value": 767.0}, {"Time": "2002-07-01", "value": 663.0}, {"Time": "2002-10-01", "value": 738.0}, {"Time": "2003-01-01", "value": 714.0}, {"Time": "2003-04-01", "value": 704.0}, {"Time": "2003-07-01", "value": 641.0}, {"Time": "2003-10-01", "value": 679.0}, {"Time": "2004-01-01", "value": 731.0}, {"Time": "2004-04-01", "value": 718.0}, {"Time": "2004-07-01", "value": 617.0}, {"Time": "2004-10-01", "value": 598.0}, {"Time": "2005-01-01", "value": 738.0}, {"Time": "2005-04-01", "value": 606.0}, {"Time": "2005-07-01", "value": 555.0}, {"Time": "2005-10-01", "value": 661.0}, {"Time": "2006-01-01", "value": 744.0}, {"Time": "2006-04-01", "value": 688.0}, {"Time": "2006-07-01", "value": 572.0}, {"Time": "2006-10-01", "value": 649.0}, {"Time": "2007-01-01", "value": 752.0}, {"Time": "2007-04-01", "value": 754.0}, {"Time": "2007-07-01", "value": 629.0}, {"Time": "2007-10-01", "value": 712.0}, {"Time": "2008-01-01", "value": 799.0}, {"Time": "2008-04-01", "value": 641.0}, {"Time": "2008-07-01", "value": 616.0}, {"Time": "2008-10-01", "value": 660.0}, {"Time": "2009-01-01", "value": 704.0}, {"Time": "2009-04-01", "value": 531.0}, {"Time": "2009-07-01", "value": 665.0}, {"Time": "2009-10-01", "value": 744.0}, {"Time": "2010-01-01", "value": 751.0}, {"Time": "2010-04-01", "value": 601.0}, {"Time": "2010-07-01", "value": 693.0}, {"Time": "2010-10-01", "value": 630.0}, {"Time": "2011-01-01", "value": 827.0}, {"Time": "2011-04-01", "value": 783.0}, {"Time": "2011-07-01", "value": 594.0}, {"Time": "2011-10-01", "value": 773.0}, {"Time": "2012-01-01", "value": 704.0}, {"Time": "2012-04-01", "value": 601.0}, {"Time": "2012-07-01", "value": 657.0}, {"Time": "2012-10-01", "value": 795.0}, {"Time": "2013-01-01", "value": 711.0}, {"Time": "2013-04-01", "value": 680.0}, {"Time": "2013-07-01", "value": 698.0}, {"Time": "2013-10-01", "value": 660.0}, {"Time": "2014-01-01", "value": 849.0}, {"Time": "2014-04-01", "value": 712.0}, {"Time": "2014-07-01", "value": 705.0}, {"Time": "2014-10-01", "value": 789.0}, {"Time": "2015-01-01", "value": 813.0}, {"Time": "2015-04-01", "value": 752.0}, {"Time": "2015-07-01", "value": 680.0}, {"Time": "2015-10-01", "value": 822.0}, {"Time": "2016-01-01", "value": 859.0}, {"Time": "2016-04-01", "value": 830.0}, {"Time": "2016-07-01", "value": 801.0}, {"Time": "2016-10-01", "value": 844.0}]}