{
    "data": [
        {
            "Time": "2023-03-01",
            "value": 190.48863220214844
        },
        {
            "Time": "2023-03-02",
            "value": 194.54083251953125
        },
        {
            "Time": "2023-03-03",
            "value": 199.88494873046875
        },
        {
            "Time": "2023-03-06",
            "value": 199.6562957763672
        },
        {
            "Time": "2023-03-07",
            "value": 196.55081176757812
        },
        {
            "Time": "2023-03-08",
            "value": 194.63609313964844
        },
        {
            "Time": "2023-03-09",
            "value": 192.44509887695312
        },
        {
            "Time": "2023-03-10",
            "value": 189.358642578125
        },
        {
            "Time": "2023-03-13",
            "value": 186.1007537841797
        },
        {
            "Time": "2023-03-14",
            "value": 185.98643493652344
        },
        {
            "Time": "2023-03-15",
            "value": 173.23106384277344
        },
        {
            "Time": "2023-03-16",
            "value": 177.65115356445312
        },
        {
            "Time": "2023-03-17",
            "value": 173.42160034179688
        },
        {
            "Time": "2023-03-20",
            "value": 178.03219604492188
        },
        {
            "Time": "2023-03-21",
            "value": 186.08169555664065
        },
        {
            "Time": "2023-03-22",
            "value": 180.8137969970703
        },
        {
            "Time": "2023-03-23",
            "value": 180.21365356445312
        },
        {
            "Time": "2023-03-24",
            "value": 183.1095733642578
        },
        {
            "Time": "2023-03-27",
            "value": 185.20529174804688
        },
        {
            "Time": "2023-03-28",
            "value": 188.3965301513672
        },
        {
            "Time": "2023-03-29",
            "value": 192.69276428222656
        },
        {
            "Time": "2023-03-30",
            "value": 192.4832000732422
        },
        {
            "Time": "2023-03-31",
            "value": 194.5598907470703
        }
    ]
}