{
    "data": [
        {
            "Time": "2023-03-01",
            "value": 134.79344177246094
        },
        {
            "Time": "2023-03-02",
            "value": 134.73538208007812
        },
        {
            "Time": "2023-03-03",
            "value": 136.61273193359375
        },
        {
            "Time": "2023-03-06",
            "value": 135.18052673339844
        },
        {
            "Time": "2023-03-07",
            "value": 132.53866577148438
        },
        {
            "Time": "2023-03-08",
            "value": 128.4839324951172
        },
        {
            "Time": "2023-03-09",
            "value": 128.00973510742188
        },
        {
            "Time": "2023-03-10",
            "value": 127.8936004638672
        },
        {
            "Time": "2023-03-13",
            "value": 123.97435760498048
        },
        {
            "Time": "2023-03-14",
            "value": 127.3710479736328
        },
        {
            "Time": "2023-03-15",
            "value": 120.31639099121094
        },
        {
            "Time": "2023-03-16",
            "value": 123.064697265625
        },
        {
            "Time": "2023-03-17",
            "value": 122.29051971435548
        },
        {
            "Time": "2023-03-20",
            "value": 124.74854278564452
        },
        {
            "Time": "2023-03-21",
            "value": 127.92264556884766
        },
        {
            "Time": "2023-03-22",
            "value": 127.5162124633789
        },
        {
            "Time": "2023-03-23",
            "value": 126.17108154296876
        },
        {
            "Time": "2023-03-24",
            "value": 125.08723449707033
        },
        {
            "Time": "2023-03-27",
            "value": 127.62265014648438
        },
        {
            "Time": "2023-03-28",
            "value": 131.62899780273438
        },
        {
            "Time": "2023-03-29",
            "value": 132.52899169921875
        },
        {
            "Time": "2023-03-30",
            "value": 132.59674072265625
        },
        {
            "Time": "2023-03-31",
            "value": 135.0934600830078
        }
    ]
}