{
    "data": [
        {
            "Time": "2023-03-01",
            "value": 62.44070816040039
        },
        {
            "Time": "2023-03-02",
            "value": 62.922027587890625
        },
        {
            "Time": "2023-03-03",
            "value": 64.03569793701172
        },
        {
            "Time": "2023-03-06",
            "value": 64.79072570800781
        },
        {
            "Time": "2023-03-07",
            "value": 63.724246978759766
        },
        {
            "Time": "2023-03-08",
            "value": 63.31842041015625
        },
        {
            "Time": "2023-03-09",
            "value": 61.94993591308594
        },
        {
            "Time": "2023-03-10",
            "value": 60.77964401245117
        },
        {
            "Time": "2023-03-13",
            "value": 60.06237030029297
        },
        {
            "Time": "2023-03-14",
            "value": 60.76076889038086
        },
        {
            "Time": "2023-03-15",
            "value": 57.45752716064453
        },
        {
            "Time": "2023-03-16",
            "value": 57.589656829833984
        },
        {
            "Time": "2023-03-17",
            "value": 56.14566802978515
        },
        {
            "Time": "2023-03-20",
            "value": 57.34427261352539
        },
        {
            "Time": "2023-03-21",
            "value": 58.39187240600586
        },
        {
            "Time": "2023-03-22",
            "value": 56.83463668823242
        },
        {
            "Time": "2023-03-23",
            "value": 55.34345245361328
        },
        {
            "Time": "2023-03-24",
            "value": 56.13623046875
        },
        {
            "Time": "2023-03-27",
            "value": 57.24989318847656
        },
        {
            "Time": "2023-03-28",
            "value": 57.551910400390625
        },
        {
            "Time": "2023-03-29",
            "value": 58.52400207519531
        },
        {
            "Time": "2023-03-30",
            "value": 59.014766693115234
        },
        {
            "Time": "2023-03-31",
            "value": 59.967994689941406
        }
    ]
}