{
    "data": [
        {
            "Time": "2022-11-27",
            "value": 0.2363225539438128
        },
        {
            "Time": "2022-11-28",
            "value": 0.6953402633185658
        },
        {
            "Time": "2022-11-29",
            "value": 0.6500561240512548
        },
        {
            "Time": "2022-11-30",
            "value": 0.3045953684541088
        },
        {
            "Time": "2022-12-01",
            "value": 0.35633332866675343
        },
        {
            "Time": "2022-12-02",
            "value": 0.3892809823379009
        },
        {
            "Time": "2022-12-03",
            "value": 0.5792297286281671
        },
        {
            "Time": "2022-12-04",
            "value": 0.45545329164336973
        },
        {
            "Time": "2022-12-05",
            "value": 0.4043393694377429
        },
        {
            "Time": "2022-12-06",
            "value": 0.5634710688946181
        },
        {
            "Time": "2022-12-07",
            "value": 0.1972118073673611
        },
        {
            "Time": "2022-12-08",
            "value": 0.7260198770209273
        },
        {
            "Time": "2022-12-09",
            "value": 0.6244154406588298
        },
        {
            "Time": "2022-12-10",
            "value": 1.826623878916363
        },
        {
            "Time": "2022-12-11",
            "value": 0.3718177087226273
        },
        {
            "Time": "2022-12-12",
            "value": 1.0375402842867896
        },
        {
            "Time": "2022-12-13",
            "value": 1.2928926383103057
        },
        {
            "Time": "2022-12-14",
            "value": 0.5772473577678107
        },
        {
            "Time": "2022-12-15",
            "value": 0.47217627369989007
        },
        {
            "Time": "2022-12-16",
            "value": 0.3173040528883292
        },
        {
            "Time": "2022-12-17",
            "value": 0.3838496521249826
        },
        {
            "Time": "2022-12-18",
            "value": 2.7274609864517836
        },
        {
            "Time": "2022-12-19",
            "value": 2.3853130711900024
        },
        {
            "Time": "2022-12-20",
            "value": 1.1301279970378413
        },
        {
            "Time": "2022-12-21",
            "value": 1.6153289542811917
        },
        {
            "Time": "2022-12-22",
            "value": 2.4950243371301104
        },
        {
            "Time": "2022-12-23",
            "value": 2.631483258843453
        },
        {
            "Time": "2022-12-24",
            "value": 2.664129344835595
        },
        {
            "Time": "2022-12-25",
            "value": 2.6844264310562753
        },
        {
            "Time": "2022-12-26",
            "value": 2.1336132471588534
        },
        {
            "Time": "2022-12-27",
            "value": 0.774374222468402
        },
        {
            "Time": "2022-12-28",
            "value": 0.44162037320891206
        },
        {
            "Time": "2022-12-29",
            "value": 0.30297850402671955
        },
        {
            "Time": "2022-12-30",
            "value": 0.41551503781261573
        },
        {
            "Time": "2022-12-31",
            "value": 1.0396237669120632
        },
        {
            "Time": "2023-01-01",
            "value": 0.6418137925977554
        },
        {
            "Time": "2023-01-02",
            "value": 0.3667592564479166
        },
        {
            "Time": "2023-01-03",
            "value": 0.40624823666955473
        },
        {
            "Time": "2023-01-04",
            "value": 0.41673611313449077
        },
        {
            "Time": "2023-01-05",
            "value": 0.5185636566610532
        },
        {
            "Time": "2023-01-06",
            "value": 2.2669746893286744
        },
        {
            "Time": "2023-01-07",
            "value": 2.6247973223534404
        },
        {
            "Time": "2023-01-08",
            "value": 2.423832874499356
        },
        {
            "Time": "2023-01-09",
            "value": 0.4578753314113426
        },
        {
            "Time": "2023-01-10",
            "value": 0.49762888859720983
        },
        {
            "Time": "2023-01-11",
            "value": 0.6419996081623558
        },
        {
            "Time": "2023-01-12",
            "value": 1.2143084692249104
        },
        {
            "Time": "2023-01-13",
            "value": 0.33356667970400355
        },
        {
            "Time": "2023-01-14",
            "value": 1.3210930817484288
        },
        {
            "Time": "2023-01-15",
            "value": 0.3730744410050037
        },
        {
            "Time": "2023-01-16",
            "value": 1.6778058969372642
        },
        {
            "Time": "2023-01-17",
            "value": 0.4541687054702216
        },
        {
            "Time": "2023-01-18",
            "value": 2.029105802633603
        },
        {
            "Time": "2023-01-19",
            "value": 1.6045023451334197
        },
        {
            "Time": "2023-01-20",
            "value": 0.6918025177088003
        },
        {
            "Time": "2023-01-21",
            "value": 0.30250347127849536
        },
        {
            "Time": "2023-01-22",
            "value": 1.3335789158640416
        },
        {
            "Time": "2023-01-23",
            "value": 0.29675810183199075
        },
        {
            "Time": "2023-01-24",
            "value": 1.120758302824068
        },
        {
            "Time": "2023-01-25",
            "value": 2.2467747712965287
        },
        {
            "Time": "2023-01-26",
            "value": 0.9603351638421623
        },
        {
            "Time": "2023-01-27",
            "value": 2.003343130298256
        },
        {
            "Time": "2023-01-28",
            "value": 2.2111730856176313
        },
        {
            "Time": "2023-01-29",
            "value": 2.1668904460048988
        },
        {
            "Time": "2023-01-30",
            "value": 2.1919727967101723
        },
        {
            "Time": "2023-01-31",
            "value": 2.857943697217543
        },
        {
            "Time": "2023-02-01",
            "value": 0.458068285565625
        },
        {
            "Time": "2023-02-02",
            "value": 0.9479911143796186
        },
        {
            "Time": "2023-02-03",
            "value": 0.5203988152159582
        },
        {
            "Time": "2023-02-04",
            "value": 0.23924421155844908
        },
        {
            "Time": "2023-02-05",
            "value": 0.40784606216082175
        },
        {
            "Time": "2023-02-06",
            "value": 1.212983641566481
        },
        {
            "Time": "2023-02-07",
            "value": 0.4081970611663599
        },
        {
            "Time": "2023-02-08",
            "value": 0.2641033169980054
        },
        {
            "Time": "2023-02-09",
            "value": 0.4645946312106974
        },
        {
            "Time": "2023-02-10",
            "value": 0.3112623568263079
        },
        {
            "Time": "2023-02-11",
            "value": 0.6875481737093825
        },
        {
            "Time": "2023-02-12",
            "value": 0.8895824094071989
        },
        {
            "Time": "2023-02-13",
            "value": 0.43637568004395777
        },
        {
            "Time": "2023-02-14",
            "value": 0.8116738494380237
        },
        {
            "Time": "2023-02-15",
            "value": 1.898634683320464
        },
        {
            "Time": "2023-02-16",
            "value": 2.554656844884332
        },
        {
            "Time": "2023-02-17",
            "value": 1.7293134220140567
        },
        {
            "Time": "2023-02-18",
            "value": 1.7784822002037388
        },
        {
            "Time": "2023-02-19",
            "value": 0.71545588418474
        },
        {
            "Time": "2023-02-20",
            "value": 1.2309209626876065
        },
        {
            "Time": "2023-02-21",
            "value": 2.6737819033246617
        },
        {
            "Time": "2023-02-22",
            "value": 2.0499748593658516
        },
        {
            "Time": "2023-02-23",
            "value": 2.0994101752230048
        },
        {
            "Time": "2023-02-24",
            "value": 0.921289871850303
        },
        {
            "Time": "2023-02-25",
            "value": 1.8601082737873467
        },
        {
            "Time": "2023-02-26",
            "value": 2.659348601462936
        },
        {
            "Time": "2023-02-27",
            "value": 2.2475170028833773
        },
        {
            "Time": "2023-02-28",
            "value": 1.2176553101972347
        },
        {
            "Time": "2023-03-01",
            "value": 1.287694429506812
        },
        {
            "Time": "2023-03-02",
            "value": 1.4553605776685044
        },
        {
            "Time": "2023-03-03",
            "value": 2.371716401569568
        },
        {
            "Time": "2023-03-04",
            "value": 2.7241275608380064
        },
        {
            "Time": "2023-03-05",
            "value": 2.629158509419683
        },
        {
            "Time": "2023-03-06",
            "value": 2.796589235967804
        },
        {
            "Time": "2023-03-07",
            "value": 2.737523159929571
        },
        {
            "Time": "2023-03-08",
            "value": 2.522272284798337
        },
        {
            "Time": "2023-03-09",
            "value": 1.8665430861500139
        },
        {
            "Time": "2023-03-10",
            "value": 2.970629044872547
        },
        {
            "Time": "2023-03-11",
            "value": 2.4051044319664965
        },
        {
            "Time": "2023-03-12",
            "value": 0.5912815291526378
        },
        {
            "Time": "2023-03-13",
            "value": 2.1131498711635808
        },
        {
            "Time": "2023-03-14",
            "value": 3.0589733542995354
        },
        {
            "Time": "2023-03-15",
            "value": 2.300366811247484
        },
        {
            "Time": "2023-03-16",
            "value": 2.299905993298688
        },
        {
            "Time": "2023-03-17",
            "value": 1.3668815229423723
        },
        {
            "Time": "2023-03-18",
            "value": 0.4480431571147156
        },
        {
            "Time": "2023-03-19",
            "value": 0.23593521614183688
        },
        {
            "Time": "2023-03-20",
            "value": 1.9100442041811052
        },
        {
            "Time": "2023-03-21",
            "value": 1.0376212435603784
        },
        {
            "Time": "2023-03-22",
            "value": 1.790544452008946
        },
        {
            "Time": "2023-03-23",
            "value": 0.2647942858329999
        },
        {
            "Time": "2023-03-24",
            "value": 0.30437361293289933
        },
        {
            "Time": "2023-03-25",
            "value": 0.36699710683854164
        },
        {
            "Time": "2023-03-26",
            "value": 1.055859986112115
        },
        {
            "Time": "2023-03-27",
            "value": 0.0
        }
    ]
}