{
    "data": [
        {
            "Time": "2022-11-27",
            "value": 0.13886302133923323
        },
        {
            "Time": "2022-11-28",
            "value": 0.5188092475347879
        },
        {
            "Time": "2022-11-29",
            "value": 0.7021441920284288
        },
        {
            "Time": "2022-11-30",
            "value": 0.23036512047868968
        },
        {
            "Time": "2022-12-01",
            "value": 0.2737107814231369
        },
        {
            "Time": "2022-12-02",
            "value": 0.30226974241164944
        },
        {
            "Time": "2022-12-03",
            "value": 0.4875670947182135
        },
        {
            "Time": "2022-12-04",
            "value": 0.37588775039083344
        },
        {
            "Time": "2022-12-05",
            "value": 0.3175531108688983
        },
        {
            "Time": "2022-12-06",
            "value": 0.48164235142986017
        },
        {
            "Time": "2022-12-07",
            "value": 0.1273110734521453
        },
        {
            "Time": "2022-12-08",
            "value": 0.6405996327700919
        },
        {
            "Time": "2022-12-09",
            "value": 0.5327679800257684
        },
        {
            "Time": "2022-12-10",
            "value": 1.259623068546504
        },
        {
            "Time": "2022-12-11",
            "value": 0.273712645203755
        },
        {
            "Time": "2022-12-12",
            "value": 0.7216968071333285
        },
        {
            "Time": "2022-12-13",
            "value": 1.0798178660438014
        },
        {
            "Time": "2022-12-14",
            "value": 0.4873574997296082
        },
        {
            "Time": "2022-12-15",
            "value": 0.36252553753953043
        },
        {
            "Time": "2022-12-16",
            "value": 0.22349760166651547
        },
        {
            "Time": "2022-12-17",
            "value": 0.3122675538635629
        },
        {
            "Time": "2022-12-18",
            "value": 2.254131158746571
        },
        {
            "Time": "2022-12-19",
            "value": 1.8317503804121742
        },
        {
            "Time": "2022-12-20",
            "value": 1.0641903969286313
        },
        {
            "Time": "2022-12-21",
            "value": 1.3631112318407639
        },
        {
            "Time": "2022-12-22",
            "value": 1.8833992369306907
        },
        {
            "Time": "2022-12-23",
            "value": 1.9515289414293868
        },
        {
            "Time": "2022-12-24",
            "value": 2.2065162416069963
        },
        {
            "Time": "2022-12-25",
            "value": 2.213592973669356
        },
        {
            "Time": "2022-12-26",
            "value": 1.6435395538029687
        },
        {
            "Time": "2022-12-27",
            "value": 0.7505487918887529
        },
        {
            "Time": "2022-12-28",
            "value": 0.3599858096673201
        },
        {
            "Time": "2022-12-29",
            "value": 0.216200808833397
        },
        {
            "Time": "2022-12-30",
            "value": 0.3357505753230312
        },
        {
            "Time": "2022-12-31",
            "value": 0.8856114461002258
        },
        {
            "Time": "2023-01-01",
            "value": 0.5499884646096753
        },
        {
            "Time": "2023-01-02",
            "value": 0.2780467350312483
        },
        {
            "Time": "2023-01-03",
            "value": 0.3136413644161094
        },
        {
            "Time": "2023-01-04",
            "value": 0.32483525371339667
        },
        {
            "Time": "2023-01-05",
            "value": 0.42152604200496874
        },
        {
            "Time": "2023-01-06",
            "value": 1.6491920197498984
        },
        {
            "Time": "2023-01-07",
            "value": 1.9289807130727312
        },
        {
            "Time": "2023-01-08",
            "value": 1.9137372577200797
        },
        {
            "Time": "2023-01-09",
            "value": 0.36057614019103884
        },
        {
            "Time": "2023-01-10",
            "value": 0.3975493801264888
        },
        {
            "Time": "2023-01-11",
            "value": 0.5455761774555593
        },
        {
            "Time": "2023-01-12",
            "value": 0.9767744348139532
        },
        {
            "Time": "2023-01-13",
            "value": 0.2570268422269957
        },
        {
            "Time": "2023-01-14",
            "value": 1.1596205696126978
        },
        {
            "Time": "2023-01-15",
            "value": 0.3074779257206585
        },
        {
            "Time": "2023-01-16",
            "value": 1.7469389384187757
        },
        {
            "Time": "2023-01-17",
            "value": 0.3485043814445481
        },
        {
            "Time": "2023-01-18",
            "value": 2.0073738707454902
        },
        {
            "Time": "2023-01-19",
            "value": 1.3019398445347132
        },
        {
            "Time": "2023-01-20",
            "value": 0.6157670996047396
        },
        {
            "Time": "2023-01-21",
            "value": 0.21644016824819087
        },
        {
            "Time": "2023-01-22",
            "value": 1.207366953856818
        },
        {
            "Time": "2023-01-23",
            "value": 0.20559758412141005
        },
        {
            "Time": "2023-01-24",
            "value": 0.9049604579662623
        },
        {
            "Time": "2023-01-25",
            "value": 1.9759689816632533
        },
        {
            "Time": "2023-01-26",
            "value": 0.8625701339421168
        },
        {
            "Time": "2023-01-27",
            "value": 1.5405601468373955
        },
        {
            "Time": "2023-01-28",
            "value": 2.184654757750882
        },
        {
            "Time": "2023-01-29",
            "value": 1.713285697072923
        },
        {
            "Time": "2023-01-30",
            "value": 1.7531617073889398
        },
        {
            "Time": "2023-01-31",
            "value": 1.7133251280490789
        },
        {
            "Time": "2023-02-01",
            "value": 0.3552891549263493
        },
        {
            "Time": "2023-02-02",
            "value": 0.7065205224188114
        },
        {
            "Time": "2023-02-03",
            "value": 0.42323265952814415
        },
        {
            "Time": "2023-02-04",
            "value": 0.14741858288155316
        },
        {
            "Time": "2023-02-05",
            "value": 0.31051236037349095
        },
        {
            "Time": "2023-02-06",
            "value": 1.0876402296394587
        },
        {
            "Time": "2023-02-07",
            "value": 0.3046358508318681
        },
        {
            "Time": "2023-02-08",
            "value": 0.17939465776989272
        },
        {
            "Time": "2023-02-09",
            "value": 0.3641054589511675
        },
        {
            "Time": "2023-02-10",
            "value": 0.2121220355683042
        },
        {
            "Time": "2023-02-11",
            "value": 0.5907530010831172
        },
        {
            "Time": "2023-02-12",
            "value": 0.8649529091849951
        },
        {
            "Time": "2023-02-13",
            "value": 0.348756200277202
        },
        {
            "Time": "2023-02-14",
            "value": 0.6866383338583433
        },
        {
            "Time": "2023-02-15",
            "value": 1.5600563008458734
        },
        {
            "Time": "2023-02-16",
            "value": 1.7523748949881761
        },
        {
            "Time": "2023-02-17",
            "value": 1.420613502804218
        },
        {
            "Time": "2023-02-18",
            "value": 1.526309538562778
        },
        {
            "Time": "2023-02-19",
            "value": 0.623438522331746
        },
        {
            "Time": "2023-02-20",
            "value": 1.115124556516864
        },
        {
            "Time": "2023-02-21",
            "value": 1.7103645843765094
        },
        {
            "Time": "2023-02-22",
            "value": 1.566041069820352
        },
        {
            "Time": "2023-02-23",
            "value": 1.455980312911174
        },
        {
            "Time": "2023-02-24",
            "value": 0.8219397972837632
        },
        {
            "Time": "2023-02-25",
            "value": 1.6095939908075048
        },
        {
            "Time": "2023-02-26",
            "value": 1.737803571985563
        },
        {
            "Time": "2023-02-27",
            "value": 1.5811118058477949
        },
        {
            "Time": "2023-02-28",
            "value": 1.1234070183785303
        },
        {
            "Time": "2023-03-01",
            "value": 1.0083296080296595
        },
        {
            "Time": "2023-03-02",
            "value": 1.2837117800378264
        },
        {
            "Time": "2023-03-03",
            "value": 1.5579646129622973
        },
        {
            "Time": "2023-03-04",
            "value": 1.700639462473449
        },
        {
            "Time": "2023-03-05",
            "value": 1.6797210487820506
        },
        {
            "Time": "2023-03-06",
            "value": 1.7353861751277733
        },
        {
            "Time": "2023-03-07",
            "value": 1.7216577390664383
        },
        {
            "Time": "2023-03-08",
            "value": 1.6121316036839124
        },
        {
            "Time": "2023-03-09",
            "value": 1.3349865533037872
        },
        {
            "Time": "2023-03-10",
            "value": 1.8067837994617004
        },
        {
            "Time": "2023-03-11",
            "value": 1.644722336142001
        },
        {
            "Time": "2023-03-12",
            "value": 0.4849870460523709
        },
        {
            "Time": "2023-03-13",
            "value": 1.6726189641531988
        },
        {
            "Time": "2023-03-14",
            "value": 1.967989066285004
        },
        {
            "Time": "2023-03-15",
            "value": 1.73442842778688
        },
        {
            "Time": "2023-03-16",
            "value": 1.7283334328338862
        },
        {
            "Time": "2023-03-17",
            "value": 1.1802069466143794
        },
        {
            "Time": "2023-03-18",
            "value": 0.35138220708471885
        },
        {
            "Time": "2023-03-19",
            "value": 0.13451719562747683
        },
        {
            "Time": "2023-03-20",
            "value": 1.4831319699387129
        },
        {
            "Time": "2023-03-21",
            "value": 0.9235900056252425
        },
        {
            "Time": "2023-03-22",
            "value": 1.4509190847843165
        },
        {
            "Time": "2023-03-23",
            "value": 0.1788124011834168
        },
        {
            "Time": "2023-03-24",
            "value": 0.2100136561714514
        },
        {
            "Time": "2023-03-25",
            "value": 0.2713514429873418
        },
        {
            "Time": "2023-03-26",
            "value": 0.9535150377061927
        },
        {
            "Time": "2023-03-27",
            "value": 0.0
        }
    ]
}