{
    "data": [
        {
            "Time": "2022-11-27",
            "value": 0.14804380527164956
        },
        {
            "Time": "2022-11-28",
            "value": 0.8372374970947386
        },
        {
            "Time": "2022-11-29",
            "value": 0.7420224953988952
        },
        {
            "Time": "2022-11-30",
            "value": 0.2218323260290069
        },
        {
            "Time": "2022-12-01",
            "value": 0.2755505955012019
        },
        {
            "Time": "2022-12-02",
            "value": 0.33648011773856246
        },
        {
            "Time": "2022-12-03",
            "value": 0.5627253108577874
        },
        {
            "Time": "2022-12-04",
            "value": 0.42088609997071785
        },
        {
            "Time": "2022-12-05",
            "value": 0.3203641899038984
        },
        {
            "Time": "2022-12-06",
            "value": 0.5472110802747616
        },
        {
            "Time": "2022-12-07",
            "value": 0.1411819303403572
        },
        {
            "Time": "2022-12-08",
            "value": 0.8488970286127191
        },
        {
            "Time": "2022-12-09",
            "value": 0.6521851171334748
        },
        {
            "Time": "2022-12-10",
            "value": 2.0899314795622583
        },
        {
            "Time": "2022-12-11",
            "value": 0.2961716423906956
        },
        {
            "Time": "2022-12-12",
            "value": 1.1292780440326422
        },
        {
            "Time": "2022-12-13",
            "value": 1.5397197185215254
        },
        {
            "Time": "2022-12-14",
            "value": 0.5649416243632864
        },
        {
            "Time": "2022-12-15",
            "value": 0.4009249632941748
        },
        {
            "Time": "2022-12-16",
            "value": 0.23174182345231473
        },
        {
            "Time": "2022-12-17",
            "value": 0.37459275477922765
        },
        {
            "Time": "2022-12-18",
            "value": 2.6620149067970513
        },
        {
            "Time": "2022-12-19",
            "value": 2.5140612956349915
        },
        {
            "Time": "2022-12-20",
            "value": 1.3167458104087528
        },
        {
            "Time": "2022-12-21",
            "value": 2.4433795876975095
        },
        {
            "Time": "2022-12-22",
            "value": 2.4961521945834657
        },
        {
            "Time": "2022-12-23",
            "value": 2.60912715308212
        },
        {
            "Time": "2022-12-24",
            "value": 2.63413175257068
        },
        {
            "Time": "2022-12-25",
            "value": 2.6652017574842333
        },
        {
            "Time": "2022-12-26",
            "value": 2.0782071148823213
        },
        {
            "Time": "2022-12-27",
            "value": 0.8535610610278128
        },
        {
            "Time": "2022-12-28",
            "value": 0.39051922624704777
        },
        {
            "Time": "2022-12-29",
            "value": 0.22013182410382284
        },
        {
            "Time": "2022-12-30",
            "value": 0.3566861791076667
        },
        {
            "Time": "2022-12-31",
            "value": 1.3659186873822944
        },
        {
            "Time": "2023-01-01",
            "value": 0.6761932339995043
        },
        {
            "Time": "2023-01-02",
            "value": 0.3015413915087526
        },
        {
            "Time": "2023-01-03",
            "value": 0.31886897254755864
        },
        {
            "Time": "2023-01-04",
            "value": 0.3470925042779286
        },
        {
            "Time": "2023-01-05",
            "value": 0.4639724523493933
        },
        {
            "Time": "2023-01-06",
            "value": 2.460786456844383
        },
        {
            "Time": "2023-01-07",
            "value": 2.631327336041753
        },
        {
            "Time": "2023-01-08",
            "value": 2.6339830547820737
        },
        {
            "Time": "2023-01-09",
            "value": 0.41886180418250385
        },
        {
            "Time": "2023-01-10",
            "value": 0.46345997006156886
        },
        {
            "Time": "2023-01-11",
            "value": 0.6306847597035395
        },
        {
            "Time": "2023-01-12",
            "value": 1.5625741522022085
        },
        {
            "Time": "2023-01-13",
            "value": 0.293280629261491
        },
        {
            "Time": "2023-01-14",
            "value": 1.7043081476110087
        },
        {
            "Time": "2023-01-15",
            "value": 0.3221170033657292
        },
        {
            "Time": "2023-01-16",
            "value": 2.0981338967682532
        },
        {
            "Time": "2023-01-17",
            "value": 0.3833927845994431
        },
        {
            "Time": "2023-01-18",
            "value": 2.5388270585273682
        },
        {
            "Time": "2023-01-19",
            "value": 2.1133960588311433
        },
        {
            "Time": "2023-01-20",
            "value": 0.7819754562232716
        },
        {
            "Time": "2023-01-21",
            "value": 0.220624844028397
        },
        {
            "Time": "2023-01-22",
            "value": 2.0488647117364343
        },
        {
            "Time": "2023-01-23",
            "value": 0.21598628494785477
        },
        {
            "Time": "2023-01-24",
            "value": 1.8118940271820096
        },
        {
            "Time": "2023-01-25",
            "value": 2.7838534549778258
        },
        {
            "Time": "2023-01-26",
            "value": 1.2954517619324122
        },
        {
            "Time": "2023-01-27",
            "value": 2.545287665569319
        },
        {
            "Time": "2023-01-28",
            "value": 2.79117082870529
        },
        {
            "Time": "2023-01-29",
            "value": 2.8336095729422226
        },
        {
            "Time": "2023-01-30",
            "value": 2.9243327364605243
        },
        {
            "Time": "2023-01-31",
            "value": 2.908269259427925
        },
        {
            "Time": "2023-02-01",
            "value": 0.43635087280863943
        },
        {
            "Time": "2023-02-02",
            "value": 1.1017333014740083
        },
        {
            "Time": "2023-02-03",
            "value": 0.4737765961450781
        },
        {
            "Time": "2023-02-04",
            "value": 0.1366379132791476
        },
        {
            "Time": "2023-02-05",
            "value": 0.338464562397966
        },
        {
            "Time": "2023-02-06",
            "value": 1.7568328910811468
        },
        {
            "Time": "2023-02-07",
            "value": 0.3354965902252912
        },
        {
            "Time": "2023-02-08",
            "value": 0.17449868340367838
        },
        {
            "Time": "2023-02-09",
            "value": 0.44211722646370427
        },
        {
            "Time": "2023-02-10",
            "value": 0.22237252693157533
        },
        {
            "Time": "2023-02-11",
            "value": 0.8824785209711472
        },
        {
            "Time": "2023-02-12",
            "value": 1.2150400859045993
        },
        {
            "Time": "2023-02-13",
            "value": 0.3589777093230642
        },
        {
            "Time": "2023-02-14",
            "value": 0.9627272305811789
        },
        {
            "Time": "2023-02-15",
            "value": 2.6368462281722023
        },
        {
            "Time": "2023-02-16",
            "value": 3.1165109182820254
        },
        {
            "Time": "2023-02-17",
            "value": 2.306201522162838
        },
        {
            "Time": "2023-02-18",
            "value": 2.7502023986849258
        },
        {
            "Time": "2023-02-19",
            "value": 0.7250266937503744
        },
        {
            "Time": "2023-02-20",
            "value": 1.5247968642771603
        },
        {
            "Time": "2023-02-21",
            "value": 3.035673728965459
        },
        {
            "Time": "2023-02-22",
            "value": 2.604683622103077
        },
        {
            "Time": "2023-02-23",
            "value": 2.4678477261116587
        },
        {
            "Time": "2023-02-24",
            "value": 1.0471550496563016
        },
        {
            "Time": "2023-02-25",
            "value": 2.796605924939706
        },
        {
            "Time": "2023-02-26",
            "value": 3.1092681632165697
        },
        {
            "Time": "2023-02-27",
            "value": 2.763631939345425
        },
        {
            "Time": "2023-02-28",
            "value": 1.4837976771095334
        },
        {
            "Time": "2023-03-01",
            "value": 1.5159386711312484
        },
        {
            "Time": "2023-03-02",
            "value": 2.0845893428173143
        },
        {
            "Time": "2023-03-03",
            "value": 2.708940164740077
        },
        {
            "Time": "2023-03-04",
            "value": 3.0231134211537234
        },
        {
            "Time": "2023-03-05",
            "value": 2.9718082502064367
        },
        {
            "Time": "2023-03-06",
            "value": 3.075908950039943
        },
        {
            "Time": "2023-03-07",
            "value": 3.0442828997536093
        },
        {
            "Time": "2023-03-08",
            "value": 2.750948176390939
        },
        {
            "Time": "2023-03-09",
            "value": 2.317955001345638
        },
        {
            "Time": "2023-03-10",
            "value": 3.118111091125422
        },
        {
            "Time": "2023-03-11",
            "value": 2.634263985259182
        },
        {
            "Time": "2023-03-12",
            "value": 0.5611096172425413
        },
        {
            "Time": "2023-03-13",
            "value": 2.517172193096164
        },
        {
            "Time": "2023-03-14",
            "value": 3.22263022284213
        },
        {
            "Time": "2023-03-15",
            "value": 2.6618361792043337
        },
        {
            "Time": "2023-03-16",
            "value": 2.6962168845509167
        },
        {
            "Time": "2023-03-17",
            "value": 1.5589949310221412
        },
        {
            "Time": "2023-03-18",
            "value": 0.37297989720924374
        },
        {
            "Time": "2023-03-19",
            "value": 0.14202863224037615
        },
        {
            "Time": "2023-03-20",
            "value": 2.2340162572125406
        },
        {
            "Time": "2023-03-21",
            "value": 1.1869910455379973
        },
        {
            "Time": "2023-03-22",
            "value": 2.101268518746786
        },
        {
            "Time": "2023-03-23",
            "value": 0.18606178666777345
        },
        {
            "Time": "2023-03-24",
            "value": 0.22543273474498438
        },
        {
            "Time": "2023-03-25",
            "value": 0.29047725678198405
        },
        {
            "Time": "2023-03-26",
            "value": 1.1023904948993002
        },
        {
            "Time": "2023-03-27",
            "value": 0.0
        }
    ]
}