{
    "data": [
        {
            "Time": "2022-11-27",
            "value": 0.18080243739959884
        },
        {
            "Time": "2022-11-28",
            "value": 0.8799857938391981
        },
        {
            "Time": "2022-11-29",
            "value": 0.8134862804116938
        },
        {
            "Time": "2022-11-30",
            "value": 0.2786037757832909
        },
        {
            "Time": "2022-12-01",
            "value": 0.3223538415644156
        },
        {
            "Time": "2022-12-02",
            "value": 0.3690947129121294
        },
        {
            "Time": "2022-12-03",
            "value": 0.6056985833827756
        },
        {
            "Time": "2022-12-04",
            "value": 0.46027532507925584
        },
        {
            "Time": "2022-12-05",
            "value": 0.37604647554848636
        },
        {
            "Time": "2022-12-06",
            "value": 0.5846937476286145
        },
        {
            "Time": "2022-12-07",
            "value": 0.16979305463581668
        },
        {
            "Time": "2022-12-08",
            "value": 0.8967504537333226
        },
        {
            "Time": "2022-12-09",
            "value": 0.6966502965667029
        },
        {
            "Time": "2022-12-10",
            "value": 2.1566899702283493
        },
        {
            "Time": "2022-12-11",
            "value": 0.34217881828308416
        },
        {
            "Time": "2022-12-12",
            "value": 1.170687740603173
        },
        {
            "Time": "2022-12-13",
            "value": 1.6130978245878143
        },
        {
            "Time": "2022-12-14",
            "value": 0.6104245352820863
        },
        {
            "Time": "2022-12-15",
            "value": 0.4535048601267773
        },
        {
            "Time": "2022-12-16",
            "value": 0.27902429502939324
        },
        {
            "Time": "2022-12-17",
            "value": 0.4156538689010028
        },
        {
            "Time": "2022-12-18",
            "value": 2.740628004704001
        },
        {
            "Time": "2022-12-19",
            "value": 2.57266098358739
        },
        {
            "Time": "2022-12-20",
            "value": 1.3872131527111653
        },
        {
            "Time": "2022-12-21",
            "value": 2.526342544554645
        },
        {
            "Time": "2022-12-22",
            "value": 2.5609936093508567
        },
        {
            "Time": "2022-12-23",
            "value": 2.6743862077614664
        },
        {
            "Time": "2022-12-24",
            "value": 2.6881964169298103
        },
        {
            "Time": "2022-12-25",
            "value": 2.7058963708537216
        },
        {
            "Time": "2022-12-26",
            "value": 2.120241668743248
        },
        {
            "Time": "2022-12-27",
            "value": 0.8886038519594522
        },
        {
            "Time": "2022-12-28",
            "value": 0.43037310451894617
        },
        {
            "Time": "2022-12-29",
            "value": 0.25852254317832557
        },
        {
            "Time": "2022-12-30",
            "value": 0.4037592579379445
        },
        {
            "Time": "2022-12-31",
            "value": 1.4237118837431915
        },
        {
            "Time": "2023-01-01",
            "value": 0.7155956769791109
        },
        {
            "Time": "2023-01-02",
            "value": 0.3419583345321204
        },
        {
            "Time": "2023-01-03",
            "value": 0.378475032995427
        },
        {
            "Time": "2023-01-04",
            "value": 0.3958302768293191
        },
        {
            "Time": "2023-01-05",
            "value": 0.5078961210666552
        },
        {
            "Time": "2023-01-06",
            "value": 2.5301754424486083
        },
        {
            "Time": "2023-01-07",
            "value": 2.6803931004170494
        },
        {
            "Time": "2023-01-08",
            "value": 2.6840572693239864
        },
        {
            "Time": "2023-01-09",
            "value": 0.4544768778439696
        },
        {
            "Time": "2023-01-10",
            "value": 0.5034003370495942
        },
        {
            "Time": "2023-01-11",
            "value": 0.678822378004175
        },
        {
            "Time": "2023-01-12",
            "value": 1.6003406044740858
        },
        {
            "Time": "2023-01-13",
            "value": 0.3342748402925324
        },
        {
            "Time": "2023-01-14",
            "value": 1.7608906216858293
        },
        {
            "Time": "2023-01-15",
            "value": 0.3625115944993833
        },
        {
            "Time": "2023-01-16",
            "value": 2.16933082719713
        },
        {
            "Time": "2023-01-17",
            "value": 0.42812322244034345
        },
        {
            "Time": "2023-01-18",
            "value": 2.584953482136535
        },
        {
            "Time": "2023-01-19",
            "value": 2.124250641565393
        },
        {
            "Time": "2023-01-20",
            "value": 0.8273243587302471
        },
        {
            "Time": "2023-01-21",
            "value": 0.2654530436111184
        },
        {
            "Time": "2023-01-22",
            "value": 2.0967441387594743
        },
        {
            "Time": "2023-01-23",
            "value": 0.2553336556616537
        },
        {
            "Time": "2023-01-24",
            "value": 1.8674559355681453
        },
        {
            "Time": "2023-01-25",
            "value": 2.8469141592648244
        },
        {
            "Time": "2023-01-26",
            "value": 1.3262926493069027
        },
        {
            "Time": "2023-01-27",
            "value": 2.588459376062009
        },
        {
            "Time": "2023-01-28",
            "value": 2.858501723449061
        },
        {
            "Time": "2023-01-29",
            "value": 2.897210618266048
        },
        {
            "Time": "2023-01-30",
            "value": 2.955882202007128
        },
        {
            "Time": "2023-01-31",
            "value": 2.933521119224212
        },
        {
            "Time": "2023-02-01",
            "value": 0.46673561363491534
        },
        {
            "Time": "2023-02-02",
            "value": 1.1426280542305693
        },
        {
            "Time": "2023-02-03",
            "value": 0.5225891390181701
        },
        {
            "Time": "2023-02-04",
            "value": 0.18293180082069158
        },
        {
            "Time": "2023-02-05",
            "value": 0.38956485894962933
        },
        {
            "Time": "2023-02-06",
            "value": 1.78884330426454
        },
        {
            "Time": "2023-02-07",
            "value": 0.38180867740941565
        },
        {
            "Time": "2023-02-08",
            "value": 0.2197496135548492
        },
        {
            "Time": "2023-02-09",
            "value": 0.48288581376633427
        },
        {
            "Time": "2023-02-10",
            "value": 0.2756186554297081
        },
        {
            "Time": "2023-02-11",
            "value": 0.9109368219020713
        },
        {
            "Time": "2023-02-12",
            "value": 1.2600104055683985
        },
        {
            "Time": "2023-02-13",
            "value": 0.41849008020909295
        },
        {
            "Time": "2023-02-14",
            "value": 1.0201338220465506
        },
        {
            "Time": "2023-02-15",
            "value": 2.6806273042001725
        },
        {
            "Time": "2023-02-16",
            "value": 3.136665917228478
        },
        {
            "Time": "2023-02-17",
            "value": 2.336754684037128
        },
        {
            "Time": "2023-02-18",
            "value": 2.7816029536722993
        },
        {
            "Time": "2023-02-19",
            "value": 0.7687201632577482
        },
        {
            "Time": "2023-02-20",
            "value": 1.5952939730451035
        },
        {
            "Time": "2023-02-21",
            "value": 3.0728147836374817
        },
        {
            "Time": "2023-02-22",
            "value": 2.6409117640397857
        },
        {
            "Time": "2023-02-23",
            "value": 2.500498756080082
        },
        {
            "Time": "2023-02-24",
            "value": 1.0952660876045777
        },
        {
            "Time": "2023-02-25",
            "value": 2.8626695538036793
        },
        {
            "Time": "2023-02-26",
            "value": 3.1296093007471857
        },
        {
            "Time": "2023-02-27",
            "value": 2.7639149346064147
        },
        {
            "Time": "2023-02-28",
            "value": 1.5306296010316718
        },
        {
            "Time": "2023-03-01",
            "value": 1.5569199274342351
        },
        {
            "Time": "2023-03-02",
            "value": 2.131317308481178
        },
        {
            "Time": "2023-03-03",
            "value": 2.7536311764178913
        },
        {
            "Time": "2023-03-04",
            "value": 3.0463655293490306
        },
        {
            "Time": "2023-03-05",
            "value": 2.998504373178808
        },
        {
            "Time": "2023-03-06",
            "value": 3.1105704424886653
        },
        {
            "Time": "2023-03-07",
            "value": 3.0618553393078973
        },
        {
            "Time": "2023-03-08",
            "value": 2.7848442564452585
        },
        {
            "Time": "2023-03-09",
            "value": 2.3558311419737468
        },
        {
            "Time": "2023-03-10",
            "value": 3.137915150321223
        },
        {
            "Time": "2023-03-11",
            "value": 2.6924950647179013
        },
        {
            "Time": "2023-03-12",
            "value": 0.6163823780300685
        },
        {
            "Time": "2023-03-13",
            "value": 2.5679300784245127
        },
        {
            "Time": "2023-03-14",
            "value": 3.2252624068094757
        },
        {
            "Time": "2023-03-15",
            "value": 2.696369581446202
        },
        {
            "Time": "2023-03-16",
            "value": 2.7386309608590973
        },
        {
            "Time": "2023-03-17",
            "value": 1.6195671359169148
        },
        {
            "Time": "2023-03-18",
            "value": 0.42442853081208043
        },
        {
            "Time": "2023-03-19",
            "value": 0.18599965454328193
        },
        {
            "Time": "2023-03-20",
            "value": 2.2835559870782074
        },
        {
            "Time": "2023-03-21",
            "value": 1.2388533564454796
        },
        {
            "Time": "2023-03-22",
            "value": 2.138388424647015
        },
        {
            "Time": "2023-03-23",
            "value": 0.24236642263747052
        },
        {
            "Time": "2023-03-24",
            "value": 0.2783875807577339
        },
        {
            "Time": "2023-03-25",
            "value": 0.3354637149837611
        },
        {
            "Time": "2023-03-26",
            "value": 1.163010675692318
        },
        {
            "Time": "2023-03-27",
            "value": 0.0
        }
    ]
}