{
    "data": [
        {
            "Time": "2022-11-27",
            "value": 0.17252406161944858
        },
        {
            "Time": "2022-11-28",
            "value": 0.44862615554922747
        },
        {
            "Time": "2022-11-29",
            "value": 0.46786206312054734
        },
        {
            "Time": "2022-11-30",
            "value": 0.23941493146435763
        },
        {
            "Time": "2022-12-01",
            "value": 0.2908171282847569
        },
        {
            "Time": "2022-12-02",
            "value": 0.30926747836199653
        },
        {
            "Time": "2022-12-03",
            "value": 0.46701400207150306
        },
        {
            "Time": "2022-12-04",
            "value": 0.3722904222961268
        },
        {
            "Time": "2022-12-05",
            "value": 0.3232673933845268
        },
        {
            "Time": "2022-12-06",
            "value": 0.45524074258343744
        },
        {
            "Time": "2022-12-07",
            "value": 0.16125694441875
        },
        {
            "Time": "2022-12-08",
            "value": 0.5317804195502233
        },
        {
            "Time": "2022-12-09",
            "value": 0.5054716463146411
        },
        {
            "Time": "2022-12-10",
            "value": 0.40320103236225974
        },
        {
            "Time": "2022-12-11",
            "value": 0.2909805547967882
        },
        {
            "Time": "2022-12-12",
            "value": 0.4434045126253357
        },
        {
            "Time": "2022-12-13",
            "value": 0.42868338848908566
        },
        {
            "Time": "2022-12-14",
            "value": 0.4593162611959044
        },
        {
            "Time": "2022-12-15",
            "value": 0.35136976274764176
        },
        {
            "Time": "2022-12-16",
            "value": 0.25048116215229693
        },
        {
            "Time": "2022-12-17",
            "value": 0.3049687160740046
        },
        {
            "Time": "2022-12-18",
            "value": 0.11777102309502607
        },
        {
            "Time": "2022-12-19",
            "value": 0.18835541678444442
        },
        {
            "Time": "2022-12-20",
            "value": 0.9802507635223361
        },
        {
            "Time": "2022-12-21",
            "value": 0.20796296091122685
        },
        {
            "Time": "2022-12-22",
            "value": 0.1979014102894571
        },
        {
            "Time": "2022-12-23",
            "value": 0.13457697182164352
        },
        {
            "Time": "2022-12-24",
            "value": 0.12773906167487373
        },
        {
            "Time": "2022-12-25",
            "value": 0.12962797477934676
        },
        {
            "Time": "2022-12-26",
            "value": 0.33059970238376324
        },
        {
            "Time": "2022-12-27",
            "value": 0.4647974590522487
        },
        {
            "Time": "2022-12-28",
            "value": 0.353958328931713
        },
        {
            "Time": "2022-12-29",
            "value": 0.23465277825856481
        },
        {
            "Time": "2022-12-30",
            "value": 0.33145833429560184
        },
        {
            "Time": "2022-12-31",
            "value": 0.5538972142955142
        },
        {
            "Time": "2023-01-01",
            "value": 0.49871862683173157
        },
        {
            "Time": "2023-01-02",
            "value": 0.29224536921469907
        },
        {
            "Time": "2023-01-03",
            "value": 0.3295793673828538
        },
        {
            "Time": "2023-01-04",
            "value": 0.32497652450676257
        },
        {
            "Time": "2023-01-05",
            "value": 0.4140312535355324
        },
        {
            "Time": "2023-01-06",
            "value": 0.2312910722179745
        },
        {
            "Time": "2023-01-07",
            "value": 0.14037268305057868
        },
        {
            "Time": "2023-01-08",
            "value": 0.13364506244243826
        },
        {
            "Time": "2023-01-09",
            "value": 0.3635972243702546
        },
        {
            "Time": "2023-01-10",
            "value": 0.375990986470668
        },
        {
            "Time": "2023-01-11",
            "value": 0.498324874560659
        },
        {
            "Time": "2023-01-12",
            "value": 0.7323646220575218
        },
        {
            "Time": "2023-01-13",
            "value": 0.27754091643270257
        },
        {
            "Time": "2023-01-14",
            "value": 0.7705376235783885
        },
        {
            "Time": "2023-01-15",
            "value": 0.30545251083174557
        },
        {
            "Time": "2023-01-16",
            "value": 0.5718833760940415
        },
        {
            "Time": "2023-01-17",
            "value": 0.35956596702141197
        },
        {
            "Time": "2023-01-18",
            "value": 1.0386199936079108
        },
        {
            "Time": "2023-01-19",
            "value": 0.9083164109044203
        },
        {
            "Time": "2023-01-20",
            "value": 0.4919214730716969
        },
        {
            "Time": "2023-01-21",
            "value": 0.24150115697479743
        },
        {
            "Time": "2023-01-22",
            "value": 0.6921274829468463
        },
        {
            "Time": "2023-01-23",
            "value": 0.23155787073069445
        },
        {
            "Time": "2023-01-24",
            "value": 0.46178290270395067
        },
        {
            "Time": "2023-01-25",
            "value": 0.19264814878425926
        },
        {
            "Time": "2023-01-26",
            "value": 0.7305335325174311
        },
        {
            "Time": "2023-01-27",
            "value": 0.7523921985384721
        },
        {
            "Time": "2023-01-28",
            "value": 0.1928689241587095
        },
        {
            "Time": "2023-01-29",
            "value": 1.5324688437577836
        },
        {
            "Time": "2023-01-30",
            "value": 0.14640575153330027
        },
        {
            "Time": "2023-01-31",
            "value": 0.15376580715578175
        },
        {
            "Time": "2023-02-01",
            "value": 0.3756516199496528
        },
        {
            "Time": "2023-02-02",
            "value": 0.6104190794355683
        },
        {
            "Time": "2023-02-03",
            "value": 0.4101362431255671
        },
        {
            "Time": "2023-02-04",
            "value": 0.17021990823194444
        },
        {
            "Time": "2023-02-05",
            "value": 0.32274073740873843
        },
        {
            "Time": "2023-02-06",
            "value": 0.719794824281005
        },
        {
            "Time": "2023-02-07",
            "value": 0.308186833181033
        },
        {
            "Time": "2023-02-08",
            "value": 0.19749380784140047
        },
        {
            "Time": "2023-02-09",
            "value": 0.3658132684145095
        },
        {
            "Time": "2023-02-10",
            "value": 0.2584814843768461
        },
        {
            "Time": "2023-02-11",
            "value": 0.4942373134395756
        },
        {
            "Time": "2023-02-12",
            "value": 0.6120121831077685
        },
        {
            "Time": "2023-02-13",
            "value": 0.3216360084017454
        },
        {
            "Time": "2023-02-14",
            "value": 0.6307847206961805
        },
        {
            "Time": "2023-02-15",
            "value": 1.0256922604618985
        },
        {
            "Time": "2023-02-16",
            "value": 1.257582585244067
        },
        {
            "Time": "2023-02-17",
            "value": 0.9335217127501868
        },
        {
            "Time": "2023-02-18",
            "value": 1.1520327003728628
        },
        {
            "Time": "2023-02-19",
            "value": 0.5709747377226674
        },
        {
            "Time": "2023-02-20",
            "value": 0.9301563097589614
        },
        {
            "Time": "2023-02-21",
            "value": 1.2639075548316967
        },
        {
            "Time": "2023-02-22",
            "value": 1.082349332800593
        },
        {
            "Time": "2023-02-23",
            "value": 1.2040140320159896
        },
        {
            "Time": "2023-02-24",
            "value": 0.7274348180014153
        },
        {
            "Time": "2023-02-25",
            "value": 1.2685924090959504
        },
        {
            "Time": "2023-02-26",
            "value": 1.4060831124698399
        },
        {
            "Time": "2023-02-27",
            "value": 1.2945711229959806
        },
        {
            "Time": "2023-02-28",
            "value": 0.9612799602538302
        },
        {
            "Time": "2023-03-01",
            "value": 0.8891764719199314
        },
        {
            "Time": "2023-03-02",
            "value": 1.073610208949472
        },
        {
            "Time": "2023-03-03",
            "value": 1.40112498921001
        },
        {
            "Time": "2023-03-04",
            "value": 1.545693905584259
        },
        {
            "Time": "2023-03-05",
            "value": 1.5474854326512972
        },
        {
            "Time": "2023-03-06",
            "value": 1.6152855490842262
        },
        {
            "Time": "2023-03-07",
            "value": 1.6153130811458911
        },
        {
            "Time": "2023-03-08",
            "value": 1.5207614838258674
        },
        {
            "Time": "2023-03-09",
            "value": 1.2009232837988235
        },
        {
            "Time": "2023-03-10",
            "value": 1.7901941591380683
        },
        {
            "Time": "2023-03-11",
            "value": 1.4432497621898872
        },
        {
            "Time": "2023-03-12",
            "value": 0.48699073442991947
        },
        {
            "Time": "2023-03-13",
            "value": 1.416945397569075
        },
        {
            "Time": "2023-03-14",
            "value": 1.7385243230613425
        },
        {
            "Time": "2023-03-15",
            "value": 1.4667306719545499
        },
        {
            "Time": "2023-03-16",
            "value": 1.4821235827865382
        },
        {
            "Time": "2023-03-17",
            "value": 1.0281842685465958
        },
        {
            "Time": "2023-03-18",
            "value": 0.3589493147435336
        },
        {
            "Time": "2023-03-19",
            "value": 0.17009920660952382
        },
        {
            "Time": "2023-03-20",
            "value": 1.326988529455668
        },
        {
            "Time": "2023-03-21",
            "value": 0.8394518530929334
        },
        {
            "Time": "2023-03-22",
            "value": 1.257172646545011
        },
        {
            "Time": "2023-03-23",
            "value": 0.20687924341527777
        },
        {
            "Time": "2023-03-24",
            "value": 0.24206018182377315
        },
        {
            "Time": "2023-03-25",
            "value": 0.29079977204921875
        },
        {
            "Time": "2023-03-26",
            "value": 0.8530777614414184
        },
        {
            "Time": "2023-03-27",
            "value": 0.0
        }
    ]
}