{
    "data": [
        {
            "Time": "2022-11-27",
            "value": 0.1436823831075292
        },
        {
            "Time": "2022-11-28",
            "value": 0.5184356472382172
        },
        {
            "Time": "2022-11-29",
            "value": 0.5774388514919019
        },
        {
            "Time": "2022-11-30",
            "value": 0.2365093161906435
        },
        {
            "Time": "2022-12-01",
            "value": 0.2840455368110746
        },
        {
            "Time": "2022-12-02",
            "value": 0.3102489861720419
        },
        {
            "Time": "2022-12-03",
            "value": 0.4964146168514468
        },
        {
            "Time": "2022-12-04",
            "value": 0.38107814994577366
        },
        {
            "Time": "2022-12-05",
            "value": 0.32166085194025684
        },
        {
            "Time": "2022-12-06",
            "value": 0.4834376187624532
        },
        {
            "Time": "2022-12-07",
            "value": 0.13448133799629253
        },
        {
            "Time": "2022-12-08",
            "value": 0.6400721330732573
        },
        {
            "Time": "2022-12-09",
            "value": 0.5418862314140052
        },
        {
            "Time": "2022-12-10",
            "value": 0.9107322224983164
        },
        {
            "Time": "2022-12-11",
            "value": 0.2858008298475476
        },
        {
            "Time": "2022-12-12",
            "value": 0.6952993945211985
        },
        {
            "Time": "2022-12-13",
            "value": 0.7437998475241488
        },
        {
            "Time": "2022-12-14",
            "value": 0.48750094508596853
        },
        {
            "Time": "2022-12-15",
            "value": 0.35496253826641244
        },
        {
            "Time": "2022-12-16",
            "value": 0.23693383140803476
        },
        {
            "Time": "2022-12-17",
            "value": 0.30656250067259677
        },
        {
            "Time": "2022-12-18",
            "value": 0.9346890525927516
        },
        {
            "Time": "2022-12-19",
            "value": 0.9346085459286029
        },
        {
            "Time": "2022-12-20",
            "value": 0.6436340042231292
        },
        {
            "Time": "2022-12-21",
            "value": 0.8910080669957685
        },
        {
            "Time": "2022-12-22",
            "value": 0.903910701168097
        },
        {
            "Time": "2022-12-23",
            "value": 0.9337180111669813
        },
        {
            "Time": "2022-12-24",
            "value": 0.9263058435350391
        },
        {
            "Time": "2022-12-25",
            "value": 0.9676075003114807
        },
        {
            "Time": "2022-12-26",
            "value": 0.9266677517886043
        },
        {
            "Time": "2022-12-27",
            "value": 0.5956250637513011
        },
        {
            "Time": "2022-12-28",
            "value": 0.35810946652539777
        },
        {
            "Time": "2022-12-29",
            "value": 0.21962036916335184
        },
        {
            "Time": "2022-12-30",
            "value": 0.3382271243151117
        },
        {
            "Time": "2022-12-31",
            "value": 0.7946173115795346
        },
        {
            "Time": "2023-01-01",
            "value": 0.5418240586741402
        },
        {
            "Time": "2023-01-02",
            "value": 0.2861342588170833
        },
        {
            "Time": "2023-01-03",
            "value": 0.32784550216666086
        },
        {
            "Time": "2023-01-04",
            "value": 0.3295972214724606
        },
        {
            "Time": "2023-01-05",
            "value": 0.4294317128274792
        },
        {
            "Time": "2023-01-06",
            "value": 1.0428353191987816
        },
        {
            "Time": "2023-01-07",
            "value": 1.0818173576544818
        },
        {
            "Time": "2023-01-08",
            "value": 1.1063172123450038
        },
        {
            "Time": "2023-01-09",
            "value": 0.3748532814298987
        },
        {
            "Time": "2023-01-10",
            "value": 0.3895022148473534
        },
        {
            "Time": "2023-01-11",
            "value": 0.5441546404609533
        },
        {
            "Time": "2023-01-12",
            "value": 0.896594181119555
        },
        {
            "Time": "2023-01-13",
            "value": 0.2666428582148933
        },
        {
            "Time": "2023-01-14",
            "value": 0.8824281349403174
        },
        {
            "Time": "2023-01-15",
            "value": 0.3045652668871178
        },
        {
            "Time": "2023-01-16",
            "value": 1.041464229610499
        },
        {
            "Time": "2023-01-17",
            "value": 0.3592290799927908
        },
        {
            "Time": "2023-01-18",
            "value": 1.1284202512252153
        },
        {
            "Time": "2023-01-19",
            "value": 1.080546206238682
        },
        {
            "Time": "2023-01-20",
            "value": 0.6000020155078223
        },
        {
            "Time": "2023-01-21",
            "value": 0.2186076367760324
        },
        {
            "Time": "2023-01-22",
            "value": 0.9968125475240018
        },
        {
            "Time": "2023-01-23",
            "value": 0.21386052969234087
        },
        {
            "Time": "2023-01-24",
            "value": 0.859535168594862
        },
        {
            "Time": "2023-01-25",
            "value": 1.276915098169105
        },
        {
            "Time": "2023-01-26",
            "value": 0.8481272935003205
        },
        {
            "Time": "2023-01-27",
            "value": 1.2344021101644294
        },
        {
            "Time": "2023-01-28",
            "value": 1.3250596610107723
        },
        {
            "Time": "2023-01-29",
            "value": 1.3341816003428093
        },
        {
            "Time": "2023-01-30",
            "value": 1.387652869121744
        },
        {
            "Time": "2023-01-31",
            "value": 1.3709582339321196
        },
        {
            "Time": "2023-02-01",
            "value": 0.3876469436858737
        },
        {
            "Time": "2023-02-02",
            "value": 0.710208048470615
        },
        {
            "Time": "2023-02-03",
            "value": 0.43095571072478595
        },
        {
            "Time": "2023-02-04",
            "value": 0.14887500694752928
        },
        {
            "Time": "2023-02-05",
            "value": 0.3118893492605095
        },
        {
            "Time": "2023-02-06",
            "value": 1.078750164030126
        },
        {
            "Time": "2023-02-07",
            "value": 0.3054536507701724
        },
        {
            "Time": "2023-02-08",
            "value": 0.1841734110831654
        },
        {
            "Time": "2023-02-09",
            "value": 0.387031235492666
        },
        {
            "Time": "2023-02-10",
            "value": 0.2242516878237837
        },
        {
            "Time": "2023-02-11",
            "value": 0.6063929198211658
        },
        {
            "Time": "2023-02-12",
            "value": 0.8139038580012076
        },
        {
            "Time": "2023-02-13",
            "value": 0.33813930547441134
        },
        {
            "Time": "2023-02-14",
            "value": 0.6990781214280903
        },
        {
            "Time": "2023-02-15",
            "value": 1.4093975539713715
        },
        {
            "Time": "2023-02-16",
            "value": 1.6957424359945135
        },
        {
            "Time": "2023-02-17",
            "value": 1.3266456508258377
        },
        {
            "Time": "2023-02-18",
            "value": 1.4294406177772623
        },
        {
            "Time": "2023-02-19",
            "value": 0.6189623025996812
        },
        {
            "Time": "2023-02-20",
            "value": 1.115289431104863
        },
        {
            "Time": "2023-02-21",
            "value": 1.689739774075901
        },
        {
            "Time": "2023-02-22",
            "value": 1.4960652646699506
        },
        {
            "Time": "2023-02-23",
            "value": 1.4213869117705928
        },
        {
            "Time": "2023-02-24",
            "value": 0.8160020752372222
        },
        {
            "Time": "2023-02-25",
            "value": 1.569753406565488
        },
        {
            "Time": "2023-02-26",
            "value": 1.678196748118352
        },
        {
            "Time": "2023-02-27",
            "value": 1.5366004184028121
        },
        {
            "Time": "2023-02-28",
            "value": 1.1126612266624751
        },
        {
            "Time": "2023-03-01",
            "value": 1.0057518390678826
        },
        {
            "Time": "2023-03-02",
            "value": 1.265945348589794
        },
        {
            "Time": "2023-03-03",
            "value": 1.5698649516398568
        },
        {
            "Time": "2023-03-04",
            "value": 1.6862685229659433
        },
        {
            "Time": "2023-03-05",
            "value": 1.6632857789530366
        },
        {
            "Time": "2023-03-06",
            "value": 1.7159930620985184
        },
        {
            "Time": "2023-03-07",
            "value": 1.695341438653009
        },
        {
            "Time": "2023-03-08",
            "value": 1.5966708246721537
        },
        {
            "Time": "2023-03-09",
            "value": 1.2978877335410337
        },
        {
            "Time": "2023-03-10",
            "value": 1.7389004692410879
        },
        {
            "Time": "2023-03-11",
            "value": 1.5544285329066787
        },
        {
            "Time": "2023-03-12",
            "value": 0.49509949860552843
        },
        {
            "Time": "2023-03-13",
            "value": 1.6001529360666427
        },
        {
            "Time": "2023-03-14",
            "value": 1.7769907579023032
        },
        {
            "Time": "2023-03-15",
            "value": 1.59977200245218
        },
        {
            "Time": "2023-03-16",
            "value": 1.6184657102193505
        },
        {
            "Time": "2023-03-17",
            "value": 1.1594715564722067
        },
        {
            "Time": "2023-03-18",
            "value": 0.3635073560419808
        },
        {
            "Time": "2023-03-19",
            "value": 0.14950396855820106
        },
        {
            "Time": "2023-03-20",
            "value": 1.4646193432150596
        },
        {
            "Time": "2023-03-21",
            "value": 0.9358025515525046
        },
        {
            "Time": "2023-03-22",
            "value": 1.4154644088657982
        },
        {
            "Time": "2023-03-23",
            "value": 0.19253472184965276
        },
        {
            "Time": "2023-03-24",
            "value": 0.22103703374340278
        },
        {
            "Time": "2023-03-25",
            "value": 0.2822612819627077
        },
        {
            "Time": "2023-03-26",
            "value": 0.9468515661419064
        },
        {
            "Time": "2023-03-27",
            "value": 0.0
        }
    ]
}