{
    "data": [
        {
            "Time": "2022-11-27",
            "value": 0.1946017992250818
        },
        {
            "Time": "2022-11-28",
            "value": 0.8620761108240371
        },
        {
            "Time": "2022-11-29",
            "value": 0.7163669215041822
        },
        {
            "Time": "2022-11-30",
            "value": 0.2664760664594981
        },
        {
            "Time": "2022-12-01",
            "value": 0.3124183697823689
        },
        {
            "Time": "2022-12-02",
            "value": 0.365145649003388
        },
        {
            "Time": "2022-12-03",
            "value": 0.5909798048805731
        },
        {
            "Time": "2022-12-04",
            "value": 0.4414885890737545
        },
        {
            "Time": "2022-12-05",
            "value": 0.3533246342668579
        },
        {
            "Time": "2022-12-06",
            "value": 0.5747638495563967
        },
        {
            "Time": "2022-12-07",
            "value": 0.16921377312782243
        },
        {
            "Time": "2022-12-08",
            "value": 0.8691359767835313
        },
        {
            "Time": "2022-12-09",
            "value": 0.6832953011792011
        },
        {
            "Time": "2022-12-10",
            "value": 2.020270501963704
        },
        {
            "Time": "2022-12-11",
            "value": 0.3247333061094505
        },
        {
            "Time": "2022-12-12",
            "value": 1.1403661118336168
        },
        {
            "Time": "2022-12-13",
            "value": 1.4284640944509135
        },
        {
            "Time": "2022-12-14",
            "value": 0.6065273919604753
        },
        {
            "Time": "2022-12-15",
            "value": 0.43179696658851585
        },
        {
            "Time": "2022-12-16",
            "value": 0.27294968373854195
        },
        {
            "Time": "2022-12-17",
            "value": 0.39944547891384297
        },
        {
            "Time": "2022-12-18",
            "value": 2.607651660915898
        },
        {
            "Time": "2022-12-19",
            "value": 2.4317519307145026
        },
        {
            "Time": "2022-12-20",
            "value": 1.226091402578479
        },
        {
            "Time": "2022-12-21",
            "value": 2.3767630171839618
        },
        {
            "Time": "2022-12-22",
            "value": 2.4256105433922106
        },
        {
            "Time": "2022-12-23",
            "value": 2.531815490654572
        },
        {
            "Time": "2022-12-24",
            "value": 2.5454781799538515
        },
        {
            "Time": "2022-12-25",
            "value": 2.56447688879126
        },
        {
            "Time": "2022-12-26",
            "value": 1.9792586483601664
        },
        {
            "Time": "2022-12-27",
            "value": 0.8465924175042109
        },
        {
            "Time": "2022-12-28",
            "value": 0.42470899565551584
        },
        {
            "Time": "2022-12-29",
            "value": 0.2555833325411574
        },
        {
            "Time": "2022-12-30",
            "value": 0.38665162249376395
        },
        {
            "Time": "2022-12-31",
            "value": 1.3394116752123573
        },
        {
            "Time": "2023-01-01",
            "value": 0.691717570452179
        },
        {
            "Time": "2023-01-02",
            "value": 0.33872829709368346
        },
        {
            "Time": "2023-01-03",
            "value": 0.3630586095961648
        },
        {
            "Time": "2023-01-04",
            "value": 0.38921559298592695
        },
        {
            "Time": "2023-01-05",
            "value": 0.49242507339636304
        },
        {
            "Time": "2023-01-06",
            "value": 2.3845583032948614
        },
        {
            "Time": "2023-01-07",
            "value": 2.546746522907404
        },
        {
            "Time": "2023-01-08",
            "value": 2.5441367309358753
        },
        {
            "Time": "2023-01-09",
            "value": 0.44363280980912617
        },
        {
            "Time": "2023-01-10",
            "value": 0.4940529151697237
        },
        {
            "Time": "2023-01-11",
            "value": 0.6508493792627302
        },
        {
            "Time": "2023-01-12",
            "value": 1.4948232179308443
        },
        {
            "Time": "2023-01-13",
            "value": 0.3298399073894055
        },
        {
            "Time": "2023-01-14",
            "value": 1.6554563770493682
        },
        {
            "Time": "2023-01-15",
            "value": 0.35026328443650023
        },
        {
            "Time": "2023-01-16",
            "value": 2.021612676151726
        },
        {
            "Time": "2023-01-17",
            "value": 0.4234899779454286
        },
        {
            "Time": "2023-01-18",
            "value": 2.412266674988326
        },
        {
            "Time": "2023-01-19",
            "value": 2.02724074857376
        },
        {
            "Time": "2023-01-20",
            "value": 0.8028072383378763
        },
        {
            "Time": "2023-01-21",
            "value": 0.2558449092950231
        },
        {
            "Time": "2023-01-22",
            "value": 1.9829810422282697
        },
        {
            "Time": "2023-01-23",
            "value": 0.24672800835130687
        },
        {
            "Time": "2023-01-24",
            "value": 1.8226015757980987
        },
        {
            "Time": "2023-01-25",
            "value": 2.641686497630606
        },
        {
            "Time": "2023-01-26",
            "value": 1.244424208650525
        },
        {
            "Time": "2023-01-27",
            "value": 2.4341335885104516
        },
        {
            "Time": "2023-01-28",
            "value": 2.6809655212843935
        },
        {
            "Time": "2023-01-29",
            "value": 2.685206013222746
        },
        {
            "Time": "2023-01-30",
            "value": 2.734677306465661
        },
        {
            "Time": "2023-01-31",
            "value": 2.727893806426833
        },
        {
            "Time": "2023-02-01",
            "value": 0.453494678610669
        },
        {
            "Time": "2023-02-02",
            "value": 1.1178250975041486
        },
        {
            "Time": "2023-02-03",
            "value": 0.4930370725302545
        },
        {
            "Time": "2023-02-04",
            "value": 0.16956134237881945
        },
        {
            "Time": "2023-02-05",
            "value": 0.37296057371676256
        },
        {
            "Time": "2023-02-06",
            "value": 1.7051178176336577
        },
        {
            "Time": "2023-02-07",
            "value": 0.3675063527052304
        },
        {
            "Time": "2023-02-08",
            "value": 0.21296985074449074
        },
        {
            "Time": "2023-02-09",
            "value": 0.4667539757743345
        },
        {
            "Time": "2023-02-10",
            "value": 0.2715478884574286
        },
        {
            "Time": "2023-02-11",
            "value": 0.9006296554731962
        },
        {
            "Time": "2023-02-12",
            "value": 1.2359317198010362
        },
        {
            "Time": "2023-02-13",
            "value": 0.3753915437595554
        },
        {
            "Time": "2023-02-14",
            "value": 1.014798249785977
        },
        {
            "Time": "2023-02-15",
            "value": 2.5629560146346395
        },
        {
            "Time": "2023-02-16",
            "value": 2.9281466448191296
        },
        {
            "Time": "2023-02-17",
            "value": 2.2160705900337527
        },
        {
            "Time": "2023-02-18",
            "value": 2.6284031686050016
        },
        {
            "Time": "2023-02-19",
            "value": 0.7516600914443156
        },
        {
            "Time": "2023-02-20",
            "value": 1.5592817129150203
        },
        {
            "Time": "2023-02-21",
            "value": 2.8628392943598064
        },
        {
            "Time": "2023-02-22",
            "value": 2.501282820645706
        },
        {
            "Time": "2023-02-23",
            "value": 2.403809942185515
        },
        {
            "Time": "2023-02-24",
            "value": 1.0594056002374974
        },
        {
            "Time": "2023-02-25",
            "value": 2.6738607388063316
        },
        {
            "Time": "2023-02-26",
            "value": 2.9439932848342836
        },
        {
            "Time": "2023-02-27",
            "value": 2.6918330067295546
        },
        {
            "Time": "2023-02-28",
            "value": 1.4700841723320852
        },
        {
            "Time": "2023-03-01",
            "value": 1.5043028297763426
        },
        {
            "Time": "2023-03-02",
            "value": 2.046745984099088
        },
        {
            "Time": "2023-03-03",
            "value": 2.5488797233322624
        },
        {
            "Time": "2023-03-04",
            "value": 2.863991627427313
        },
        {
            "Time": "2023-03-05",
            "value": 2.8019113267344418
        },
        {
            "Time": "2023-03-06",
            "value": 2.905688665602808
        },
        {
            "Time": "2023-03-07",
            "value": 2.8669987213087844
        },
        {
            "Time": "2023-03-08",
            "value": 2.5656708212305652
        },
        {
            "Time": "2023-03-09",
            "value": 2.3352949306257766
        },
        {
            "Time": "2023-03-10",
            "value": 2.927894565497104
        },
        {
            "Time": "2023-03-11",
            "value": 2.472385009677038
        },
        {
            "Time": "2023-03-12",
            "value": 0.6033408752709933
        },
        {
            "Time": "2023-03-13",
            "value": 2.4069635528266895
        },
        {
            "Time": "2023-03-14",
            "value": 3.0456810013089655
        },
        {
            "Time": "2023-03-15",
            "value": 2.531891360901347
        },
        {
            "Time": "2023-03-16",
            "value": 2.6082674525615386
        },
        {
            "Time": "2023-03-17",
            "value": 1.4751787650935866
        },
        {
            "Time": "2023-03-18",
            "value": 0.4146689536449707
        },
        {
            "Time": "2023-03-19",
            "value": 0.1674738372480379
        },
        {
            "Time": "2023-03-20",
            "value": 2.210827766687189
        },
        {
            "Time": "2023-03-21",
            "value": 1.1783281597234863
        },
        {
            "Time": "2023-03-22",
            "value": 2.0281212633176167
        },
        {
            "Time": "2023-03-23",
            "value": 0.21256990482952914
        },
        {
            "Time": "2023-03-24",
            "value": 0.23623808066594038
        },
        {
            "Time": "2023-03-25",
            "value": 0.3134847592488009
        },
        {
            "Time": "2023-03-26",
            "value": 1.1189887375451204
        },
        {
            "Time": "2023-03-27",
            "value": 0.0
        }
    ]
}