{
    "data": [
        {
            "Time": "2022-11-27",
            "value": 0.1758324075628955
        },
        {
            "Time": "2022-11-28",
            "value": 0.9109518997547602
        },
        {
            "Time": "2022-11-29",
            "value": 0.6943648934794403
        },
        {
            "Time": "2022-11-30",
            "value": 0.2675597462453002
        },
        {
            "Time": "2022-12-01",
            "value": 0.31854884819323914
        },
        {
            "Time": "2022-12-02",
            "value": 0.3721256256859471
        },
        {
            "Time": "2022-12-03",
            "value": 0.5950019080325215
        },
        {
            "Time": "2022-12-04",
            "value": 0.4420977664998924
        },
        {
            "Time": "2022-12-05",
            "value": 0.36141926253553397
        },
        {
            "Time": "2022-12-06",
            "value": 0.5772752457483226
        },
        {
            "Time": "2022-12-07",
            "value": 0.16617083391662013
        },
        {
            "Time": "2022-12-08",
            "value": 0.8415900636257555
        },
        {
            "Time": "2022-12-09",
            "value": 0.6917323544421369
        },
        {
            "Time": "2022-12-10",
            "value": 1.9684498400193187
        },
        {
            "Time": "2022-12-11",
            "value": 0.33162887131670293
        },
        {
            "Time": "2022-12-12",
            "value": 1.141858055212462
        },
        {
            "Time": "2022-12-13",
            "value": 1.3939874898763325
        },
        {
            "Time": "2022-12-14",
            "value": 0.6124193035303176
        },
        {
            "Time": "2022-12-15",
            "value": 0.4376584728568808
        },
        {
            "Time": "2022-12-16",
            "value": 0.27359781251405985
        },
        {
            "Time": "2022-12-17",
            "value": 0.4103398605603332
        },
        {
            "Time": "2022-12-18",
            "value": 2.574873066374677
        },
        {
            "Time": "2022-12-19",
            "value": 2.3993969832556106
        },
        {
            "Time": "2022-12-20",
            "value": 1.1973948873616997
        },
        {
            "Time": "2022-12-21",
            "value": 2.3569584393099388
        },
        {
            "Time": "2022-12-22",
            "value": 2.40001635008207
        },
        {
            "Time": "2022-12-23",
            "value": 2.5076161147659985
        },
        {
            "Time": "2022-12-24",
            "value": 2.522467279048937
        },
        {
            "Time": "2022-12-25",
            "value": 2.53551674305994
        },
        {
            "Time": "2022-12-26",
            "value": 1.9251438955812206
        },
        {
            "Time": "2022-12-27",
            "value": 0.8466732343292946
        },
        {
            "Time": "2022-12-28",
            "value": 0.42064682652214946
        },
        {
            "Time": "2022-12-29",
            "value": 0.25933520751987765
        },
        {
            "Time": "2022-12-30",
            "value": 0.3944415514789201
        },
        {
            "Time": "2022-12-31",
            "value": 1.3437713501145523
        },
        {
            "Time": "2023-01-01",
            "value": 0.6900258229507242
        },
        {
            "Time": "2023-01-02",
            "value": 0.3394801107583249
        },
        {
            "Time": "2023-01-03",
            "value": 0.36034758410586487
        },
        {
            "Time": "2023-01-04",
            "value": 0.39067530871237105
        },
        {
            "Time": "2023-01-05",
            "value": 0.49684593662161425
        },
        {
            "Time": "2023-01-06",
            "value": 2.3949820724220947
        },
        {
            "Time": "2023-01-07",
            "value": 2.5318819993843595
        },
        {
            "Time": "2023-01-08",
            "value": 2.5241132055399813
        },
        {
            "Time": "2023-01-09",
            "value": 0.4563997340353313
        },
        {
            "Time": "2023-01-10",
            "value": 0.4869098359035393
        },
        {
            "Time": "2023-01-11",
            "value": 0.6568337978943287
        },
        {
            "Time": "2023-01-12",
            "value": 1.5002940116062708
        },
        {
            "Time": "2023-01-13",
            "value": 0.32602449326543614
        },
        {
            "Time": "2023-01-14",
            "value": 1.6101626513257956
        },
        {
            "Time": "2023-01-15",
            "value": 0.3487339054035021
        },
        {
            "Time": "2023-01-16",
            "value": 2.038351886220806
        },
        {
            "Time": "2023-01-17",
            "value": 0.4290553916349008
        },
        {
            "Time": "2023-01-18",
            "value": 2.453492998624589
        },
        {
            "Time": "2023-01-19",
            "value": 2.0401058326046586
        },
        {
            "Time": "2023-01-20",
            "value": 0.800202524667912
        },
        {
            "Time": "2023-01-21",
            "value": 0.25408250779755787
        },
        {
            "Time": "2023-01-22",
            "value": 1.9826226251981132
        },
        {
            "Time": "2023-01-23",
            "value": 0.2542751314639907
        },
        {
            "Time": "2023-01-24",
            "value": 1.8287772511854943
        },
        {
            "Time": "2023-01-25",
            "value": 2.6735624733145436
        },
        {
            "Time": "2023-01-26",
            "value": 1.253904154930194
        },
        {
            "Time": "2023-01-27",
            "value": 2.4724751191224654
        },
        {
            "Time": "2023-01-28",
            "value": 2.724906766249166
        },
        {
            "Time": "2023-01-29",
            "value": 2.760894264792907
        },
        {
            "Time": "2023-01-30",
            "value": 2.781936330320898
        },
        {
            "Time": "2023-01-31",
            "value": 2.7886484154210516
        },
        {
            "Time": "2023-02-01",
            "value": 0.45498350864554105
        },
        {
            "Time": "2023-02-02",
            "value": 1.1404266325127659
        },
        {
            "Time": "2023-02-03",
            "value": 0.5059938684246954
        },
        {
            "Time": "2023-02-04",
            "value": 0.1680898457186579
        },
        {
            "Time": "2023-02-05",
            "value": 0.38662364062502363
        },
        {
            "Time": "2023-02-06",
            "value": 1.666652086219174
        },
        {
            "Time": "2023-02-07",
            "value": 0.37697914617716094
        },
        {
            "Time": "2023-02-08",
            "value": 0.21452569077574085
        },
        {
            "Time": "2023-02-09",
            "value": 0.4757178374375017
        },
        {
            "Time": "2023-02-10",
            "value": 0.26601030775769047
        },
        {
            "Time": "2023-02-11",
            "value": 0.9163398023918546
        },
        {
            "Time": "2023-02-12",
            "value": 1.2457243386062529
        },
        {
            "Time": "2023-02-13",
            "value": 0.37557510736527333
        },
        {
            "Time": "2023-02-14",
            "value": 1.0522636051557275
        },
        {
            "Time": "2023-02-15",
            "value": 2.5498875941477
        },
        {
            "Time": "2023-02-16",
            "value": 2.9573165755588384
        },
        {
            "Time": "2023-02-17",
            "value": 2.234489720253808
        },
        {
            "Time": "2023-02-18",
            "value": 2.624607882484214
        },
        {
            "Time": "2023-02-19",
            "value": 0.7635504716533589
        },
        {
            "Time": "2023-02-20",
            "value": 1.5808978992905593
        },
        {
            "Time": "2023-02-21",
            "value": 2.8899183223129095
        },
        {
            "Time": "2023-02-22",
            "value": 2.510196721928273
        },
        {
            "Time": "2023-02-23",
            "value": 2.4269177959554398
        },
        {
            "Time": "2023-02-24",
            "value": 1.0617115024615988
        },
        {
            "Time": "2023-02-25",
            "value": 2.721875576891598
        },
        {
            "Time": "2023-02-26",
            "value": 2.9268782754519798
        },
        {
            "Time": "2023-02-27",
            "value": 2.6311775663803347
        },
        {
            "Time": "2023-02-28",
            "value": 1.4743054595753704
        },
        {
            "Time": "2023-03-01",
            "value": 1.4834156606453144
        },
        {
            "Time": "2023-03-02",
            "value": 2.0768369530823496
        },
        {
            "Time": "2023-03-03",
            "value": 2.587966530779801
        },
        {
            "Time": "2023-03-04",
            "value": 2.8723482182053166
        },
        {
            "Time": "2023-03-05",
            "value": 2.8122529558290084
        },
        {
            "Time": "2023-03-06",
            "value": 2.902409740929908
        },
        {
            "Time": "2023-03-07",
            "value": 2.8693932644991245
        },
        {
            "Time": "2023-03-08",
            "value": 2.594430251197153
        },
        {
            "Time": "2023-03-09",
            "value": 2.2298585983336734
        },
        {
            "Time": "2023-03-10",
            "value": 2.9163822177783407
        },
        {
            "Time": "2023-03-11",
            "value": 2.474045129403844
        },
        {
            "Time": "2023-03-12",
            "value": 0.6052023063443034
        },
        {
            "Time": "2023-03-13",
            "value": 2.3833318597553013
        },
        {
            "Time": "2023-03-14",
            "value": 3.009109284605662
        },
        {
            "Time": "2023-03-15",
            "value": 2.5474921924139906
        },
        {
            "Time": "2023-03-16",
            "value": 2.532860199277051
        },
        {
            "Time": "2023-03-17",
            "value": 1.4953700359704745
        },
        {
            "Time": "2023-03-18",
            "value": 0.4203121328853072
        },
        {
            "Time": "2023-03-19",
            "value": 0.18424727211525055
        },
        {
            "Time": "2023-03-20",
            "value": 2.1855778617513297
        },
        {
            "Time": "2023-03-21",
            "value": 1.2031838112100213
        },
        {
            "Time": "2023-03-22",
            "value": 2.0576867294513095
        },
        {
            "Time": "2023-03-23",
            "value": 0.21862002156074828
        },
        {
            "Time": "2023-03-24",
            "value": 0.2616715066553318
        },
        {
            "Time": "2023-03-25",
            "value": 0.32717318083808866
        },
        {
            "Time": "2023-03-26",
            "value": 1.1410746955619588
        },
        {
            "Time": "2023-03-27",
            "value": 0.0
        }
    ]
}