{
    "data": [
        {
            "Time": "2022-11-27",
            "value": 0.39922209299092537
        },
        {
            "Time": "2022-11-28",
            "value": 1.6763297163524793
        },
        {
            "Time": "2022-11-29",
            "value": 1.519514907659714
        },
        {
            "Time": "2022-11-30",
            "value": 0.5422632761145629
        },
        {
            "Time": "2022-12-01",
            "value": 0.6382297026508381
        },
        {
            "Time": "2022-12-02",
            "value": 0.7309674760923712
        },
        {
            "Time": "2022-12-03",
            "value": 1.190831395889079
        },
        {
            "Time": "2022-12-04",
            "value": 0.8959260618989029
        },
        {
            "Time": "2022-12-05",
            "value": 0.7243618938696517
        },
        {
            "Time": "2022-12-06",
            "value": 1.1450574656480839
        },
        {
            "Time": "2022-12-07",
            "value": 0.33565283596863427
        },
        {
            "Time": "2022-12-08",
            "value": 1.6642662157096835
        },
        {
            "Time": "2022-12-09",
            "value": 1.3619692415590496
        },
        {
            "Time": "2022-12-10",
            "value": 4.034668923147034
        },
        {
            "Time": "2022-12-11",
            "value": 0.6660792415509544
        },
        {
            "Time": "2022-12-12",
            "value": 2.2594661998995615
        },
        {
            "Time": "2022-12-13",
            "value": 2.9389591325265676
        },
        {
            "Time": "2022-12-14",
            "value": 1.2084185367056801
        },
        {
            "Time": "2022-12-15",
            "value": 0.8860638508695148
        },
        {
            "Time": "2022-12-16",
            "value": 0.5471080338071421
        },
        {
            "Time": "2022-12-17",
            "value": 0.7792113822718262
        },
        {
            "Time": "2022-12-18",
            "value": 5.050663032929237
        },
        {
            "Time": "2022-12-19",
            "value": 4.775194645593435
        },
        {
            "Time": "2022-12-20",
            "value": 2.600369998050202
        },
        {
            "Time": "2022-12-21",
            "value": 4.623749136297088
        },
        {
            "Time": "2022-12-22",
            "value": 4.711440967456909
        },
        {
            "Time": "2022-12-23",
            "value": 4.912458011404355
        },
        {
            "Time": "2022-12-24",
            "value": 4.949300420346207
        },
        {
            "Time": "2022-12-25",
            "value": 5.0202479970657485
        },
        {
            "Time": "2022-12-26",
            "value": 4.001172197258891
        },
        {
            "Time": "2022-12-27",
            "value": 1.7044138815222956
        },
        {
            "Time": "2022-12-28",
            "value": 0.8295944859421499
        },
        {
            "Time": "2022-12-29",
            "value": 0.5215618346200397
        },
        {
            "Time": "2022-12-30",
            "value": 0.7887108153016259
        },
        {
            "Time": "2022-12-31",
            "value": 2.6040214614861625
        },
        {
            "Time": "2023-01-01",
            "value": 1.3794361213395638
        },
        {
            "Time": "2023-01-02",
            "value": 0.6734623007463294
        },
        {
            "Time": "2023-01-03",
            "value": 0.7346413655158691
        },
        {
            "Time": "2023-01-04",
            "value": 0.7783465043143601
        },
        {
            "Time": "2023-01-05",
            "value": 0.9956518890095696
        },
        {
            "Time": "2023-01-06",
            "value": 4.7778474055448585
        },
        {
            "Time": "2023-01-07",
            "value": 5.033249643994022
        },
        {
            "Time": "2023-01-08",
            "value": 5.009036910321594
        },
        {
            "Time": "2023-01-09",
            "value": 0.8930788333029664
        },
        {
            "Time": "2023-01-10",
            "value": 0.9800215225969036
        },
        {
            "Time": "2023-01-11",
            "value": 1.33090889783274
        },
        {
            "Time": "2023-01-12",
            "value": 2.977078009594652
        },
        {
            "Time": "2023-01-13",
            "value": 0.6583710383728318
        },
        {
            "Time": "2023-01-14",
            "value": 3.281991780307355
        },
        {
            "Time": "2023-01-15",
            "value": 0.7038023029651194
        },
        {
            "Time": "2023-01-16",
            "value": 4.190474621266055
        },
        {
            "Time": "2023-01-17",
            "value": 0.8470747974105627
        },
        {
            "Time": "2023-01-18",
            "value": 4.889544834561402
        },
        {
            "Time": "2023-01-19",
            "value": 4.103226610791912
        },
        {
            "Time": "2023-01-20",
            "value": 1.5806606199494933
        },
        {
            "Time": "2023-01-21",
            "value": 0.5126904644299296
        },
        {
            "Time": "2023-01-22",
            "value": 3.8834819800342513
        },
        {
            "Time": "2023-01-23",
            "value": 0.5101108810118861
        },
        {
            "Time": "2023-01-24",
            "value": 3.478048564390258
        },
        {
            "Time": "2023-01-25",
            "value": 5.350426722064653
        },
        {
            "Time": "2023-01-26",
            "value": 2.5137101873191874
        },
        {
            "Time": "2023-01-27",
            "value": 4.870933503342508
        },
        {
            "Time": "2023-01-28",
            "value": 5.413071907611114
        },
        {
            "Time": "2023-01-29",
            "value": 5.482948922749609
        },
        {
            "Time": "2023-01-30",
            "value": 5.58263246467281
        },
        {
            "Time": "2023-01-31",
            "value": 5.574431145090703
        },
        {
            "Time": "2023-02-01",
            "value": 0.9197278436827947
        },
        {
            "Time": "2023-02-02",
            "value": 2.2197602972964217
        },
        {
            "Time": "2023-02-03",
            "value": 1.009984667585831
        },
        {
            "Time": "2023-02-04",
            "value": 0.3785488061787698
        },
        {
            "Time": "2023-02-05",
            "value": 0.7653039905952591
        },
        {
            "Time": "2023-02-06",
            "value": 3.2341276251952977
        },
        {
            "Time": "2023-02-07",
            "value": 0.7685267376118723
        },
        {
            "Time": "2023-02-08",
            "value": 0.43790550021351315
        },
        {
            "Time": "2023-02-09",
            "value": 0.9446409843581284
        },
        {
            "Time": "2023-02-10",
            "value": 0.5379817183956965
        },
        {
            "Time": "2023-02-11",
            "value": 1.7329850338554573
        },
        {
            "Time": "2023-02-12",
            "value": 2.4238980530681054
        },
        {
            "Time": "2023-02-13",
            "value": 0.7963972633928926
        },
        {
            "Time": "2023-02-14",
            "value": 1.9696162761905798
        },
        {
            "Time": "2023-02-15",
            "value": 5.068715004556282
        },
        {
            "Time": "2023-02-16",
            "value": 5.920090737559175
        },
        {
            "Time": "2023-02-17",
            "value": 4.3474756298195425
        },
        {
            "Time": "2023-02-18",
            "value": 5.186235588085591
        },
        {
            "Time": "2023-02-19",
            "value": 1.5127440567597932
        },
        {
            "Time": "2023-02-20",
            "value": 3.0313472184147745
        },
        {
            "Time": "2023-02-21",
            "value": 5.837956618154865
        },
        {
            "Time": "2023-02-22",
            "value": 4.97242034749535
        },
        {
            "Time": "2023-02-23",
            "value": 4.8076529936041
        },
        {
            "Time": "2023-02-24",
            "value": 2.09711960598389
        },
        {
            "Time": "2023-02-25",
            "value": 5.527138229574863
        },
        {
            "Time": "2023-02-26",
            "value": 5.999955454259694
        },
        {
            "Time": "2023-02-27",
            "value": 5.245193307208008
        },
        {
            "Time": "2023-02-28",
            "value": 2.8774189037645734
        },
        {
            "Time": "2023-03-01",
            "value": 2.997584317803338
        },
        {
            "Time": "2023-03-02",
            "value": 4.150735842094882
        },
        {
            "Time": "2023-03-03",
            "value": 5.364378588004705
        },
        {
            "Time": "2023-03-04",
            "value": 5.919353817077463
        },
        {
            "Time": "2023-03-05",
            "value": 5.870045182108036
        },
        {
            "Time": "2023-03-06",
            "value": 6.016168644401013
        },
        {
            "Time": "2023-03-07",
            "value": 5.975356346482656
        },
        {
            "Time": "2023-03-08",
            "value": 5.473071833883643
        },
        {
            "Time": "2023-03-09",
            "value": 4.5364356301871185
        },
        {
            "Time": "2023-03-10",
            "value": 6.145602776893999
        },
        {
            "Time": "2023-03-11",
            "value": 5.22964923963614
        },
        {
            "Time": "2023-03-12",
            "value": 1.209141857802416
        },
        {
            "Time": "2023-03-13",
            "value": 4.916934984745954
        },
        {
            "Time": "2023-03-14",
            "value": 6.278160922730519
        },
        {
            "Time": "2023-03-15",
            "value": 5.331227856208803
        },
        {
            "Time": "2023-03-16",
            "value": 5.317031439903409
        },
        {
            "Time": "2023-03-17",
            "value": 3.10839969574995
        },
        {
            "Time": "2023-03-18",
            "value": 0.8522338885521066
        },
        {
            "Time": "2023-03-19",
            "value": 0.40231117981830355
        },
        {
            "Time": "2023-03-20",
            "value": 4.3785313608233825
        },
        {
            "Time": "2023-03-21",
            "value": 2.400690734718866
        },
        {
            "Time": "2023-03-22",
            "value": 4.2357433899918435
        },
        {
            "Time": "2023-03-23",
            "value": 0.4614393046012751
        },
        {
            "Time": "2023-03-24",
            "value": 0.5374891021382564
        },
        {
            "Time": "2023-03-25",
            "value": 0.6708467780628836
        },
        {
            "Time": "2023-03-26",
            "value": 2.2824605391467463
        },
        {
            "Time": "2023-03-27",
            "value": 0.0
        }
    ]
}