{
    "data": [
        {
            "Time": "2022-11-27",
            "value": 0.14256971977744876
        },
        {
            "Time": "2022-11-28",
            "value": 0.7820499342739102
        },
        {
            "Time": "2022-11-29",
            "value": 0.7519532191052832
        },
        {
            "Time": "2022-11-30",
            "value": 0.2409031726876255
        },
        {
            "Time": "2022-12-01",
            "value": 0.2916320595133843
        },
        {
            "Time": "2022-12-02",
            "value": 0.3293544038446981
        },
        {
            "Time": "2022-12-03",
            "value": 0.5650626604975844
        },
        {
            "Time": "2022-12-04",
            "value": 0.41957065875532434
        },
        {
            "Time": "2022-12-05",
            "value": 0.3412973741982811
        },
        {
            "Time": "2022-12-06",
            "value": 0.5478689838199406
        },
        {
            "Time": "2022-12-07",
            "value": 0.1333851547739982
        },
        {
            "Time": "2022-12-08",
            "value": 0.8281518729530262
        },
        {
            "Time": "2022-12-09",
            "value": 0.6355797390359577
        },
        {
            "Time": "2022-12-10",
            "value": 1.9976227527092516
        },
        {
            "Time": "2022-12-11",
            "value": 0.3072079294839568
        },
        {
            "Time": "2022-12-12",
            "value": 1.0709486478964243
        },
        {
            "Time": "2022-12-13",
            "value": 1.435575522543673
        },
        {
            "Time": "2022-12-14",
            "value": 0.5676993690143672
        },
        {
            "Time": "2022-12-15",
            "value": 0.41275970443911464
        },
        {
            "Time": "2022-12-16",
            "value": 0.24867880160819233
        },
        {
            "Time": "2022-12-17",
            "value": 0.3626892427872503
        },
        {
            "Time": "2022-12-18",
            "value": 2.3951124197694327
        },
        {
            "Time": "2022-12-19",
            "value": 2.3239901501067832
        },
        {
            "Time": "2022-12-20",
            "value": 1.2532271112473008
        },
        {
            "Time": "2022-12-21",
            "value": 2.252345085466597
        },
        {
            "Time": "2022-12-22",
            "value": 2.251246558417528
        },
        {
            "Time": "2022-12-23",
            "value": 2.3501212650651633
        },
        {
            "Time": "2022-12-24",
            "value": 2.407203178114762
        },
        {
            "Time": "2022-12-25",
            "value": 2.4529121602162087
        },
        {
            "Time": "2022-12-26",
            "value": 1.906169916573166
        },
        {
            "Time": "2022-12-27",
            "value": 0.8298336329011995
        },
        {
            "Time": "2022-12-28",
            "value": 0.3926649316626447
        },
        {
            "Time": "2022-12-29",
            "value": 0.22418965103194116
        },
        {
            "Time": "2022-12-30",
            "value": 0.3601925868737054
        },
        {
            "Time": "2022-12-31",
            "value": 1.260435161874799
        },
        {
            "Time": "2023-01-01",
            "value": 0.6626791791917606
        },
        {
            "Time": "2023-01-02",
            "value": 0.30506381311031383
        },
        {
            "Time": "2023-01-03",
            "value": 0.33374279361292963
        },
        {
            "Time": "2023-01-04",
            "value": 0.3502996244806337
        },
        {
            "Time": "2023-01-05",
            "value": 0.4704456974521704
        },
        {
            "Time": "2023-01-06",
            "value": 2.288729935352317
        },
        {
            "Time": "2023-01-07",
            "value": 2.4102799039153857
        },
        {
            "Time": "2023-01-08",
            "value": 2.4099073934883353
        },
        {
            "Time": "2023-01-09",
            "value": 0.41553417486921107
        },
        {
            "Time": "2023-01-10",
            "value": 0.4596346306755026
        },
        {
            "Time": "2023-01-11",
            "value": 0.6389065964102442
        },
        {
            "Time": "2023-01-12",
            "value": 1.4906199561341493
        },
        {
            "Time": "2023-01-13",
            "value": 0.28822486842023387
        },
        {
            "Time": "2023-01-14",
            "value": 1.65462966861121
        },
        {
            "Time": "2023-01-15",
            "value": 0.3330645129073448
        },
        {
            "Time": "2023-01-16",
            "value": 2.004357516855464
        },
        {
            "Time": "2023-01-17",
            "value": 0.3945540435788057
        },
        {
            "Time": "2023-01-18",
            "value": 2.406396642971365
        },
        {
            "Time": "2023-01-19",
            "value": 1.9741595540091457
        },
        {
            "Time": "2023-01-20",
            "value": 0.7651660473811679
        },
        {
            "Time": "2023-01-21",
            "value": 0.22848216789598194
        },
        {
            "Time": "2023-01-22",
            "value": 1.8991127389312568
        },
        {
            "Time": "2023-01-23",
            "value": 0.22087997454759942
        },
        {
            "Time": "2023-01-24",
            "value": 1.686507732964719
        },
        {
            "Time": "2023-01-25",
            "value": 2.670307901062701
        },
        {
            "Time": "2023-01-26",
            "value": 1.2631235973414734
        },
        {
            "Time": "2023-01-27",
            "value": 2.396519022649976
        },
        {
            "Time": "2023-01-28",
            "value": 2.696586319402032
        },
        {
            "Time": "2023-01-29",
            "value": 2.732531504078636
        },
        {
            "Time": "2023-01-30",
            "value": 2.7885272450483085
        },
        {
            "Time": "2023-01-31",
            "value": 2.765514419879411
        },
        {
            "Time": "2023-02-01",
            "value": 0.42066931440408495
        },
        {
            "Time": "2023-02-02",
            "value": 1.0184770538818237
        },
        {
            "Time": "2023-02-03",
            "value": 0.47561940824306476
        },
        {
            "Time": "2023-02-04",
            "value": 0.15132681482555047
        },
        {
            "Time": "2023-02-05",
            "value": 0.34408945589359663
        },
        {
            "Time": "2023-02-06",
            "value": 1.6990236164408294
        },
        {
            "Time": "2023-02-07",
            "value": 0.34283299296801867
        },
        {
            "Time": "2023-02-08",
            "value": 0.18473794119496173
        },
        {
            "Time": "2023-02-09",
            "value": 0.43367935586653644
        },
        {
            "Time": "2023-02-10",
            "value": 0.22655682181645065
        },
        {
            "Time": "2023-02-11",
            "value": 0.8200070379182158
        },
        {
            "Time": "2023-02-12",
            "value": 1.1465054111051651
        },
        {
            "Time": "2023-02-13",
            "value": 0.3812528999591435
        },
        {
            "Time": "2023-02-14",
            "value": 0.9203758642928551
        },
        {
            "Time": "2023-02-15",
            "value": 2.566073916861375
        },
        {
            "Time": "2023-02-16",
            "value": 3.0628006640894063
        },
        {
            "Time": "2023-02-17",
            "value": 2.2126606935950126
        },
        {
            "Time": "2023-02-18",
            "value": 2.6543551628734523
        },
        {
            "Time": "2023-02-19",
            "value": 0.7199007909785481
        },
        {
            "Time": "2023-02-20",
            "value": 1.5088775179879232
        },
        {
            "Time": "2023-02-21",
            "value": 3.0025446237791305
        },
        {
            "Time": "2023-02-22",
            "value": 2.538181156755702
        },
        {
            "Time": "2023-02-23",
            "value": 2.386417939822278
        },
        {
            "Time": "2023-02-24",
            "value": 1.045855134566369
        },
        {
            "Time": "2023-02-25",
            "value": 2.770680485576183
        },
        {
            "Time": "2023-02-26",
            "value": 3.0819264174395578
        },
        {
            "Time": "2023-02-27",
            "value": 2.6670402014167016
        },
        {
            "Time": "2023-02-28",
            "value": 1.4653003848129225
        },
        {
            "Time": "2023-03-01",
            "value": 1.5024804296687155
        },
        {
            "Time": "2023-03-02",
            "value": 1.9798377922846175
        },
        {
            "Time": "2023-03-03",
            "value": 2.6820739753632146
        },
        {
            "Time": "2023-03-04",
            "value": 2.9980102629459413
        },
        {
            "Time": "2023-03-05",
            "value": 2.9309827468313596
        },
        {
            "Time": "2023-03-06",
            "value": 3.0406432864501585
        },
        {
            "Time": "2023-03-07",
            "value": 3.000964553165837
        },
        {
            "Time": "2023-03-08",
            "value": 2.7477947865265144
        },
        {
            "Time": "2023-03-09",
            "value": 2.2311112781917823
        },
        {
            "Time": "2023-03-10",
            "value": 3.0874201220205193
        },
        {
            "Time": "2023-03-11",
            "value": 2.6271995778080406
        },
        {
            "Time": "2023-03-12",
            "value": 0.5646222738845565
        },
        {
            "Time": "2023-03-13",
            "value": 2.4982954420212895
        },
        {
            "Time": "2023-03-14",
            "value": 3.167166562072125
        },
        {
            "Time": "2023-03-15",
            "value": 2.634078465247938
        },
        {
            "Time": "2023-03-16",
            "value": 2.6552087118571612
        },
        {
            "Time": "2023-03-17",
            "value": 1.5759432564731586
        },
        {
            "Time": "2023-03-18",
            "value": 0.38846993404234803
        },
        {
            "Time": "2023-03-19",
            "value": 0.14187698415561936
        },
        {
            "Time": "2023-03-20",
            "value": 2.169067628957069
        },
        {
            "Time": "2023-03-21",
            "value": 1.1729631380360144
        },
        {
            "Time": "2023-03-22",
            "value": 2.0644094909627992
        },
        {
            "Time": "2023-03-23",
            "value": 0.1899421963152426
        },
        {
            "Time": "2023-03-24",
            "value": 0.22755989537393764
        },
        {
            "Time": "2023-03-25",
            "value": 0.30076160487844106
        },
        {
            "Time": "2023-03-26",
            "value": 1.1254343892596361
        },
        {
            "Time": "2023-03-27",
            "value": 0.0
        }
    ]
}