{
    "data": [
        {
            "Time": "2022-11-27",
            "value": 0.22689821332720653
        },
        {
            "Time": "2022-11-28",
            "value": 0.8867776938750752
        },
        {
            "Time": "2022-11-29",
            "value": 0.7574333278797029
        },
        {
            "Time": "2022-11-30",
            "value": 0.2981597987401424
        },
        {
            "Time": "2022-12-01",
            "value": 0.34912204597074076
        },
        {
            "Time": "2022-12-02",
            "value": 0.40002969653794157
        },
        {
            "Time": "2022-12-03",
            "value": 0.6178747329139754
        },
        {
            "Time": "2022-12-04",
            "value": 0.4707702625103369
        },
        {
            "Time": "2022-12-05",
            "value": 0.4012765443553213
        },
        {
            "Time": "2022-12-06",
            "value": 0.5993945183287887
        },
        {
            "Time": "2022-12-07",
            "value": 0.19485763660752314
        },
        {
            "Time": "2022-12-08",
            "value": 0.8955750638273212
        },
        {
            "Time": "2022-12-09",
            "value": 0.706071825448914
        },
        {
            "Time": "2022-12-10",
            "value": 2.0469047434126555
        },
        {
            "Time": "2022-12-11",
            "value": 0.3608891781811723
        },
        {
            "Time": "2022-12-12",
            "value": 1.17021998973024
        },
        {
            "Time": "2022-12-13",
            "value": 1.4895644677032747
        },
        {
            "Time": "2022-12-14",
            "value": 0.6405280010339147
        },
        {
            "Time": "2022-12-15",
            "value": 0.47303696189848876
        },
        {
            "Time": "2022-12-16",
            "value": 0.31246839329497134
        },
        {
            "Time": "2022-12-17",
            "value": 0.42899817756573994
        },
        {
            "Time": "2022-12-18",
            "value": 2.632520468638798
        },
        {
            "Time": "2022-12-19",
            "value": 2.420428298050262
        },
        {
            "Time": "2022-12-20",
            "value": 1.2772005820738497
        },
        {
            "Time": "2022-12-21",
            "value": 2.3690532560199378
        },
        {
            "Time": "2022-12-22",
            "value": 2.4207462095839554
        },
        {
            "Time": "2022-12-23",
            "value": 2.5369848898489047
        },
        {
            "Time": "2022-12-24",
            "value": 2.538766967117037
        },
        {
            "Time": "2022-12-25",
            "value": 2.5658386105538566
        },
        {
            "Time": "2022-12-26",
            "value": 2.007097538900502
        },
        {
            "Time": "2022-12-27",
            "value": 0.8767118520934247
        },
        {
            "Time": "2022-12-28",
            "value": 0.4494444436956018
        },
        {
            "Time": "2022-12-29",
            "value": 0.2866521961091435
        },
        {
            "Time": "2022-12-30",
            "value": 0.41006481139143514
        },
        {
            "Time": "2022-12-31",
            "value": 1.384860029701119
        },
        {
            "Time": "2023-01-01",
            "value": 0.7190729167544625
        },
        {
            "Time": "2023-01-02",
            "value": 0.3674479170585648
        },
        {
            "Time": "2023-01-03",
            "value": 0.3967518408425475
        },
        {
            "Time": "2023-01-04",
            "value": 0.4152100045836805
        },
        {
            "Time": "2023-01-05",
            "value": 0.5249189786640626
        },
        {
            "Time": "2023-01-06",
            "value": 2.3796497276705764
        },
        {
            "Time": "2023-01-07",
            "value": 2.5243524475347767
        },
        {
            "Time": "2023-01-08",
            "value": 2.523530496921438
        },
        {
            "Time": "2023-01-09",
            "value": 0.47751231651481424
        },
        {
            "Time": "2023-01-10",
            "value": 0.5207259060766204
        },
        {
            "Time": "2023-01-11",
            "value": 0.6896902454007399
        },
        {
            "Time": "2023-01-12",
            "value": 1.5506111805058875
        },
        {
            "Time": "2023-01-13",
            "value": 0.36693841005514477
        },
        {
            "Time": "2023-01-14",
            "value": 1.7043286855972952
        },
        {
            "Time": "2023-01-15",
            "value": 0.3772550760580125
        },
        {
            "Time": "2023-01-16",
            "value": 2.0799325134918814
        },
        {
            "Time": "2023-01-17",
            "value": 0.4535687742130536
        },
        {
            "Time": "2023-01-18",
            "value": 2.4772474848581485
        },
        {
            "Time": "2023-01-19",
            "value": 2.0791626862875026
        },
        {
            "Time": "2023-01-20",
            "value": 0.8287892598112369
        },
        {
            "Time": "2023-01-21",
            "value": 0.29134225312981565
        },
        {
            "Time": "2023-01-22",
            "value": 2.0144725821850384
        },
        {
            "Time": "2023-01-23",
            "value": 0.282275364711665
        },
        {
            "Time": "2023-01-24",
            "value": 1.8401866195362433
        },
        {
            "Time": "2023-01-25",
            "value": 2.7567393304580423
        },
        {
            "Time": "2023-01-26",
            "value": 1.296771042970509
        },
        {
            "Time": "2023-01-27",
            "value": 2.5040606028921184
        },
        {
            "Time": "2023-01-28",
            "value": 2.779948728144137
        },
        {
            "Time": "2023-01-29",
            "value": 2.8089513374743778
        },
        {
            "Time": "2023-01-30",
            "value": 2.818110030254803
        },
        {
            "Time": "2023-01-31",
            "value": 2.8046514957797837
        },
        {
            "Time": "2023-02-01",
            "value": 0.49208390886394676
        },
        {
            "Time": "2023-02-02",
            "value": 1.1557993515434468
        },
        {
            "Time": "2023-02-03",
            "value": 0.5266486610372785
        },
        {
            "Time": "2023-02-04",
            "value": 0.2242046895938317
        },
        {
            "Time": "2023-02-05",
            "value": 0.403490194279919
        },
        {
            "Time": "2023-02-06",
            "value": 1.7560816161337847
        },
        {
            "Time": "2023-02-07",
            "value": 0.4042603823057773
        },
        {
            "Time": "2023-02-08",
            "value": 0.24579347448144553
        },
        {
            "Time": "2023-02-09",
            "value": 0.5051559516522582
        },
        {
            "Time": "2023-02-10",
            "value": 0.3120782140871991
        },
        {
            "Time": "2023-02-11",
            "value": 0.9214563354297177
        },
        {
            "Time": "2023-02-12",
            "value": 1.2636507678906557
        },
        {
            "Time": "2023-02-13",
            "value": 0.4233786585486103
        },
        {
            "Time": "2023-02-14",
            "value": 1.0483376821641242
        },
        {
            "Time": "2023-02-15",
            "value": 2.596073399529395
        },
        {
            "Time": "2023-02-16",
            "value": 3.0214826661131964
        },
        {
            "Time": "2023-02-17",
            "value": 2.2585150259511297
        },
        {
            "Time": "2023-02-18",
            "value": 2.689884141553421
        },
        {
            "Time": "2023-02-19",
            "value": 0.7818159890445021
        },
        {
            "Time": "2023-02-20",
            "value": 1.571553628715029
        },
        {
            "Time": "2023-02-21",
            "value": 2.9285418877348723
        },
        {
            "Time": "2023-02-22",
            "value": 2.534308754993405
        },
        {
            "Time": "2023-02-23",
            "value": 2.4393532549223615
        },
        {
            "Time": "2023-02-24",
            "value": 1.0826637291562748
        },
        {
            "Time": "2023-02-25",
            "value": 2.757141001192227
        },
        {
            "Time": "2023-02-26",
            "value": 3.000635104120855
        },
        {
            "Time": "2023-02-27",
            "value": 2.7147754112250673
        },
        {
            "Time": "2023-02-28",
            "value": 1.4973635236908245
        },
        {
            "Time": "2023-03-01",
            "value": 1.5073568047231007
        },
        {
            "Time": "2023-03-02",
            "value": 2.0811516497379663
        },
        {
            "Time": "2023-03-03",
            "value": 2.6274523224207376
        },
        {
            "Time": "2023-03-04",
            "value": 2.951046746750317
        },
        {
            "Time": "2023-03-05",
            "value": 2.8824960957833956
        },
        {
            "Time": "2023-03-06",
            "value": 2.992403695294999
        },
        {
            "Time": "2023-03-07",
            "value": 2.938906918096148
        },
        {
            "Time": "2023-03-08",
            "value": 2.640655544299832
        },
        {
            "Time": "2023-03-09",
            "value": 2.3207784649479426
        },
        {
            "Time": "2023-03-10",
            "value": 3.02400318400697
        },
        {
            "Time": "2023-03-11",
            "value": 2.5435654830562293
        },
        {
            "Time": "2023-03-12",
            "value": 0.6458621497414527
        },
        {
            "Time": "2023-03-13",
            "value": 2.4559982472993926
        },
        {
            "Time": "2023-03-14",
            "value": 3.108838349175405
        },
        {
            "Time": "2023-03-15",
            "value": 2.6023097443054377
        },
        {
            "Time": "2023-03-16",
            "value": 2.653704578652747
        },
        {
            "Time": "2023-03-17",
            "value": 1.5510262836972837
        },
        {
            "Time": "2023-03-18",
            "value": 0.45888392999018957
        },
        {
            "Time": "2023-03-19",
            "value": 0.207536264728125
        },
        {
            "Time": "2023-03-20",
            "value": 2.2475754735114664
        },
        {
            "Time": "2023-03-21",
            "value": 1.2299692202313135
        },
        {
            "Time": "2023-03-22",
            "value": 2.0936943165255277
        },
        {
            "Time": "2023-03-23",
            "value": 0.26226632871080596
        },
        {
            "Time": "2023-03-24",
            "value": 0.306334161705625
        },
        {
            "Time": "2023-03-25",
            "value": 0.35859808449704855
        },
        {
            "Time": "2023-03-26",
            "value": 1.1511104989741885
        },
        {
            "Time": "2023-03-27",
            "value": 0.0
        }
    ]
}