{
    "data": [
        {
            "Time": "2022-11-27",
            "value": 4.082206458777194
        },
        {
            "Time": "2022-11-28",
            "value": 15.198473117403214
        },
        {
            "Time": "2022-11-29",
            "value": 12.0953259514261
        },
        {
            "Time": "2022-11-30",
            "value": 6.282860827666484
        },
        {
            "Time": "2022-12-01",
            "value": 7.527040892171723
        },
        {
            "Time": "2022-12-02",
            "value": 8.111585516667473
        },
        {
            "Time": "2022-12-03",
            "value": 12.930010945797198
        },
        {
            "Time": "2022-12-04",
            "value": 10.24669327115853
        },
        {
            "Time": "2022-12-05",
            "value": 8.535816900949989
        },
        {
            "Time": "2022-12-06",
            "value": 13.04428336595191
        },
        {
            "Time": "2022-12-07",
            "value": 3.653736704616048
        },
        {
            "Time": "2022-12-08",
            "value": 17.63829516028303
        },
        {
            "Time": "2022-12-09",
            "value": 14.915982628847493
        },
        {
            "Time": "2022-12-10",
            "value": 30.52863383652467
        },
        {
            "Time": "2022-12-11",
            "value": 7.76410660415496
        },
        {
            "Time": "2022-12-12",
            "value": 20.919720340025297
        },
        {
            "Time": "2022-12-13",
            "value": 23.86311537320177
        },
        {
            "Time": "2022-12-14",
            "value": 13.49865468845211
        },
        {
            "Time": "2022-12-15",
            "value": 9.485234673516748
        },
        {
            "Time": "2022-12-16",
            "value": 6.1945271427292585
        },
        {
            "Time": "2022-12-17",
            "value": 8.499922225083914
        },
        {
            "Time": "2022-12-18",
            "value": 36.003202927096105
        },
        {
            "Time": "2022-12-19",
            "value": 33.29315538620287
        },
        {
            "Time": "2022-12-20",
            "value": 21.085248350896
        },
        {
            "Time": "2022-12-21",
            "value": 33.75846943407235
        },
        {
            "Time": "2022-12-22",
            "value": 32.13999875536467
        },
        {
            "Time": "2022-12-23",
            "value": 34.12769664552899
        },
        {
            "Time": "2022-12-24",
            "value": 35.26111219280696
        },
        {
            "Time": "2022-12-25",
            "value": 34.36070178765554
        },
        {
            "Time": "2022-12-26",
            "value": 27.7764622768362
        },
        {
            "Time": "2022-12-27",
            "value": 17.0995933335696
        },
        {
            "Time": "2022-12-28",
            "value": 9.44982920991962
        },
        {
            "Time": "2022-12-29",
            "value": 5.833135776817105
        },
        {
            "Time": "2022-12-30",
            "value": 9.133378756707572
        },
        {
            "Time": "2022-12-31",
            "value": 24.18533484340239
        },
        {
            "Time": "2023-01-01",
            "value": 14.87878584531088
        },
        {
            "Time": "2023-01-02",
            "value": 7.526092353170913
        },
        {
            "Time": "2023-01-03",
            "value": 8.842971804985817
        },
        {
            "Time": "2023-01-04",
            "value": 8.936448082757263
        },
        {
            "Time": "2023-01-05",
            "value": 11.441765628465944
        },
        {
            "Time": "2023-01-06",
            "value": 33.87895505077882
        },
        {
            "Time": "2023-01-07",
            "value": 33.38095093700937
        },
        {
            "Time": "2023-01-08",
            "value": 34.63500567320699
        },
        {
            "Time": "2023-01-09",
            "value": 10.073784465147874
        },
        {
            "Time": "2023-01-10",
            "value": 10.553147941275917
        },
        {
            "Time": "2023-01-11",
            "value": 14.625090514789076
        },
        {
            "Time": "2023-01-12",
            "value": 25.124931235829735
        },
        {
            "Time": "2023-01-13",
            "value": 6.568923990175041
        },
        {
            "Time": "2023-01-14",
            "value": 25.37910665978076
        },
        {
            "Time": "2023-01-15",
            "value": 8.097112087702158
        },
        {
            "Time": "2023-01-16",
            "value": 33.48655893962726
        },
        {
            "Time": "2023-01-17",
            "value": 9.823331807133693
        },
        {
            "Time": "2023-01-18",
            "value": 36.57713875884814
        },
        {
            "Time": "2023-01-19",
            "value": 32.31628913027487
        },
        {
            "Time": "2023-01-20",
            "value": 16.349985889621856
        },
        {
            "Time": "2023-01-21",
            "value": 5.649238634177144
        },
        {
            "Time": "2023-01-22",
            "value": 29.77146846848133
        },
        {
            "Time": "2023-01-23",
            "value": 5.341731463938928
        },
        {
            "Time": "2023-01-24",
            "value": 29.75075341472036
        },
        {
            "Time": "2023-01-25",
            "value": 39.46984128203481
        },
        {
            "Time": "2023-01-26",
            "value": 23.020037263339937
        },
        {
            "Time": "2023-01-27",
            "value": 37.79337677433118
        },
        {
            "Time": "2023-01-28",
            "value": 41.340348358211386
        },
        {
            "Time": "2023-01-29",
            "value": 39.90530312247906
        },
        {
            "Time": "2023-01-30",
            "value": 39.66325391769136
        },
        {
            "Time": "2023-01-31",
            "value": 39.59759413414287
        },
        {
            "Time": "2023-02-01",
            "value": 10.142538522532808
        },
        {
            "Time": "2023-02-02",
            "value": 20.977352713931587
        },
        {
            "Time": "2023-02-03",
            "value": 11.476836036000782
        },
        {
            "Time": "2023-02-04",
            "value": 3.9580691309111966
        },
        {
            "Time": "2023-02-05",
            "value": 8.01256878329431
        },
        {
            "Time": "2023-02-06",
            "value": 28.238381108197828
        },
        {
            "Time": "2023-02-07",
            "value": 7.692353588600872
        },
        {
            "Time": "2023-02-08",
            "value": 4.449175047812849
        },
        {
            "Time": "2023-02-09",
            "value": 9.87875406016838
        },
        {
            "Time": "2023-02-10",
            "value": 5.6081396402816415
        },
        {
            "Time": "2023-02-11",
            "value": 16.28261701304069
        },
        {
            "Time": "2023-02-12",
            "value": 22.669169491081984
        },
        {
            "Time": "2023-02-13",
            "value": 8.366363122699925
        },
        {
            "Time": "2023-02-14",
            "value": 20.78271491318637
        },
        {
            "Time": "2023-02-15",
            "value": 44.70539777171792
        },
        {
            "Time": "2023-02-16",
            "value": 47.26835606608039
        },
        {
            "Time": "2023-02-17",
            "value": 37.851046111695226
        },
        {
            "Time": "2023-02-18",
            "value": 42.71088211404492
        },
        {
            "Time": "2023-02-19",
            "value": 16.81178686197893
        },
        {
            "Time": "2023-02-20",
            "value": 31.081681298583558
        },
        {
            "Time": "2023-02-21",
            "value": 49.5901145407167
        },
        {
            "Time": "2023-02-22",
            "value": 44.61529726069189
        },
        {
            "Time": "2023-02-23",
            "value": 43.912055647959285
        },
        {
            "Time": "2023-02-24",
            "value": 21.99233804622025
        },
        {
            "Time": "2023-02-25",
            "value": 51.39619729860355
        },
        {
            "Time": "2023-02-26",
            "value": 56.25408429008196
        },
        {
            "Time": "2023-02-27",
            "value": 50.35890650406291
        },
        {
            "Time": "2023-02-28",
            "value": 29.299112065356752
        },
        {
            "Time": "2023-03-01",
            "value": 30.552041184682555
        },
        {
            "Time": "2023-03-02",
            "value": 41.35378697358006
        },
        {
            "Time": "2023-03-03",
            "value": 53.163085421390505
        },
        {
            "Time": "2023-03-04",
            "value": 58.96613935994296
        },
        {
            "Time": "2023-03-05",
            "value": 57.9638909602504
        },
        {
            "Time": "2023-03-06",
            "value": 60.14693225688968
        },
        {
            "Time": "2023-03-07",
            "value": 59.881967259398365
        },
        {
            "Time": "2023-03-08",
            "value": 55.45080583626158
        },
        {
            "Time": "2023-03-09",
            "value": 41.37705563931544
        },
        {
            "Time": "2023-03-10",
            "value": 61.69653559224396
        },
        {
            "Time": "2023-03-11",
            "value": 54.00331975998951
        },
        {
            "Time": "2023-03-12",
            "value": 13.334173315072285
        },
        {
            "Time": "2023-03-13",
            "value": 51.11387386920409
        },
        {
            "Time": "2023-03-14",
            "value": 65.10057462153453
        },
        {
            "Time": "2023-03-15",
            "value": 54.267354593846704
        },
        {
            "Time": "2023-03-16",
            "value": 55.6692399168553
        },
        {
            "Time": "2023-03-17",
            "value": 33.3405427260915
        },
        {
            "Time": "2023-03-18",
            "value": 9.488367850354608
        },
        {
            "Time": "2023-03-19",
            "value": 3.926991408769597
        },
        {
            "Time": "2023-03-20",
            "value": 44.462465017549896
        },
        {
            "Time": "2023-03-21",
            "value": 25.139022928183127
        },
        {
            "Time": "2023-03-22",
            "value": 42.65924843228949
        },
        {
            "Time": "2023-03-23",
            "value": 4.46169051185855
        },
        {
            "Time": "2023-03-24",
            "value": 5.391997043825356
        },
        {
            "Time": "2023-03-25",
            "value": 6.953009901817677
        },
        {
            "Time": "2023-03-26",
            "value": 25.661712729134205
        },
        {
            "Time": "2023-03-27",
            "value": 0.0
        }
    ]
}