{
    "data": [
        {
            "Time": "2022-11-27",
            "value": 3.741314967775952
        },
        {
            "Time": "2022-11-28",
            "value": 14.740406404059172
        },
        {
            "Time": "2022-11-29",
            "value": 12.566315371661732
        },
        {
            "Time": "2022-11-30",
            "value": 5.631554661049904
        },
        {
            "Time": "2022-12-01",
            "value": 6.761315195646657
        },
        {
            "Time": "2022-12-02",
            "value": 7.587904956487244
        },
        {
            "Time": "2022-12-03",
            "value": 12.080865449802452
        },
        {
            "Time": "2022-12-04",
            "value": 9.314715937201186
        },
        {
            "Time": "2022-12-05",
            "value": 7.666697348991148
        },
        {
            "Time": "2022-12-06",
            "value": 12.081232184376494
        },
        {
            "Time": "2022-12-07",
            "value": 3.421769565847948
        },
        {
            "Time": "2022-12-08",
            "value": 16.673132388275555
        },
        {
            "Time": "2022-12-09",
            "value": 13.794740785029813
        },
        {
            "Time": "2022-12-10",
            "value": 32.48504227975119
        },
        {
            "Time": "2022-12-11",
            "value": 7.013294892845175
        },
        {
            "Time": "2022-12-12",
            "value": 19.967383194453955
        },
        {
            "Time": "2022-12-13",
            "value": 25.474152660089626
        },
        {
            "Time": "2022-12-14",
            "value": 12.48890404303596
        },
        {
            "Time": "2022-12-15",
            "value": 8.903332725964848
        },
        {
            "Time": "2022-12-16",
            "value": 5.67686217424709
        },
        {
            "Time": "2022-12-17",
            "value": 7.921158380868711
        },
        {
            "Time": "2022-12-18",
            "value": 42.540546793844506
        },
        {
            "Time": "2022-12-19",
            "value": 38.87227851116979
        },
        {
            "Time": "2022-12-20",
            "value": 22.164624209973148
        },
        {
            "Time": "2022-12-21",
            "value": 36.20593976944815
        },
        {
            "Time": "2022-12-22",
            "value": 38.56947330497032
        },
        {
            "Time": "2022-12-23",
            "value": 40.34200109541752
        },
        {
            "Time": "2022-12-24",
            "value": 41.158754868053066
        },
        {
            "Time": "2022-12-25",
            "value": 40.75712681057683
        },
        {
            "Time": "2022-12-26",
            "value": 32.71085774980974
        },
        {
            "Time": "2022-12-27",
            "value": 16.092564038032478
        },
        {
            "Time": "2022-12-28",
            "value": 8.733990324785784
        },
        {
            "Time": "2022-12-29",
            "value": 5.364799558815278
        },
        {
            "Time": "2022-12-30",
            "value": 8.36058635077726
        },
        {
            "Time": "2022-12-31",
            "value": 23.538028752745937
        },
        {
            "Time": "2023-01-01",
            "value": 13.887305299997164
        },
        {
            "Time": "2023-01-02",
            "value": 6.982776866562859
        },
        {
            "Time": "2023-01-03",
            "value": 7.775583206034144
        },
        {
            "Time": "2023-01-04",
            "value": 8.27745394512772
        },
        {
            "Time": "2023-01-05",
            "value": 10.499258680252929
        },
        {
            "Time": "2023-01-06",
            "value": 38.56335728421819
        },
        {
            "Time": "2023-01-07",
            "value": 39.79795262650303
        },
        {
            "Time": "2023-01-08",
            "value": 39.54013366907808
        },
        {
            "Time": "2023-01-09",
            "value": 9.342158352021524
        },
        {
            "Time": "2023-01-10",
            "value": 10.04286285046216
        },
        {
            "Time": "2023-01-11",
            "value": 13.61478316129564
        },
        {
            "Time": "2023-01-12",
            "value": 25.05910437000558
        },
        {
            "Time": "2023-01-13",
            "value": 6.3433803560643485
        },
        {
            "Time": "2023-01-14",
            "value": 26.21210006264348
        },
        {
            "Time": "2023-01-15",
            "value": 7.382372996338055
        },
        {
            "Time": "2023-01-16",
            "value": 35.89459998433596
        },
        {
            "Time": "2023-01-17",
            "value": 9.085540100787563
        },
        {
            "Time": "2023-01-18",
            "value": 40.45836469629735
        },
        {
            "Time": "2023-01-19",
            "value": 33.76894033499977
        },
        {
            "Time": "2023-01-20",
            "value": 15.420933536109803
        },
        {
            "Time": "2023-01-21",
            "value": 5.251124607018199
        },
        {
            "Time": "2023-01-22",
            "value": 31.833414229969744
        },
        {
            "Time": "2023-01-23",
            "value": 5.075159699711615
        },
        {
            "Time": "2023-01-24",
            "value": 30.239822100123728
        },
        {
            "Time": "2023-01-25",
            "value": 45.07702897065706
        },
        {
            "Time": "2023-01-26",
            "value": 22.79471053948706
        },
        {
            "Time": "2023-01-27",
            "value": 42.78371659969926
        },
        {
            "Time": "2023-01-28",
            "value": 46.08033976285073
        },
        {
            "Time": "2023-01-29",
            "value": 46.09688770929204
        },
        {
            "Time": "2023-01-30",
            "value": 46.35092216937174
        },
        {
            "Time": "2023-01-31",
            "value": 45.73835773458945
        },
        {
            "Time": "2023-02-01",
            "value": 9.370118143043706
        },
        {
            "Time": "2023-02-02",
            "value": 20.565131224030686
        },
        {
            "Time": "2023-02-03",
            "value": 10.60669886108648
        },
        {
            "Time": "2023-02-04",
            "value": 3.777623435780767
        },
        {
            "Time": "2023-02-05",
            "value": 7.755774540980888
        },
        {
            "Time": "2023-02-06",
            "value": 29.16494258994525
        },
        {
            "Time": "2023-02-07",
            "value": 7.522260945321166
        },
        {
            "Time": "2023-02-08",
            "value": 4.273540556808686
        },
        {
            "Time": "2023-02-09",
            "value": 9.234105202112136
        },
        {
            "Time": "2023-02-10",
            "value": 5.269499989811203
        },
        {
            "Time": "2023-02-11",
            "value": 15.569872367861324
        },
        {
            "Time": "2023-02-12",
            "value": 21.80796426387993
        },
        {
            "Time": "2023-02-13",
            "value": 7.802001900941401
        },
        {
            "Time": "2023-02-14",
            "value": 20.124352405386823
        },
        {
            "Time": "2023-02-15",
            "value": 46.96109838769795
        },
        {
            "Time": "2023-02-16",
            "value": 53.44547652009
        },
        {
            "Time": "2023-02-17",
            "value": 39.63462124796739
        },
        {
            "Time": "2023-02-18",
            "value": 46.03742657384824
        },
        {
            "Time": "2023-02-19",
            "value": 15.594725814314618
        },
        {
            "Time": "2023-02-20",
            "value": 29.29932720716347
        },
        {
            "Time": "2023-02-21",
            "value": 53.14408883602322
        },
        {
            "Time": "2023-02-22",
            "value": 45.67097115280743
        },
        {
            "Time": "2023-02-23",
            "value": 43.10673009001452
        },
        {
            "Time": "2023-02-24",
            "value": 20.61510682811409
        },
        {
            "Time": "2023-02-25",
            "value": 50.96832015614799
        },
        {
            "Time": "2023-02-26",
            "value": 55.17250185477456
        },
        {
            "Time": "2023-02-27",
            "value": 48.05249650804508
        },
        {
            "Time": "2023-02-28",
            "value": 27.4762439961966
        },
        {
            "Time": "2023-03-01",
            "value": 27.715670987754827
        },
        {
            "Time": "2023-03-02",
            "value": 38.07478996536108
        },
        {
            "Time": "2023-03-03",
            "value": 49.18681284977772
        },
        {
            "Time": "2023-03-04",
            "value": 53.60355247928903
        },
        {
            "Time": "2023-03-05",
            "value": 52.456544441863954
        },
        {
            "Time": "2023-03-06",
            "value": 54.13479733415043
        },
        {
            "Time": "2023-03-07",
            "value": 53.46036578534832
        },
        {
            "Time": "2023-03-08",
            "value": 49.05318207381688
        },
        {
            "Time": "2023-03-09",
            "value": 39.26734702019654
        },
        {
            "Time": "2023-03-10",
            "value": 54.5460325795215
        },
        {
            "Time": "2023-03-11",
            "value": 47.95741977396192
        },
        {
            "Time": "2023-03-12",
            "value": 12.22159647679482
        },
        {
            "Time": "2023-03-13",
            "value": 46.49338237046442
        },
        {
            "Time": "2023-03-14",
            "value": 57.45448635567295
        },
        {
            "Time": "2023-03-15",
            "value": 48.38618273423361
        },
        {
            "Time": "2023-03-16",
            "value": 49.77633195173583
        },
        {
            "Time": "2023-03-17",
            "value": 30.049521728497105
        },
        {
            "Time": "2023-03-18",
            "value": 8.805191480122323
        },
        {
            "Time": "2023-03-19",
            "value": 3.8018521769358857
        },
        {
            "Time": "2023-03-20",
            "value": 40.34964290877035
        },
        {
            "Time": "2023-03-21",
            "value": 23.1840714232089
        },
        {
            "Time": "2023-03-22",
            "value": 38.17584670429454
        },
        {
            "Time": "2023-03-23",
            "value": 4.248370533240742
        },
        {
            "Time": "2023-03-24",
            "value": 5.156894299186532
        },
        {
            "Time": "2023-03-25",
            "value": 6.743316701096298
        },
        {
            "Time": "2023-03-26",
            "value": 23.779004523102422
        },
        {
            "Time": "2023-03-27",
            "value": 0.0
        }
    ]
}