{
    "data": [
        {
            "Time": "2022-11-27",
            "value": 3.839653727327897
        },
        {
            "Time": "2022-11-28",
            "value": 14.55233770825306
        },
        {
            "Time": "2022-11-29",
            "value": 12.561617670965065
        },
        {
            "Time": "2022-11-30",
            "value": 5.835124088346665
        },
        {
            "Time": "2022-12-01",
            "value": 6.975846298266308
        },
        {
            "Time": "2022-12-02",
            "value": 7.722175314967476
        },
        {
            "Time": "2022-12-03",
            "value": 12.261483530708356
        },
        {
            "Time": "2022-12-04",
            "value": 9.581411141244454
        },
        {
            "Time": "2022-12-05",
            "value": 7.9348216850980595
        },
        {
            "Time": "2022-12-06",
            "value": 12.316545105664778
        },
        {
            "Time": "2022-12-07",
            "value": 3.4361719508897086
        },
        {
            "Time": "2022-12-08",
            "value": 16.734298576769582
        },
        {
            "Time": "2022-12-09",
            "value": 13.977896448934905
        },
        {
            "Time": "2022-12-10",
            "value": 30.968029657560837
        },
        {
            "Time": "2022-12-11",
            "value": 7.217857058253671
        },
        {
            "Time": "2022-12-12",
            "value": 19.69817589025464
        },
        {
            "Time": "2022-12-13",
            "value": 25.162452726072893
        },
        {
            "Time": "2022-12-14",
            "value": 12.706101222594368
        },
        {
            "Time": "2022-12-15",
            "value": 9.036391373456793
        },
        {
            "Time": "2022-12-16",
            "value": 5.839593877484504
        },
        {
            "Time": "2022-12-17",
            "value": 8.005014742043539
        },
        {
            "Time": "2022-12-18",
            "value": 38.37363497797641
        },
        {
            "Time": "2022-12-19",
            "value": 35.54978954197549
        },
        {
            "Time": "2022-12-20",
            "value": 21.997828737462367
        },
        {
            "Time": "2022-12-21",
            "value": 35.02403521492242
        },
        {
            "Time": "2022-12-22",
            "value": 35.62729287982262
        },
        {
            "Time": "2022-12-23",
            "value": 37.50727387843233
        },
        {
            "Time": "2022-12-24",
            "value": 36.828096355453326
        },
        {
            "Time": "2022-12-25",
            "value": 37.08420944474346
        },
        {
            "Time": "2022-12-26",
            "value": 30.433249982436493
        },
        {
            "Time": "2022-12-27",
            "value": 16.355165751376312
        },
        {
            "Time": "2022-12-28",
            "value": 8.889663922615537
        },
        {
            "Time": "2022-12-29",
            "value": 5.458451679157195
        },
        {
            "Time": "2022-12-30",
            "value": 8.516089508633959
        },
        {
            "Time": "2022-12-31",
            "value": 23.170725915347173
        },
        {
            "Time": "2023-01-01",
            "value": 14.10739166473193
        },
        {
            "Time": "2023-01-02",
            "value": 7.078203976153047
        },
        {
            "Time": "2023-01-03",
            "value": 8.091240937321754
        },
        {
            "Time": "2023-01-04",
            "value": 8.42732223219423
        },
        {
            "Time": "2023-01-05",
            "value": 10.71598972670938
        },
        {
            "Time": "2023-01-06",
            "value": 35.64316643884407
        },
        {
            "Time": "2023-01-07",
            "value": 35.56117320534775
        },
        {
            "Time": "2023-01-08",
            "value": 36.72480222018159
        },
        {
            "Time": "2023-01-09",
            "value": 9.49164014090086
        },
        {
            "Time": "2023-01-10",
            "value": 10.078137315507442
        },
        {
            "Time": "2023-01-11",
            "value": 13.861044573297692
        },
        {
            "Time": "2023-01-12",
            "value": 24.335854110859387
        },
        {
            "Time": "2023-01-13",
            "value": 6.354430939856238
        },
        {
            "Time": "2023-01-14",
            "value": 24.87584179426682
        },
        {
            "Time": "2023-01-15",
            "value": 7.605427446048227
        },
        {
            "Time": "2023-01-16",
            "value": 33.43780545180764
        },
        {
            "Time": "2023-01-17",
            "value": 9.223681969548728
        },
        {
            "Time": "2023-01-18",
            "value": 37.33956436802956
        },
        {
            "Time": "2023-01-19",
            "value": 31.612081024229266
        },
        {
            "Time": "2023-01-20",
            "value": 15.523914899314695
        },
        {
            "Time": "2023-01-21",
            "value": 5.3378338962579805
        },
        {
            "Time": "2023-01-22",
            "value": 30.83531304402285
        },
        {
            "Time": "2023-01-23",
            "value": 5.081940019010277
        },
        {
            "Time": "2023-01-24",
            "value": 28.39177949771133
        },
        {
            "Time": "2023-01-25",
            "value": 41.58257328297249
        },
        {
            "Time": "2023-01-26",
            "value": 22.32864678421513
        },
        {
            "Time": "2023-01-27",
            "value": 38.88855548891084
        },
        {
            "Time": "2023-01-28",
            "value": 42.6008294200584
        },
        {
            "Time": "2023-01-29",
            "value": 42.36563995538886
        },
        {
            "Time": "2023-01-30",
            "value": 42.48431758850025
        },
        {
            "Time": "2023-01-31",
            "value": 42.3684754487136
        },
        {
            "Time": "2023-02-01",
            "value": 9.523373757730823
        },
        {
            "Time": "2023-02-02",
            "value": 20.052702501937564
        },
        {
            "Time": "2023-02-03",
            "value": 10.81047575127931
        },
        {
            "Time": "2023-02-04",
            "value": 3.739180701111036
        },
        {
            "Time": "2023-02-05",
            "value": 7.684640509031557
        },
        {
            "Time": "2023-02-06",
            "value": 28.157310149193428
        },
        {
            "Time": "2023-02-07",
            "value": 7.469690867916758
        },
        {
            "Time": "2023-02-08",
            "value": 4.228111828631947
        },
        {
            "Time": "2023-02-09",
            "value": 9.35445334327518
        },
        {
            "Time": "2023-02-10",
            "value": 5.302094554496973
        },
        {
            "Time": "2023-02-11",
            "value": 15.42296713183572
        },
        {
            "Time": "2023-02-12",
            "value": 21.58708519055786
        },
        {
            "Time": "2023-02-13",
            "value": 8.042678951557594
        },
        {
            "Time": "2023-02-14",
            "value": 19.75669792735119
        },
        {
            "Time": "2023-02-15",
            "value": 44.055131819954994
        },
        {
            "Time": "2023-02-16",
            "value": 49.78873168795823
        },
        {
            "Time": "2023-02-17",
            "value": 37.87404948519689
        },
        {
            "Time": "2023-02-18",
            "value": 43.02255297308561
        },
        {
            "Time": "2023-02-19",
            "value": 15.784750141777678
        },
        {
            "Time": "2023-02-20",
            "value": 29.277868287889497
        },
        {
            "Time": "2023-02-21",
            "value": 49.624349773489584
        },
        {
            "Time": "2023-02-22",
            "value": 43.58813357993311
        },
        {
            "Time": "2023-02-23",
            "value": 41.276829259566505
        },
        {
            "Time": "2023-02-24",
            "value": 20.785271145721254
        },
        {
            "Time": "2023-02-25",
            "value": 48.62729690126528
        },
        {
            "Time": "2023-02-26",
            "value": 52.16800901298936
        },
        {
            "Time": "2023-02-27",
            "value": 45.785414567536606
        },
        {
            "Time": "2023-02-28",
            "value": 27.663582185310016
        },
        {
            "Time": "2023-03-01",
            "value": 27.35092208630892
        },
        {
            "Time": "2023-03-02",
            "value": 37.20982708300556
        },
        {
            "Time": "2023-03-03",
            "value": 47.75837181825524
        },
        {
            "Time": "2023-03-04",
            "value": 51.789317549232855
        },
        {
            "Time": "2023-03-05",
            "value": 51.12030262362181
        },
        {
            "Time": "2023-03-06",
            "value": 53.00805539575034
        },
        {
            "Time": "2023-03-07",
            "value": 52.572885884213335
        },
        {
            "Time": "2023-03-08",
            "value": 49.00129800686112
        },
        {
            "Time": "2023-03-09",
            "value": 38.5525611575746
        },
        {
            "Time": "2023-03-10",
            "value": 54.532954871466345
        },
        {
            "Time": "2023-03-11",
            "value": 48.51468006903991
        },
        {
            "Time": "2023-03-12",
            "value": 12.437106351780503
        },
        {
            "Time": "2023-03-13",
            "value": 46.96338587498643
        },
        {
            "Time": "2023-03-14",
            "value": 58.40037712569853
        },
        {
            "Time": "2023-03-15",
            "value": 49.55331370047177
        },
        {
            "Time": "2023-03-16",
            "value": 50.89316546348331
        },
        {
            "Time": "2023-03-17",
            "value": 30.99958571127617
        },
        {
            "Time": "2023-03-18",
            "value": 8.941399022586376
        },
        {
            "Time": "2023-03-19",
            "value": 3.730076740450811
        },
        {
            "Time": "2023-03-20",
            "value": 41.1625014450124
        },
        {
            "Time": "2023-03-21",
            "value": 23.641270345794776
        },
        {
            "Time": "2023-03-22",
            "value": 39.717248321118085
        },
        {
            "Time": "2023-03-23",
            "value": 4.23222575098397
        },
        {
            "Time": "2023-03-24",
            "value": 5.122085321643831
        },
        {
            "Time": "2023-03-25",
            "value": 6.680247257569554
        },
        {
            "Time": "2023-03-26",
            "value": 24.23198832163544
        },
        {
            "Time": "2023-03-27",
            "value": 0.0
        }
    ]
}