{
    "data": [
        {
            "Time": "2022-11-27",
            "value": 3.504194120992586
        },
        {
            "Time": "2022-11-28",
            "value": 12.579212130092516
        },
        {
            "Time": "2022-11-29",
            "value": 10.882369154844728
        },
        {
            "Time": "2022-11-30",
            "value": 5.315056291198605
        },
        {
            "Time": "2022-12-01",
            "value": 0.0
        },
        {
            "Time": "2022-12-02",
            "value": 0.0
        },
        {
            "Time": "2022-12-03",
            "value": 0.0
        },
        {
            "Time": "2022-12-04",
            "value": 0.0
        },
        {
            "Time": "2022-12-05",
            "value": 0.0
        },
        {
            "Time": "2022-12-06",
            "value": 0.0
        },
        {
            "Time": "2022-12-07",
            "value": 0.0
        },
        {
            "Time": "2022-12-08",
            "value": 14.60543812748412
        },
        {
            "Time": "2022-12-09",
            "value": 12.850358677785104
        },
        {
            "Time": "2022-12-10",
            "value": 24.23429855358379
        },
        {
            "Time": "2022-12-11",
            "value": 6.6291440832867305
        },
        {
            "Time": "2022-12-12",
            "value": 15.618118926751375
        },
        {
            "Time": "2022-12-13",
            "value": 20.851121977553
        },
        {
            "Time": "2022-12-14",
            "value": 11.680222781175653
        },
        {
            "Time": "2022-12-15",
            "value": 8.387896918653167
        },
        {
            "Time": "2022-12-16",
            "value": 5.334970083336348
        },
        {
            "Time": "2022-12-17",
            "value": 7.262275502578835
        },
        {
            "Time": "2022-12-18",
            "value": 30.52252961379584
        },
        {
            "Time": "2022-12-19",
            "value": 25.68276730088958
        },
        {
            "Time": "2022-12-20",
            "value": 17.992126328755408
        },
        {
            "Time": "2022-12-21",
            "value": 27.97462999587782
        },
        {
            "Time": "2022-12-22",
            "value": 24.981479984823054
        },
        {
            "Time": "2022-12-23",
            "value": 28.30105783679594
        },
        {
            "Time": "2022-12-24",
            "value": 28.31427948906793
        },
        {
            "Time": "2022-12-25",
            "value": 29.709356615278494
        },
        {
            "Time": "2022-12-26",
            "value": 25.0851814943421
        },
        {
            "Time": "2022-12-27",
            "value": 14.348594394351393
        },
        {
            "Time": "2022-12-28",
            "value": 8.243769776720747
        },
        {
            "Time": "2022-12-29",
            "value": 5.042353295841597
        },
        {
            "Time": "2022-12-30",
            "value": 7.895609551354249
        },
        {
            "Time": "2022-12-31",
            "value": 19.208508599318648
        },
        {
            "Time": "2023-01-01",
            "value": 12.896109097884604
        },
        {
            "Time": "2023-01-02",
            "value": 6.582098590593538
        },
        {
            "Time": "2023-01-03",
            "value": 7.389972691077589
        },
        {
            "Time": "2023-01-04",
            "value": 7.814378439255838
        },
        {
            "Time": "2023-01-05",
            "value": 9.970856791381552
        },
        {
            "Time": "2023-01-06",
            "value": 28.071081383318088
        },
        {
            "Time": "2023-01-07",
            "value": 29.41510829321173
        },
        {
            "Time": "2023-01-08",
            "value": 28.792658425532817
        },
        {
            "Time": "2023-01-09",
            "value": 8.741081550739088
        },
        {
            "Time": "2023-01-10",
            "value": 9.490507393452528
        },
        {
            "Time": "2023-01-11",
            "value": 12.800598626251109
        },
        {
            "Time": "2023-01-12",
            "value": 20.719751193326548
        },
        {
            "Time": "2023-01-13",
            "value": 5.971714836873591
        },
        {
            "Time": "2023-01-14",
            "value": 21.232809517594788
        },
        {
            "Time": "2023-01-15",
            "value": 6.934041104458869
        },
        {
            "Time": "2023-01-16",
            "value": 28.09489489356564
        },
        {
            "Time": "2023-01-17",
            "value": 8.563344008267778
        },
        {
            "Time": "2023-01-18",
            "value": 31.207450500601503
        },
        {
            "Time": "2023-01-19",
            "value": 26.448005827686192
        },
        {
            "Time": "2023-01-20",
            "value": 14.010591115353266
        },
        {
            "Time": "2023-01-21",
            "value": 4.950739544871761
        },
        {
            "Time": "2023-01-22",
            "value": 25.482043808849436
        },
        {
            "Time": "2023-01-23",
            "value": 4.827245537512021
        },
        {
            "Time": "2023-01-24",
            "value": 22.7681327143445
        },
        {
            "Time": "2023-01-25",
            "value": 35.17548223798577
        },
        {
            "Time": "2023-01-26",
            "value": 19.861433553835287
        },
        {
            "Time": "2023-01-27",
            "value": 33.250110651984635
        },
        {
            "Time": "2023-01-28",
            "value": 36.36256821193026
        },
        {
            "Time": "2023-01-29",
            "value": 35.60517348052708
        },
        {
            "Time": "2023-01-30",
            "value": 36.46224503757182
        },
        {
            "Time": "2023-01-31",
            "value": 35.728279157615155
        },
        {
            "Time": "2023-02-01",
            "value": 8.828381013266666
        },
        {
            "Time": "2023-02-02",
            "value": 17.261370626220238
        },
        {
            "Time": "2023-02-03",
            "value": 9.987248307509796
        },
        {
            "Time": "2023-02-04",
            "value": 3.604024230241214
        },
        {
            "Time": "2023-02-05",
            "value": 7.397173950601476
        },
        {
            "Time": "2023-02-06",
            "value": 25.123162203581263
        },
        {
            "Time": "2023-02-07",
            "value": 7.1731380687581705
        },
        {
            "Time": "2023-02-08",
            "value": 4.089461127860119
        },
        {
            "Time": "2023-02-09",
            "value": 8.54517554623426
        },
        {
            "Time": "2023-02-10",
            "value": 5.005994981431152
        },
        {
            "Time": "2023-02-11",
            "value": 13.813189759295224
        },
        {
            "Time": "2023-02-12",
            "value": 18.49247508111159
        },
        {
            "Time": "2023-02-13",
            "value": 7.44710361166687
        },
        {
            "Time": "2023-02-14",
            "value": 17.816388850180747
        },
        {
            "Time": "2023-02-15",
            "value": 38.43899454707641
        },
        {
            "Time": "2023-02-16",
            "value": 44.23030217376678
        },
        {
            "Time": "2023-02-17",
            "value": 33.246560586626046
        },
        {
            "Time": "2023-02-18",
            "value": 37.88553609053989
        },
        {
            "Time": "2023-02-19",
            "value": 14.61201876721348
        },
        {
            "Time": "2023-02-20",
            "value": 26.6209877075114
        },
        {
            "Time": "2023-02-21",
            "value": 45.21064857391424
        },
        {
            "Time": "2023-02-22",
            "value": 38.85693006183897
        },
        {
            "Time": "2023-02-23",
            "value": 36.57621153495259
        },
        {
            "Time": "2023-02-24",
            "value": 19.168611649386044
        },
        {
            "Time": "2023-02-25",
            "value": 43.62118717997314
        },
        {
            "Time": "2023-02-26",
            "value": 47.51370948269573
        },
        {
            "Time": "2023-02-27",
            "value": 41.41648403580748
        },
        {
            "Time": "2023-02-28",
            "value": 25.454774363300967
        },
        {
            "Time": "2023-03-01",
            "value": 25.286307561393837
        },
        {
            "Time": "2023-03-02",
            "value": 32.87992477327539
        },
        {
            "Time": "2023-03-03",
            "value": 43.96648633217567
        },
        {
            "Time": "2023-03-04",
            "value": 48.08761645883495
        },
        {
            "Time": "2023-03-05",
            "value": 47.11942988433288
        },
        {
            "Time": "2023-03-06",
            "value": 49.0062864132514
        },
        {
            "Time": "2023-03-07",
            "value": 48.83037167799717
        },
        {
            "Time": "2023-03-08",
            "value": 45.93895071754798
        },
        {
            "Time": "2023-03-09",
            "value": 35.477315133183616
        },
        {
            "Time": "2023-03-10",
            "value": 51.04076124217567
        },
        {
            "Time": "2023-03-11",
            "value": 45.44920235100908
        },
        {
            "Time": "2023-03-12",
            "value": 11.557557894715794
        },
        {
            "Time": "2023-03-13",
            "value": 43.89311554347531
        },
        {
            "Time": "2023-03-14",
            "value": 54.66802314122708
        },
        {
            "Time": "2023-03-15",
            "value": 45.81176743970749
        },
        {
            "Time": "2023-03-16",
            "value": 47.17600583049271
        },
        {
            "Time": "2023-03-17",
            "value": 29.192967479878103
        },
        {
            "Time": "2023-03-18",
            "value": 8.316346943604788
        },
        {
            "Time": "2023-03-19",
            "value": 3.631347201099471
        },
        {
            "Time": "2023-03-20",
            "value": 38.06876343564657
        },
        {
            "Time": "2023-03-21",
            "value": 22.140406258896725
        },
        {
            "Time": "2023-03-22",
            "value": 36.67907003565202
        },
        {
            "Time": "2023-03-23",
            "value": 4.030052053366451
        },
        {
            "Time": "2023-03-24",
            "value": 4.955321895187842
        },
        {
            "Time": "2023-03-25",
            "value": 6.440548185825707
        },
        {
            "Time": "2023-03-26",
            "value": 22.624648587579777
        },
        {
            "Time": "2023-03-27",
            "value": 0.0
        }
    ]
}