{
    "data": [
        {
            "Time": "2022-11-27",
            "value": 3.268684497419349
        },
        {
            "Time": "2022-11-28",
            "value": 10.510956214854422
        },
        {
            "Time": "2022-11-29",
            "value": 10.269897890412787
        },
        {
            "Time": "2022-11-30",
            "value": 5.008894198359948
        },
        {
            "Time": "2022-12-01",
            "value": 6.128314249799999
        },
        {
            "Time": "2022-12-02",
            "value": 6.594306737576765
        },
        {
            "Time": "2022-12-03",
            "value": 10.486118033212191
        },
        {
            "Time": "2022-12-04",
            "value": 8.18428773184211
        },
        {
            "Time": "2022-12-05",
            "value": 6.853555744066197
        },
        {
            "Time": "2022-12-06",
            "value": 10.67472046539524
        },
        {
            "Time": "2022-12-07",
            "value": 2.997250501627269
        },
        {
            "Time": "2022-12-08",
            "value": 13.254784645638251
        },
        {
            "Time": "2022-12-09",
            "value": 11.931212787622098
        },
        {
            "Time": "2022-12-10",
            "value": 22.3952199589166
        },
        {
            "Time": "2022-12-11",
            "value": 6.240631773743832
        },
        {
            "Time": "2022-12-12",
            "value": 14.330210623494052
        },
        {
            "Time": "2022-12-13",
            "value": 20.035877739424627
        },
        {
            "Time": "2022-12-14",
            "value": 10.877158618892354
        },
        {
            "Time": "2022-12-15",
            "value": 7.732547015309242
        },
        {
            "Time": "2022-12-16",
            "value": 4.802481201560872
        },
        {
            "Time": "2022-12-17",
            "value": 6.7020169648692125
        },
        {
            "Time": "2022-12-18",
            "value": 26.41786488876398
        },
        {
            "Time": "2022-12-19",
            "value": 24.396755231282263
        },
        {
            "Time": "2022-12-20",
            "value": 18.7319380576229
        },
        {
            "Time": "2022-12-21",
            "value": 23.00819419801672
        },
        {
            "Time": "2022-12-22",
            "value": 24.589002388905666
        },
        {
            "Time": "2022-12-23",
            "value": 25.70294958898804
        },
        {
            "Time": "2022-12-24",
            "value": 25.66851575808019
        },
        {
            "Time": "2022-12-25",
            "value": 25.761179345206244
        },
        {
            "Time": "2022-12-26",
            "value": 23.448908772154077
        },
        {
            "Time": "2022-12-27",
            "value": 13.702245019392183
        },
        {
            "Time": "2022-12-28",
            "value": 7.717235435079855
        },
        {
            "Time": "2022-12-29",
            "value": 4.773849916282535
        },
        {
            "Time": "2022-12-30",
            "value": 7.656345360639044
        },
        {
            "Time": "2022-12-31",
            "value": 17.89474158055565
        },
        {
            "Time": "2023-01-01",
            "value": 11.947727133258171
        },
        {
            "Time": "2023-01-02",
            "value": 6.25396123471057
        },
        {
            "Time": "2023-01-03",
            "value": 7.231756270444494
        },
        {
            "Time": "2023-01-04",
            "value": 7.390128919229177
        },
        {
            "Time": "2023-01-05",
            "value": 9.513788024214362
        },
        {
            "Time": "2023-01-06",
            "value": 24.45945387136682
        },
        {
            "Time": "2023-01-07",
            "value": 25.422906679477283
        },
        {
            "Time": "2023-01-08",
            "value": 25.53960860881894
        },
        {
            "Time": "2023-01-09",
            "value": 8.136104367175598
        },
        {
            "Time": "2023-01-10",
            "value": 8.926312476173402
        },
        {
            "Time": "2023-01-11",
            "value": 11.801156154702092
        },
        {
            "Time": "2023-01-12",
            "value": 19.6907196166862
        },
        {
            "Time": "2023-01-13",
            "value": 5.382434418398189
        },
        {
            "Time": "2023-01-14",
            "value": 18.92619331207672
        },
        {
            "Time": "2023-01-15",
            "value": 6.447299422948681
        },
        {
            "Time": "2023-01-16",
            "value": 25.019205353817167
        },
        {
            "Time": "2023-01-17",
            "value": 8.106349292768055
        },
        {
            "Time": "2023-01-18",
            "value": 26.75326361841236
        },
        {
            "Time": "2023-01-19",
            "value": 23.755770630568232
        },
        {
            "Time": "2023-01-20",
            "value": 13.040218322224511
        },
        {
            "Time": "2023-01-21",
            "value": 4.662422753686212
        },
        {
            "Time": "2023-01-22",
            "value": 20.27554005292562
        },
        {
            "Time": "2023-01-23",
            "value": 4.061348198457095
        },
        {
            "Time": "2023-01-24",
            "value": 17.389063443503716
        },
        {
            "Time": "2023-01-25",
            "value": 30.455542733780803
        },
        {
            "Time": "2023-01-26",
            "value": 18.65570269821445
        },
        {
            "Time": "2023-01-27",
            "value": 29.04811274266405
        },
        {
            "Time": "2023-01-28",
            "value": 31.519251935779867
        },
        {
            "Time": "2023-01-29",
            "value": 31.161669561736208
        },
        {
            "Time": "2023-01-30",
            "value": 31.835845283304383
        },
        {
            "Time": "2023-01-31",
            "value": 31.356856197015983
        },
        {
            "Time": "2023-02-01",
            "value": 8.401116566976075
        },
        {
            "Time": "2023-02-02",
            "value": 14.825805557829954
        },
        {
            "Time": "2023-02-03",
            "value": 9.375296082785354
        },
        {
            "Time": "2023-02-04",
            "value": 3.1038121391116205
        },
        {
            "Time": "2023-02-05",
            "value": 6.315810541143827
        },
        {
            "Time": "2023-02-06",
            "value": 22.36899246065347
        },
        {
            "Time": "2023-02-07",
            "value": 5.669742627810239
        },
        {
            "Time": "2023-02-08",
            "value": 3.618122963497904
        },
        {
            "Time": "2023-02-09",
            "value": 7.83677504193267
        },
        {
            "Time": "2023-02-10",
            "value": 4.238677233892452
        },
        {
            "Time": "2023-02-11",
            "value": 12.511773288044532
        },
        {
            "Time": "2023-02-12",
            "value": 15.819298258182538
        },
        {
            "Time": "2023-02-13",
            "value": 6.697411805698191
        },
        {
            "Time": "2023-02-14",
            "value": 15.581136696174848
        },
        {
            "Time": "2023-02-15",
            "value": 33.72925258422516
        },
        {
            "Time": "2023-02-16",
            "value": 38.4949982425375
        },
        {
            "Time": "2023-02-17",
            "value": 27.384959682682737
        },
        {
            "Time": "2023-02-18",
            "value": 33.645414917028646
        },
        {
            "Time": "2023-02-19",
            "value": 13.596627235126952
        },
        {
            "Time": "2023-02-20",
            "value": 23.567306551618724
        },
        {
            "Time": "2023-02-21",
            "value": 39.41609492033618
        },
        {
            "Time": "2023-02-22",
            "value": 32.67685712675948
        },
        {
            "Time": "2023-02-23",
            "value": 32.85991226356213
        },
        {
            "Time": "2023-02-24",
            "value": 17.38911002155841
        },
        {
            "Time": "2023-02-25",
            "value": 38.43012776601287
        },
        {
            "Time": "2023-02-26",
            "value": 41.60220693582996
        },
        {
            "Time": "2023-02-27",
            "value": 35.06971686709787
        },
        {
            "Time": "2023-02-28",
            "value": 23.005205401153606
        },
        {
            "Time": "2023-03-01",
            "value": 22.87004460607064
        },
        {
            "Time": "2023-03-02",
            "value": 28.590001009962634
        },
        {
            "Time": "2023-03-03",
            "value": 38.72133353949807
        },
        {
            "Time": "2023-03-04",
            "value": 41.717538767411874
        },
        {
            "Time": "2023-03-05",
            "value": 41.34847467686762
        },
        {
            "Time": "2023-03-06",
            "value": 42.69926385384883
        },
        {
            "Time": "2023-03-07",
            "value": 42.39674341915199
        },
        {
            "Time": "2023-03-08",
            "value": 40.30102323840745
        },
        {
            "Time": "2023-03-09",
            "value": 30.620923005697414
        },
        {
            "Time": "2023-03-10",
            "value": 43.66466904583592
        },
        {
            "Time": "2023-03-11",
            "value": 39.63192437141819
        },
        {
            "Time": "2023-03-12",
            "value": 10.831226421094328
        },
        {
            "Time": "2023-03-13",
            "value": 37.28544516522566
        },
        {
            "Time": "2023-03-14",
            "value": 46.60955153456665
        },
        {
            "Time": "2023-03-15",
            "value": 38.42379841966671
        },
        {
            "Time": "2023-03-16",
            "value": 41.32447278805
        },
        {
            "Time": "2023-03-17",
            "value": 26.777786492860955
        },
        {
            "Time": "2023-03-18",
            "value": 7.767731506233373
        },
        {
            "Time": "2023-03-19",
            "value": 2.806120504898933
        },
        {
            "Time": "2023-03-20",
            "value": 34.24054494317461
        },
        {
            "Time": "2023-03-21",
            "value": 20.472355441235308
        },
        {
            "Time": "2023-03-22",
            "value": 32.46409268468363
        },
        {
            "Time": "2023-03-23",
            "value": 3.219539773373451
        },
        {
            "Time": "2023-03-24",
            "value": 3.7863333023374106
        },
        {
            "Time": "2023-03-25",
            "value": 4.980809614148696
        },
        {
            "Time": "2023-03-26",
            "value": 20.698835385392744
        },
        {
            "Time": "2023-03-27",
            "value": 0.0
        }
    ]
}