[
    {
        "id": 1,
        "node_name": "T1",
        "parent_id": 0,
        "children_id": [
            2,
            3,
            4,
            5,
            6,
            7,
            8,
            9,
            10,
            11,
            12
        ],
        "level": 1
    },
    {
        "id": 2,
        "node_name": "T1-C01",
        "parent_id": 1,
        "children_id": [
            13,
            14,
            15,
            16,
            17,
            18,
            19,
            20,
            21,
            22,
            23,
            24,
            25,
            26,
            27,
            28,
            29,
            30
        ],
        "level": 2
    },
    {
        "id": 3,
        "node_name": "T1-C02",
        "parent_id": 1,
        "children_id": [
            31,
            32,
            33,
            34,
            35,
            36,
            37,
            38,
            39,
            40,
            41,
            42,
            43,
            44,
            45,
            46,
            47,
            48
        ],
        "level": 2
    },
    {
        "id": 4,
        "node_name": "T1-C03",
        "parent_id": 1,
        "children_id": [
            49,
            50,
            51,
            52,
            53,
            54,
            55,
            56,
            57,
            58,
            59,
            60,
            61,
            62,
            63,
            64,
            65,
            66
        ],
        "level": 2
    },
    {
        "id": 5,
        "node_name": "T1-C04",
        "parent_id": 1,
        "children_id": [
            67,
            68,
            69,
            70,
            71,
            72,
            73,
            74,
            75,
            76,
            77,
            78,
            79,
            80,
            81,
            82,
            83,
            84
        ],
        "level": 2
    },
    {
        "id": 6,
        "node_name": "T1-C05",
        "parent_id": 1,
        "children_id": [
            85,
            86,
            87,
            88,
            89,
            90,
            91,
            92,
            93,
            94,
            95,
            96,
            97,
            98,
            99,
            100,
            101,
            102
        ],
        "level": 2
    },
    {
        "id": 7,
        "node_name": "T1-C06",
        "parent_id": 1,
        "children_id": [
            103,
            104,
            105,
            106,
            107,
            108,
            109,
            110,
            111,
            112,
            113,
            114,
            115,
            116,
            117,
            118,
            119,
            120
        ],
        "level": 2
    },
    {
        "id": 8,
        "node_name": "T1-C07",
        "parent_id": 1,
        "children_id": [
            121,
            122,
            123,
            124,
            125,
            126,
            127,
            128,
            129,
            130,
            131,
            132,
            133,
            134,
            135,
            136,
            137,
            138
        ],
        "level": 2
    },
    {
        "id": 9,
        "node_name": "T1-C08",
        "parent_id": 1,
        "children_id": [
            139,
            140,
            141,
            142,
            143,
            144,
            145,
            146,
            147,
            148,
            149,
            150,
            151,
            152,
            153,
            154,
            155,
            156
        ],
        "level": 2
    },
    {
        "id": 10,
        "node_name": "T1-C09",
        "parent_id": 1,
        "children_id": [
            157,
            158,
            159,
            160,
            161,
            162,
            163,
            164,
            165,
            166,
            167,
            168,
            169,
            170,
            171,
            172,
            173,
            174
        ],
        "level": 2
    },
    {
        "id": 11,
        "node_name": "T1-C10",
        "parent_id": 1,
        "children_id": [
            175,
            176,
            177,
            178,
            179,
            180,
            181,
            182,
            183,
            184,
            185,
            186,
            187,
            188,
            189,
            190,
            191,
            192
        ],
        "level": 2
    },
    {
        "id": 12,
        "node_name": "T1-C11",
        "parent_id": 1,
        "children_id": [
            193,
            194,
            195,
            196,
            197,
            198,
            199,
            200,
            201,
            202,
            203,
            204,
            205,
            206,
            207,
            208,
            209,
            210
        ],
        "level": 2
    },
    {
        "id": 13,
        "node_name": "T1-C01-L1",
        "parent_id": 2,
        "children_id": [],
        "level": 3
    },
    {
        "id": 14,
        "node_name": "T1-C01-L10",
        "parent_id": 2,
        "children_id": [],
        "level": 3
    },
    {
        "id": 15,
        "node_name": "T1-C01-L11",
        "parent_id": 2,
        "children_id": [],
        "level": 3
    },
    {
        "id": 16,
        "node_name": "T1-C01-L12",
        "parent_id": 2,
        "children_id": [],
        "level": 3
    },
    {
        "id": 17,
        "node_name": "T1-C01-L13",
        "parent_id": 2,
        "children_id": [],
        "level": 3
    },
    {
        "id": 18,
        "node_name": "T1-C01-L14",
        "parent_id": 2,
        "children_id": [],
        "level": 3
    },
    {
        "id": 19,
        "node_name": "T1-C01-L15",
        "parent_id": 2,
        "children_id": [],
        "level": 3
    },
    {
        "id": 20,
        "node_name": "T1-C01-L16",
        "parent_id": 2,
        "children_id": [],
        "level": 3
    },
    {
        "id": 21,
        "node_name": "T1-C01-L17",
        "parent_id": 2,
        "children_id": [],
        "level": 3
    },
    {
        "id": 22,
        "node_name": "T1-C01-L18",
        "parent_id": 2,
        "children_id": [],
        "level": 3
    },
    {
        "id": 23,
        "node_name": "T1-C01-L2",
        "parent_id": 2,
        "children_id": [],
        "level": 3
    },
    {
        "id": 24,
        "node_name": "T1-C01-L3",
        "parent_id": 2,
        "children_id": [],
        "level": 3
    },
    {
        "id": 25,
        "node_name": "T1-C01-L4",
        "parent_id": 2,
        "children_id": [],
        "level": 3
    },
    {
        "id": 26,
        "node_name": "T1-C01-L5",
        "parent_id": 2,
        "children_id": [],
        "level": 3
    },
    {
        "id": 27,
        "node_name": "T1-C01-L6",
        "parent_id": 2,
        "children_id": [],
        "level": 3
    },
    {
        "id": 28,
        "node_name": "T1-C01-L7",
        "parent_id": 2,
        "children_id": [],
        "level": 3
    },
    {
        "id": 29,
        "node_name": "T1-C01-L8",
        "parent_id": 2,
        "children_id": [],
        "level": 3
    },
    {
        "id": 30,
        "node_name": "T1-C01-L9",
        "parent_id": 2,
        "children_id": [],
        "level": 3
    },
    {
        "id": 31,
        "node_name": "T1-C02-L1",
        "parent_id": 3,
        "children_id": [],
        "level": 3
    },
    {
        "id": 32,
        "node_name": "T1-C02-L10",
        "parent_id": 3,
        "children_id": [],
        "level": 3
    },
    {
        "id": 33,
        "node_name": "T1-C02-L11",
        "parent_id": 3,
        "children_id": [],
        "level": 3
    },
    {
        "id": 34,
        "node_name": "T1-C02-L12",
        "parent_id": 3,
        "children_id": [],
        "level": 3
    },
    {
        "id": 35,
        "node_name": "T1-C02-L13",
        "parent_id": 3,
        "children_id": [],
        "level": 3
    },
    {
        "id": 36,
        "node_name": "T1-C02-L14",
        "parent_id": 3,
        "children_id": [],
        "level": 3
    },
    {
        "id": 37,
        "node_name": "T1-C02-L15",
        "parent_id": 3,
        "children_id": [],
        "level": 3
    },
    {
        "id": 38,
        "node_name": "T1-C02-L16",
        "parent_id": 3,
        "children_id": [],
        "level": 3
    },
    {
        "id": 39,
        "node_name": "T1-C02-L17",
        "parent_id": 3,
        "children_id": [],
        "level": 3
    },
    {
        "id": 40,
        "node_name": "T1-C02-L18",
        "parent_id": 3,
        "children_id": [],
        "level": 3
    },
    {
        "id": 41,
        "node_name": "T1-C02-L2",
        "parent_id": 3,
        "children_id": [],
        "level": 3
    },
    {
        "id": 42,
        "node_name": "T1-C02-L3",
        "parent_id": 3,
        "children_id": [],
        "level": 3
    },
    {
        "id": 43,
        "node_name": "T1-C02-L4",
        "parent_id": 3,
        "children_id": [],
        "level": 3
    },
    {
        "id": 44,
        "node_name": "T1-C02-L5",
        "parent_id": 3,
        "children_id": [],
        "level": 3
    },
    {
        "id": 45,
        "node_name": "T1-C02-L6",
        "parent_id": 3,
        "children_id": [],
        "level": 3
    },
    {
        "id": 46,
        "node_name": "T1-C02-L7",
        "parent_id": 3,
        "children_id": [],
        "level": 3
    },
    {
        "id": 47,
        "node_name": "T1-C02-L8",
        "parent_id": 3,
        "children_id": [],
        "level": 3
    },
    {
        "id": 48,
        "node_name": "T1-C02-L9",
        "parent_id": 3,
        "children_id": [],
        "level": 3
    },
    {
        "id": 49,
        "node_name": "T1-C03-L1",
        "parent_id": 4,
        "children_id": [],
        "level": 3
    },
    {
        "id": 50,
        "node_name": "T1-C03-L10",
        "parent_id": 4,
        "children_id": [],
        "level": 3
    },
    {
        "id": 51,
        "node_name": "T1-C03-L11",
        "parent_id": 4,
        "children_id": [],
        "level": 3
    },
    {
        "id": 52,
        "node_name": "T1-C03-L12",
        "parent_id": 4,
        "children_id": [],
        "level": 3
    },
    {
        "id": 53,
        "node_name": "T1-C03-L13",
        "parent_id": 4,
        "children_id": [],
        "level": 3
    },
    {
        "id": 54,
        "node_name": "T1-C03-L14",
        "parent_id": 4,
        "children_id": [],
        "level": 3
    },
    {
        "id": 55,
        "node_name": "T1-C03-L15",
        "parent_id": 4,
        "children_id": [],
        "level": 3
    },
    {
        "id": 56,
        "node_name": "T1-C03-L16",
        "parent_id": 4,
        "children_id": [],
        "level": 3
    },
    {
        "id": 57,
        "node_name": "T1-C03-L17",
        "parent_id": 4,
        "children_id": [],
        "level": 3
    },
    {
        "id": 58,
        "node_name": "T1-C03-L18",
        "parent_id": 4,
        "children_id": [],
        "level": 3
    },
    {
        "id": 59,
        "node_name": "T1-C03-L2",
        "parent_id": 4,
        "children_id": [],
        "level": 3
    },
    {
        "id": 60,
        "node_name": "T1-C03-L3",
        "parent_id": 4,
        "children_id": [],
        "level": 3
    },
    {
        "id": 61,
        "node_name": "T1-C03-L4",
        "parent_id": 4,
        "children_id": [],
        "level": 3
    },
    {
        "id": 62,
        "node_name": "T1-C03-L5",
        "parent_id": 4,
        "children_id": [],
        "level": 3
    },
    {
        "id": 63,
        "node_name": "T1-C03-L6",
        "parent_id": 4,
        "children_id": [],
        "level": 3
    },
    {
        "id": 64,
        "node_name": "T1-C03-L7",
        "parent_id": 4,
        "children_id": [],
        "level": 3
    },
    {
        "id": 65,
        "node_name": "T1-C03-L8",
        "parent_id": 4,
        "children_id": [],
        "level": 3
    },
    {
        "id": 66,
        "node_name": "T1-C03-L9",
        "parent_id": 4,
        "children_id": [],
        "level": 3
    },
    {
        "id": 67,
        "node_name": "T1-C04-L1",
        "parent_id": 5,
        "children_id": [],
        "level": 3
    },
    {
        "id": 68,
        "node_name": "T1-C04-L10",
        "parent_id": 5,
        "children_id": [],
        "level": 3
    },
    {
        "id": 69,
        "node_name": "T1-C04-L11",
        "parent_id": 5,
        "children_id": [],
        "level": 3
    },
    {
        "id": 70,
        "node_name": "T1-C04-L12",
        "parent_id": 5,
        "children_id": [],
        "level": 3
    },
    {
        "id": 71,
        "node_name": "T1-C04-L13",
        "parent_id": 5,
        "children_id": [],
        "level": 3
    },
    {
        "id": 72,
        "node_name": "T1-C04-L14",
        "parent_id": 5,
        "children_id": [],
        "level": 3
    },
    {
        "id": 73,
        "node_name": "T1-C04-L15",
        "parent_id": 5,
        "children_id": [],
        "level": 3
    },
    {
        "id": 74,
        "node_name": "T1-C04-L16",
        "parent_id": 5,
        "children_id": [],
        "level": 3
    },
    {
        "id": 75,
        "node_name": "T1-C04-L17",
        "parent_id": 5,
        "children_id": [],
        "level": 3
    },
    {
        "id": 76,
        "node_name": "T1-C04-L18",
        "parent_id": 5,
        "children_id": [],
        "level": 3
    },
    {
        "id": 77,
        "node_name": "T1-C04-L2",
        "parent_id": 5,
        "children_id": [],
        "level": 3
    },
    {
        "id": 78,
        "node_name": "T1-C04-L3",
        "parent_id": 5,
        "children_id": [],
        "level": 3
    },
    {
        "id": 79,
        "node_name": "T1-C04-L4",
        "parent_id": 5,
        "children_id": [],
        "level": 3
    },
    {
        "id": 80,
        "node_name": "T1-C04-L5",
        "parent_id": 5,
        "children_id": [],
        "level": 3
    },
    {
        "id": 81,
        "node_name": "T1-C04-L6",
        "parent_id": 5,
        "children_id": [],
        "level": 3
    },
    {
        "id": 82,
        "node_name": "T1-C04-L7",
        "parent_id": 5,
        "children_id": [],
        "level": 3
    },
    {
        "id": 83,
        "node_name": "T1-C04-L8",
        "parent_id": 5,
        "children_id": [],
        "level": 3
    },
    {
        "id": 84,
        "node_name": "T1-C04-L9",
        "parent_id": 5,
        "children_id": [],
        "level": 3
    },
    {
        "id": 85,
        "node_name": "T1-C05-L1",
        "parent_id": 6,
        "children_id": [],
        "level": 3
    },
    {
        "id": 86,
        "node_name": "T1-C05-L10",
        "parent_id": 6,
        "children_id": [],
        "level": 3
    },
    {
        "id": 87,
        "node_name": "T1-C05-L11",
        "parent_id": 6,
        "children_id": [],
        "level": 3
    },
    {
        "id": 88,
        "node_name": "T1-C05-L12",
        "parent_id": 6,
        "children_id": [],
        "level": 3
    },
    {
        "id": 89,
        "node_name": "T1-C05-L13",
        "parent_id": 6,
        "children_id": [],
        "level": 3
    },
    {
        "id": 90,
        "node_name": "T1-C05-L14",
        "parent_id": 6,
        "children_id": [],
        "level": 3
    },
    {
        "id": 91,
        "node_name": "T1-C05-L15",
        "parent_id": 6,
        "children_id": [],
        "level": 3
    },
    {
        "id": 92,
        "node_name": "T1-C05-L16",
        "parent_id": 6,
        "children_id": [],
        "level": 3
    },
    {
        "id": 93,
        "node_name": "T1-C05-L17",
        "parent_id": 6,
        "children_id": [],
        "level": 3
    },
    {
        "id": 94,
        "node_name": "T1-C05-L18",
        "parent_id": 6,
        "children_id": [],
        "level": 3
    },
    {
        "id": 95,
        "node_name": "T1-C05-L2",
        "parent_id": 6,
        "children_id": [],
        "level": 3
    },
    {
        "id": 96,
        "node_name": "T1-C05-L3",
        "parent_id": 6,
        "children_id": [],
        "level": 3
    },
    {
        "id": 97,
        "node_name": "T1-C05-L4",
        "parent_id": 6,
        "children_id": [],
        "level": 3
    },
    {
        "id": 98,
        "node_name": "T1-C05-L5",
        "parent_id": 6,
        "children_id": [],
        "level": 3
    },
    {
        "id": 99,
        "node_name": "T1-C05-L6",
        "parent_id": 6,
        "children_id": [],
        "level": 3
    },
    {
        "id": 100,
        "node_name": "T1-C05-L7",
        "parent_id": 6,
        "children_id": [],
        "level": 3
    },
    {
        "id": 101,
        "node_name": "T1-C05-L8",
        "parent_id": 6,
        "children_id": [],
        "level": 3
    },
    {
        "id": 102,
        "node_name": "T1-C05-L9",
        "parent_id": 6,
        "children_id": [],
        "level": 3
    },
    {
        "id": 103,
        "node_name": "T1-C06-L1",
        "parent_id": 7,
        "children_id": [],
        "level": 3
    },
    {
        "id": 104,
        "node_name": "T1-C06-L10",
        "parent_id": 7,
        "children_id": [],
        "level": 3
    },
    {
        "id": 105,
        "node_name": "T1-C06-L11",
        "parent_id": 7,
        "children_id": [],
        "level": 3
    },
    {
        "id": 106,
        "node_name": "T1-C06-L12",
        "parent_id": 7,
        "children_id": [],
        "level": 3
    },
    {
        "id": 107,
        "node_name": "T1-C06-L13",
        "parent_id": 7,
        "children_id": [],
        "level": 3
    },
    {
        "id": 108,
        "node_name": "T1-C06-L14",
        "parent_id": 7,
        "children_id": [],
        "level": 3
    },
    {
        "id": 109,
        "node_name": "T1-C06-L15",
        "parent_id": 7,
        "children_id": [],
        "level": 3
    },
    {
        "id": 110,
        "node_name": "T1-C06-L16",
        "parent_id": 7,
        "children_id": [],
        "level": 3
    },
    {
        "id": 111,
        "node_name": "T1-C06-L17",
        "parent_id": 7,
        "children_id": [],
        "level": 3
    },
    {
        "id": 112,
        "node_name": "T1-C06-L18",
        "parent_id": 7,
        "children_id": [],
        "level": 3
    },
    {
        "id": 113,
        "node_name": "T1-C06-L2",
        "parent_id": 7,
        "children_id": [],
        "level": 3
    },
    {
        "id": 114,
        "node_name": "T1-C06-L3",
        "parent_id": 7,
        "children_id": [],
        "level": 3
    },
    {
        "id": 115,
        "node_name": "T1-C06-L4",
        "parent_id": 7,
        "children_id": [],
        "level": 3
    },
    {
        "id": 116,
        "node_name": "T1-C06-L5",
        "parent_id": 7,
        "children_id": [],
        "level": 3
    },
    {
        "id": 117,
        "node_name": "T1-C06-L6",
        "parent_id": 7,
        "children_id": [],
        "level": 3
    },
    {
        "id": 118,
        "node_name": "T1-C06-L7",
        "parent_id": 7,
        "children_id": [],
        "level": 3
    },
    {
        "id": 119,
        "node_name": "T1-C06-L8",
        "parent_id": 7,
        "children_id": [],
        "level": 3
    },
    {
        "id": 120,
        "node_name": "T1-C06-L9",
        "parent_id": 7,
        "children_id": [],
        "level": 3
    },
    {
        "id": 121,
        "node_name": "T1-C07-L1",
        "parent_id": 8,
        "children_id": [],
        "level": 3
    },
    {
        "id": 122,
        "node_name": "T1-C07-L10",
        "parent_id": 8,
        "children_id": [],
        "level": 3
    },
    {
        "id": 123,
        "node_name": "T1-C07-L11",
        "parent_id": 8,
        "children_id": [],
        "level": 3
    },
    {
        "id": 124,
        "node_name": "T1-C07-L12",
        "parent_id": 8,
        "children_id": [],
        "level": 3
    },
    {
        "id": 125,
        "node_name": "T1-C07-L13",
        "parent_id": 8,
        "children_id": [],
        "level": 3
    },
    {
        "id": 126,
        "node_name": "T1-C07-L14",
        "parent_id": 8,
        "children_id": [],
        "level": 3
    },
    {
        "id": 127,
        "node_name": "T1-C07-L15",
        "parent_id": 8,
        "children_id": [],
        "level": 3
    },
    {
        "id": 128,
        "node_name": "T1-C07-L16",
        "parent_id": 8,
        "children_id": [],
        "level": 3
    },
    {
        "id": 129,
        "node_name": "T1-C07-L17",
        "parent_id": 8,
        "children_id": [],
        "level": 3
    },
    {
        "id": 130,
        "node_name": "T1-C07-L18",
        "parent_id": 8,
        "children_id": [],
        "level": 3
    },
    {
        "id": 131,
        "node_name": "T1-C07-L2",
        "parent_id": 8,
        "children_id": [],
        "level": 3
    },
    {
        "id": 132,
        "node_name": "T1-C07-L3",
        "parent_id": 8,
        "children_id": [],
        "level": 3
    },
    {
        "id": 133,
        "node_name": "T1-C07-L4",
        "parent_id": 8,
        "children_id": [],
        "level": 3
    },
    {
        "id": 134,
        "node_name": "T1-C07-L5",
        "parent_id": 8,
        "children_id": [],
        "level": 3
    },
    {
        "id": 135,
        "node_name": "T1-C07-L6",
        "parent_id": 8,
        "children_id": [],
        "level": 3
    },
    {
        "id": 136,
        "node_name": "T1-C07-L7",
        "parent_id": 8,
        "children_id": [],
        "level": 3
    },
    {
        "id": 137,
        "node_name": "T1-C07-L8",
        "parent_id": 8,
        "children_id": [],
        "level": 3
    },
    {
        "id": 138,
        "node_name": "T1-C07-L9",
        "parent_id": 8,
        "children_id": [],
        "level": 3
    },
    {
        "id": 139,
        "node_name": "T1-C08-L1",
        "parent_id": 9,
        "children_id": [],
        "level": 3
    },
    {
        "id": 140,
        "node_name": "T1-C08-L10",
        "parent_id": 9,
        "children_id": [],
        "level": 3
    },
    {
        "id": 141,
        "node_name": "T1-C08-L11",
        "parent_id": 9,
        "children_id": [],
        "level": 3
    },
    {
        "id": 142,
        "node_name": "T1-C08-L12",
        "parent_id": 9,
        "children_id": [],
        "level": 3
    },
    {
        "id": 143,
        "node_name": "T1-C08-L13",
        "parent_id": 9,
        "children_id": [],
        "level": 3
    },
    {
        "id": 144,
        "node_name": "T1-C08-L14",
        "parent_id": 9,
        "children_id": [],
        "level": 3
    },
    {
        "id": 145,
        "node_name": "T1-C08-L15",
        "parent_id": 9,
        "children_id": [],
        "level": 3
    },
    {
        "id": 146,
        "node_name": "T1-C08-L16",
        "parent_id": 9,
        "children_id": [],
        "level": 3
    },
    {
        "id": 147,
        "node_name": "T1-C08-L17",
        "parent_id": 9,
        "children_id": [],
        "level": 3
    },
    {
        "id": 148,
        "node_name": "T1-C08-L18",
        "parent_id": 9,
        "children_id": [],
        "level": 3
    },
    {
        "id": 149,
        "node_name": "T1-C08-L2",
        "parent_id": 9,
        "children_id": [],
        "level": 3
    },
    {
        "id": 150,
        "node_name": "T1-C08-L3",
        "parent_id": 9,
        "children_id": [],
        "level": 3
    },
    {
        "id": 151,
        "node_name": "T1-C08-L4",
        "parent_id": 9,
        "children_id": [],
        "level": 3
    },
    {
        "id": 152,
        "node_name": "T1-C08-L5",
        "parent_id": 9,
        "children_id": [],
        "level": 3
    },
    {
        "id": 153,
        "node_name": "T1-C08-L6",
        "parent_id": 9,
        "children_id": [],
        "level": 3
    },
    {
        "id": 154,
        "node_name": "T1-C08-L7",
        "parent_id": 9,
        "children_id": [],
        "level": 3
    },
    {
        "id": 155,
        "node_name": "T1-C08-L8",
        "parent_id": 9,
        "children_id": [],
        "level": 3
    },
    {
        "id": 156,
        "node_name": "T1-C08-L9",
        "parent_id": 9,
        "children_id": [],
        "level": 3
    },
    {
        "id": 157,
        "node_name": "T1-C09-L1",
        "parent_id": 10,
        "children_id": [],
        "level": 3
    },
    {
        "id": 158,
        "node_name": "T1-C09-L10",
        "parent_id": 10,
        "children_id": [],
        "level": 3
    },
    {
        "id": 159,
        "node_name": "T1-C09-L11",
        "parent_id": 10,
        "children_id": [],
        "level": 3
    },
    {
        "id": 160,
        "node_name": "T1-C09-L12",
        "parent_id": 10,
        "children_id": [],
        "level": 3
    },
    {
        "id": 161,
        "node_name": "T1-C09-L13",
        "parent_id": 10,
        "children_id": [],
        "level": 3
    },
    {
        "id": 162,
        "node_name": "T1-C09-L14",
        "parent_id": 10,
        "children_id": [],
        "level": 3
    },
    {
        "id": 163,
        "node_name": "T1-C09-L15",
        "parent_id": 10,
        "children_id": [],
        "level": 3
    },
    {
        "id": 164,
        "node_name": "T1-C09-L16",
        "parent_id": 10,
        "children_id": [],
        "level": 3
    },
    {
        "id": 165,
        "node_name": "T1-C09-L17",
        "parent_id": 10,
        "children_id": [],
        "level": 3
    },
    {
        "id": 166,
        "node_name": "T1-C09-L18",
        "parent_id": 10,
        "children_id": [],
        "level": 3
    },
    {
        "id": 167,
        "node_name": "T1-C09-L2",
        "parent_id": 10,
        "children_id": [],
        "level": 3
    },
    {
        "id": 168,
        "node_name": "T1-C09-L3",
        "parent_id": 10,
        "children_id": [],
        "level": 3
    },
    {
        "id": 169,
        "node_name": "T1-C09-L4",
        "parent_id": 10,
        "children_id": [],
        "level": 3
    },
    {
        "id": 170,
        "node_name": "T1-C09-L5",
        "parent_id": 10,
        "children_id": [],
        "level": 3
    },
    {
        "id": 171,
        "node_name": "T1-C09-L6",
        "parent_id": 10,
        "children_id": [],
        "level": 3
    },
    {
        "id": 172,
        "node_name": "T1-C09-L7",
        "parent_id": 10,
        "children_id": [],
        "level": 3
    },
    {
        "id": 173,
        "node_name": "T1-C09-L8",
        "parent_id": 10,
        "children_id": [],
        "level": 3
    },
    {
        "id": 174,
        "node_name": "T1-C09-L9",
        "parent_id": 10,
        "children_id": [],
        "level": 3
    },
    {
        "id": 175,
        "node_name": "T1-C10-L1",
        "parent_id": 11,
        "children_id": [],
        "level": 3
    },
    {
        "id": 176,
        "node_name": "T1-C10-L10",
        "parent_id": 11,
        "children_id": [],
        "level": 3
    },
    {
        "id": 177,
        "node_name": "T1-C10-L11",
        "parent_id": 11,
        "children_id": [],
        "level": 3
    },
    {
        "id": 178,
        "node_name": "T1-C10-L12",
        "parent_id": 11,
        "children_id": [],
        "level": 3
    },
    {
        "id": 179,
        "node_name": "T1-C10-L13",
        "parent_id": 11,
        "children_id": [],
        "level": 3
    },
    {
        "id": 180,
        "node_name": "T1-C10-L14",
        "parent_id": 11,
        "children_id": [],
        "level": 3
    },
    {
        "id": 181,
        "node_name": "T1-C10-L15",
        "parent_id": 11,
        "children_id": [],
        "level": 3
    },
    {
        "id": 182,
        "node_name": "T1-C10-L16",
        "parent_id": 11,
        "children_id": [],
        "level": 3
    },
    {
        "id": 183,
        "node_name": "T1-C10-L17",
        "parent_id": 11,
        "children_id": [],
        "level": 3
    },
    {
        "id": 184,
        "node_name": "T1-C10-L18",
        "parent_id": 11,
        "children_id": [],
        "level": 3
    },
    {
        "id": 185,
        "node_name": "T1-C10-L2",
        "parent_id": 11,
        "children_id": [],
        "level": 3
    },
    {
        "id": 186,
        "node_name": "T1-C10-L3",
        "parent_id": 11,
        "children_id": [],
        "level": 3
    },
    {
        "id": 187,
        "node_name": "T1-C10-L4",
        "parent_id": 11,
        "children_id": [],
        "level": 3
    },
    {
        "id": 188,
        "node_name": "T1-C10-L5",
        "parent_id": 11,
        "children_id": [],
        "level": 3
    },
    {
        "id": 189,
        "node_name": "T1-C10-L6",
        "parent_id": 11,
        "children_id": [],
        "level": 3
    },
    {
        "id": 190,
        "node_name": "T1-C10-L7",
        "parent_id": 11,
        "children_id": [],
        "level": 3
    },
    {
        "id": 191,
        "node_name": "T1-C10-L8",
        "parent_id": 11,
        "children_id": [],
        "level": 3
    },
    {
        "id": 192,
        "node_name": "T1-C10-L9",
        "parent_id": 11,
        "children_id": [],
        "level": 3
    },
    {
        "id": 193,
        "node_name": "T1-C11-L1",
        "parent_id": 12,
        "children_id": [],
        "level": 3
    },
    {
        "id": 194,
        "node_name": "T1-C11-L10",
        "parent_id": 12,
        "children_id": [],
        "level": 3
    },
    {
        "id": 195,
        "node_name": "T1-C11-L11",
        "parent_id": 12,
        "children_id": [],
        "level": 3
    },
    {
        "id": 196,
        "node_name": "T1-C11-L12",
        "parent_id": 12,
        "children_id": [],
        "level": 3
    },
    {
        "id": 197,
        "node_name": "T1-C11-L13",
        "parent_id": 12,
        "children_id": [],
        "level": 3
    },
    {
        "id": 198,
        "node_name": "T1-C11-L14",
        "parent_id": 12,
        "children_id": [],
        "level": 3
    },
    {
        "id": 199,
        "node_name": "T1-C11-L15",
        "parent_id": 12,
        "children_id": [],
        "level": 3
    },
    {
        "id": 200,
        "node_name": "T1-C11-L16",
        "parent_id": 12,
        "children_id": [],
        "level": 3
    },
    {
        "id": 201,
        "node_name": "T1-C11-L17",
        "parent_id": 12,
        "children_id": [],
        "level": 3
    },
    {
        "id": 202,
        "node_name": "T1-C11-L18",
        "parent_id": 12,
        "children_id": [],
        "level": 3
    },
    {
        "id": 203,
        "node_name": "T1-C11-L2",
        "parent_id": 12,
        "children_id": [],
        "level": 3
    },
    {
        "id": 204,
        "node_name": "T1-C11-L3",
        "parent_id": 12,
        "children_id": [],
        "level": 3
    },
    {
        "id": 205,
        "node_name": "T1-C11-L4",
        "parent_id": 12,
        "children_id": [],
        "level": 3
    },
    {
        "id": 206,
        "node_name": "T1-C11-L5",
        "parent_id": 12,
        "children_id": [],
        "level": 3
    },
    {
        "id": 207,
        "node_name": "T1-C11-L6",
        "parent_id": 12,
        "children_id": [],
        "level": 3
    },
    {
        "id": 208,
        "node_name": "T1-C11-L7",
        "parent_id": 12,
        "children_id": [],
        "level": 3
    },
    {
        "id": 209,
        "node_name": "T1-C11-L8",
        "parent_id": 12,
        "children_id": [],
        "level": 3
    },
    {
        "id": 210,
        "node_name": "T1-C11-L9",
        "parent_id": 12,
        "children_id": [],
        "level": 3
    }
]