{
    "data": [
        {
            "Time": "2022-11-27",
            "value": 44.6475761970825
        },
        {
            "Time": "2022-11-28",
            "value": 163.85840070869367
        },
        {
            "Time": "2022-11-29",
            "value": 141.91773985301887
        },
        {
            "Time": "2022-11-30",
            "value": 67.61713043764617
        },
        {
            "Time": "2022-12-01",
            "value": 63.570799630515666
        },
        {
            "Time": "2022-12-02",
            "value": 64.03759763200539
        },
        {
            "Time": "2022-12-03",
            "value": 97.9942647352983
        },
        {
            "Time": "2022-12-04",
            "value": 75.37113539458043
        },
        {
            "Time": "2022-12-05",
            "value": 75.13432623681811
        },
        {
            "Time": "2022-12-06",
            "value": 100.15967468590794
        },
        {
            "Time": "2022-12-07",
            "value": 32.30611542750829
        },
        {
            "Time": "2022-12-08",
            "value": 192.8015284896879
        },
        {
            "Time": "2022-12-09",
            "value": 163.93855435709673
        },
        {
            "Time": "2022-12-10",
            "value": 345.23323381924183
        },
        {
            "Time": "2022-12-11",
            "value": 84.17513249277799
        },
        {
            "Time": "2022-12-12",
            "value": 223.70553711450714
        },
        {
            "Time": "2022-12-13",
            "value": 278.68187438974417
        },
        {
            "Time": "2022-12-14",
            "value": 148.90886842695775
        },
        {
            "Time": "2022-12-15",
            "value": 105.23182660973042
        },
        {
            "Time": "2022-12-16",
            "value": 67.0459186873582
        },
        {
            "Time": "2022-12-17",
            "value": 93.48432426459746
        },
        {
            "Time": "2022-12-18",
            "value": 423.184169659198
        },
        {
            "Time": "2022-12-19",
            "value": 387.95699446835533
        },
        {
            "Time": "2022-12-20",
            "value": 246.93034909175105
        },
        {
            "Time": "2022-12-21",
            "value": 379.08788039292097
        },
        {
            "Time": "2022-12-22",
            "value": 385.54593398127713
        },
        {
            "Time": "2022-12-23",
            "value": 405.8560888259889
        },
        {
            "Time": "2022-12-24",
            "value": 408.3379648717364
        },
        {
            "Time": "2022-12-25",
            "value": 410.07379703084473
        },
        {
            "Time": "2022-12-26",
            "value": 340.85448096007434
        },
        {
            "Time": "2022-12-27",
            "value": 188.0040299017724
        },
        {
            "Time": "2022-12-28",
            "value": 104.47795765019981
        },
        {
            "Time": "2022-12-29",
            "value": 64.2874857223856
        },
        {
            "Time": "2022-12-30",
            "value": 101.1510171500911
        },
        {
            "Time": "2022-12-31",
            "value": 263.80254277516855
        },
        {
            "Time": "2023-01-01",
            "value": 164.5293971475008
        },
        {
            "Time": "2023-01-02",
            "value": 83.7417146564263
        },
        {
            "Time": "2023-01-03",
            "value": 95.00951759247319
        },
        {
            "Time": "2023-01-04",
            "value": 99.23161955682835
        },
        {
            "Time": "2023-01-05",
            "value": 126.53961728347605
        },
        {
            "Time": "2023-01-06",
            "value": 392.76256801414615
        },
        {
            "Time": "2023-01-07",
            "value": 401.71156933085786
        },
        {
            "Time": "2023-01-08",
            "value": 404.51000070177207
        },
        {
            "Time": "2023-01-09",
            "value": 111.14429119448747
        },
        {
            "Time": "2023-01-10",
            "value": 119.76262942650735
        },
        {
            "Time": "2023-01-11",
            "value": 162.0381854871594
        },
        {
            "Time": "2023-01-12",
            "value": 280.38309271740565
        },
        {
            "Time": "2023-01-13",
            "value": 74.38942506992356
        },
        {
            "Time": "2023-01-14",
            "value": 283.599277212259
        },
        {
            "Time": "2023-01-15",
            "value": 88.1412712394625
        },
        {
            "Time": "2023-01-16",
            "value": 381.77302482159314
        },
        {
            "Time": "2023-01-17",
            "value": 108.85289947471865
        },
        {
            "Time": "2023-01-18",
            "value": 425.48206045633384
        },
        {
            "Time": "2023-01-19",
            "value": 367.0059631950568
        },
        {
            "Time": "2023-01-20",
            "value": 180.6155555217244
        },
        {
            "Time": "2023-01-21",
            "value": 62.68143467505455
        },
        {
            "Time": "2023-01-22",
            "value": 342.32817953248787
        },
        {
            "Time": "2023-01-23",
            "value": 58.58236258652707
        },
        {
            "Time": "2023-01-24",
            "value": 318.60556589339603
        },
        {
            "Time": "2023-01-25",
            "value": 479.7456910130752
        },
        {
            "Time": "2023-01-26",
            "value": 263.38563568170275
        },
        {
            "Time": "2023-01-27",
            "value": 453.1922997314351
        },
        {
            "Time": "2023-01-28",
            "value": 494.3324300864099
        },
        {
            "Time": "2023-01-29",
            "value": 490.1015131426332
        },
        {
            "Time": "2023-01-30",
            "value": 498.1963601003673
        },
        {
            "Time": "2023-01-31",
            "value": 493.1864389305964
        },
        {
            "Time": "2023-02-01",
            "value": 112.39173293053139
        },
        {
            "Time": "2023-02-02",
            "value": 231.7094085695652
        },
        {
            "Time": "2023-02-03",
            "value": 126.89895858115756
        },
        {
            "Time": "2023-02-04",
            "value": 44.037186354775635
        },
        {
            "Time": "2023-02-05",
            "value": 89.5030150101346
        },
        {
            "Time": "2023-02-06",
            "value": 329.23389292116826
        },
        {
            "Time": "2023-02-07",
            "value": 84.66384043229047
        },
        {
            "Time": "2023-02-08",
            "value": 50.07967927682165
        },
        {
            "Time": "2023-02-09",
            "value": 109.00375241947928
        },
        {
            "Time": "2023-02-10",
            "value": 60.81869492531956
        },
        {
            "Time": "2023-02-11",
            "value": 181.04310289848362
        },
        {
            "Time": "2023-02-12",
            "value": 249.41812165301758
        },
        {
            "Time": "2023-02-13",
            "value": 92.95057304569319
        },
        {
            "Time": "2023-02-14",
            "value": 230.5187892573927
        },
        {
            "Time": "2023-02-15",
            "value": 526.3012002838011
        },
        {
            "Time": "2023-02-16",
            "value": 598.5953287944078
        },
        {
            "Time": "2023-02-17",
            "value": 443.1468817864969
        },
        {
            "Time": "2023-02-18",
            "value": 517.7487735325113
        },
        {
            "Time": "2023-02-19",
            "value": 185.8793564165416
        },
        {
            "Time": "2023-02-20",
            "value": 343.92570781947904
        },
        {
            "Time": "2023-02-21",
            "value": 607.5716108426341
        },
        {
            "Time": "2023-02-22",
            "value": 519.9563455687448
        },
        {
            "Time": "2023-02-23",
            "value": 499.2919294818605
        },
        {
            "Time": "2023-02-24",
            "value": 244.3543611118648
        },
        {
            "Time": "2023-02-25",
            "value": 590.3588773258856
        },
        {
            "Time": "2023-02-26",
            "value": 643.3906810892593
        },
        {
            "Time": "2023-02-27",
            "value": 553.4742830712008
        },
        {
            "Time": "2023-02-28",
            "value": 326.1297970308402
        },
        {
            "Time": "2023-03-01",
            "value": 332.409145581695
        },
        {
            "Time": "2023-03-02",
            "value": 443.43975049001835
        },
        {
            "Time": "2023-03-03",
            "value": 586.6841214067111
        },
        {
            "Time": "2023-03-04",
            "value": 641.810642282226
        },
        {
            "Time": "2023-03-05",
            "value": 631.0883638707571
        },
        {
            "Time": "2023-03-06",
            "value": 652.9648461860099
        },
        {
            "Time": "2023-03-07",
            "value": 649.2656290604302
        },
        {
            "Time": "2023-03-08",
            "value": 603.07138139158
        },
        {
            "Time": "2023-03-09",
            "value": 463.2683795419534
        },
        {
            "Time": "2023-03-10",
            "value": 669.323847157346
        },
        {
            "Time": "2023-03-11",
            "value": 588.8874980795747
        },
        {
            "Time": "2023-03-12",
            "value": 146.74742379541263
        },
        {
            "Time": "2023-03-13",
            "value": 562.442265079161
        },
        {
            "Time": "2023-03-14",
            "value": 709.7497903733399
        },
        {
            "Time": "2023-03-15",
            "value": 591.4238139397462
        },
        {
            "Time": "2023-03-16",
            "value": 611.4689118876985
        },
        {
            "Time": "2023-03-17",
            "value": 366.27572970583753
        },
        {
            "Time": "2023-03-18",
            "value": 105.16716869834974
        },
        {
            "Time": "2023-03-19",
            "value": 42.500094779021616
        },
        {
            "Time": "2023-03-20",
            "value": 491.260955983623
        },
        {
            "Time": "2023-03-21",
            "value": 278.9974747532235
        },
        {
            "Time": "2023-03-22",
            "value": 467.43519280006444
        },
        {
            "Time": "2023-03-23",
            "value": 47.91047086916905
        },
        {
            "Time": "2023-03-24",
            "value": 57.66862950893509
        },
        {
            "Time": "2023-03-25",
            "value": 75.1899169874756
        },
        {
            "Time": "2023-03-26",
            "value": 284.1190136667225
        },
        {
            "Time": "2023-03-27",
            "value": 0.0
        }
    ]
}