{
    "data": [
        {
            "Time": "2022-11-27",
            "value": 0.17771954205119875
        },
        {
            "Time": "2022-11-28",
            "value": 0.45649546036976535
        },
        {
            "Time": "2022-11-29",
            "value": 0.5073166066684264
        },
        {
            "Time": "2022-11-30",
            "value": 0.21285693582746587
        },
        {
            "Time": "2022-12-01",
            "value": 0.2526258384024899
        },
        {
            "Time": "2022-12-02",
            "value": 0.29648400804017094
        },
        {
            "Time": "2022-12-03",
            "value": 0.4737596691381976
        },
        {
            "Time": "2022-12-04",
            "value": 0.3376171400055381
        },
        {
            "Time": "2022-12-05",
            "value": 0.30689475557197826
        },
        {
            "Time": "2022-12-06",
            "value": 0.4619270795476123
        },
        {
            "Time": "2022-12-07",
            "value": 0.12595409117014483
        },
        {
            "Time": "2022-12-08",
            "value": 0.5437054371957589
        },
        {
            "Time": "2022-12-09",
            "value": 0.5151970065439665
        },
        {
            "Time": "2022-12-10",
            "value": 1.4037923656130062
        },
        {
            "Time": "2022-12-11",
            "value": 0.2724062492295602
        },
        {
            "Time": "2022-12-12",
            "value": 0.45953604317335306
        },
        {
            "Time": "2022-12-13",
            "value": 0.8587334674640648
        },
        {
            "Time": "2022-12-14",
            "value": 0.46119842346370366
        },
        {
            "Time": "2022-12-15",
            "value": 0.34199246783989007
        },
        {
            "Time": "2022-12-16",
            "value": 0.21776932936997687
        },
        {
            "Time": "2022-12-17",
            "value": 0.28349657348132895
        },
        {
            "Time": "2022-12-18",
            "value": 1.440796628826452
        },
        {
            "Time": "2022-12-19",
            "value": 1.412796279036809
        },
        {
            "Time": "2022-12-20",
            "value": 0.7418340076283754
        },
        {
            "Time": "2022-12-21",
            "value": 1.4888057843765141
        },
        {
            "Time": "2022-12-22",
            "value": 1.5535315782321915
        },
        {
            "Time": "2022-12-23",
            "value": 1.4561451530989804
        },
        {
            "Time": "2022-12-24",
            "value": 1.4388133977815938
        },
        {
            "Time": "2022-12-25",
            "value": 1.46452915574306
        },
        {
            "Time": "2022-12-26",
            "value": 0.3167179256643651
        },
        {
            "Time": "2022-12-27",
            "value": 0.4858498667460317
        },
        {
            "Time": "2022-12-28",
            "value": 0.3422916623456019
        },
        {
            "Time": "2022-12-29",
            "value": 0.21538043281922523
        },
        {
            "Time": "2022-12-30",
            "value": 0.3267592598115741
        },
        {
            "Time": "2022-12-31",
            "value": 0.5890762776083031
        },
        {
            "Time": "2023-01-01",
            "value": 0.5043631295746285
        },
        {
            "Time": "2023-01-02",
            "value": 0.2785879623959491
        },
        {
            "Time": "2023-01-03",
            "value": 0.3117840608298611
        },
        {
            "Time": "2023-01-04",
            "value": 0.3191480586230591
        },
        {
            "Time": "2023-01-05",
            "value": 0.40372551253561695
        },
        {
            "Time": "2023-01-06",
            "value": 1.5585146834656127
        },
        {
            "Time": "2023-01-07",
            "value": 1.7015064936046544
        },
        {
            "Time": "2023-01-08",
            "value": 1.5890225285936095
        },
        {
            "Time": "2023-01-09",
            "value": 0.35458828934691466
        },
        {
            "Time": "2023-01-10",
            "value": 0.3835453023340675
        },
        {
            "Time": "2023-01-11",
            "value": 0.5117215866619478
        },
        {
            "Time": "2023-01-12",
            "value": 0.5211770275223613
        },
        {
            "Time": "2023-01-13",
            "value": 0.26420831387186283
        },
        {
            "Time": "2023-01-14",
            "value": 0.757958109020125
        },
        {
            "Time": "2023-01-15",
            "value": 0.2746596958353562
        },
        {
            "Time": "2023-01-16",
            "value": 0.42165393478523144
        },
        {
            "Time": "2023-01-17",
            "value": 0.3444930581459097
        },
        {
            "Time": "2023-01-18",
            "value": 1.7466146911205909
        },
        {
            "Time": "2023-01-19",
            "value": 1.417615844620728
        },
        {
            "Time": "2023-01-20",
            "value": 0.5111804955280357
        },
        {
            "Time": "2023-01-21",
            "value": 0.21811226869616435
        },
        {
            "Time": "2023-01-22",
            "value": 0.9157392797917107
        },
        {
            "Time": "2023-01-23",
            "value": 0.1851666657878588
        },
        {
            "Time": "2023-01-24",
            "value": 0.49049216168748705
        },
        {
            "Time": "2023-01-25",
            "value": 1.778604727168346
        },
        {
            "Time": "2023-01-26",
            "value": 0.9092810688494588
        },
        {
            "Time": "2023-01-27",
            "value": 1.6684536624106496
        },
        {
            "Time": "2023-01-28",
            "value": 1.886019611339683
        },
        {
            "Time": "2023-01-29",
            "value": 1.8215002532015947
        },
        {
            "Time": "2023-01-30",
            "value": 1.8824047587109922
        },
        {
            "Time": "2023-01-31",
            "value": 1.8203048193510056
        },
        {
            "Time": "2023-02-01",
            "value": 0.36678726517506366
        },
        {
            "Time": "2023-02-02",
            "value": 0.548823607153912
        },
        {
            "Time": "2023-02-03",
            "value": 0.4079248022071086
        },
        {
            "Time": "2023-02-04",
            "value": 0.14645717416804396
        },
        {
            "Time": "2023-02-05",
            "value": 0.289804977533125
        },
        {
            "Time": "2023-02-06",
            "value": 0.8270686540548561
        },
        {
            "Time": "2023-02-07",
            "value": 0.2647263583133613
        },
        {
            "Time": "2023-02-08",
            "value": 0.17868443659149252
        },
        {
            "Time": "2023-02-09",
            "value": 0.3477666532257318
        },
        {
            "Time": "2023-02-10",
            "value": 0.2080240731454861
        },
        {
            "Time": "2023-02-11",
            "value": 0.5233240023250125
        },
        {
            "Time": "2023-02-12",
            "value": 0.6809887888349999
        },
        {
            "Time": "2023-02-13",
            "value": 0.3066494686731025
        },
        {
            "Time": "2023-02-14",
            "value": 0.6485773107091087
        },
        {
            "Time": "2023-02-15",
            "value": 1.59953565734717
        },
        {
            "Time": "2023-02-16",
            "value": 1.995142991723141
        },
        {
            "Time": "2023-02-17",
            "value": 1.4934527539774498
        },
        {
            "Time": "2023-02-18",
            "value": 1.8403980702790812
        },
        {
            "Time": "2023-02-19",
            "value": 0.5813432543685251
        },
        {
            "Time": "2023-02-20",
            "value": 0.9961127197500204
        },
        {
            "Time": "2023-02-21",
            "value": 2.038663769664005
        },
        {
            "Time": "2023-02-22",
            "value": 1.7153381537474834
        },
        {
            "Time": "2023-02-23",
            "value": 1.6583084654051132
        },
        {
            "Time": "2023-02-24",
            "value": 0.7666981307330306
        },
        {
            "Time": "2023-02-25",
            "value": 1.7710894153742145
        },
        {
            "Time": "2023-02-26",
            "value": 2.155642916830916
        },
        {
            "Time": "2023-02-27",
            "value": 1.866745362342105
        },
        {
            "Time": "2023-02-28",
            "value": 1.0491219220590953
        },
        {
            "Time": "2023-03-01",
            "value": 0.9466743151433664
        },
        {
            "Time": "2023-03-02",
            "value": 1.3251806507200439
        },
        {
            "Time": "2023-03-03",
            "value": 1.807988102583289
        },
        {
            "Time": "2023-03-04",
            "value": 2.055524552510302
        },
        {
            "Time": "2023-03-05",
            "value": 2.0393429746986103
        },
        {
            "Time": "2023-03-06",
            "value": 2.311311911584725
        },
        {
            "Time": "2023-03-07",
            "value": 2.2684154727682224
        },
        {
            "Time": "2023-03-08",
            "value": 1.9276923850659342
        },
        {
            "Time": "2023-03-09",
            "value": 1.6839730297752713
        },
        {
            "Time": "2023-03-10",
            "value": 2.24565924736435
        },
        {
            "Time": "2023-03-11",
            "value": 1.9129833550400954
        },
        {
            "Time": "2023-03-12",
            "value": 0.48584621013674373
        },
        {
            "Time": "2023-03-13",
            "value": 1.6665990465692222
        },
        {
            "Time": "2023-03-14",
            "value": 2.5508367381551063
        },
        {
            "Time": "2023-03-15",
            "value": 1.9120958435466378
        },
        {
            "Time": "2023-03-16",
            "value": 2.1386339437838844
        },
        {
            "Time": "2023-03-17",
            "value": 1.2633998548657563
        },
        {
            "Time": "2023-03-18",
            "value": 0.3485386628190891
        },
        {
            "Time": "2023-03-19",
            "value": 0.1358506942551736
        },
        {
            "Time": "2023-03-20",
            "value": 1.6841043309360786
        },
        {
            "Time": "2023-03-21",
            "value": 0.9647078944037912
        },
        {
            "Time": "2023-03-22",
            "value": 1.6386030782664733
        },
        {
            "Time": "2023-03-23",
            "value": 0.16878298349313656
        },
        {
            "Time": "2023-03-24",
            "value": 0.1731742951339691
        },
        {
            "Time": "2023-03-25",
            "value": 0.22187615593724538
        },
        {
            "Time": "2023-03-26",
            "value": 0.9077487450262425
        },
        {
            "Time": "2023-03-27",
            "value": 0.0
        }
    ]
}