{
    "data": [
        {
            "Time": "2022-11-27",
            "value": 0.20516246825565143
        },
        {
            "Time": "2022-11-28",
            "value": 0.7051231393687224
        },
        {
            "Time": "2022-11-29",
            "value": 0.6227816489402986
        },
        {
            "Time": "2022-11-30",
            "value": 0.2825369203981145
        },
        {
            "Time": "2022-12-01",
            "value": 0.0
        },
        {
            "Time": "2022-12-02",
            "value": 0.0
        },
        {
            "Time": "2022-12-03",
            "value": 0.0
        },
        {
            "Time": "2022-12-04",
            "value": 0.0
        },
        {
            "Time": "2022-12-05",
            "value": 0.0
        },
        {
            "Time": "2022-12-06",
            "value": 0.0
        },
        {
            "Time": "2022-12-07",
            "value": 0.0
        },
        {
            "Time": "2022-12-08",
            "value": 0.7471368635848519
        },
        {
            "Time": "2022-12-09",
            "value": 0.6462010995722742
        },
        {
            "Time": "2022-12-10",
            "value": 1.5469064726115722
        },
        {
            "Time": "2022-12-11",
            "value": 0.34846139811535304
        },
        {
            "Time": "2022-12-12",
            "value": 1.0252427243629476
        },
        {
            "Time": "2022-12-13",
            "value": 1.131971567833308
        },
        {
            "Time": "2022-12-14",
            "value": 0.5884553497093153
        },
        {
            "Time": "2022-12-15",
            "value": 0.4351288014092364
        },
        {
            "Time": "2022-12-16",
            "value": 0.28316060672967674
        },
        {
            "Time": "2022-12-17",
            "value": 0.3880920003374531
        },
        {
            "Time": "2022-12-18",
            "value": 2.141343546470907
        },
        {
            "Time": "2022-12-19",
            "value": 1.9631873608476513
        },
        {
            "Time": "2022-12-20",
            "value": 1.0005965461763608
        },
        {
            "Time": "2022-12-21",
            "value": 1.878419380541257
        },
        {
            "Time": "2022-12-22",
            "value": 2.0052475321681453
        },
        {
            "Time": "2022-12-23",
            "value": 2.0706551306519825
        },
        {
            "Time": "2022-12-24",
            "value": 2.1074550319918823
        },
        {
            "Time": "2022-12-25",
            "value": 2.122437866741288
        },
        {
            "Time": "2022-12-26",
            "value": 1.5639929803577428
        },
        {
            "Time": "2022-12-27",
            "value": 0.716329601118887
        },
        {
            "Time": "2022-12-28",
            "value": 0.4194573397649306
        },
        {
            "Time": "2022-12-29",
            "value": 0.27623148155949073
        },
        {
            "Time": "2022-12-30",
            "value": 0.4026226832532407
        },
        {
            "Time": "2022-12-31",
            "value": 1.0697182136559957
        },
        {
            "Time": "2023-01-01",
            "value": 0.6521008123653382
        },
        {
            "Time": "2023-01-02",
            "value": 0.34026620683495373
        },
        {
            "Time": "2023-01-03",
            "value": 0.3774936916072822
        },
        {
            "Time": "2023-01-04",
            "value": 0.4003252346042477
        },
        {
            "Time": "2023-01-05",
            "value": 0.5011354959871693
        },
        {
            "Time": "2023-01-06",
            "value": 1.929730608039287
        },
        {
            "Time": "2023-01-07",
            "value": 2.1517623003669657
        },
        {
            "Time": "2023-01-08",
            "value": 2.1640189930259854
        },
        {
            "Time": "2023-01-09",
            "value": 0.434311901403879
        },
        {
            "Time": "2023-01-10",
            "value": 0.48506563062854663
        },
        {
            "Time": "2023-01-11",
            "value": 0.6438135012767253
        },
        {
            "Time": "2023-01-12",
            "value": 1.1188587226436773
        },
        {
            "Time": "2023-01-13",
            "value": 0.3312266384708879
        },
        {
            "Time": "2023-01-14",
            "value": 1.0764830051522425
        },
        {
            "Time": "2023-01-15",
            "value": 0.35770125892443166
        },
        {
            "Time": "2023-01-16",
            "value": 1.5401177661033219
        },
        {
            "Time": "2023-01-17",
            "value": 0.4313686362528067
        },
        {
            "Time": "2023-01-18",
            "value": 1.884033086655436
        },
        {
            "Time": "2023-01-19",
            "value": 1.6001399956084248
        },
        {
            "Time": "2023-01-20",
            "value": 0.7220972446345336
        },
        {
            "Time": "2023-01-21",
            "value": 0.26805844996582756
        },
        {
            "Time": "2023-01-22",
            "value": 1.5908549531000347
        },
        {
            "Time": "2023-01-23",
            "value": 0.2451245120034379
        },
        {
            "Time": "2023-01-24",
            "value": 1.4896645136567934
        },
        {
            "Time": "2023-01-25",
            "value": 2.139984637037001
        },
        {
            "Time": "2023-01-26",
            "value": 1.1789850545305818
        },
        {
            "Time": "2023-01-27",
            "value": 2.07811608093721
        },
        {
            "Time": "2023-01-28",
            "value": 2.258441490981514
        },
        {
            "Time": "2023-01-29",
            "value": 2.3502481750187787
        },
        {
            "Time": "2023-01-30",
            "value": 2.3785299495012517
        },
        {
            "Time": "2023-01-31",
            "value": 2.3613126257105637
        },
        {
            "Time": "2023-02-01",
            "value": 0.46030022862476855
        },
        {
            "Time": "2023-02-02",
            "value": 1.0263651088973065
        },
        {
            "Time": "2023-02-03",
            "value": 0.5051226315674017
        },
        {
            "Time": "2023-02-04",
            "value": 0.1951053262121875
        },
        {
            "Time": "2023-02-05",
            "value": 0.3695671438866981
        },
        {
            "Time": "2023-02-06",
            "value": 1.5259517466699728
        },
        {
            "Time": "2023-02-07",
            "value": 0.3449997704485886
        },
        {
            "Time": "2023-02-08",
            "value": 0.2286519591339757
        },
        {
            "Time": "2023-02-09",
            "value": 0.46084339750162556
        },
        {
            "Time": "2023-02-10",
            "value": 0.2657631418833152
        },
        {
            "Time": "2023-02-11",
            "value": 0.8187876485201039
        },
        {
            "Time": "2023-02-12",
            "value": 1.1442977215333276
        },
        {
            "Time": "2023-02-13",
            "value": 0.37686410098280904
        },
        {
            "Time": "2023-02-14",
            "value": 0.9281780204255077
        },
        {
            "Time": "2023-02-15",
            "value": 2.340781583689613
        },
        {
            "Time": "2023-02-16",
            "value": 2.7030485266907935
        },
        {
            "Time": "2023-02-17",
            "value": 2.0490902944723377
        },
        {
            "Time": "2023-02-18",
            "value": 2.4907740349536307
        },
        {
            "Time": "2023-02-19",
            "value": 0.7439583712712726
        },
        {
            "Time": "2023-02-20",
            "value": 1.4230605159256187
        },
        {
            "Time": "2023-02-21",
            "value": 2.7539781258792178
        },
        {
            "Time": "2023-02-22",
            "value": 2.353023232579479
        },
        {
            "Time": "2023-02-23",
            "value": 2.2958423866407514
        },
        {
            "Time": "2023-02-24",
            "value": 1.0154285423426677
        },
        {
            "Time": "2023-02-25",
            "value": 2.518929390525839
        },
        {
            "Time": "2023-02-26",
            "value": 2.8519539675401164
        },
        {
            "Time": "2023-02-27",
            "value": 2.550598444855308
        },
        {
            "Time": "2023-02-28",
            "value": 1.380347630606324
        },
        {
            "Time": "2023-03-01",
            "value": 1.4490564116241296
        },
        {
            "Time": "2023-03-02",
            "value": 1.8830711564520177
        },
        {
            "Time": "2023-03-03",
            "value": 2.4741751695643424
        },
        {
            "Time": "2023-03-04",
            "value": 2.7873398575069945
        },
        {
            "Time": "2023-03-05",
            "value": 2.720339317920934
        },
        {
            "Time": "2023-03-06",
            "value": 2.8289669596431892
        },
        {
            "Time": "2023-03-07",
            "value": 2.8070307392694884
        },
        {
            "Time": "2023-03-08",
            "value": 2.531063839549552
        },
        {
            "Time": "2023-03-09",
            "value": 2.1503967459531697
        },
        {
            "Time": "2023-03-10",
            "value": 2.858346275584332
        },
        {
            "Time": "2023-03-11",
            "value": 2.386040812048719
        },
        {
            "Time": "2023-03-12",
            "value": 0.6047674635985077
        },
        {
            "Time": "2023-03-13",
            "value": 2.3114292051654153
        },
        {
            "Time": "2023-03-14",
            "value": 2.96409549521313
        },
        {
            "Time": "2023-03-15",
            "value": 2.464699875256561
        },
        {
            "Time": "2023-03-16",
            "value": 2.4951483313708738
        },
        {
            "Time": "2023-03-17",
            "value": 1.4411291785162335
        },
        {
            "Time": "2023-03-18",
            "value": 0.4323715142558112
        },
        {
            "Time": "2023-03-19",
            "value": 0.19124999952777777
        },
        {
            "Time": "2023-03-20",
            "value": 2.0902863016050186
        },
        {
            "Time": "2023-03-21",
            "value": 1.1481536126728986
        },
        {
            "Time": "2023-03-22",
            "value": 1.962104781447587
        },
        {
            "Time": "2023-03-23",
            "value": 0.21819899167503307
        },
        {
            "Time": "2023-03-24",
            "value": 0.23490996759154845
        },
        {
            "Time": "2023-03-25",
            "value": 0.2949050979407407
        },
        {
            "Time": "2023-03-26",
            "value": 1.092159340656116
        },
        {
            "Time": "2023-03-27",
            "value": 0.0
        }
    ]
}