{
    "data": [
        {
            "Time": "2022-11-27",
            "value": 0.11534993399271062
        },
        {
            "Time": "2022-11-28",
            "value": 0.5001151237155633
        },
        {
            "Time": "2022-11-29",
            "value": 0.4577926517092944
        },
        {
            "Time": "2022-11-30",
            "value": 0.16283476038296554
        },
        {
            "Time": "2022-12-01",
            "value": 0.0
        },
        {
            "Time": "2022-12-02",
            "value": 0.0
        },
        {
            "Time": "2022-12-03",
            "value": 0.0
        },
        {
            "Time": "2022-12-04",
            "value": 0.0
        },
        {
            "Time": "2022-12-05",
            "value": 0.0
        },
        {
            "Time": "2022-12-06",
            "value": 0.0
        },
        {
            "Time": "2022-12-07",
            "value": 0.0
        },
        {
            "Time": "2022-12-08",
            "value": 0.6073390726069363
        },
        {
            "Time": "2022-12-09",
            "value": 0.5346458301529998
        },
        {
            "Time": "2022-12-10",
            "value": 1.1308673083865313
        },
        {
            "Time": "2022-12-11",
            "value": 0.24627677764966224
        },
        {
            "Time": "2022-12-12",
            "value": 0.8350443833319362
        },
        {
            "Time": "2022-12-13",
            "value": 0.960766678368131
        },
        {
            "Time": "2022-12-14",
            "value": 0.47144832396629155
        },
        {
            "Time": "2022-12-15",
            "value": 0.32173490683579475
        },
        {
            "Time": "2022-12-16",
            "value": 0.1859761598662768
        },
        {
            "Time": "2022-12-17",
            "value": 0.26342904039714354
        },
        {
            "Time": "2022-12-18",
            "value": 1.7696065950808406
        },
        {
            "Time": "2022-12-19",
            "value": 1.7011838505476682
        },
        {
            "Time": "2022-12-20",
            "value": 0.9094918188289693
        },
        {
            "Time": "2022-12-21",
            "value": 1.7094843289495334
        },
        {
            "Time": "2022-12-22",
            "value": 1.702164680771407
        },
        {
            "Time": "2022-12-23",
            "value": 1.7365087733574183
        },
        {
            "Time": "2022-12-24",
            "value": 1.7389327341108674
        },
        {
            "Time": "2022-12-25",
            "value": 1.7700210586355152
        },
        {
            "Time": "2022-12-26",
            "value": 1.0466174579569945
        },
        {
            "Time": "2022-12-27",
            "value": 0.5711340468221258
        },
        {
            "Time": "2022-12-28",
            "value": 0.31304968560820023
        },
        {
            "Time": "2022-12-29",
            "value": 0.17850049432666415
        },
        {
            "Time": "2022-12-30",
            "value": 0.2926078878493375
        },
        {
            "Time": "2022-12-31",
            "value": 0.8339557556056648
        },
        {
            "Time": "2023-01-01",
            "value": 0.5295903307870502
        },
        {
            "Time": "2023-01-02",
            "value": 0.25944973299339863
        },
        {
            "Time": "2023-01-03",
            "value": 0.266409557302354
        },
        {
            "Time": "2023-01-04",
            "value": 0.2993090274998241
        },
        {
            "Time": "2023-01-05",
            "value": 0.40520642345594815
        },
        {
            "Time": "2023-01-06",
            "value": 1.5676531300597074
        },
        {
            "Time": "2023-01-07",
            "value": 1.7157490092261656
        },
        {
            "Time": "2023-01-08",
            "value": 1.962394407812943
        },
        {
            "Time": "2023-01-09",
            "value": 0.35252242954253676
        },
        {
            "Time": "2023-01-10",
            "value": 0.3802903911813124
        },
        {
            "Time": "2023-01-11",
            "value": 0.5304107403156961
        },
        {
            "Time": "2023-01-12",
            "value": 0.9256480024457028
        },
        {
            "Time": "2023-01-13",
            "value": 0.22534814266231992
        },
        {
            "Time": "2023-01-14",
            "value": 0.8260241084074895
        },
        {
            "Time": "2023-01-15",
            "value": 0.23916583954691464
        },
        {
            "Time": "2023-01-16",
            "value": 1.1922735430893232
        },
        {
            "Time": "2023-01-17",
            "value": 0.31135416299399515
        },
        {
            "Time": "2023-01-18",
            "value": 1.940458228741302
        },
        {
            "Time": "2023-01-19",
            "value": 1.269360950838505
        },
        {
            "Time": "2023-01-20",
            "value": 0.5963212201157921
        },
        {
            "Time": "2023-01-21",
            "value": 0.16535937364234027
        },
        {
            "Time": "2023-01-22",
            "value": 1.3262680353638703
        },
        {
            "Time": "2023-01-23",
            "value": 0.1576419462702606
        },
        {
            "Time": "2023-01-24",
            "value": 0.8225432862889144
        },
        {
            "Time": "2023-01-25",
            "value": 1.5751773203235322
        },
        {
            "Time": "2023-01-26",
            "value": 0.82177431032866
        },
        {
            "Time": "2023-01-27",
            "value": 1.4868946502696798
        },
        {
            "Time": "2023-01-28",
            "value": 1.5942165406991842
        },
        {
            "Time": "2023-01-29",
            "value": 1.5603020990146206
        },
        {
            "Time": "2023-01-30",
            "value": 2.1635801239550387
        },
        {
            "Time": "2023-01-31",
            "value": 1.824077296878597
        },
        {
            "Time": "2023-02-01",
            "value": 0.36802546453329393
        },
        {
            "Time": "2023-02-02",
            "value": 0.7432136091179377
        },
        {
            "Time": "2023-02-03",
            "value": 0.4021260515767832
        },
        {
            "Time": "2023-02-04",
            "value": 0.09064670566148245
        },
        {
            "Time": "2023-02-05",
            "value": 0.2763087032424302
        },
        {
            "Time": "2023-02-06",
            "value": 1.2039302818620599
        },
        {
            "Time": "2023-02-07",
            "value": 0.26660480622651167
        },
        {
            "Time": "2023-02-08",
            "value": 0.1450538616488036
        },
        {
            "Time": "2023-02-09",
            "value": 0.3447927658107168
        },
        {
            "Time": "2023-02-10",
            "value": 0.17521233507996842
        },
        {
            "Time": "2023-02-11",
            "value": 0.6271527484217746
        },
        {
            "Time": "2023-02-12",
            "value": 0.8536442088150552
        },
        {
            "Time": "2023-02-13",
            "value": 0.2820483263310434
        },
        {
            "Time": "2023-02-14",
            "value": 0.7127682608151449
        },
        {
            "Time": "2023-02-15",
            "value": 1.8761058282356
        },
        {
            "Time": "2023-02-16",
            "value": 2.2896407501038207
        },
        {
            "Time": "2023-02-17",
            "value": 1.6775730099402848
        },
        {
            "Time": "2023-02-18",
            "value": 2.0584633940729518
        },
        {
            "Time": "2023-02-19",
            "value": 0.6071357860030449
        },
        {
            "Time": "2023-02-20",
            "value": 1.2183012043196477
        },
        {
            "Time": "2023-02-21",
            "value": 2.3019847710755172
        },
        {
            "Time": "2023-02-22",
            "value": 1.951828537632097
        },
        {
            "Time": "2023-02-23",
            "value": 1.8738657159811238
        },
        {
            "Time": "2023-02-24",
            "value": 0.8803863033978442
        },
        {
            "Time": "2023-02-25",
            "value": 2.08182461139132
        },
        {
            "Time": "2023-02-26",
            "value": 2.5156289219699683
        },
        {
            "Time": "2023-02-27",
            "value": 2.1260805417297375
        },
        {
            "Time": "2023-02-28",
            "value": 1.2385941055423304
        },
        {
            "Time": "2023-03-01",
            "value": 1.2802070922418054
        },
        {
            "Time": "2023-03-02",
            "value": 1.545450216062405
        },
        {
            "Time": "2023-03-03",
            "value": 2.2044326924771944
        },
        {
            "Time": "2023-03-04",
            "value": 2.575728988402183
        },
        {
            "Time": "2023-03-05",
            "value": 2.5517746914215826
        },
        {
            "Time": "2023-03-06",
            "value": 2.6627021197346386
        },
        {
            "Time": "2023-03-07",
            "value": 2.544915278443276
        },
        {
            "Time": "2023-03-08",
            "value": 2.4228357046188242
        },
        {
            "Time": "2023-03-09",
            "value": 1.9737643472418067
        },
        {
            "Time": "2023-03-10",
            "value": 2.6432984955554977
        },
        {
            "Time": "2023-03-11",
            "value": 2.276211518882377
        },
        {
            "Time": "2023-03-12",
            "value": 0.47847340355975393
        },
        {
            "Time": "2023-03-13",
            "value": 2.159565381242613
        },
        {
            "Time": "2023-03-14",
            "value": 2.8809195147910596
        },
        {
            "Time": "2023-03-15",
            "value": 2.338806690981617
        },
        {
            "Time": "2023-03-16",
            "value": 2.3733589218787774
        },
        {
            "Time": "2023-03-17",
            "value": 1.362638088704249
        },
        {
            "Time": "2023-03-18",
            "value": 0.3226362359079614
        },
        {
            "Time": "2023-03-19",
            "value": 0.09650437816634458
        },
        {
            "Time": "2023-03-20",
            "value": 1.9798277248019063
        },
        {
            "Time": "2023-03-21",
            "value": 1.0381620139968104
        },
        {
            "Time": "2023-03-22",
            "value": 1.8640399680895927
        },
        {
            "Time": "2023-03-23",
            "value": 0.11517829488226436
        },
        {
            "Time": "2023-03-24",
            "value": 0.14757105324307357
        },
        {
            "Time": "2023-03-25",
            "value": 0.20038136353886876
        },
        {
            "Time": "2023-03-26",
            "value": 0.9568032850722378
        },
        {
            "Time": "2023-03-27",
            "value": 0.0
        }
    ]
}