{
    "data": [
        {
            "Time": "2022-11-27",
            "value": 0.17485460054768373
        },
        {
            "Time": "2022-11-28",
            "value": 0.47361540815912195
        },
        {
            "Time": "2022-11-29",
            "value": 0.5359736228465799
        },
        {
            "Time": "2022-11-30",
            "value": 0.23284407285267467
        },
        {
            "Time": "2022-12-01",
            "value": 0.0
        },
        {
            "Time": "2022-12-02",
            "value": 0.0
        },
        {
            "Time": "2022-12-03",
            "value": 0.0
        },
        {
            "Time": "2022-12-04",
            "value": 0.0
        },
        {
            "Time": "2022-12-05",
            "value": 0.0
        },
        {
            "Time": "2022-12-06",
            "value": 0.0
        },
        {
            "Time": "2022-12-07",
            "value": 0.0
        },
        {
            "Time": "2022-12-08",
            "value": 0.5748724278173026
        },
        {
            "Time": "2022-12-09",
            "value": 0.5327252644901712
        },
        {
            "Time": "2022-12-10",
            "value": 1.3230166805777959
        },
        {
            "Time": "2022-12-11",
            "value": 0.2866368966540327
        },
        {
            "Time": "2022-12-12",
            "value": 0.4807833613502339
        },
        {
            "Time": "2022-12-13",
            "value": 0.893113617403562
        },
        {
            "Time": "2022-12-14",
            "value": 0.4905205867535904
        },
        {
            "Time": "2022-12-15",
            "value": 0.3616850775474616
        },
        {
            "Time": "2022-12-16",
            "value": 0.2270836782648333
        },
        {
            "Time": "2022-12-17",
            "value": 0.3110337668292325
        },
        {
            "Time": "2022-12-18",
            "value": 1.3260706170808565
        },
        {
            "Time": "2022-12-19",
            "value": 1.2577124986134947
        },
        {
            "Time": "2022-12-20",
            "value": 0.9504222226952649
        },
        {
            "Time": "2022-12-21",
            "value": 1.2773019589927606
        },
        {
            "Time": "2022-12-22",
            "value": 1.3026923422341736
        },
        {
            "Time": "2022-12-23",
            "value": 1.3087395796002137
        },
        {
            "Time": "2022-12-24",
            "value": 1.3164617660534885
        },
        {
            "Time": "2022-12-25",
            "value": 1.3305413517681133
        },
        {
            "Time": "2022-12-26",
            "value": 0.36859325529640213
        },
        {
            "Time": "2022-12-27",
            "value": 0.5150013710092857
        },
        {
            "Time": "2022-12-28",
            "value": 0.3595985768828039
        },
        {
            "Time": "2022-12-29",
            "value": 0.23116239205515848
        },
        {
            "Time": "2022-12-30",
            "value": 0.35153619356635735
        },
        {
            "Time": "2022-12-31",
            "value": 0.6345831595462198
        },
        {
            "Time": "2023-01-01",
            "value": 0.5357371302402185
        },
        {
            "Time": "2023-01-02",
            "value": 0.29895447759099536
        },
        {
            "Time": "2023-01-03",
            "value": 0.328724315192668
        },
        {
            "Time": "2023-01-04",
            "value": 0.336299325474358
        },
        {
            "Time": "2023-01-05",
            "value": 0.4307439531048866
        },
        {
            "Time": "2023-01-06",
            "value": 1.2912417817286224
        },
        {
            "Time": "2023-01-07",
            "value": 1.3707771671862186
        },
        {
            "Time": "2023-01-08",
            "value": 1.3724548629839946
        },
        {
            "Time": "2023-01-09",
            "value": 0.3729659942831486
        },
        {
            "Time": "2023-01-10",
            "value": 0.40608182311511676
        },
        {
            "Time": "2023-01-11",
            "value": 0.5390805492679336
        },
        {
            "Time": "2023-01-12",
            "value": 0.5548375438308016
        },
        {
            "Time": "2023-01-13",
            "value": 0.27194064747817487
        },
        {
            "Time": "2023-01-14",
            "value": 0.712990281790242
        },
        {
            "Time": "2023-01-15",
            "value": 0.30305244041804463
        },
        {
            "Time": "2023-01-16",
            "value": 0.4728697138927288
        },
        {
            "Time": "2023-01-17",
            "value": 0.3721144165736832
        },
        {
            "Time": "2023-01-18",
            "value": 1.4511898922693232
        },
        {
            "Time": "2023-01-19",
            "value": 1.181339885134516
        },
        {
            "Time": "2023-01-20",
            "value": 0.5477449580685242
        },
        {
            "Time": "2023-01-21",
            "value": 0.22192123606727915
        },
        {
            "Time": "2023-01-22",
            "value": 0.9538199160993852
        },
        {
            "Time": "2023-01-23",
            "value": 0.18812516032598817
        },
        {
            "Time": "2023-01-24",
            "value": 0.5571354935450492
        },
        {
            "Time": "2023-01-25",
            "value": 1.5731378246435652
        },
        {
            "Time": "2023-01-26",
            "value": 0.8310145690387769
        },
        {
            "Time": "2023-01-27",
            "value": 1.309852132052886
        },
        {
            "Time": "2023-01-28",
            "value": 1.5597621798282488
        },
        {
            "Time": "2023-01-29",
            "value": 1.5744918540126065
        },
        {
            "Time": "2023-01-30",
            "value": 1.6091401822496905
        },
        {
            "Time": "2023-01-31",
            "value": 1.5841795987878158
        },
        {
            "Time": "2023-02-01",
            "value": 0.37863462328840664
        },
        {
            "Time": "2023-02-02",
            "value": 0.5828430997519256
        },
        {
            "Time": "2023-02-03",
            "value": 0.43368384161946705
        },
        {
            "Time": "2023-02-04",
            "value": 0.1470121518647095
        },
        {
            "Time": "2023-02-05",
            "value": 0.2983882093824137
        },
        {
            "Time": "2023-02-06",
            "value": 0.9062478325923736
        },
        {
            "Time": "2023-02-07",
            "value": 0.268569423531823
        },
        {
            "Time": "2023-02-08",
            "value": 0.18152778448006582
        },
        {
            "Time": "2023-02-09",
            "value": 0.36986792488940073
        },
        {
            "Time": "2023-02-10",
            "value": 0.20547263891817985
        },
        {
            "Time": "2023-02-11",
            "value": 0.5646877692239406
        },
        {
            "Time": "2023-02-12",
            "value": 0.7220392949856165
        },
        {
            "Time": "2023-02-13",
            "value": 0.3372583925636508
        },
        {
            "Time": "2023-02-14",
            "value": 0.6915422073624009
        },
        {
            "Time": "2023-02-15",
            "value": 1.525753046884057
        },
        {
            "Time": "2023-02-16",
            "value": 1.9380165761716153
        },
        {
            "Time": "2023-02-17",
            "value": 1.4933734973527977
        },
        {
            "Time": "2023-02-18",
            "value": 1.743186799240292
        },
        {
            "Time": "2023-02-19",
            "value": 0.6141802012440438
        },
        {
            "Time": "2023-02-20",
            "value": 1.0713922465397803
        },
        {
            "Time": "2023-02-21",
            "value": 2.047062874662918
        },
        {
            "Time": "2023-02-22",
            "value": 1.6959409646408241
        },
        {
            "Time": "2023-02-23",
            "value": 1.708387083140273
        },
        {
            "Time": "2023-02-24",
            "value": 0.8010810319371339
        },
        {
            "Time": "2023-02-25",
            "value": 1.80326712130172
        },
        {
            "Time": "2023-02-26",
            "value": 2.1967063249470975
        },
        {
            "Time": "2023-02-27",
            "value": 1.777985716012302
        },
        {
            "Time": "2023-02-28",
            "value": 1.1049856323671738
        },
        {
            "Time": "2023-03-01",
            "value": 0.9885669028024885
        },
        {
            "Time": "2023-03-02",
            "value": 1.366065736224715
        },
        {
            "Time": "2023-03-03",
            "value": 1.9063239137904804
        },
        {
            "Time": "2023-03-04",
            "value": 2.1500157067501515
        },
        {
            "Time": "2023-03-05",
            "value": 2.1332424344493583
        },
        {
            "Time": "2023-03-06",
            "value": 2.336439284174304
        },
        {
            "Time": "2023-03-07",
            "value": 2.3180329560055752
        },
        {
            "Time": "2023-03-08",
            "value": 2.0088538490258614
        },
        {
            "Time": "2023-03-09",
            "value": 1.7084944655074237
        },
        {
            "Time": "2023-03-10",
            "value": 2.339025413096973
        },
        {
            "Time": "2023-03-11",
            "value": 2.00753591251943
        },
        {
            "Time": "2023-03-12",
            "value": 0.5019563710767934
        },
        {
            "Time": "2023-03-13",
            "value": 1.8205456058063065
        },
        {
            "Time": "2023-03-14",
            "value": 2.6094645520284607
        },
        {
            "Time": "2023-03-15",
            "value": 1.9838483701940899
        },
        {
            "Time": "2023-03-16",
            "value": 2.1964249038747075
        },
        {
            "Time": "2023-03-17",
            "value": 1.280578983469771
        },
        {
            "Time": "2023-03-18",
            "value": 0.3573835814607794
        },
        {
            "Time": "2023-03-19",
            "value": 0.13644918885294374
        },
        {
            "Time": "2023-03-20",
            "value": 1.7901629888631478
        },
        {
            "Time": "2023-03-21",
            "value": 0.9732747600233789
        },
        {
            "Time": "2023-03-22",
            "value": 1.6539293364406182
        },
        {
            "Time": "2023-03-23",
            "value": 0.16876984283695237
        },
        {
            "Time": "2023-03-24",
            "value": 0.16156334426703206
        },
        {
            "Time": "2023-03-25",
            "value": 0.22306409260422658
        },
        {
            "Time": "2023-03-26",
            "value": 0.948644756673778
        },
        {
            "Time": "2023-03-27",
            "value": 0.0
        }
    ]
}