{
    "data": [
        {
            "Time": "2022-11-27",
            "value": 0.18152864526274884
        },
        {
            "Time": "2022-11-28",
            "value": 0.5517487764642377
        },
        {
            "Time": "2022-11-29",
            "value": 0.5465029228685122
        },
        {
            "Time": "2022-11-30",
            "value": 0.22857464602228658
        },
        {
            "Time": "2022-12-01",
            "value": 0.28061666541041086
        },
        {
            "Time": "2022-12-02",
            "value": 0.32057044030791454
        },
        {
            "Time": "2022-12-03",
            "value": 0.5258342395182253
        },
        {
            "Time": "2022-12-04",
            "value": 0.3729235590227877
        },
        {
            "Time": "2022-12-05",
            "value": 0.3286749883746346
        },
        {
            "Time": "2022-12-06",
            "value": 0.5025702537539294
        },
        {
            "Time": "2022-12-07",
            "value": 0.14447673308297915
        },
        {
            "Time": "2022-12-08",
            "value": 0.6164915297000653
        },
        {
            "Time": "2022-12-09",
            "value": 0.5677186528856497
        },
        {
            "Time": "2022-12-10",
            "value": 1.6795420471977132
        },
        {
            "Time": "2022-12-11",
            "value": 0.300478009516581
        },
        {
            "Time": "2022-12-12",
            "value": 0.9314794150867395
        },
        {
            "Time": "2022-12-13",
            "value": 1.028567245925971
        },
        {
            "Time": "2022-12-14",
            "value": 0.5108978727104311
        },
        {
            "Time": "2022-12-15",
            "value": 0.37989885013192193
        },
        {
            "Time": "2022-12-16",
            "value": 0.24442688710473712
        },
        {
            "Time": "2022-12-17",
            "value": 0.3174739364159441
        },
        {
            "Time": "2022-12-18",
            "value": 2.110557303190073
        },
        {
            "Time": "2022-12-19",
            "value": 2.004986484224885
        },
        {
            "Time": "2022-12-20",
            "value": 0.8584949811544637
        },
        {
            "Time": "2022-12-21",
            "value": 1.925911526404544
        },
        {
            "Time": "2022-12-22",
            "value": 1.9671983322429694
        },
        {
            "Time": "2022-12-23",
            "value": 2.0871523976474884
        },
        {
            "Time": "2022-12-24",
            "value": 2.072111574023429
        },
        {
            "Time": "2022-12-25",
            "value": 2.09662260216699
        },
        {
            "Time": "2022-12-26",
            "value": 1.5451015285518297
        },
        {
            "Time": "2022-12-27",
            "value": 0.6283869115475469
        },
        {
            "Time": "2022-12-28",
            "value": 0.3716261553020833
        },
        {
            "Time": "2022-12-29",
            "value": 0.23178472132878472
        },
        {
            "Time": "2022-12-30",
            "value": 0.35400462491027773
        },
        {
            "Time": "2022-12-31",
            "value": 0.9784883385188926
        },
        {
            "Time": "2023-01-01",
            "value": 0.5708590185986901
        },
        {
            "Time": "2023-01-02",
            "value": 0.3113888884491898
        },
        {
            "Time": "2023-01-03",
            "value": 0.33462970176214524
        },
        {
            "Time": "2023-01-04",
            "value": 0.3456712959517361
        },
        {
            "Time": "2023-01-05",
            "value": 0.4508819420267361
        },
        {
            "Time": "2023-01-06",
            "value": 2.0350609176931886
        },
        {
            "Time": "2023-01-07",
            "value": 2.148438411474304
        },
        {
            "Time": "2023-01-08",
            "value": 2.1296040292458907
        },
        {
            "Time": "2023-01-09",
            "value": 0.3953032395252685
        },
        {
            "Time": "2023-01-10",
            "value": 0.4263267977618156
        },
        {
            "Time": "2023-01-11",
            "value": 0.5731964011720523
        },
        {
            "Time": "2023-01-12",
            "value": 0.9151060792899481
        },
        {
            "Time": "2023-01-13",
            "value": 0.2901125647814371
        },
        {
            "Time": "2023-01-14",
            "value": 0.9304069853893662
        },
        {
            "Time": "2023-01-15",
            "value": 0.3030846068300209
        },
        {
            "Time": "2023-01-16",
            "value": 1.2253249841765885
        },
        {
            "Time": "2023-01-17",
            "value": 0.38742129261416663
        },
        {
            "Time": "2023-01-18",
            "value": 2.1614936788917385
        },
        {
            "Time": "2023-01-19",
            "value": 1.418716755237682
        },
        {
            "Time": "2023-01-20",
            "value": 0.6348310027145537
        },
        {
            "Time": "2023-01-21",
            "value": 0.23577199068797225
        },
        {
            "Time": "2023-01-22",
            "value": 1.3248822366910016
        },
        {
            "Time": "2023-01-23",
            "value": 0.2046468461613104
        },
        {
            "Time": "2023-01-24",
            "value": 1.232946300912107
        },
        {
            "Time": "2023-01-25",
            "value": 2.331793912383833
        },
        {
            "Time": "2023-01-26",
            "value": 0.8474748619532108
        },
        {
            "Time": "2023-01-27",
            "value": 1.5164767486605526
        },
        {
            "Time": "2023-01-28",
            "value": 1.6455044997192432
        },
        {
            "Time": "2023-01-29",
            "value": 1.614031267386503
        },
        {
            "Time": "2023-01-30",
            "value": 2.597686427615096
        },
        {
            "Time": "2023-01-31",
            "value": 1.6394331301499174
        },
        {
            "Time": "2023-02-01",
            "value": 0.4100677069666667
        },
        {
            "Time": "2023-02-02",
            "value": 0.8294990143868172
        },
        {
            "Time": "2023-02-03",
            "value": 0.44685465594740964
        },
        {
            "Time": "2023-02-04",
            "value": 0.1526215248216574
        },
        {
            "Time": "2023-02-05",
            "value": 0.3153796293865023
        },
        {
            "Time": "2023-02-06",
            "value": 1.1869467402887108
        },
        {
            "Time": "2023-02-07",
            "value": 0.2911753912453752
        },
        {
            "Time": "2023-02-08",
            "value": 0.19419002223500167
        },
        {
            "Time": "2023-02-09",
            "value": 0.3983347637140269
        },
        {
            "Time": "2023-02-10",
            "value": 0.2218738412770926
        },
        {
            "Time": "2023-02-11",
            "value": 0.6590000294411651
        },
        {
            "Time": "2023-02-12",
            "value": 0.9300452843957577
        },
        {
            "Time": "2023-02-13",
            "value": 0.3490447423349345
        },
        {
            "Time": "2023-02-14",
            "value": 0.7455493054514121
        },
        {
            "Time": "2023-02-15",
            "value": 2.333455293832295
        },
        {
            "Time": "2023-02-16",
            "value": 2.88442667764875
        },
        {
            "Time": "2023-02-17",
            "value": 1.6676035365276114
        },
        {
            "Time": "2023-02-18",
            "value": 2.4248808296249447
        },
        {
            "Time": "2023-02-19",
            "value": 0.6610855228969341
        },
        {
            "Time": "2023-02-20",
            "value": 1.2252925699948511
        },
        {
            "Time": "2023-02-21",
            "value": 2.5892383977433586
        },
        {
            "Time": "2023-02-22",
            "value": 2.3284952209374477
        },
        {
            "Time": "2023-02-23",
            "value": 2.1661347871635908
        },
        {
            "Time": "2023-02-24",
            "value": 0.9044804153517894
        },
        {
            "Time": "2023-02-25",
            "value": 2.43145033877046
        },
        {
            "Time": "2023-02-26",
            "value": 2.6536270570421054
        },
        {
            "Time": "2023-02-27",
            "value": 2.3512376917087465
        },
        {
            "Time": "2023-02-28",
            "value": 1.2460423430373126
        },
        {
            "Time": "2023-03-01",
            "value": 1.2759212040548507
        },
        {
            "Time": "2023-03-02",
            "value": 1.7311139187925988
        },
        {
            "Time": "2023-03-03",
            "value": 2.289296216276907
        },
        {
            "Time": "2023-03-04",
            "value": 2.5624633712169906
        },
        {
            "Time": "2023-03-05",
            "value": 2.5017176973873614
        },
        {
            "Time": "2023-03-06",
            "value": 2.646461540508877
        },
        {
            "Time": "2023-03-07",
            "value": 2.599438354176949
        },
        {
            "Time": "2023-03-08",
            "value": 2.3458560458931195
        },
        {
            "Time": "2023-03-09",
            "value": 2.0021567410297116
        },
        {
            "Time": "2023-03-10",
            "value": 2.667065199554235
        },
        {
            "Time": "2023-03-11",
            "value": 2.2035560535410386
        },
        {
            "Time": "2023-03-12",
            "value": 0.546221071899819
        },
        {
            "Time": "2023-03-13",
            "value": 2.1004507488231248
        },
        {
            "Time": "2023-03-14",
            "value": 2.7715534027743
        },
        {
            "Time": "2023-03-15",
            "value": 2.3395394016160425
        },
        {
            "Time": "2023-03-16",
            "value": 2.4118346868673024
        },
        {
            "Time": "2023-03-17",
            "value": 1.3502042524351638
        },
        {
            "Time": "2023-03-18",
            "value": 0.3762487901828696
        },
        {
            "Time": "2023-03-19",
            "value": 0.15275462974365742
        },
        {
            "Time": "2023-03-20",
            "value": 1.9315949774142773
        },
        {
            "Time": "2023-03-21",
            "value": 1.0660900552529127
        },
        {
            "Time": "2023-03-22",
            "value": 1.814812813399127
        },
        {
            "Time": "2023-03-23",
            "value": 0.19910879513981483
        },
        {
            "Time": "2023-03-24",
            "value": 0.17821279144893518
        },
        {
            "Time": "2023-03-25",
            "value": 0.2518738401655556
        },
        {
            "Time": "2023-03-26",
            "value": 1.0047557688144197
        },
        {
            "Time": "2023-03-27",
            "value": 0.0
        }
    ]
}