{
    "data": [
        {
            "Time": "2022-11-27",
            "value": 0.14559291727665827
        },
        {
            "Time": "2022-11-28",
            "value": 0.43228553348265975
        },
        {
            "Time": "2022-11-29",
            "value": 0.3483578686185991
        },
        {
            "Time": "2022-11-30",
            "value": 0.20101832162475813
        },
        {
            "Time": "2022-12-01",
            "value": 0.23977610340151173
        },
        {
            "Time": "2022-12-02",
            "value": 0.28261470127853905
        },
        {
            "Time": "2022-12-03",
            "value": 0.44736077050425016
        },
        {
            "Time": "2022-12-04",
            "value": 0.3210247923293947
        },
        {
            "Time": "2022-12-05",
            "value": 0.28083909440196875
        },
        {
            "Time": "2022-12-06",
            "value": 0.4338760014690535
        },
        {
            "Time": "2022-12-07",
            "value": 0.11699006741256109
        },
        {
            "Time": "2022-12-08",
            "value": 0.5107187848164089
        },
        {
            "Time": "2022-12-09",
            "value": 0.4823218116596359
        },
        {
            "Time": "2022-12-10",
            "value": 0.5005979910478939
        },
        {
            "Time": "2022-12-11",
            "value": 0.25659767017630747
        },
        {
            "Time": "2022-12-12",
            "value": 0.5026402101697595
        },
        {
            "Time": "2022-12-13",
            "value": 0.5373380397712643
        },
        {
            "Time": "2022-12-14",
            "value": 0.43956662479959746
        },
        {
            "Time": "2022-12-15",
            "value": 0.3295465070347632
        },
        {
            "Time": "2022-12-16",
            "value": 0.20085627011092477
        },
        {
            "Time": "2022-12-17",
            "value": 0.27458391950105143
        },
        {
            "Time": "2022-12-18",
            "value": 0.24633235311320215
        },
        {
            "Time": "2022-12-19",
            "value": 0.8038885664881623
        },
        {
            "Time": "2022-12-20",
            "value": 0.5000434709423391
        },
        {
            "Time": "2022-12-21",
            "value": 0.7133758410747802
        },
        {
            "Time": "2022-12-22",
            "value": 0.4959014575891529
        },
        {
            "Time": "2022-12-23",
            "value": 0.8572834723038179
        },
        {
            "Time": "2022-12-24",
            "value": 0.3030033165711294
        },
        {
            "Time": "2022-12-25",
            "value": 0.40782994921570326
        },
        {
            "Time": "2022-12-26",
            "value": 0.7050074224945149
        },
        {
            "Time": "2022-12-27",
            "value": 0.4770036958491155
        },
        {
            "Time": "2022-12-28",
            "value": 0.32876874408275186
        },
        {
            "Time": "2022-12-29",
            "value": 0.2031573871644526
        },
        {
            "Time": "2022-12-30",
            "value": 0.3198568425142602
        },
        {
            "Time": "2022-12-31",
            "value": 0.592788385120468
        },
        {
            "Time": "2023-01-01",
            "value": 0.4908235433724511
        },
        {
            "Time": "2023-01-02",
            "value": 0.27035632498019707
        },
        {
            "Time": "2023-01-03",
            "value": 0.29722694361216556
        },
        {
            "Time": "2023-01-04",
            "value": 0.30328737424055296
        },
        {
            "Time": "2023-01-05",
            "value": 0.39470879359112865
        },
        {
            "Time": "2023-01-06",
            "value": 0.8369003783626325
        },
        {
            "Time": "2023-01-07",
            "value": 0.9241536337492791
        },
        {
            "Time": "2023-01-08",
            "value": 0.891082081246585
        },
        {
            "Time": "2023-01-09",
            "value": 0.3462946423264522
        },
        {
            "Time": "2023-01-10",
            "value": 0.3756879147579614
        },
        {
            "Time": "2023-01-11",
            "value": 0.5001788070325129
        },
        {
            "Time": "2023-01-12",
            "value": 0.7259323452605491
        },
        {
            "Time": "2023-01-13",
            "value": 0.24425313904073004
        },
        {
            "Time": "2023-01-14",
            "value": 0.639458172569634
        },
        {
            "Time": "2023-01-15",
            "value": 0.2760329105335612
        },
        {
            "Time": "2023-01-16",
            "value": 0.7068247686029735
        },
        {
            "Time": "2023-01-17",
            "value": 0.33443536460285295
        },
        {
            "Time": "2023-01-18",
            "value": 1.0169541027988414
        },
        {
            "Time": "2023-01-19",
            "value": 0.9146234825414394
        },
        {
            "Time": "2023-01-20",
            "value": 0.486678749995226
        },
        {
            "Time": "2023-01-21",
            "value": 0.21246503844203077
        },
        {
            "Time": "2023-01-22",
            "value": 0.7421980159753836
        },
        {
            "Time": "2023-01-23",
            "value": 0.1768194928699677
        },
        {
            "Time": "2023-01-24",
            "value": 0.6466980362479625
        },
        {
            "Time": "2023-01-25",
            "value": 1.136781905980463
        },
        {
            "Time": "2023-01-26",
            "value": 0.7501661789724718
        },
        {
            "Time": "2023-01-27",
            "value": 1.1266905769436424
        },
        {
            "Time": "2023-01-28",
            "value": 1.2349679218440963
        },
        {
            "Time": "2023-01-29",
            "value": 1.239948239119419
        },
        {
            "Time": "2023-01-30",
            "value": 1.29476521026905
        },
        {
            "Time": "2023-01-31",
            "value": 1.2948000347912823
        },
        {
            "Time": "2023-02-01",
            "value": 0.3514384641096354
        },
        {
            "Time": "2023-02-02",
            "value": 0.6432166937457557
        },
        {
            "Time": "2023-02-03",
            "value": 0.4012668641418963
        },
        {
            "Time": "2023-02-04",
            "value": 0.1362462085714599
        },
        {
            "Time": "2023-02-05",
            "value": 0.2906208515086809
        },
        {
            "Time": "2023-02-06",
            "value": 0.9779630287292361
        },
        {
            "Time": "2023-02-07",
            "value": 0.2576264160572163
        },
        {
            "Time": "2023-02-08",
            "value": 0.16832768042404367
        },
        {
            "Time": "2023-02-09",
            "value": 0.33826379169131354
        },
        {
            "Time": "2023-02-10",
            "value": 0.19914723848276034
        },
        {
            "Time": "2023-02-11",
            "value": 0.51357604675576
        },
        {
            "Time": "2023-02-12",
            "value": 0.6916043928245633
        },
        {
            "Time": "2023-02-13",
            "value": 0.3072867952591593
        },
        {
            "Time": "2023-02-14",
            "value": 0.6344173222692481
        },
        {
            "Time": "2023-02-15",
            "value": 1.4438336636939815
        },
        {
            "Time": "2023-02-16",
            "value": 1.6488317664385872
        },
        {
            "Time": "2023-02-17",
            "value": 1.3219261967755855
        },
        {
            "Time": "2023-02-18",
            "value": 1.4774305323390713
        },
        {
            "Time": "2023-02-19",
            "value": 0.5583275248782258
        },
        {
            "Time": "2023-02-20",
            "value": 0.9581682694758593
        },
        {
            "Time": "2023-02-21",
            "value": 1.7101483262177488
        },
        {
            "Time": "2023-02-22",
            "value": 1.5809860370971642
        },
        {
            "Time": "2023-02-23",
            "value": 1.4080735666095572
        },
        {
            "Time": "2023-02-24",
            "value": 0.7363316770658714
        },
        {
            "Time": "2023-02-25",
            "value": 1.6584999571452212
        },
        {
            "Time": "2023-02-26",
            "value": 1.9036803552437573
        },
        {
            "Time": "2023-02-27",
            "value": 1.6249522097944837
        },
        {
            "Time": "2023-02-28",
            "value": 1.0242205059375453
        },
        {
            "Time": "2023-03-01",
            "value": 0.9583335236084317
        },
        {
            "Time": "2023-03-02",
            "value": 1.252908960418263
        },
        {
            "Time": "2023-03-03",
            "value": 1.7934571182199868
        },
        {
            "Time": "2023-03-04",
            "value": 2.0265789576256794
        },
        {
            "Time": "2023-03-05",
            "value": 2.0331448518781627
        },
        {
            "Time": "2023-03-06",
            "value": 2.161612391186667
        },
        {
            "Time": "2023-03-07",
            "value": 2.1408858899408534
        },
        {
            "Time": "2023-03-08",
            "value": 1.962551658561542
        },
        {
            "Time": "2023-03-09",
            "value": 1.5826936308232344
        },
        {
            "Time": "2023-03-10",
            "value": 2.2618695355427736
        },
        {
            "Time": "2023-03-11",
            "value": 1.9000202240116795
        },
        {
            "Time": "2023-03-12",
            "value": 0.47335951203492493
        },
        {
            "Time": "2023-03-13",
            "value": 1.6974451006380804
        },
        {
            "Time": "2023-03-14",
            "value": 2.4322854265463536
        },
        {
            "Time": "2023-03-15",
            "value": 1.920551544378547
        },
        {
            "Time": "2023-03-16",
            "value": 2.033405204291193
        },
        {
            "Time": "2023-03-17",
            "value": 1.214260327989274
        },
        {
            "Time": "2023-03-18",
            "value": 0.32790716385018287
        },
        {
            "Time": "2023-03-19",
            "value": 0.12666488220831432
        },
        {
            "Time": "2023-03-20",
            "value": 1.6540328317244568
        },
        {
            "Time": "2023-03-21",
            "value": 0.9332328493821844
        },
        {
            "Time": "2023-03-22",
            "value": 1.5749322520378572
        },
        {
            "Time": "2023-03-23",
            "value": 0.16374886529507085
        },
        {
            "Time": "2023-03-24",
            "value": 0.15148483903284166
        },
        {
            "Time": "2023-03-25",
            "value": 0.2218285809323972
        },
        {
            "Time": "2023-03-26",
            "value": 0.8867389227407786
        },
        {
            "Time": "2023-03-27",
            "value": 0.0
        }
    ]
}