{
    "data": [
        {
            "Time": "2022-11-27",
            "value": 0.17750062629199076
        },
        {
            "Time": "2022-11-28",
            "value": 0.5357874504199763
        },
        {
            "Time": "2022-11-29",
            "value": 0.6082794744406586
        },
        {
            "Time": "2022-11-30",
            "value": 0.23836996475582176
        },
        {
            "Time": "2022-12-01",
            "value": 0.28996076333930554
        },
        {
            "Time": "2022-12-02",
            "value": 0.3253971785997906
        },
        {
            "Time": "2022-12-03",
            "value": 0.5233479055867144
        },
        {
            "Time": "2022-12-04",
            "value": 0.37680772220584074
        },
        {
            "Time": "2022-12-05",
            "value": 0.32890596589313403
        },
        {
            "Time": "2022-12-06",
            "value": 0.5075724554216088
        },
        {
            "Time": "2022-12-07",
            "value": 0.15399114634460936
        },
        {
            "Time": "2022-12-08",
            "value": 0.6205224039812582
        },
        {
            "Time": "2022-12-09",
            "value": 0.5659941787556103
        },
        {
            "Time": "2022-12-10",
            "value": 1.0499061044814668
        },
        {
            "Time": "2022-12-11",
            "value": 0.30952959649046957
        },
        {
            "Time": "2022-12-12",
            "value": 0.8211846866764583
        },
        {
            "Time": "2022-12-13",
            "value": 1.0290449234284194
        },
        {
            "Time": "2022-12-14",
            "value": 0.5123459183004636
        },
        {
            "Time": "2022-12-15",
            "value": 0.38488201049034665
        },
        {
            "Time": "2022-12-16",
            "value": 0.246034487128521
        },
        {
            "Time": "2022-12-17",
            "value": 0.322184359938004
        },
        {
            "Time": "2022-12-18",
            "value": 1.608852655956645
        },
        {
            "Time": "2022-12-19",
            "value": 1.529536101019931
        },
        {
            "Time": "2022-12-20",
            "value": 1.0145969755864719
        },
        {
            "Time": "2022-12-21",
            "value": 1.5212190497618179
        },
        {
            "Time": "2022-12-22",
            "value": 1.591303965393282
        },
        {
            "Time": "2022-12-23",
            "value": 1.6035247994872455
        },
        {
            "Time": "2022-12-24",
            "value": 1.5802750591116757
        },
        {
            "Time": "2022-12-25",
            "value": 1.6041799065160913
        },
        {
            "Time": "2022-12-26",
            "value": 1.105854508767469
        },
        {
            "Time": "2022-12-27",
            "value": 0.5959628170167076
        },
        {
            "Time": "2022-12-28",
            "value": 0.3736066478270999
        },
        {
            "Time": "2022-12-29",
            "value": 0.2392824057045139
        },
        {
            "Time": "2022-12-30",
            "value": 0.36784722413898147
        },
        {
            "Time": "2022-12-31",
            "value": 0.8435038571065266
        },
        {
            "Time": "2023-01-01",
            "value": 0.5769448206688185
        },
        {
            "Time": "2023-01-02",
            "value": 0.31626736015868057
        },
        {
            "Time": "2023-01-03",
            "value": 0.34070434403247807
        },
        {
            "Time": "2023-01-04",
            "value": 0.35070206900377177
        },
        {
            "Time": "2023-01-05",
            "value": 0.4552164342207291
        },
        {
            "Time": "2023-01-06",
            "value": 1.417517918219452
        },
        {
            "Time": "2023-01-07",
            "value": 1.6878228167992264
        },
        {
            "Time": "2023-01-08",
            "value": 1.6670959935253198
        },
        {
            "Time": "2023-01-09",
            "value": 0.3941782422200417
        },
        {
            "Time": "2023-01-10",
            "value": 0.4326476913742943
        },
        {
            "Time": "2023-01-11",
            "value": 0.5784539026045034
        },
        {
            "Time": "2023-01-12",
            "value": 0.9170342584481808
        },
        {
            "Time": "2023-01-13",
            "value": 0.28987764984588665
        },
        {
            "Time": "2023-01-14",
            "value": 0.8319114231118058
        },
        {
            "Time": "2023-01-15",
            "value": 0.31088389592866733
        },
        {
            "Time": "2023-01-16",
            "value": 1.283567680371866
        },
        {
            "Time": "2023-01-17",
            "value": 0.38765879573922224
        },
        {
            "Time": "2023-01-18",
            "value": 1.360876495469975
        },
        {
            "Time": "2023-01-19",
            "value": 1.290733149499516
        },
        {
            "Time": "2023-01-20",
            "value": 0.6261708389672466
        },
        {
            "Time": "2023-01-21",
            "value": 0.23454745701820603
        },
        {
            "Time": "2023-01-22",
            "value": 1.2236041877466497
        },
        {
            "Time": "2023-01-23",
            "value": 0.20565192115235473
        },
        {
            "Time": "2023-01-24",
            "value": 0.7520701363305404
        },
        {
            "Time": "2023-01-25",
            "value": 1.4928066454547004
        },
        {
            "Time": "2023-01-26",
            "value": 0.8521082800235187
        },
        {
            "Time": "2023-01-27",
            "value": 1.0144157233714428
        },
        {
            "Time": "2023-01-28",
            "value": 1.5371266859808388
        },
        {
            "Time": "2023-01-29",
            "value": 1.5273117752579919
        },
        {
            "Time": "2023-01-30",
            "value": 1.5463293530055606
        },
        {
            "Time": "2023-01-31",
            "value": 1.5432194602866705
        },
        {
            "Time": "2023-02-01",
            "value": 0.4131157423989583
        },
        {
            "Time": "2023-02-02",
            "value": 0.897275893559059
        },
        {
            "Time": "2023-02-03",
            "value": 0.45558975016245973
        },
        {
            "Time": "2023-02-04",
            "value": 0.16807523088541898
        },
        {
            "Time": "2023-02-05",
            "value": 0.32903387924867394
        },
        {
            "Time": "2023-02-06",
            "value": 1.1090291469160598
        },
        {
            "Time": "2023-02-07",
            "value": 0.29662462454318955
        },
        {
            "Time": "2023-02-08",
            "value": 0.1908453453982043
        },
        {
            "Time": "2023-02-09",
            "value": 0.39693849051149777
        },
        {
            "Time": "2023-02-10",
            "value": 0.22364351828484144
        },
        {
            "Time": "2023-02-11",
            "value": 0.6507688110219808
        },
        {
            "Time": "2023-02-12",
            "value": 0.8185155267432939
        },
        {
            "Time": "2023-02-13",
            "value": 0.35042052375835253
        },
        {
            "Time": "2023-02-14",
            "value": 0.7463941490589311
        },
        {
            "Time": "2023-02-15",
            "value": 1.7046369439285767
        },
        {
            "Time": "2023-02-16",
            "value": 2.0998124372030937
        },
        {
            "Time": "2023-02-17",
            "value": 1.6564569668420606
        },
        {
            "Time": "2023-02-18",
            "value": 1.8664308074908642
        },
        {
            "Time": "2023-02-19",
            "value": 0.6565122080860798
        },
        {
            "Time": "2023-02-20",
            "value": 1.2022696023218395
        },
        {
            "Time": "2023-02-21",
            "value": 2.174246105193431
        },
        {
            "Time": "2023-02-22",
            "value": 1.8495210949346879
        },
        {
            "Time": "2023-02-23",
            "value": 1.6411332750702083
        },
        {
            "Time": "2023-02-24",
            "value": 0.8930019664968566
        },
        {
            "Time": "2023-02-25",
            "value": 1.8769455658875394
        },
        {
            "Time": "2023-02-26",
            "value": 2.3302391724815914
        },
        {
            "Time": "2023-02-27",
            "value": 1.8697848309583376
        },
        {
            "Time": "2023-02-28",
            "value": 1.2260444136984912
        },
        {
            "Time": "2023-03-01",
            "value": 1.217180648566535
        },
        {
            "Time": "2023-03-02",
            "value": 1.401806184474632
        },
        {
            "Time": "2023-03-03",
            "value": 2.022662123884882
        },
        {
            "Time": "2023-03-04",
            "value": 2.3696412945979506
        },
        {
            "Time": "2023-03-05",
            "value": 2.3441965638358386
        },
        {
            "Time": "2023-03-06",
            "value": 2.463646040074678
        },
        {
            "Time": "2023-03-07",
            "value": 2.3621386499590744
        },
        {
            "Time": "2023-03-08",
            "value": 2.2413613920004627
        },
        {
            "Time": "2023-03-09",
            "value": 1.741116931928027
        },
        {
            "Time": "2023-03-10",
            "value": 2.4724503948761822
        },
        {
            "Time": "2023-03-11",
            "value": 2.1918588342789764
        },
        {
            "Time": "2023-03-12",
            "value": 0.5418523354106387
        },
        {
            "Time": "2023-03-13",
            "value": 2.0407324483864886
        },
        {
            "Time": "2023-03-14",
            "value": 2.734967982057088
        },
        {
            "Time": "2023-03-15",
            "value": 2.190616781822018
        },
        {
            "Time": "2023-03-16",
            "value": 2.2292572481209794
        },
        {
            "Time": "2023-03-17",
            "value": 1.3660195282798597
        },
        {
            "Time": "2023-03-18",
            "value": 0.3785952648161155
        },
        {
            "Time": "2023-03-19",
            "value": 0.16410300843658565
        },
        {
            "Time": "2023-03-20",
            "value": 1.9672725012034384
        },
        {
            "Time": "2023-03-21",
            "value": 1.06200235399504
        },
        {
            "Time": "2023-03-22",
            "value": 1.827741035183965
        },
        {
            "Time": "2023-03-23",
            "value": 0.19731192006249998
        },
        {
            "Time": "2023-03-24",
            "value": 0.19414957287397278
        },
        {
            "Time": "2023-03-25",
            "value": 0.24869270724606365
        },
        {
            "Time": "2023-03-26",
            "value": 1.00536837150806
        },
        {
            "Time": "2023-03-27",
            "value": 0.0
        }
    ]
}