{
    "data": [
        {
            "Time": "2022-11-27",
            "value": 0.21453373136774717
        },
        {
            "Time": "2022-11-28",
            "value": 0.7799513221288301
        },
        {
            "Time": "2022-11-29",
            "value": 0.6340424654107345
        },
        {
            "Time": "2022-11-30",
            "value": 0.28304951905429715
        },
        {
            "Time": "2022-12-01",
            "value": 0.3255164905154514
        },
        {
            "Time": "2022-12-02",
            "value": 0.36513708760580305
        },
        {
            "Time": "2022-12-03",
            "value": 0.579852533424877
        },
        {
            "Time": "2022-12-04",
            "value": 0.43597326390486113
        },
        {
            "Time": "2022-12-05",
            "value": 0.3740916705101991
        },
        {
            "Time": "2022-12-06",
            "value": 0.5653287375405506
        },
        {
            "Time": "2022-12-07",
            "value": 0.18531782548418055
        },
        {
            "Time": "2022-12-08",
            "value": 0.7469870140897452
        },
        {
            "Time": "2022-12-09",
            "value": 0.6606383154949568
        },
        {
            "Time": "2022-12-10",
            "value": 1.7300802738449026
        },
        {
            "Time": "2022-12-11",
            "value": 0.3436059579912616
        },
        {
            "Time": "2022-12-12",
            "value": 1.026389925106199
        },
        {
            "Time": "2022-12-13",
            "value": 1.2418578953712036
        },
        {
            "Time": "2022-12-14",
            "value": 0.5953838758762974
        },
        {
            "Time": "2022-12-15",
            "value": 0.4399527151614962
        },
        {
            "Time": "2022-12-16",
            "value": 0.2762812605604682
        },
        {
            "Time": "2022-12-17",
            "value": 0.39060660225335914
        },
        {
            "Time": "2022-12-18",
            "value": 2.436968717512953
        },
        {
            "Time": "2022-12-19",
            "value": 2.2629068115567708
        },
        {
            "Time": "2022-12-20",
            "value": 1.0901623795293465
        },
        {
            "Time": "2022-12-21",
            "value": 2.017327580381994
        },
        {
            "Time": "2022-12-22",
            "value": 2.249077332863643
        },
        {
            "Time": "2022-12-23",
            "value": 2.3669928313264674
        },
        {
            "Time": "2022-12-24",
            "value": 2.3864212199862243
        },
        {
            "Time": "2022-12-25",
            "value": 2.39690497234723
        },
        {
            "Time": "2022-12-26",
            "value": 1.2362948540997385
        },
        {
            "Time": "2022-12-27",
            "value": 0.7119999539178787
        },
        {
            "Time": "2022-12-28",
            "value": 0.4229232785066137
        },
        {
            "Time": "2022-12-29",
            "value": 0.274990741455787
        },
        {
            "Time": "2022-12-30",
            "value": 0.4014247712646495
        },
        {
            "Time": "2022-12-31",
            "value": 1.124073228185563
        },
        {
            "Time": "2023-01-01",
            "value": 0.6485600033464667
        },
        {
            "Time": "2023-01-02",
            "value": 0.34623263839809026
        },
        {
            "Time": "2023-01-03",
            "value": 0.37731258155363756
        },
        {
            "Time": "2023-01-04",
            "value": 0.3996619721779861
        },
        {
            "Time": "2023-01-05",
            "value": 0.4991259827605903
        },
        {
            "Time": "2023-01-06",
            "value": 2.1308268043959258
        },
        {
            "Time": "2023-01-07",
            "value": 2.3673070660210414
        },
        {
            "Time": "2023-01-08",
            "value": 2.1862996677127033
        },
        {
            "Time": "2023-01-09",
            "value": 0.4462497146623901
        },
        {
            "Time": "2023-01-10",
            "value": 0.47846717364303054
        },
        {
            "Time": "2023-01-11",
            "value": 0.6405082540619433
        },
        {
            "Time": "2023-01-12",
            "value": 1.155783345048029
        },
        {
            "Time": "2023-01-13",
            "value": 0.3349337593615975
        },
        {
            "Time": "2023-01-14",
            "value": 1.2691745828156404
        },
        {
            "Time": "2023-01-15",
            "value": 0.3621164256877885
        },
        {
            "Time": "2023-01-16",
            "value": 1.55712622704628
        },
        {
            "Time": "2023-01-17",
            "value": 0.4309560195633102
        },
        {
            "Time": "2023-01-18",
            "value": 1.8310792507224438
        },
        {
            "Time": "2023-01-19",
            "value": 1.6452491430678886
        },
        {
            "Time": "2023-01-20",
            "value": 0.7138248744841437
        },
        {
            "Time": "2023-01-21",
            "value": 0.25986110976659144
        },
        {
            "Time": "2023-01-22",
            "value": 1.5879041786538757
        },
        {
            "Time": "2023-01-23",
            "value": 0.24649636188318289
        },
        {
            "Time": "2023-01-24",
            "value": 1.3900392537227597
        },
        {
            "Time": "2023-01-25",
            "value": 1.8782885989600768
        },
        {
            "Time": "2023-01-26",
            "value": 0.9779904282426657
        },
        {
            "Time": "2023-01-27",
            "value": 1.8249077554239777
        },
        {
            "Time": "2023-01-28",
            "value": 2.0593843669714906
        },
        {
            "Time": "2023-01-29",
            "value": 2.2189784851810956
        },
        {
            "Time": "2023-01-30",
            "value": 2.4754897372252476
        },
        {
            "Time": "2023-01-31",
            "value": 2.3451445448172135
        },
        {
            "Time": "2023-02-01",
            "value": 0.4642754663674768
        },
        {
            "Time": "2023-02-02",
            "value": 1.0202756860049746
        },
        {
            "Time": "2023-02-03",
            "value": 0.5107430185126381
        },
        {
            "Time": "2023-02-04",
            "value": 0.1883317142078125
        },
        {
            "Time": "2023-02-05",
            "value": 0.37124412413734736
        },
        {
            "Time": "2023-02-06",
            "value": 1.4248541601431481
        },
        {
            "Time": "2023-02-07",
            "value": 0.3463286881602682
        },
        {
            "Time": "2023-02-08",
            "value": 0.22714169985876984
        },
        {
            "Time": "2023-02-09",
            "value": 0.46611990991919494
        },
        {
            "Time": "2023-02-10",
            "value": 0.2682317018793275
        },
        {
            "Time": "2023-02-11",
            "value": 0.8214054903533131
        },
        {
            "Time": "2023-02-12",
            "value": 1.119225472622726
        },
        {
            "Time": "2023-02-13",
            "value": 0.3949716523716505
        },
        {
            "Time": "2023-02-14",
            "value": 0.951102953385363
        },
        {
            "Time": "2023-02-15",
            "value": 2.2990511510393157
        },
        {
            "Time": "2023-02-16",
            "value": 2.6541122000692394
        },
        {
            "Time": "2023-02-17",
            "value": 2.0171053569495148
        },
        {
            "Time": "2023-02-18",
            "value": 2.3768038372089624
        },
        {
            "Time": "2023-02-19",
            "value": 0.7484591238765887
        },
        {
            "Time": "2023-02-20",
            "value": 1.427897115727051
        },
        {
            "Time": "2023-02-21",
            "value": 2.6366660287763284
        },
        {
            "Time": "2023-02-22",
            "value": 2.31090473953005
        },
        {
            "Time": "2023-02-23",
            "value": 2.216575653069588
        },
        {
            "Time": "2023-02-24",
            "value": 1.0208240423916273
        },
        {
            "Time": "2023-02-25",
            "value": 2.4485285028232084
        },
        {
            "Time": "2023-02-26",
            "value": 2.7430790204775843
        },
        {
            "Time": "2023-02-27",
            "value": 2.4798708916924723
        },
        {
            "Time": "2023-02-28",
            "value": 1.3845562820118438
        },
        {
            "Time": "2023-03-01",
            "value": 1.4225974258037888
        },
        {
            "Time": "2023-03-02",
            "value": 1.8722942774919906
        },
        {
            "Time": "2023-03-03",
            "value": 2.3819818669199946
        },
        {
            "Time": "2023-03-04",
            "value": 2.6924142945217304
        },
        {
            "Time": "2023-03-05",
            "value": 2.62842811629912
        },
        {
            "Time": "2023-03-06",
            "value": 2.7456256403400774
        },
        {
            "Time": "2023-03-07",
            "value": 2.7119011882232793
        },
        {
            "Time": "2023-03-08",
            "value": 2.4263488064714758
        },
        {
            "Time": "2023-03-09",
            "value": 2.160551955442749
        },
        {
            "Time": "2023-03-10",
            "value": 2.7752141784431306
        },
        {
            "Time": "2023-03-11",
            "value": 2.334178900707478
        },
        {
            "Time": "2023-03-12",
            "value": 0.6107280994651844
        },
        {
            "Time": "2023-03-13",
            "value": 2.2697495318314793
        },
        {
            "Time": "2023-03-14",
            "value": 2.866862058953492
        },
        {
            "Time": "2023-03-15",
            "value": 2.396685477547515
        },
        {
            "Time": "2023-03-16",
            "value": 2.4514433787882983
        },
        {
            "Time": "2023-03-17",
            "value": 1.4536656264559469
        },
        {
            "Time": "2023-03-18",
            "value": 0.4264910979834846
        },
        {
            "Time": "2023-03-19",
            "value": 0.19354166704398146
        },
        {
            "Time": "2023-03-20",
            "value": 2.0963652226559764
        },
        {
            "Time": "2023-03-21",
            "value": 1.167042348162359
        },
        {
            "Time": "2023-03-22",
            "value": 1.9248132773541888
        },
        {
            "Time": "2023-03-23",
            "value": 0.23974040936965113
        },
        {
            "Time": "2023-03-24",
            "value": 0.2365433413483912
        },
        {
            "Time": "2023-03-25",
            "value": 0.2930081037838368
        },
        {
            "Time": "2023-03-26",
            "value": 1.0988126202211645
        },
        {
            "Time": "2023-03-27",
            "value": 0.0
        }
    ]
}