{
    "data": [
        {
            "Time": "2022-11-27",
            "value": 0.17028103783798432
        },
        {
            "Time": "2022-11-28",
            "value": 0.5294079947666087
        },
        {
            "Time": "2022-11-29",
            "value": 0.5778784575494623
        },
        {
            "Time": "2022-11-30",
            "value": 0.2439533884152864
        },
        {
            "Time": "2022-12-01",
            "value": 0.28528319142287484
        },
        {
            "Time": "2022-12-02",
            "value": 0.31400086463757343
        },
        {
            "Time": "2022-12-03",
            "value": 0.5172445318654835
        },
        {
            "Time": "2022-12-04",
            "value": 0.38105780583124915
        },
        {
            "Time": "2022-12-05",
            "value": 0.34081701106001394
        },
        {
            "Time": "2022-12-06",
            "value": 0.49744630075789065
        },
        {
            "Time": "2022-12-07",
            "value": 0.14000704030188174
        },
        {
            "Time": "2022-12-08",
            "value": 0.6151601333468156
        },
        {
            "Time": "2022-12-09",
            "value": 0.5678631625033633
        },
        {
            "Time": "2022-12-10",
            "value": 1.0242765358544172
        },
        {
            "Time": "2022-12-11",
            "value": 0.2982038429842408
        },
        {
            "Time": "2022-12-12",
            "value": 0.8270862203050084
        },
        {
            "Time": "2022-12-13",
            "value": 1.0239655372141852
        },
        {
            "Time": "2022-12-14",
            "value": 0.5135420156168924
        },
        {
            "Time": "2022-12-15",
            "value": 0.37291467428765585
        },
        {
            "Time": "2022-12-16",
            "value": 0.23318235382565958
        },
        {
            "Time": "2022-12-17",
            "value": 0.3214355141920631
        },
        {
            "Time": "2022-12-18",
            "value": 1.5768148343019357
        },
        {
            "Time": "2022-12-19",
            "value": 1.4979133676377847
        },
        {
            "Time": "2022-12-20",
            "value": 0.9422480539577739
        },
        {
            "Time": "2022-12-21",
            "value": 1.528546770649133
        },
        {
            "Time": "2022-12-22",
            "value": 1.5836665723602787
        },
        {
            "Time": "2022-12-23",
            "value": 1.5839554678657577
        },
        {
            "Time": "2022-12-24",
            "value": 1.570215111327652
        },
        {
            "Time": "2022-12-25",
            "value": 1.5820641660963186
        },
        {
            "Time": "2022-12-26",
            "value": 1.0510427339715156
        },
        {
            "Time": "2022-12-27",
            "value": 0.6253158618849386
        },
        {
            "Time": "2022-12-28",
            "value": 0.36628008874019446
        },
        {
            "Time": "2022-12-29",
            "value": 0.2328533940318287
        },
        {
            "Time": "2022-12-30",
            "value": 0.3580508116413248
        },
        {
            "Time": "2022-12-31",
            "value": 0.8586753043880141
        },
        {
            "Time": "2023-01-01",
            "value": 0.5635505102083121
        },
        {
            "Time": "2023-01-02",
            "value": 0.30228125241936343
        },
        {
            "Time": "2023-01-03",
            "value": 0.3369747856709451
        },
        {
            "Time": "2023-01-04",
            "value": 0.34213817628970156
        },
        {
            "Time": "2023-01-05",
            "value": 0.4408629779625376
        },
        {
            "Time": "2023-01-06",
            "value": 1.4693502926435742
        },
        {
            "Time": "2023-01-07",
            "value": 1.6798531356221298
        },
        {
            "Time": "2023-01-08",
            "value": 1.6303079942810959
        },
        {
            "Time": "2023-01-09",
            "value": 0.3935482262143444
        },
        {
            "Time": "2023-01-10",
            "value": 0.42746890216249656
        },
        {
            "Time": "2023-01-11",
            "value": 0.5609191124926237
        },
        {
            "Time": "2023-01-12",
            "value": 0.9169596542332674
        },
        {
            "Time": "2023-01-13",
            "value": 0.28264001168581987
        },
        {
            "Time": "2023-01-14",
            "value": 0.8344204844180169
        },
        {
            "Time": "2023-01-15",
            "value": 0.31160073999651683
        },
        {
            "Time": "2023-01-16",
            "value": 1.2744443949891362
        },
        {
            "Time": "2023-01-17",
            "value": 0.3771375309304015
        },
        {
            "Time": "2023-01-18",
            "value": 1.4123888456014912
        },
        {
            "Time": "2023-01-19",
            "value": 1.2990358142208291
        },
        {
            "Time": "2023-01-20",
            "value": 0.6192105692018305
        },
        {
            "Time": "2023-01-21",
            "value": 0.23143977356088358
        },
        {
            "Time": "2023-01-22",
            "value": 1.2421307838622935
        },
        {
            "Time": "2023-01-23",
            "value": 0.20914913418456973
        },
        {
            "Time": "2023-01-24",
            "value": 0.7951061935311469
        },
        {
            "Time": "2023-01-25",
            "value": 1.5985236488166963
        },
        {
            "Time": "2023-01-26",
            "value": 0.8447725207579073
        },
        {
            "Time": "2023-01-27",
            "value": 1.0716340246212326
        },
        {
            "Time": "2023-01-28",
            "value": 1.579090284803647
        },
        {
            "Time": "2023-01-29",
            "value": 1.549019241092642
        },
        {
            "Time": "2023-01-30",
            "value": 1.6011273802379524
        },
        {
            "Time": "2023-01-31",
            "value": 1.5704953131815094
        },
        {
            "Time": "2023-02-01",
            "value": 0.39845808310108155
        },
        {
            "Time": "2023-02-02",
            "value": 0.8936775714878948
        },
        {
            "Time": "2023-02-03",
            "value": 0.4401948149345796
        },
        {
            "Time": "2023-02-04",
            "value": 0.14769918609116073
        },
        {
            "Time": "2023-02-05",
            "value": 0.3102239586383982
        },
        {
            "Time": "2023-02-06",
            "value": 1.0883094066882915
        },
        {
            "Time": "2023-02-07",
            "value": 0.2870801112914728
        },
        {
            "Time": "2023-02-08",
            "value": 0.19181929195540917
        },
        {
            "Time": "2023-02-09",
            "value": 0.388232703274657
        },
        {
            "Time": "2023-02-10",
            "value": 0.2166291342251976
        },
        {
            "Time": "2023-02-11",
            "value": 0.6459049589841678
        },
        {
            "Time": "2023-02-12",
            "value": 0.8301676623105209
        },
        {
            "Time": "2023-02-13",
            "value": 0.34712843028877705
        },
        {
            "Time": "2023-02-14",
            "value": 0.7461859752075377
        },
        {
            "Time": "2023-02-15",
            "value": 1.836249740630078
        },
        {
            "Time": "2023-02-16",
            "value": 2.2198701562431715
        },
        {
            "Time": "2023-02-17",
            "value": 1.6848164965111643
        },
        {
            "Time": "2023-02-18",
            "value": 1.9571302503737527
        },
        {
            "Time": "2023-02-19",
            "value": 0.6567076971876549
        },
        {
            "Time": "2023-02-20",
            "value": 1.2103159289685184
        },
        {
            "Time": "2023-02-21",
            "value": 2.2995420233912762
        },
        {
            "Time": "2023-02-22",
            "value": 1.8903099515052326
        },
        {
            "Time": "2023-02-23",
            "value": 1.7423977084720048
        },
        {
            "Time": "2023-02-24",
            "value": 0.8951240372568668
        },
        {
            "Time": "2023-02-25",
            "value": 1.9920269156545645
        },
        {
            "Time": "2023-02-26",
            "value": 2.4631738253890716
        },
        {
            "Time": "2023-02-27",
            "value": 1.9993688150558342
        },
        {
            "Time": "2023-02-28",
            "value": 1.2167144358535162
        },
        {
            "Time": "2023-03-01",
            "value": 1.2798003127899082
        },
        {
            "Time": "2023-03-02",
            "value": 1.4838165107771293
        },
        {
            "Time": "2023-03-03",
            "value": 2.093292100108774
        },
        {
            "Time": "2023-03-04",
            "value": 2.4655869275732902
        },
        {
            "Time": "2023-03-05",
            "value": 2.4164716716719976
        },
        {
            "Time": "2023-03-06",
            "value": 2.537840679567496
        },
        {
            "Time": "2023-03-07",
            "value": 2.41662709667224
        },
        {
            "Time": "2023-03-08",
            "value": 2.3018155571772136
        },
        {
            "Time": "2023-03-09",
            "value": 1.811977084974136
        },
        {
            "Time": "2023-03-10",
            "value": 2.542208229452949
        },
        {
            "Time": "2023-03-11",
            "value": 2.2225705683717596
        },
        {
            "Time": "2023-03-12",
            "value": 0.5342526004755389
        },
        {
            "Time": "2023-03-13",
            "value": 2.0966948657033835
        },
        {
            "Time": "2023-03-14",
            "value": 2.774946247499398
        },
        {
            "Time": "2023-03-15",
            "value": 2.2446286788154874
        },
        {
            "Time": "2023-03-16",
            "value": 2.3004985860175258
        },
        {
            "Time": "2023-03-17",
            "value": 1.3383127056753217
        },
        {
            "Time": "2023-03-18",
            "value": 0.37145204171649654
        },
        {
            "Time": "2023-03-19",
            "value": 0.16176578526600496
        },
        {
            "Time": "2023-03-20",
            "value": 1.956230559451522
        },
        {
            "Time": "2023-03-21",
            "value": 1.0423144300756197
        },
        {
            "Time": "2023-03-22",
            "value": 1.815931974001719
        },
        {
            "Time": "2023-03-23",
            "value": 0.17134388223286678
        },
        {
            "Time": "2023-03-24",
            "value": 0.17530415063301452
        },
        {
            "Time": "2023-03-25",
            "value": 0.25223619960985516
        },
        {
            "Time": "2023-03-26",
            "value": 1.0003070132146372
        },
        {
            "Time": "2023-03-27",
            "value": 0.0
        }
    ]
}