{
    "data": [
        {
            "Time": "2022-11-27",
            "value": 0.17628741399424674
        },
        {
            "Time": "2022-11-28",
            "value": 0.7498608114249069
        },
        {
            "Time": "2022-11-29",
            "value": 0.5752757931780625
        },
        {
            "Time": "2022-11-30",
            "value": 0.2574230416738276
        },
        {
            "Time": "2022-12-01",
            "value": 0.31856267793140436
        },
        {
            "Time": "2022-12-02",
            "value": 0.35256454336529847
        },
        {
            "Time": "2022-12-03",
            "value": 0.6042665929136061
        },
        {
            "Time": "2022-12-04",
            "value": 0.4643089704398707
        },
        {
            "Time": "2022-12-05",
            "value": 0.3884368236633745
        },
        {
            "Time": "2022-12-06",
            "value": 0.6016490204686735
        },
        {
            "Time": "2022-12-07",
            "value": 0.13982349444493633
        },
        {
            "Time": "2022-12-08",
            "value": 0.8563279945071667
        },
        {
            "Time": "2022-12-09",
            "value": 0.7063164439868498
        },
        {
            "Time": "2022-12-10",
            "value": 1.4287785333972083
        },
        {
            "Time": "2022-12-11",
            "value": 0.3402089251213511
        },
        {
            "Time": "2022-12-12",
            "value": 0.9369770042989403
        },
        {
            "Time": "2022-12-13",
            "value": 1.0945156262192444
        },
        {
            "Time": "2022-12-14",
            "value": 0.6290410359904297
        },
        {
            "Time": "2022-12-15",
            "value": 0.43532117100673645
        },
        {
            "Time": "2022-12-16",
            "value": 0.2755694488678778
        },
        {
            "Time": "2022-12-17",
            "value": 0.38922894055996765
        },
        {
            "Time": "2022-12-18",
            "value": 1.5505770628731879
        },
        {
            "Time": "2022-12-19",
            "value": 1.4529235055303205
        },
        {
            "Time": "2022-12-20",
            "value": 0.9246668550330658
        },
        {
            "Time": "2022-12-21",
            "value": 1.4685247686324194
        },
        {
            "Time": "2022-12-22",
            "value": 1.492034139486361
        },
        {
            "Time": "2022-12-23",
            "value": 1.5348364962097283
        },
        {
            "Time": "2022-12-24",
            "value": 1.5373360641861344
        },
        {
            "Time": "2022-12-25",
            "value": 1.5460115841695328
        },
        {
            "Time": "2022-12-26",
            "value": 1.3549525541691225
        },
        {
            "Time": "2022-12-27",
            "value": 0.7785957355072237
        },
        {
            "Time": "2022-12-28",
            "value": 0.4346130362394867
        },
        {
            "Time": "2022-12-29",
            "value": 0.2408966412018266
        },
        {
            "Time": "2022-12-30",
            "value": 0.39371674689039565
        },
        {
            "Time": "2022-12-31",
            "value": 1.1443241204582808
        },
        {
            "Time": "2023-01-01",
            "value": 0.7077725548076894
        },
        {
            "Time": "2023-01-02",
            "value": 0.32135581768040344
        },
        {
            "Time": "2023-01-03",
            "value": 0.386338000144733
        },
        {
            "Time": "2023-01-04",
            "value": 0.402955936661196
        },
        {
            "Time": "2023-01-05",
            "value": 0.523603009682456
        },
        {
            "Time": "2023-01-06",
            "value": 1.4980254549004495
        },
        {
            "Time": "2023-01-07",
            "value": 1.5725747319980943
        },
        {
            "Time": "2023-01-08",
            "value": 1.5757817059040848
        },
        {
            "Time": "2023-01-09",
            "value": 0.46680285371403474
        },
        {
            "Time": "2023-01-10",
            "value": 0.46567190283793564
        },
        {
            "Time": "2023-01-11",
            "value": 0.6919753985064848
        },
        {
            "Time": "2023-01-12",
            "value": 1.2309037301196122
        },
        {
            "Time": "2023-01-13",
            "value": 0.2965091629829916
        },
        {
            "Time": "2023-01-14",
            "value": 1.2283269982061813
        },
        {
            "Time": "2023-01-15",
            "value": 0.3664183106799394
        },
        {
            "Time": "2023-01-16",
            "value": 1.4701070709140065
        },
        {
            "Time": "2023-01-17",
            "value": 0.4263265127967602
        },
        {
            "Time": "2023-01-18",
            "value": 1.6087166868856293
        },
        {
            "Time": "2023-01-19",
            "value": 1.4641139797377223
        },
        {
            "Time": "2023-01-20",
            "value": 0.7834309515329991
        },
        {
            "Time": "2023-01-21",
            "value": 0.23643220802279993
        },
        {
            "Time": "2023-01-22",
            "value": 1.4513803982179805
        },
        {
            "Time": "2023-01-23",
            "value": 0.2242871838836252
        },
        {
            "Time": "2023-01-24",
            "value": 1.3150886876312102
        },
        {
            "Time": "2023-01-25",
            "value": 1.7667808895021413
        },
        {
            "Time": "2023-01-26",
            "value": 1.0777569644089409
        },
        {
            "Time": "2023-01-27",
            "value": 1.6805468564559713
        },
        {
            "Time": "2023-01-28",
            "value": 1.772773373292571
        },
        {
            "Time": "2023-01-29",
            "value": 1.8237930134750047
        },
        {
            "Time": "2023-01-30",
            "value": 1.810536775216773
        },
        {
            "Time": "2023-01-31",
            "value": 1.8172505474582308
        },
        {
            "Time": "2023-02-01",
            "value": 0.45903587446186905
        },
        {
            "Time": "2023-02-02",
            "value": 0.9780776133482999
        },
        {
            "Time": "2023-02-03",
            "value": 0.5210210707520124
        },
        {
            "Time": "2023-02-04",
            "value": 0.13308992255857485
        },
        {
            "Time": "2023-02-05",
            "value": 0.33500618416416994
        },
        {
            "Time": "2023-02-06",
            "value": 1.3975385424842075
        },
        {
            "Time": "2023-02-07",
            "value": 0.33762490320608507
        },
        {
            "Time": "2023-02-08",
            "value": 0.1590940413651641
        },
        {
            "Time": "2023-02-09",
            "value": 0.45861018769073636
        },
        {
            "Time": "2023-02-10",
            "value": 0.242497298301582
        },
        {
            "Time": "2023-02-11",
            "value": 0.8153662913181059
        },
        {
            "Time": "2023-02-12",
            "value": 1.1359123403025106
        },
        {
            "Time": "2023-02-13",
            "value": 0.38444254904023145
        },
        {
            "Time": "2023-02-14",
            "value": 0.9706546854942825
        },
        {
            "Time": "2023-02-15",
            "value": 2.0273103404098203
        },
        {
            "Time": "2023-02-16",
            "value": 2.282441740049895
        },
        {
            "Time": "2023-02-17",
            "value": 1.901270177797644
        },
        {
            "Time": "2023-02-18",
            "value": 2.2886671076145215
        },
        {
            "Time": "2023-02-19",
            "value": 0.8011073408018926
        },
        {
            "Time": "2023-02-20",
            "value": 1.604977597473255
        },
        {
            "Time": "2023-02-21",
            "value": 2.91036122464789
        },
        {
            "Time": "2023-02-22",
            "value": 2.5078392860689345
        },
        {
            "Time": "2023-02-23",
            "value": 2.602917435113999
        },
        {
            "Time": "2023-02-24",
            "value": 1.1464872062168372
        },
        {
            "Time": "2023-02-25",
            "value": 2.910135274206723
        },
        {
            "Time": "2023-02-26",
            "value": 3.31777212148025
        },
        {
            "Time": "2023-02-27",
            "value": 2.8751505745298553
        },
        {
            "Time": "2023-02-28",
            "value": 1.5811740909128014
        },
        {
            "Time": "2023-03-01",
            "value": 1.6521984014261448
        },
        {
            "Time": "2023-03-02",
            "value": 2.1872795871993684
        },
        {
            "Time": "2023-03-03",
            "value": 2.9785704428076256
        },
        {
            "Time": "2023-03-04",
            "value": 3.3515229347446587
        },
        {
            "Time": "2023-03-05",
            "value": 3.3383025982176573
        },
        {
            "Time": "2023-03-06",
            "value": 3.48290278892126
        },
        {
            "Time": "2023-03-07",
            "value": 3.4787160163950244
        },
        {
            "Time": "2023-03-08",
            "value": 3.1828668334106163
        },
        {
            "Time": "2023-03-09",
            "value": 2.4552545470570086
        },
        {
            "Time": "2023-03-10",
            "value": 3.59171119634238
        },
        {
            "Time": "2023-03-11",
            "value": 3.027071610761157
        },
        {
            "Time": "2023-03-12",
            "value": 0.6302377858999966
        },
        {
            "Time": "2023-03-13",
            "value": 2.771602462695912
        },
        {
            "Time": "2023-03-14",
            "value": 3.6717182339908834
        },
        {
            "Time": "2023-03-15",
            "value": 3.0355035198461446
        },
        {
            "Time": "2023-03-16",
            "value": 3.057972346278861
        },
        {
            "Time": "2023-03-17",
            "value": 1.7412111864556525
        },
        {
            "Time": "2023-03-18",
            "value": 0.42273428642946087
        },
        {
            "Time": "2023-03-19",
            "value": 0.12306175587639577
        },
        {
            "Time": "2023-03-20",
            "value": 2.4799835921154427
        },
        {
            "Time": "2023-03-21",
            "value": 1.3035785686814003
        },
        {
            "Time": "2023-03-22",
            "value": 2.3837368685867455
        },
        {
            "Time": "2023-03-23",
            "value": 0.18033751932390085
        },
        {
            "Time": "2023-03-24",
            "value": 0.20392283285066518
        },
        {
            "Time": "2023-03-25",
            "value": 0.27044531400956945
        },
        {
            "Time": "2023-03-26",
            "value": 1.244308178100291
        },
        {
            "Time": "2023-03-27",
            "value": 0.0
        }
    ]
}