{
    "data": [
        {
            "Time": "2022-11-27",
            "value": 0.24884468310992627
        },
        {
            "Time": "2022-11-28",
            "value": 1.094225140326158
        },
        {
            "Time": "2022-11-29",
            "value": 0.972733232393223
        },
        {
            "Time": "2022-11-30",
            "value": 0.3486528965564294
        },
        {
            "Time": "2022-12-01",
            "value": 0.42413020876273466
        },
        {
            "Time": "2022-12-02",
            "value": 0.4532425039757489
        },
        {
            "Time": "2022-12-03",
            "value": 0.7597517899941432
        },
        {
            "Time": "2022-12-04",
            "value": 0.5933750948692381
        },
        {
            "Time": "2022-12-05",
            "value": 0.5045696576660827
        },
        {
            "Time": "2022-12-06",
            "value": 0.7369412183332855
        },
        {
            "Time": "2022-12-07",
            "value": 0.20239699060361688
        },
        {
            "Time": "2022-12-08",
            "value": 1.1261712025455566
        },
        {
            "Time": "2022-12-09",
            "value": 0.8652675359593952
        },
        {
            "Time": "2022-12-10",
            "value": 2.554791552974705
        },
        {
            "Time": "2022-12-11",
            "value": 0.4467988670971867
        },
        {
            "Time": "2022-12-12",
            "value": 1.4160073062906833
        },
        {
            "Time": "2022-12-13",
            "value": 1.88210878755173
        },
        {
            "Time": "2022-12-14",
            "value": 0.7690792991913831
        },
        {
            "Time": "2022-12-15",
            "value": 0.5599044779695762
        },
        {
            "Time": "2022-12-16",
            "value": 0.36830199413478154
        },
        {
            "Time": "2022-12-17",
            "value": 0.5083097878953959
        },
        {
            "Time": "2022-12-18",
            "value": 3.1992936955717375
        },
        {
            "Time": "2022-12-19",
            "value": 2.979914323804693
        },
        {
            "Time": "2022-12-20",
            "value": 1.6571683755249487
        },
        {
            "Time": "2022-12-21",
            "value": 2.9410783563527585
        },
        {
            "Time": "2022-12-22",
            "value": 2.9694889566770946
        },
        {
            "Time": "2022-12-23",
            "value": 3.1078151011611075
        },
        {
            "Time": "2022-12-24",
            "value": 3.1310545683738953
        },
        {
            "Time": "2022-12-25",
            "value": 3.152453273296685
        },
        {
            "Time": "2022-12-26",
            "value": 2.464055773013617
        },
        {
            "Time": "2022-12-27",
            "value": 1.1071214501742919
        },
        {
            "Time": "2022-12-28",
            "value": 0.5473174595570337
        },
        {
            "Time": "2022-12-29",
            "value": 0.33809655964833
        },
        {
            "Time": "2022-12-30",
            "value": 0.5116238440586806
        },
        {
            "Time": "2022-12-31",
            "value": 1.6822893063451292
        },
        {
            "Time": "2023-01-01",
            "value": 0.8977609707444422
        },
        {
            "Time": "2023-01-02",
            "value": 0.43257638567824075
        },
        {
            "Time": "2023-01-03",
            "value": 0.5028892805570016
        },
        {
            "Time": "2023-01-04",
            "value": 0.5014803246520255
        },
        {
            "Time": "2023-01-05",
            "value": 0.6493504024646876
        },
        {
            "Time": "2023-01-06",
            "value": 2.953255006797839
        },
        {
            "Time": "2023-01-07",
            "value": 3.1379401707018784
        },
        {
            "Time": "2023-01-08",
            "value": 3.1261948655429674
        },
        {
            "Time": "2023-01-09",
            "value": 0.5785757654851178
        },
        {
            "Time": "2023-01-10",
            "value": 0.6194568898304375
        },
        {
            "Time": "2023-01-11",
            "value": 0.8702813851440603
        },
        {
            "Time": "2023-01-12",
            "value": 1.8594223873895028
        },
        {
            "Time": "2023-01-13",
            "value": 0.39088872454453943
        },
        {
            "Time": "2023-01-14",
            "value": 2.0102355641374987
        },
        {
            "Time": "2023-01-15",
            "value": 0.47045572786050016
        },
        {
            "Time": "2023-01-16",
            "value": 2.5690650126783563
        },
        {
            "Time": "2023-01-17",
            "value": 0.5452367466179653
        },
        {
            "Time": "2023-01-18",
            "value": 2.9891695210217373
        },
        {
            "Time": "2023-01-19",
            "value": 2.447226174031706
        },
        {
            "Time": "2023-01-20",
            "value": 1.029951286329502
        },
        {
            "Time": "2023-01-21",
            "value": 0.3387408235994841
        },
        {
            "Time": "2023-01-22",
            "value": 2.4517069353426444
        },
        {
            "Time": "2023-01-23",
            "value": 0.320300960297229
        },
        {
            "Time": "2023-01-24",
            "value": 2.1711845711870024
        },
        {
            "Time": "2023-01-25",
            "value": 3.256467838812422
        },
        {
            "Time": "2023-01-26",
            "value": 1.619828644232744
        },
        {
            "Time": "2023-01-27",
            "value": 3.033565858557047
        },
        {
            "Time": "2023-01-28",
            "value": 3.364210229650101
        },
        {
            "Time": "2023-01-29",
            "value": 3.3805775784347394
        },
        {
            "Time": "2023-01-30",
            "value": 3.4510674655592246
        },
        {
            "Time": "2023-01-31",
            "value": 3.4296769992514298
        },
        {
            "Time": "2023-02-01",
            "value": 0.5743853293402199
        },
        {
            "Time": "2023-02-02",
            "value": 1.3472518156404463
        },
        {
            "Time": "2023-02-03",
            "value": 0.657497990400213
        },
        {
            "Time": "2023-02-04",
            "value": 0.23964583170537038
        },
        {
            "Time": "2023-02-05",
            "value": 0.4748671456074322
        },
        {
            "Time": "2023-02-06",
            "value": 2.0368499854967075
        },
        {
            "Time": "2023-02-07",
            "value": 0.4709861591964256
        },
        {
            "Time": "2023-02-08",
            "value": 0.26142190573383745
        },
        {
            "Time": "2023-02-09",
            "value": 0.6000143849352108
        },
        {
            "Time": "2023-02-10",
            "value": 0.3441328208759453
        },
        {
            "Time": "2023-02-11",
            "value": 1.1031395932879258
        },
        {
            "Time": "2023-02-12",
            "value": 1.530238572427775
        },
        {
            "Time": "2023-02-13",
            "value": 0.5243580946298705
        },
        {
            "Time": "2023-02-14",
            "value": 1.2181161414112422
        },
        {
            "Time": "2023-02-15",
            "value": 3.199594608827522
        },
        {
            "Time": "2023-02-16",
            "value": 3.670718938609459
        },
        {
            "Time": "2023-02-17",
            "value": 2.693593706144865
        },
        {
            "Time": "2023-02-18",
            "value": 3.2396467268647453
        },
        {
            "Time": "2023-02-19",
            "value": 0.9603414010657316
        },
        {
            "Time": "2023-02-20",
            "value": 1.9396340793068174
        },
        {
            "Time": "2023-02-21",
            "value": 3.572087817563178
        },
        {
            "Time": "2023-02-22",
            "value": 3.113274982420994
        },
        {
            "Time": "2023-02-23",
            "value": 2.9557746955387882
        },
        {
            "Time": "2023-02-24",
            "value": 1.3490224174423413
        },
        {
            "Time": "2023-02-25",
            "value": 3.3997763876151232
        },
        {
            "Time": "2023-02-26",
            "value": 3.6922407864741866
        },
        {
            "Time": "2023-02-27",
            "value": 3.1703437756071113
        },
        {
            "Time": "2023-02-28",
            "value": 1.8768149017723317
        },
        {
            "Time": "2023-03-01",
            "value": 1.9023058538646085
        },
        {
            "Time": "2023-03-02",
            "value": 2.5430744209456515
        },
        {
            "Time": "2023-03-03",
            "value": 3.2852703707213347
        },
        {
            "Time": "2023-03-04",
            "value": 3.57053827820795
        },
        {
            "Time": "2023-03-05",
            "value": 3.5610517266545894
        },
        {
            "Time": "2023-03-06",
            "value": 3.6527087140834973
        },
        {
            "Time": "2023-03-07",
            "value": 3.6267737291419566
        },
        {
            "Time": "2023-03-08",
            "value": 3.350431284898591
        },
        {
            "Time": "2023-03-09",
            "value": 2.6454442052415215
        },
        {
            "Time": "2023-03-10",
            "value": 3.710648495979918
        },
        {
            "Time": "2023-03-11",
            "value": 3.2359288224359166
        },
        {
            "Time": "2023-03-12",
            "value": 0.7760862399813272
        },
        {
            "Time": "2023-03-13",
            "value": 3.0096128784384373
        },
        {
            "Time": "2023-03-14",
            "value": 3.6749161453759345
        },
        {
            "Time": "2023-03-15",
            "value": 3.253621326317846
        },
        {
            "Time": "2023-03-16",
            "value": 3.206987042996127
        },
        {
            "Time": "2023-03-17",
            "value": 1.9867899562811886
        },
        {
            "Time": "2023-03-18",
            "value": 0.5414579533584465
        },
        {
            "Time": "2023-03-19",
            "value": 0.22988128226306215
        },
        {
            "Time": "2023-03-20",
            "value": 2.679353376084026
        },
        {
            "Time": "2023-03-21",
            "value": 1.5175359448605557
        },
        {
            "Time": "2023-03-22",
            "value": 2.6178038359076985
        },
        {
            "Time": "2023-03-23",
            "value": 0.303569481120379
        },
        {
            "Time": "2023-03-24",
            "value": 0.33751053106059603
        },
        {
            "Time": "2023-03-25",
            "value": 0.42941318856959493
        },
        {
            "Time": "2023-03-26",
            "value": 1.4621361823866228
        },
        {
            "Time": "2023-03-27",
            "value": 0.0
        }
    ]
}