{
    "data": [
        {
            "Time": "2022-11-27",
            "value": 0.22730370296285562
        },
        {
            "Time": "2022-11-28",
            "value": 0.9195907332043491
        },
        {
            "Time": "2022-11-29",
            "value": 0.7986593850199069
        },
        {
            "Time": "2022-11-30",
            "value": 0.3121007451445553
        },
        {
            "Time": "2022-12-01",
            "value": 0.380785989734919
        },
        {
            "Time": "2022-12-02",
            "value": 0.4142264093670376
        },
        {
            "Time": "2022-12-03",
            "value": 0.6663289620310515
        },
        {
            "Time": "2022-12-04",
            "value": 0.5085841632520582
        },
        {
            "Time": "2022-12-05",
            "value": 0.4349224710570486
        },
        {
            "Time": "2022-12-06",
            "value": 0.6455269070981481
        },
        {
            "Time": "2022-12-07",
            "value": 0.1916837396070023
        },
        {
            "Time": "2022-12-08",
            "value": 0.877439806471679
        },
        {
            "Time": "2022-12-09",
            "value": 0.7385078374189921
        },
        {
            "Time": "2022-12-10",
            "value": 2.206347400091493
        },
        {
            "Time": "2022-12-11",
            "value": 0.3888184334520078
        },
        {
            "Time": "2022-12-12",
            "value": 1.2328862535144989
        },
        {
            "Time": "2022-12-13",
            "value": 1.8430823361106807
        },
        {
            "Time": "2022-12-14",
            "value": 0.6662289496431231
        },
        {
            "Time": "2022-12-15",
            "value": 0.5782770439409656
        },
        {
            "Time": "2022-12-16",
            "value": 0.3267820112166107
        },
        {
            "Time": "2022-12-17",
            "value": 0.41804288763932
        },
        {
            "Time": "2022-12-18",
            "value": 3.0216825249803176
        },
        {
            "Time": "2022-12-19",
            "value": 2.885186257430165
        },
        {
            "Time": "2022-12-20",
            "value": 1.659659161867828
        },
        {
            "Time": "2022-12-21",
            "value": 2.796528430369945
        },
        {
            "Time": "2022-12-22",
            "value": 2.87395051292572
        },
        {
            "Time": "2022-12-23",
            "value": 2.980316833522123
        },
        {
            "Time": "2022-12-24",
            "value": 2.948212702360685
        },
        {
            "Time": "2022-12-25",
            "value": 2.9896511753272548
        },
        {
            "Time": "2022-12-26",
            "value": 2.350006128828802
        },
        {
            "Time": "2022-12-27",
            "value": 0.9815632684076846
        },
        {
            "Time": "2022-12-28",
            "value": 0.4813483749822917
        },
        {
            "Time": "2022-12-29",
            "value": 0.29092791056035056
        },
        {
            "Time": "2022-12-30",
            "value": 0.45339582641736115
        },
        {
            "Time": "2022-12-31",
            "value": 1.4894231879524114
        },
        {
            "Time": "2023-01-01",
            "value": 0.7394173953289259
        },
        {
            "Time": "2023-01-02",
            "value": 0.3697506320498337
        },
        {
            "Time": "2023-01-03",
            "value": 0.44023851061517355
        },
        {
            "Time": "2023-01-04",
            "value": 0.43955758097667824
        },
        {
            "Time": "2023-01-05",
            "value": 0.5676275459061111
        },
        {
            "Time": "2023-01-06",
            "value": 2.877453670684862
        },
        {
            "Time": "2023-01-07",
            "value": 2.991607810744815
        },
        {
            "Time": "2023-01-08",
            "value": 2.9159197068032054
        },
        {
            "Time": "2023-01-09",
            "value": 0.4964821584645004
        },
        {
            "Time": "2023-01-10",
            "value": 0.5021830718961606
        },
        {
            "Time": "2023-01-11",
            "value": 0.7134154241439064
        },
        {
            "Time": "2023-01-12",
            "value": 1.1999282774283364
        },
        {
            "Time": "2023-01-13",
            "value": 0.3463189852522709
        },
        {
            "Time": "2023-01-14",
            "value": 1.5571465159841544
        },
        {
            "Time": "2023-01-15",
            "value": 0.40465008219059045
        },
        {
            "Time": "2023-01-16",
            "value": 2.3627548977595683
        },
        {
            "Time": "2023-01-17",
            "value": 0.481501774835497
        },
        {
            "Time": "2023-01-18",
            "value": 2.911466130514342
        },
        {
            "Time": "2023-01-19",
            "value": 2.320237504151945
        },
        {
            "Time": "2023-01-20",
            "value": 0.9467657757527523
        },
        {
            "Time": "2023-01-21",
            "value": 0.2967442131017361
        },
        {
            "Time": "2023-01-22",
            "value": 2.3004232569924983
        },
        {
            "Time": "2023-01-23",
            "value": 0.2763636716605159
        },
        {
            "Time": "2023-01-24",
            "value": 1.2875965234091202
        },
        {
            "Time": "2023-01-25",
            "value": 3.1441222246108205
        },
        {
            "Time": "2023-01-26",
            "value": 1.086079291619329
        },
        {
            "Time": "2023-01-27",
            "value": 2.801619574677788
        },
        {
            "Time": "2023-01-28",
            "value": 3.117236451081444
        },
        {
            "Time": "2023-01-29",
            "value": 3.189621445027784
        },
        {
            "Time": "2023-01-30",
            "value": 3.2426836652666293
        },
        {
            "Time": "2023-01-31",
            "value": 3.204593467360208
        },
        {
            "Time": "2023-02-01",
            "value": 0.50876967983125
        },
        {
            "Time": "2023-02-02",
            "value": 1.005603843340638
        },
        {
            "Time": "2023-02-03",
            "value": 0.5734028426635103
        },
        {
            "Time": "2023-02-04",
            "value": 0.20985155990804397
        },
        {
            "Time": "2023-02-05",
            "value": 0.4151010448887001
        },
        {
            "Time": "2023-02-06",
            "value": 1.7129755386148644
        },
        {
            "Time": "2023-02-07",
            "value": 0.40515974993405995
        },
        {
            "Time": "2023-02-08",
            "value": 0.22806548293137086
        },
        {
            "Time": "2023-02-09",
            "value": 0.5110798821767781
        },
        {
            "Time": "2023-02-10",
            "value": 0.29692705594497104
        },
        {
            "Time": "2023-02-11",
            "value": 0.8460082714793619
        },
        {
            "Time": "2023-02-12",
            "value": 1.1518852324466438
        },
        {
            "Time": "2023-02-13",
            "value": 0.42759587825803586
        },
        {
            "Time": "2023-02-14",
            "value": 1.053313950215279
        },
        {
            "Time": "2023-02-15",
            "value": 2.936760294148164
        },
        {
            "Time": "2023-02-16",
            "value": 3.420146426679568
        },
        {
            "Time": "2023-02-17",
            "value": 2.5866497541473055
        },
        {
            "Time": "2023-02-18",
            "value": 1.8610767160817008
        },
        {
            "Time": "2023-02-19",
            "value": 0.8152114622316694
        },
        {
            "Time": "2023-02-20",
            "value": 1.5060787079754432
        },
        {
            "Time": "2023-02-21",
            "value": 3.3812380226394283
        },
        {
            "Time": "2023-02-22",
            "value": 3.0033802954135322
        },
        {
            "Time": "2023-02-23",
            "value": 1.8483105275225031
        },
        {
            "Time": "2023-02-24",
            "value": 1.0851950979941318
        },
        {
            "Time": "2023-02-25",
            "value": 2.0114548980361913
        },
        {
            "Time": "2023-02-26",
            "value": 2.969677932865593
        },
        {
            "Time": "2023-02-27",
            "value": 2.081517420933202
        },
        {
            "Time": "2023-02-28",
            "value": 1.487190197691969
        },
        {
            "Time": "2023-03-01",
            "value": 1.4632395035267614
        },
        {
            "Time": "2023-03-02",
            "value": 1.9460272312621865
        },
        {
            "Time": "2023-03-03",
            "value": 2.462286351893356
        },
        {
            "Time": "2023-03-04",
            "value": 3.3668780142111205
        },
        {
            "Time": "2023-03-05",
            "value": 2.8903534174893997
        },
        {
            "Time": "2023-03-06",
            "value": 3.582742390460614
        },
        {
            "Time": "2023-03-07",
            "value": 3.105887808877517
        },
        {
            "Time": "2023-03-08",
            "value": 2.871861809028128
        },
        {
            "Time": "2023-03-09",
            "value": 2.4110703249130734
        },
        {
            "Time": "2023-03-10",
            "value": 3.3283642569309126
        },
        {
            "Time": "2023-03-11",
            "value": 2.83691374973388
        },
        {
            "Time": "2023-03-12",
            "value": 0.6774609841007209
        },
        {
            "Time": "2023-03-13",
            "value": 2.6903578669074495
        },
        {
            "Time": "2023-03-14",
            "value": 3.5661640461764414
        },
        {
            "Time": "2023-03-15",
            "value": 2.959906784219226
        },
        {
            "Time": "2023-03-16",
            "value": 2.9947683798333027
        },
        {
            "Time": "2023-03-17",
            "value": 1.7598097448648082
        },
        {
            "Time": "2023-03-18",
            "value": 0.47120194726093867
        },
        {
            "Time": "2023-03-19",
            "value": 0.1967766192873677
        },
        {
            "Time": "2023-03-20",
            "value": 2.4706721682969026
        },
        {
            "Time": "2023-03-21",
            "value": 1.3253899919903704
        },
        {
            "Time": "2023-03-22",
            "value": 2.378685410446766
        },
        {
            "Time": "2023-03-23",
            "value": 0.2580698296808642
        },
        {
            "Time": "2023-03-24",
            "value": 0.2934348953748611
        },
        {
            "Time": "2023-03-25",
            "value": 0.3610156494570569
        },
        {
            "Time": "2023-03-26",
            "value": 1.255505420199397
        },
        {
            "Time": "2023-03-27",
            "value": 0.0
        }
    ]
}