{
    "data": [
        {
            "Time": "2022-11-27",
            "value": 0.24109539541919733
        },
        {
            "Time": "2022-11-28",
            "value": 0.820321423727684
        },
        {
            "Time": "2022-11-29",
            "value": 0.7996296382110459
        },
        {
            "Time": "2022-11-30",
            "value": 0.3418287661816254
        },
        {
            "Time": "2022-12-01",
            "value": 0.0
        },
        {
            "Time": "2022-12-02",
            "value": 0.0
        },
        {
            "Time": "2022-12-03",
            "value": 0.0
        },
        {
            "Time": "2022-12-04",
            "value": 0.0
        },
        {
            "Time": "2022-12-05",
            "value": 0.00759768466634556
        },
        {
            "Time": "2022-12-06",
            "value": 0.0246680697239313
        },
        {
            "Time": "2022-12-07",
            "value": 0.04176651516434581
        },
        {
            "Time": "2022-12-08",
            "value": 0.9310968168669753
        },
        {
            "Time": "2022-12-09",
            "value": 0.7774248152749723
        },
        {
            "Time": "2022-12-10",
            "value": 1.46964820118858
        },
        {
            "Time": "2022-12-11",
            "value": 0.42398045601549317
        },
        {
            "Time": "2022-12-12",
            "value": 0.9952545590601977
        },
        {
            "Time": "2022-12-13",
            "value": 1.5108929389725407
        },
        {
            "Time": "2022-12-14",
            "value": 0.7048182241185684
        },
        {
            "Time": "2022-12-15",
            "value": 0.5146229454469078
        },
        {
            "Time": "2022-12-16",
            "value": 0.3391054338942631
        },
        {
            "Time": "2022-12-17",
            "value": 0.4706387758633282
        },
        {
            "Time": "2022-12-18",
            "value": 2.0939210320403423
        },
        {
            "Time": "2022-12-19",
            "value": 2.098271175820632
        },
        {
            "Time": "2022-12-20",
            "value": 1.4296482569243494
        },
        {
            "Time": "2022-12-21",
            "value": 1.951442867649826
        },
        {
            "Time": "2022-12-22",
            "value": 1.9815208690669461
        },
        {
            "Time": "2022-12-23",
            "value": 2.1906170430968737
        },
        {
            "Time": "2022-12-24",
            "value": 2.1891606491361912
        },
        {
            "Time": "2022-12-25",
            "value": 2.0908285022470667
        },
        {
            "Time": "2022-12-26",
            "value": 1.5639104345735397
        },
        {
            "Time": "2022-12-27",
            "value": 0.8500971762954417
        },
        {
            "Time": "2022-12-28",
            "value": 0.49578174723472224
        },
        {
            "Time": "2022-12-29",
            "value": 0.31962846979287035
        },
        {
            "Time": "2022-12-30",
            "value": 0.48045138608902116
        },
        {
            "Time": "2022-12-31",
            "value": 1.2181201950656477
        },
        {
            "Time": "2023-01-01",
            "value": 0.7741942291663837
        },
        {
            "Time": "2023-01-02",
            "value": 0.3987500019736111
        },
        {
            "Time": "2023-01-03",
            "value": 0.46446929681904653
        },
        {
            "Time": "2023-01-04",
            "value": 0.47393750516032407
        },
        {
            "Time": "2023-01-05",
            "value": 0.5957712928281713
        },
        {
            "Time": "2023-01-06",
            "value": 1.9010575475572642
        },
        {
            "Time": "2023-01-07",
            "value": 2.614480465166958
        },
        {
            "Time": "2023-01-08",
            "value": 2.1972350859508962
        },
        {
            "Time": "2023-01-09",
            "value": 0.5360315964420312
        },
        {
            "Time": "2023-01-10",
            "value": 0.5443088089831295
        },
        {
            "Time": "2023-01-11",
            "value": 0.7499698376539166
        },
        {
            "Time": "2023-01-12",
            "value": 1.2537020294748462
        },
        {
            "Time": "2023-01-13",
            "value": 0.351829046103613
        },
        {
            "Time": "2023-01-14",
            "value": 1.2736178481032474
        },
        {
            "Time": "2023-01-15",
            "value": 0.43262111605405507
        },
        {
            "Time": "2023-01-16",
            "value": 1.5277655607730969
        },
        {
            "Time": "2023-01-17",
            "value": 0.5251938262923032
        },
        {
            "Time": "2023-01-18",
            "value": 1.9440279589881975
        },
        {
            "Time": "2023-01-19",
            "value": 1.505916787259547
        },
        {
            "Time": "2023-01-20",
            "value": 0.8453540162287096
        },
        {
            "Time": "2023-01-21",
            "value": 0.3119039925396991
        },
        {
            "Time": "2023-01-22",
            "value": 1.6139406618605645
        },
        {
            "Time": "2023-01-23",
            "value": 0.3018281273315972
        },
        {
            "Time": "2023-01-24",
            "value": 1.3986736170969176
        },
        {
            "Time": "2023-01-25",
            "value": 2.0519948264760095
        },
        {
            "Time": "2023-01-26",
            "value": 1.120667026268426
        },
        {
            "Time": "2023-01-27",
            "value": 1.7380498712752313
        },
        {
            "Time": "2023-01-28",
            "value": 2.0525303805397046
        },
        {
            "Time": "2023-01-29",
            "value": 2.057391012272865
        },
        {
            "Time": "2023-01-30",
            "value": 2.1055630358531237
        },
        {
            "Time": "2023-01-31",
            "value": 2.089173654235582
        },
        {
            "Time": "2023-02-01",
            "value": 0.5319102147414848
        },
        {
            "Time": "2023-02-02",
            "value": 1.0530947323214253
        },
        {
            "Time": "2023-02-03",
            "value": 0.6055929351126624
        },
        {
            "Time": "2023-02-04",
            "value": 0.22447916795810186
        },
        {
            "Time": "2023-02-05",
            "value": 0.4315940625657077
        },
        {
            "Time": "2023-02-06",
            "value": 1.4346036249640621
        },
        {
            "Time": "2023-02-07",
            "value": 0.4233299048093603
        },
        {
            "Time": "2023-02-08",
            "value": 0.24138830658838037
        },
        {
            "Time": "2023-02-09",
            "value": 0.5477968051176806
        },
        {
            "Time": "2023-02-10",
            "value": 0.3108373820064468
        },
        {
            "Time": "2023-02-11",
            "value": 0.891035307218299
        },
        {
            "Time": "2023-02-12",
            "value": 1.1882223941187402
        },
        {
            "Time": "2023-02-13",
            "value": 0.4965373922237438
        },
        {
            "Time": "2023-02-14",
            "value": 1.059227828647343
        },
        {
            "Time": "2023-02-15",
            "value": 1.9606575278366996
        },
        {
            "Time": "2023-02-16",
            "value": 2.172385007155263
        },
        {
            "Time": "2023-02-17",
            "value": 1.9643028792278554
        },
        {
            "Time": "2023-02-18",
            "value": 1.9417569061224424
        },
        {
            "Time": "2023-02-19",
            "value": 0.8676856603697474
        },
        {
            "Time": "2023-02-20",
            "value": 1.6166895428961294
        },
        {
            "Time": "2023-02-21",
            "value": 2.40989481873669
        },
        {
            "Time": "2023-02-22",
            "value": 2.3235836897788786
        },
        {
            "Time": "2023-02-23",
            "value": 2.197512350634085
        },
        {
            "Time": "2023-02-24",
            "value": 1.168742176832052
        },
        {
            "Time": "2023-02-25",
            "value": 2.5079178331037304
        },
        {
            "Time": "2023-02-26",
            "value": 2.9125780614099774
        },
        {
            "Time": "2023-02-27",
            "value": 2.7939457877753706
        },
        {
            "Time": "2023-02-28",
            "value": 1.6192823297466075
        },
        {
            "Time": "2023-03-01",
            "value": 1.6711469174829894
        },
        {
            "Time": "2023-03-02",
            "value": 2.209386648646041
        },
        {
            "Time": "2023-03-03",
            "value": 2.8431515496485904
        },
        {
            "Time": "2023-03-04",
            "value": 3.231283030761707
        },
        {
            "Time": "2023-03-05",
            "value": 3.2505700681997514
        },
        {
            "Time": "2023-03-06",
            "value": 3.3742222040855463
        },
        {
            "Time": "2023-03-07",
            "value": 3.3864443006568883
        },
        {
            "Time": "2023-03-08",
            "value": 3.1280023380073847
        },
        {
            "Time": "2023-03-09",
            "value": 2.4730072586976415
        },
        {
            "Time": "2023-03-10",
            "value": 3.5728393991579996
        },
        {
            "Time": "2023-03-11",
            "value": 3.0120182823974915
        },
        {
            "Time": "2023-03-12",
            "value": 0.7155162923447844
        },
        {
            "Time": "2023-03-13",
            "value": 2.7523540360792276
        },
        {
            "Time": "2023-03-14",
            "value": 3.665763850132172
        },
        {
            "Time": "2023-03-15",
            "value": 3.0394897564098056
        },
        {
            "Time": "2023-03-16",
            "value": 3.071550783097323
        },
        {
            "Time": "2023-03-17",
            "value": 1.7877598405008706
        },
        {
            "Time": "2023-03-18",
            "value": 0.5047109644965172
        },
        {
            "Time": "2023-03-19",
            "value": 0.21804812537661877
        },
        {
            "Time": "2023-03-20",
            "value": 2.515922273513747
        },
        {
            "Time": "2023-03-21",
            "value": 1.3594872441155081
        },
        {
            "Time": "2023-03-22",
            "value": 2.4187478952574124
        },
        {
            "Time": "2023-03-23",
            "value": 0.28690548766801993
        },
        {
            "Time": "2023-03-24",
            "value": 0.300765623703912
        },
        {
            "Time": "2023-03-25",
            "value": 0.3813151024221065
        },
        {
            "Time": "2023-03-26",
            "value": 1.3108879767205386
        },
        {
            "Time": "2023-03-27",
            "value": 0.0
        }
    ]
}