{
    "data": [
        {
            "Time": "2022-11-27",
            "value": 0.23931190322573093
        },
        {
            "Time": "2022-11-28",
            "value": 0.9410511218188222
        },
        {
            "Time": "2022-11-29",
            "value": 0.8603409556254806
        },
        {
            "Time": "2022-11-30",
            "value": 0.3286245794238175
        },
        {
            "Time": "2022-12-01",
            "value": 0.3909800193921686
        },
        {
            "Time": "2022-12-02",
            "value": 0.4319665671956322
        },
        {
            "Time": "2022-12-03",
            "value": 0.710018358106281
        },
        {
            "Time": "2022-12-04",
            "value": 0.5439550990922977
        },
        {
            "Time": "2022-12-05",
            "value": 0.46767948729879555
        },
        {
            "Time": "2022-12-06",
            "value": 0.7053839309487974
        },
        {
            "Time": "2022-12-07",
            "value": 0.19018096346148874
        },
        {
            "Time": "2022-12-08",
            "value": 1.07760339794413
        },
        {
            "Time": "2022-12-09",
            "value": 0.8108325144247112
        },
        {
            "Time": "2022-12-10",
            "value": 2.523590355800129
        },
        {
            "Time": "2022-12-11",
            "value": 0.40988308729074574
        },
        {
            "Time": "2022-12-12",
            "value": 1.3593576081334784
        },
        {
            "Time": "2022-12-13",
            "value": 1.8119297434006134
        },
        {
            "Time": "2022-12-14",
            "value": 0.7368849859733655
        },
        {
            "Time": "2022-12-15",
            "value": 0.5248742436431786
        },
        {
            "Time": "2022-12-16",
            "value": 0.3349248159315581
        },
        {
            "Time": "2022-12-17",
            "value": 0.47979448136783504
        },
        {
            "Time": "2022-12-18",
            "value": 3.025579962325851
        },
        {
            "Time": "2022-12-19",
            "value": 2.8094498635695464
        },
        {
            "Time": "2022-12-20",
            "value": 1.6179189582101476
        },
        {
            "Time": "2022-12-21",
            "value": 2.712698638367198
        },
        {
            "Time": "2022-12-22",
            "value": 2.791105486422357
        },
        {
            "Time": "2022-12-23",
            "value": 2.923869578256894
        },
        {
            "Time": "2022-12-24",
            "value": 2.961091783063857
        },
        {
            "Time": "2022-12-25",
            "value": 3.020712258182122
        },
        {
            "Time": "2022-12-26",
            "value": 2.444033439421231
        },
        {
            "Time": "2022-12-27",
            "value": 1.0487301154485529
        },
        {
            "Time": "2022-12-28",
            "value": 0.5160258502939904
        },
        {
            "Time": "2022-12-29",
            "value": 0.3088612751583829
        },
        {
            "Time": "2022-12-30",
            "value": 0.46806365417747686
        },
        {
            "Time": "2022-12-31",
            "value": 1.5732625950739412
        },
        {
            "Time": "2023-01-01",
            "value": 0.8451669034401129
        },
        {
            "Time": "2023-01-02",
            "value": 0.39994676054360184
        },
        {
            "Time": "2023-01-03",
            "value": 0.4577880647417731
        },
        {
            "Time": "2023-01-04",
            "value": 0.4756219333126855
        },
        {
            "Time": "2023-01-05",
            "value": 0.6087391075560656
        },
        {
            "Time": "2023-01-06",
            "value": 2.73306608395425
        },
        {
            "Time": "2023-01-07",
            "value": 2.938349920087526
        },
        {
            "Time": "2023-01-08",
            "value": 2.925894752547509
        },
        {
            "Time": "2023-01-09",
            "value": 0.5477199122912056
        },
        {
            "Time": "2023-01-10",
            "value": 0.5688663978535831
        },
        {
            "Time": "2023-01-11",
            "value": 0.8109115774372725
        },
        {
            "Time": "2023-01-12",
            "value": 1.8338309936140986
        },
        {
            "Time": "2023-01-13",
            "value": 0.36896983982409676
        },
        {
            "Time": "2023-01-14",
            "value": 1.973008435565649
        },
        {
            "Time": "2023-01-15",
            "value": 0.43406578153878594
        },
        {
            "Time": "2023-01-16",
            "value": 2.443184595904401
        },
        {
            "Time": "2023-01-17",
            "value": 0.517276954100381
        },
        {
            "Time": "2023-01-18",
            "value": 2.8465281780018348
        },
        {
            "Time": "2023-01-19",
            "value": 2.474529872364065
        },
        {
            "Time": "2023-01-20",
            "value": 0.9791126071288361
        },
        {
            "Time": "2023-01-21",
            "value": 0.30451215538858795
        },
        {
            "Time": "2023-01-22",
            "value": 2.2524310849271036
        },
        {
            "Time": "2023-01-23",
            "value": 0.281139467075213
        },
        {
            "Time": "2023-01-24",
            "value": 2.026494921933329
        },
        {
            "Time": "2023-01-25",
            "value": 3.155613725872844
        },
        {
            "Time": "2023-01-26",
            "value": 1.5904589430620464
        },
        {
            "Time": "2023-01-27",
            "value": 2.902749180972342
        },
        {
            "Time": "2023-01-28",
            "value": 3.2000691416620985
        },
        {
            "Time": "2023-01-29",
            "value": 3.2298249214786887
        },
        {
            "Time": "2023-01-30",
            "value": 3.3328202185584335
        },
        {
            "Time": "2023-01-31",
            "value": 3.29695835512667
        },
        {
            "Time": "2023-02-01",
            "value": 0.5489641228537732
        },
        {
            "Time": "2023-02-02",
            "value": 1.2848534131291798
        },
        {
            "Time": "2023-02-03",
            "value": 0.6198682847160477
        },
        {
            "Time": "2023-02-04",
            "value": 0.2040587552303211
        },
        {
            "Time": "2023-02-05",
            "value": 0.4079868782363351
        },
        {
            "Time": "2023-02-06",
            "value": 1.9797506976539954
        },
        {
            "Time": "2023-02-07",
            "value": 0.40653899305505276
        },
        {
            "Time": "2023-02-08",
            "value": 0.22015386885214233
        },
        {
            "Time": "2023-02-09",
            "value": 0.5557248096687573
        },
        {
            "Time": "2023-02-10",
            "value": 0.29618000187721494
        },
        {
            "Time": "2023-02-11",
            "value": 1.0172249045690858
        },
        {
            "Time": "2023-02-12",
            "value": 1.463138461305586
        },
        {
            "Time": "2023-02-13",
            "value": 0.4658790038600383
        },
        {
            "Time": "2023-02-14",
            "value": 1.112274112589949
        },
        {
            "Time": "2023-02-15",
            "value": 2.9826037206369085
        },
        {
            "Time": "2023-02-16",
            "value": 3.5539995725693196
        },
        {
            "Time": "2023-02-17",
            "value": 2.5437594440569757
        },
        {
            "Time": "2023-02-18",
            "value": 3.148831818620884
        },
        {
            "Time": "2023-02-19",
            "value": 0.9124387347427082
        },
        {
            "Time": "2023-02-20",
            "value": 1.8296937657678751
        },
        {
            "Time": "2023-02-21",
            "value": 3.518673567425022
        },
        {
            "Time": "2023-02-22",
            "value": 2.9061795200029836
        },
        {
            "Time": "2023-02-23",
            "value": 2.919899800306222
        },
        {
            "Time": "2023-02-24",
            "value": 1.2801773341429605
        },
        {
            "Time": "2023-02-25",
            "value": 3.2468330131934837
        },
        {
            "Time": "2023-02-26",
            "value": 3.5992086368723846
        },
        {
            "Time": "2023-02-27",
            "value": 3.0524888592826636
        },
        {
            "Time": "2023-02-28",
            "value": 1.7718688301521328
        },
        {
            "Time": "2023-03-01",
            "value": 1.839206173845682
        },
        {
            "Time": "2023-03-02",
            "value": 2.411547338317867
        },
        {
            "Time": "2023-03-03",
            "value": 3.1922419342875576
        },
        {
            "Time": "2023-03-04",
            "value": 3.449271819131115
        },
        {
            "Time": "2023-03-05",
            "value": 3.459244460936022
        },
        {
            "Time": "2023-03-06",
            "value": 3.5679418699846863
        },
        {
            "Time": "2023-03-07",
            "value": 3.553400022986182
        },
        {
            "Time": "2023-03-08",
            "value": 3.30502246152179
        },
        {
            "Time": "2023-03-09",
            "value": 2.558245651476582
        },
        {
            "Time": "2023-03-10",
            "value": 3.6458907036839556
        },
        {
            "Time": "2023-03-11",
            "value": 3.1501691573517956
        },
        {
            "Time": "2023-03-12",
            "value": 0.7432025957175954
        },
        {
            "Time": "2023-03-13",
            "value": 2.928502031038207
        },
        {
            "Time": "2023-03-14",
            "value": 3.6575356676780784
        },
        {
            "Time": "2023-03-15",
            "value": 3.134319864298293
        },
        {
            "Time": "2023-03-16",
            "value": 3.154462745972902
        },
        {
            "Time": "2023-03-17",
            "value": 1.9029890362098563
        },
        {
            "Time": "2023-03-18",
            "value": 0.5092610269325404
        },
        {
            "Time": "2023-03-19",
            "value": 0.18214818778026143
        },
        {
            "Time": "2023-03-20",
            "value": 2.5918257962307347
        },
        {
            "Time": "2023-03-21",
            "value": 1.4426508238567168
        },
        {
            "Time": "2023-03-22",
            "value": 2.5273679590220226
        },
        {
            "Time": "2023-03-23",
            "value": 0.2478324467799388
        },
        {
            "Time": "2023-03-24",
            "value": 0.2686914194355401
        },
        {
            "Time": "2023-03-25",
            "value": 0.342826851837131
        },
        {
            "Time": "2023-03-26",
            "value": 1.3858117234650056
        },
        {
            "Time": "2023-03-27",
            "value": 0.0
        }
    ]
}