{
    "data": [
        {
            "Time": "2022-11-27",
            "value": 0.2639396123187101
        },
        {
            "Time": "2022-11-28",
            "value": 1.1159340697605882
        },
        {
            "Time": "2022-11-29",
            "value": 1.0114932051551817
        },
        {
            "Time": "2022-11-30",
            "value": 0.35909892097847834
        },
        {
            "Time": "2022-12-01",
            "value": 0.0
        },
        {
            "Time": "2022-12-02",
            "value": 0.0
        },
        {
            "Time": "2022-12-03",
            "value": 0.0
        },
        {
            "Time": "2022-12-04",
            "value": 0.0
        },
        {
            "Time": "2022-12-05",
            "value": 0.0006906985971150835
        },
        {
            "Time": "2022-12-06",
            "value": 0.0022425517641353125
        },
        {
            "Time": "2022-12-07",
            "value": 0.0037969558750161414
        },
        {
            "Time": "2022-12-08",
            "value": 1.1690640264504812
        },
        {
            "Time": "2022-12-09",
            "value": 0.8835329219562291
        },
        {
            "Time": "2022-12-10",
            "value": 2.6738322716501606
        },
        {
            "Time": "2022-12-11",
            "value": 0.4519131420236214
        },
        {
            "Time": "2022-12-12",
            "value": 1.4194420759822668
        },
        {
            "Time": "2022-12-13",
            "value": 1.9910416129059016
        },
        {
            "Time": "2022-12-14",
            "value": 0.7956099177850307
        },
        {
            "Time": "2022-12-15",
            "value": 0.5731335792973592
        },
        {
            "Time": "2022-12-16",
            "value": 0.3736455117312788
        },
        {
            "Time": "2022-12-17",
            "value": 0.5103481327484496
        },
        {
            "Time": "2022-12-18",
            "value": 3.2631998214667766
        },
        {
            "Time": "2022-12-19",
            "value": 3.066215577670637
        },
        {
            "Time": "2022-12-20",
            "value": 1.7267586986131211
        },
        {
            "Time": "2022-12-21",
            "value": 2.9736149399559393
        },
        {
            "Time": "2022-12-22",
            "value": 3.017505758467856
        },
        {
            "Time": "2022-12-23",
            "value": 3.178335666738129
        },
        {
            "Time": "2022-12-24",
            "value": 3.2096199519205957
        },
        {
            "Time": "2022-12-25",
            "value": 3.2377353406859446
        },
        {
            "Time": "2022-12-26",
            "value": 2.5579555217862637
        },
        {
            "Time": "2022-12-27",
            "value": 1.1339439547481953
        },
        {
            "Time": "2022-12-28",
            "value": 0.5538068753304729
        },
        {
            "Time": "2022-12-29",
            "value": 0.3384045117474074
        },
        {
            "Time": "2022-12-30",
            "value": 0.5155049480646023
        },
        {
            "Time": "2022-12-31",
            "value": 1.716784961815427
        },
        {
            "Time": "2023-01-01",
            "value": 0.9100038600659255
        },
        {
            "Time": "2023-01-02",
            "value": 0.4347213938476928
        },
        {
            "Time": "2023-01-03",
            "value": 0.5029318330044877
        },
        {
            "Time": "2023-01-04",
            "value": 0.5112126100805728
        },
        {
            "Time": "2023-01-05",
            "value": 0.6560761076460463
        },
        {
            "Time": "2023-01-06",
            "value": 3.0284466707739286
        },
        {
            "Time": "2023-01-07",
            "value": 3.215092133949059
        },
        {
            "Time": "2023-01-08",
            "value": 3.1877904430702864
        },
        {
            "Time": "2023-01-09",
            "value": 0.5930488617617582
        },
        {
            "Time": "2023-01-10",
            "value": 0.6331892590267222
        },
        {
            "Time": "2023-01-11",
            "value": 0.8931777877882878
        },
        {
            "Time": "2023-01-12",
            "value": 1.903704332302612
        },
        {
            "Time": "2023-01-13",
            "value": 0.40501174341398644
        },
        {
            "Time": "2023-01-14",
            "value": 2.072287934288304
        },
        {
            "Time": "2023-01-15",
            "value": 0.4726847844693928
        },
        {
            "Time": "2023-01-16",
            "value": 2.5858016434967275
        },
        {
            "Time": "2023-01-17",
            "value": 0.5586137888809256
        },
        {
            "Time": "2023-01-18",
            "value": 3.0615431195336833
        },
        {
            "Time": "2023-01-19",
            "value": 2.502855647992507
        },
        {
            "Time": "2023-01-20",
            "value": 1.0481267056785297
        },
        {
            "Time": "2023-01-21",
            "value": 0.3356960667883287
        },
        {
            "Time": "2023-01-22",
            "value": 2.4949688638173337
        },
        {
            "Time": "2023-01-23",
            "value": 0.3199215824548958
        },
        {
            "Time": "2023-01-24",
            "value": 2.149460320053741
        },
        {
            "Time": "2023-01-25",
            "value": 3.379613220888247
        },
        {
            "Time": "2023-01-26",
            "value": 1.6638087240842019
        },
        {
            "Time": "2023-01-27",
            "value": 3.042989682014371
        },
        {
            "Time": "2023-01-28",
            "value": 3.405390253658402
        },
        {
            "Time": "2023-01-29",
            "value": 3.445590486186053
        },
        {
            "Time": "2023-01-30",
            "value": 3.53154678171444
        },
        {
            "Time": "2023-01-31",
            "value": 3.4927455970634496
        },
        {
            "Time": "2023-02-01",
            "value": 0.5943569752162874
        },
        {
            "Time": "2023-02-02",
            "value": 1.3504012227264275
        },
        {
            "Time": "2023-02-03",
            "value": 0.6797202291665713
        },
        {
            "Time": "2023-02-04",
            "value": 0.2367448762462348
        },
        {
            "Time": "2023-02-05",
            "value": 0.4655791223324612
        },
        {
            "Time": "2023-02-06",
            "value": 2.060502819561443
        },
        {
            "Time": "2023-02-07",
            "value": 0.46227579907343574
        },
        {
            "Time": "2023-02-08",
            "value": 0.25711903306120976
        },
        {
            "Time": "2023-02-09",
            "value": 0.6005021696982861
        },
        {
            "Time": "2023-02-10",
            "value": 0.3367909563774297
        },
        {
            "Time": "2023-02-11",
            "value": 1.090539636498382
        },
        {
            "Time": "2023-02-12",
            "value": 1.5488716880691382
        },
        {
            "Time": "2023-02-13",
            "value": 0.5341345086618957
        },
        {
            "Time": "2023-02-14",
            "value": 1.2236950464317318
        },
        {
            "Time": "2023-02-15",
            "value": 3.2297675235728054
        },
        {
            "Time": "2023-02-16",
            "value": 3.748525387758316
        },
        {
            "Time": "2023-02-17",
            "value": 2.739974020632553
        },
        {
            "Time": "2023-02-18",
            "value": 3.298168867662493
        },
        {
            "Time": "2023-02-19",
            "value": 0.9852378034433606
        },
        {
            "Time": "2023-02-20",
            "value": 1.9504971024255202
        },
        {
            "Time": "2023-02-21",
            "value": 3.673805134518411
        },
        {
            "Time": "2023-02-22",
            "value": 3.1472932854391673
        },
        {
            "Time": "2023-02-23",
            "value": 2.9972580206329793
        },
        {
            "Time": "2023-02-24",
            "value": 1.3817761776077857
        },
        {
            "Time": "2023-02-25",
            "value": 3.417553155588196
        },
        {
            "Time": "2023-02-26",
            "value": 3.756224367230673
        },
        {
            "Time": "2023-02-27",
            "value": 3.2443573944281265
        },
        {
            "Time": "2023-02-28",
            "value": 1.9122344224530365
        },
        {
            "Time": "2023-03-01",
            "value": 1.9317703965404462
        },
        {
            "Time": "2023-03-02",
            "value": 2.568012739909592
        },
        {
            "Time": "2023-03-03",
            "value": 3.357035113389405
        },
        {
            "Time": "2023-03-04",
            "value": 3.64577312095785
        },
        {
            "Time": "2023-03-05",
            "value": 3.6608247458048293
        },
        {
            "Time": "2023-03-06",
            "value": 3.75896289820273
        },
        {
            "Time": "2023-03-07",
            "value": 3.7283706784479262
        },
        {
            "Time": "2023-03-08",
            "value": 3.437116963746535
        },
        {
            "Time": "2023-03-09",
            "value": 2.70025181322228
        },
        {
            "Time": "2023-03-10",
            "value": 3.8222213584421714
        },
        {
            "Time": "2023-03-11",
            "value": 3.3140133282734463
        },
        {
            "Time": "2023-03-12",
            "value": 0.7864385145459895
        },
        {
            "Time": "2023-03-13",
            "value": 3.083598863904809
        },
        {
            "Time": "2023-03-14",
            "value": 3.811183731242913
        },
        {
            "Time": "2023-03-15",
            "value": 3.3278463973999024
        },
        {
            "Time": "2023-03-16",
            "value": 3.3217015162017347
        },
        {
            "Time": "2023-03-17",
            "value": 2.0371357670160495
        },
        {
            "Time": "2023-03-18",
            "value": 0.5533462943154878
        },
        {
            "Time": "2023-03-19",
            "value": 0.2162652105034722
        },
        {
            "Time": "2023-03-20",
            "value": 2.7414073604621705
        },
        {
            "Time": "2023-03-21",
            "value": 1.563159335858005
        },
        {
            "Time": "2023-03-22",
            "value": 2.672790112712134
        },
        {
            "Time": "2023-03-23",
            "value": 0.2858706679436585
        },
        {
            "Time": "2023-03-24",
            "value": 0.32942242449378706
        },
        {
            "Time": "2023-03-25",
            "value": 0.4076442261333005
        },
        {
            "Time": "2023-03-26",
            "value": 1.508484525876721
        },
        {
            "Time": "2023-03-27",
            "value": 0.0
        }
    ]
}