{
    "data": [
        {
            "Time": "2022-11-27",
            "value": 0.2807796671774256
        },
        {
            "Time": "2022-11-28",
            "value": 0.7494796704458482
        },
        {
            "Time": "2022-11-29",
            "value": 0.9108886862253504
        },
        {
            "Time": "2022-11-30",
            "value": 0.37890582358809155
        },
        {
            "Time": "2022-12-01",
            "value": 0.0
        },
        {
            "Time": "2022-12-02",
            "value": 0.0
        },
        {
            "Time": "2022-12-03",
            "value": 0.0
        },
        {
            "Time": "2022-12-04",
            "value": 0.0
        },
        {
            "Time": "2022-12-05",
            "value": 0.013123273495759674
        },
        {
            "Time": "2022-12-06",
            "value": 0.04260848400744814
        },
        {
            "Time": "2022-12-07",
            "value": 0.072142162453044
        },
        {
            "Time": "2022-12-08",
            "value": 0.9122241450770044
        },
        {
            "Time": "2022-12-09",
            "value": 0.7797684348695646
        },
        {
            "Time": "2022-12-10",
            "value": 1.9131643990328504
        },
        {
            "Time": "2022-12-11",
            "value": 0.4553840315728671
        },
        {
            "Time": "2022-12-12",
            "value": 1.021478798415405
        },
        {
            "Time": "2022-12-13",
            "value": 1.723162476098541
        },
        {
            "Time": "2022-12-14",
            "value": 0.7147597540591988
        },
        {
            "Time": "2022-12-15",
            "value": 0.5346736855667967
        },
        {
            "Time": "2022-12-16",
            "value": 0.36044005314039346
        },
        {
            "Time": "2022-12-17",
            "value": 0.4672207957441137
        },
        {
            "Time": "2022-12-18",
            "value": 2.160806037832934
        },
        {
            "Time": "2022-12-19",
            "value": 1.9530304972731718
        },
        {
            "Time": "2022-12-20",
            "value": 1.609519876082549
        },
        {
            "Time": "2022-12-21",
            "value": 1.7743384370015263
        },
        {
            "Time": "2022-12-22",
            "value": 2.0095403353671752
        },
        {
            "Time": "2022-12-23",
            "value": 2.079822666389663
        },
        {
            "Time": "2022-12-24",
            "value": 2.138791251912147
        },
        {
            "Time": "2022-12-25",
            "value": 2.111747999606426
        },
        {
            "Time": "2022-12-26",
            "value": 1.9946689107563893
        },
        {
            "Time": "2022-12-27",
            "value": 0.9968232320997223
        },
        {
            "Time": "2022-12-28",
            "value": 0.526677084322338
        },
        {
            "Time": "2022-12-29",
            "value": 0.35446841764249337
        },
        {
            "Time": "2022-12-30",
            "value": 0.4915524691388889
        },
        {
            "Time": "2022-12-31",
            "value": 1.3483837007549155
        },
        {
            "Time": "2023-01-01",
            "value": 0.8070929922050301
        },
        {
            "Time": "2023-01-02",
            "value": 0.4427268527070216
        },
        {
            "Time": "2023-01-03",
            "value": 0.4838434367593995
        },
        {
            "Time": "2023-01-04",
            "value": 0.49648698248587964
        },
        {
            "Time": "2023-01-05",
            "value": 0.6210170738642361
        },
        {
            "Time": "2023-01-06",
            "value": 1.9241004932741352
        },
        {
            "Time": "2023-01-07",
            "value": 2.148842746752686
        },
        {
            "Time": "2023-01-08",
            "value": 2.003106856237707
        },
        {
            "Time": "2023-01-09",
            "value": 0.554504168264618
        },
        {
            "Time": "2023-01-10",
            "value": 0.5894155937435338
        },
        {
            "Time": "2023-01-11",
            "value": 0.7950828059598172
        },
        {
            "Time": "2023-01-12",
            "value": 1.5877462678453789
        },
        {
            "Time": "2023-01-13",
            "value": 0.39742772365558954
        },
        {
            "Time": "2023-01-14",
            "value": 1.6319480285225556
        },
        {
            "Time": "2023-01-15",
            "value": 0.4606481018417661
        },
        {
            "Time": "2023-01-16",
            "value": 1.7880877780873492
        },
        {
            "Time": "2023-01-17",
            "value": 0.5342636902206515
        },
        {
            "Time": "2023-01-18",
            "value": 1.978596671994243
        },
        {
            "Time": "2023-01-19",
            "value": 1.705986875213611
        },
        {
            "Time": "2023-01-20",
            "value": 0.9146305120329106
        },
        {
            "Time": "2023-01-21",
            "value": 0.3472128171630208
        },
        {
            "Time": "2023-01-22",
            "value": 1.4953789430674385
        },
        {
            "Time": "2023-01-23",
            "value": 0.31867245229197916
        },
        {
            "Time": "2023-01-24",
            "value": 1.2575192194261229
        },
        {
            "Time": "2023-01-25",
            "value": 2.2616148308478152
        },
        {
            "Time": "2023-01-26",
            "value": 1.4275759243235029
        },
        {
            "Time": "2023-01-27",
            "value": 2.0589606671378484
        },
        {
            "Time": "2023-01-28",
            "value": 2.3348037285356034
        },
        {
            "Time": "2023-01-29",
            "value": 2.3972108838511974
        },
        {
            "Time": "2023-01-30",
            "value": 2.4924310388066306
        },
        {
            "Time": "2023-01-31",
            "value": 2.4816752625905023
        },
        {
            "Time": "2023-02-01",
            "value": 0.5699087419510565
        },
        {
            "Time": "2023-02-02",
            "value": 0.9207201728567906
        },
        {
            "Time": "2023-02-03",
            "value": 0.6324607190088445
        },
        {
            "Time": "2023-02-04",
            "value": 0.25753472683530093
        },
        {
            "Time": "2023-02-05",
            "value": 0.44282761350850863
        },
        {
            "Time": "2023-02-06",
            "value": 1.7666811748930182
        },
        {
            "Time": "2023-02-07",
            "value": 0.43015957142913763
        },
        {
            "Time": "2023-02-08",
            "value": 0.2823102837261647
        },
        {
            "Time": "2023-02-09",
            "value": 0.5615647755533631
        },
        {
            "Time": "2023-02-10",
            "value": 0.3301804371758912
        },
        {
            "Time": "2023-02-11",
            "value": 0.8412463234497858
        },
        {
            "Time": "2023-02-12",
            "value": 1.109102435812967
        },
        {
            "Time": "2023-02-13",
            "value": 0.5208969156217863
        },
        {
            "Time": "2023-02-14",
            "value": 0.9460821946774883
        },
        {
            "Time": "2023-02-15",
            "value": 2.3049862125243354
        },
        {
            "Time": "2023-02-16",
            "value": 2.853662935347876
        },
        {
            "Time": "2023-02-17",
            "value": 1.8737225914376627
        },
        {
            "Time": "2023-02-18",
            "value": 2.445909364507564
        },
        {
            "Time": "2023-02-19",
            "value": 0.8865788283756929
        },
        {
            "Time": "2023-02-20",
            "value": 1.5672872516957486
        },
        {
            "Time": "2023-02-21",
            "value": 2.8735573730942296
        },
        {
            "Time": "2023-02-22",
            "value": 2.281603327552652
        },
        {
            "Time": "2023-02-23",
            "value": 2.4051310951026355
        },
        {
            "Time": "2023-02-24",
            "value": 1.1867441884923056
        },
        {
            "Time": "2023-02-25",
            "value": 2.6070652997794763
        },
        {
            "Time": "2023-02-26",
            "value": 2.984025406697957
        },
        {
            "Time": "2023-02-27",
            "value": 2.413110212520273
        },
        {
            "Time": "2023-02-28",
            "value": 1.5923707748965286
        },
        {
            "Time": "2023-03-01",
            "value": 1.6823016436457363
        },
        {
            "Time": "2023-03-02",
            "value": 1.9234075081506963
        },
        {
            "Time": "2023-03-03",
            "value": 2.7722695094179395
        },
        {
            "Time": "2023-03-04",
            "value": 2.9440681359661256
        },
        {
            "Time": "2023-03-05",
            "value": 2.9997127058493107
        },
        {
            "Time": "2023-03-06",
            "value": 3.076029264715777
        },
        {
            "Time": "2023-03-07",
            "value": 3.0634117918365233
        },
        {
            "Time": "2023-03-08",
            "value": 3.0068702953353896
        },
        {
            "Time": "2023-03-09",
            "value": 2.1827633673732003
        },
        {
            "Time": "2023-03-10",
            "value": 3.15038128644374
        },
        {
            "Time": "2023-03-11",
            "value": 2.8575211883537115
        },
        {
            "Time": "2023-03-12",
            "value": 0.7231074535761614
        },
        {
            "Time": "2023-03-13",
            "value": 2.6182301139743793
        },
        {
            "Time": "2023-03-14",
            "value": 3.2322256329014327
        },
        {
            "Time": "2023-03-15",
            "value": 2.7067594775636405
        },
        {
            "Time": "2023-03-16",
            "value": 2.7616181746801596
        },
        {
            "Time": "2023-03-17",
            "value": 1.8170583413473733
        },
        {
            "Time": "2023-03-18",
            "value": 0.5334773074489493
        },
        {
            "Time": "2023-03-19",
            "value": 0.2506983012097222
        },
        {
            "Time": "2023-03-20",
            "value": 2.3532709226486404
        },
        {
            "Time": "2023-03-21",
            "value": 1.3607308186271871
        },
        {
            "Time": "2023-03-22",
            "value": 2.2952871482648165
        },
        {
            "Time": "2023-03-23",
            "value": 0.30634744100996725
        },
        {
            "Time": "2023-03-24",
            "value": 0.3177587952916782
        },
        {
            "Time": "2023-03-25",
            "value": 0.3793146443923363
        },
        {
            "Time": "2023-03-26",
            "value": 1.3125304328767922
        },
        {
            "Time": "2023-03-27",
            "value": 0.0
        }
    ]
}