{
    "data": [
        {
            "Time": "2022-11-27",
            "value": 0.25706134836820077
        },
        {
            "Time": "2022-11-28",
            "value": 0.841040550746871
        },
        {
            "Time": "2022-11-29",
            "value": 0.7578099302422834
        },
        {
            "Time": "2022-11-30",
            "value": 0.34655261828642153
        },
        {
            "Time": "2022-12-01",
            "value": 0.0
        },
        {
            "Time": "2022-12-02",
            "value": 0.0
        },
        {
            "Time": "2022-12-03",
            "value": 0.0
        },
        {
            "Time": "2022-12-04",
            "value": 0.0
        },
        {
            "Time": "2022-12-05",
            "value": 0.006216287759445928
        },
        {
            "Time": "2022-12-06",
            "value": 0.020182967128562126
        },
        {
            "Time": "2022-12-07",
            "value": 0.034172604993847104
        },
        {
            "Time": "2022-12-08",
            "value": 0.9241443356328536
        },
        {
            "Time": "2022-12-09",
            "value": 0.7755112341291243
        },
        {
            "Time": "2022-12-10",
            "value": 2.399171176424527
        },
        {
            "Time": "2022-12-11",
            "value": 0.4139537240379067
        },
        {
            "Time": "2022-12-12",
            "value": 0.9790166306687565
        },
        {
            "Time": "2022-12-13",
            "value": 1.8629914862046724
        },
        {
            "Time": "2022-12-14",
            "value": 0.6950735511583552
        },
        {
            "Time": "2022-12-15",
            "value": 0.5078585772778265
        },
        {
            "Time": "2022-12-16",
            "value": 0.3496364021886767
        },
        {
            "Time": "2022-12-17",
            "value": 0.4600009782742649
        },
        {
            "Time": "2022-12-18",
            "value": 3.0432815692565502
        },
        {
            "Time": "2022-12-19",
            "value": 2.9042341261529474
        },
        {
            "Time": "2022-12-20",
            "value": 1.6799633404063576
        },
        {
            "Time": "2022-12-21",
            "value": 2.8207835450300744
        },
        {
            "Time": "2022-12-22",
            "value": 2.9096621790134014
        },
        {
            "Time": "2022-12-23",
            "value": 2.9999557867851396
        },
        {
            "Time": "2022-12-24",
            "value": 3.0143393925780004
        },
        {
            "Time": "2022-12-25",
            "value": 3.014861221819054
        },
        {
            "Time": "2022-12-26",
            "value": 2.3809099548431605
        },
        {
            "Time": "2022-12-27",
            "value": 0.838198855155505
        },
        {
            "Time": "2022-12-28",
            "value": 0.5041851853600695
        },
        {
            "Time": "2022-12-29",
            "value": 0.32847970219930556
        },
        {
            "Time": "2022-12-30",
            "value": 0.48143848839806547
        },
        {
            "Time": "2022-12-31",
            "value": 1.243240004861102
        },
        {
            "Time": "2023-01-01",
            "value": 0.7707591852551401
        },
        {
            "Time": "2023-01-02",
            "value": 0.40299768676527775
        },
        {
            "Time": "2023-01-03",
            "value": 0.46196701129421297
        },
        {
            "Time": "2023-01-04",
            "value": 0.472531243775
        },
        {
            "Time": "2023-01-05",
            "value": 0.5943409142620255
        },
        {
            "Time": "2023-01-06",
            "value": 2.89237530777951
        },
        {
            "Time": "2023-01-07",
            "value": 3.0139406136286313
        },
        {
            "Time": "2023-01-08",
            "value": 2.929075569253407
        },
        {
            "Time": "2023-01-09",
            "value": 0.5330125735015432
        },
        {
            "Time": "2023-01-10",
            "value": 0.5404821927629713
        },
        {
            "Time": "2023-01-11",
            "value": 0.7641726690377354
        },
        {
            "Time": "2023-01-12",
            "value": 1.2632328123880217
        },
        {
            "Time": "2023-01-13",
            "value": 0.3765488216659198
        },
        {
            "Time": "2023-01-14",
            "value": 1.257817111718422
        },
        {
            "Time": "2023-01-15",
            "value": 0.43415625600066315
        },
        {
            "Time": "2023-01-16",
            "value": 1.515336903011479
        },
        {
            "Time": "2023-01-17",
            "value": 0.5224977479841518
        },
        {
            "Time": "2023-01-18",
            "value": 2.9839735128637415
        },
        {
            "Time": "2023-01-19",
            "value": 1.4845480692336201
        },
        {
            "Time": "2023-01-20",
            "value": 0.8319494693974374
        },
        {
            "Time": "2023-01-21",
            "value": 0.3247992771520552
        },
        {
            "Time": "2023-01-22",
            "value": 1.9047080558740201
        },
        {
            "Time": "2023-01-23",
            "value": 0.3012485129836078
        },
        {
            "Time": "2023-01-24",
            "value": 1.3767074667628585
        },
        {
            "Time": "2023-01-25",
            "value": 2.80900995621095
        },
        {
            "Time": "2023-01-26",
            "value": 1.1126548313090676
        },
        {
            "Time": "2023-01-27",
            "value": 1.7591679889254739
        },
        {
            "Time": "2023-01-28",
            "value": 2.8791473174645685
        },
        {
            "Time": "2023-01-29",
            "value": 2.947777758389725
        },
        {
            "Time": "2023-01-30",
            "value": 3.0685558026481714
        },
        {
            "Time": "2023-01-31",
            "value": 3.0901980213988325
        },
        {
            "Time": "2023-02-01",
            "value": 0.5464522536810186
        },
        {
            "Time": "2023-02-02",
            "value": 1.045422354381284
        },
        {
            "Time": "2023-02-03",
            "value": 0.6048607959019197
        },
        {
            "Time": "2023-02-04",
            "value": 0.23700115735318286
        },
        {
            "Time": "2023-02-05",
            "value": 0.43271897230568945
        },
        {
            "Time": "2023-02-06",
            "value": 1.4315286337422637
        },
        {
            "Time": "2023-02-07",
            "value": 0.4390354520162529
        },
        {
            "Time": "2023-02-08",
            "value": 0.25894295728916195
        },
        {
            "Time": "2023-02-09",
            "value": 0.5476372015383207
        },
        {
            "Time": "2023-02-10",
            "value": 0.3269921212573198
        },
        {
            "Time": "2023-02-11",
            "value": 0.8946093670345238
        },
        {
            "Time": "2023-02-12",
            "value": 1.1829575504331922
        },
        {
            "Time": "2023-02-13",
            "value": 0.48258050268258407
        },
        {
            "Time": "2023-02-14",
            "value": 1.044309431631159
        },
        {
            "Time": "2023-02-15",
            "value": 2.968206622758746
        },
        {
            "Time": "2023-02-16",
            "value": 3.5004801412075985
        },
        {
            "Time": "2023-02-17",
            "value": 1.7985147904950867
        },
        {
            "Time": "2023-02-18",
            "value": 1.915499764402902
        },
        {
            "Time": "2023-02-19",
            "value": 0.8752696496915848
        },
        {
            "Time": "2023-02-20",
            "value": 1.575210587976513
        },
        {
            "Time": "2023-02-21",
            "value": 2.1975754823629505
        },
        {
            "Time": "2023-02-22",
            "value": 2.3180345678422265
        },
        {
            "Time": "2023-02-23",
            "value": 2.066213292774874
        },
        {
            "Time": "2023-02-24",
            "value": 1.1453256909906122
        },
        {
            "Time": "2023-02-25",
            "value": 2.2967884633413487
        },
        {
            "Time": "2023-02-26",
            "value": 2.6371865381197543
        },
        {
            "Time": "2023-02-27",
            "value": 2.5843261935614112
        },
        {
            "Time": "2023-02-28",
            "value": 1.5945623832664069
        },
        {
            "Time": "2023-03-01",
            "value": 1.6760443276192856
        },
        {
            "Time": "2023-03-02",
            "value": 2.1801158798194247
        },
        {
            "Time": "2023-03-03",
            "value": 2.7455191112279396
        },
        {
            "Time": "2023-03-04",
            "value": 3.1338488454564444
        },
        {
            "Time": "2023-03-05",
            "value": 3.1750747794104432
        },
        {
            "Time": "2023-03-06",
            "value": 3.3416269891167216
        },
        {
            "Time": "2023-03-07",
            "value": 3.376063728702072
        },
        {
            "Time": "2023-03-08",
            "value": 3.0734967264500495
        },
        {
            "Time": "2023-03-09",
            "value": 2.4791185538073632
        },
        {
            "Time": "2023-03-10",
            "value": 3.558042878975876
        },
        {
            "Time": "2023-03-11",
            "value": 2.9562991094621056
        },
        {
            "Time": "2023-03-12",
            "value": 0.7246757881306312
        },
        {
            "Time": "2023-03-13",
            "value": 2.8001207251521922
        },
        {
            "Time": "2023-03-14",
            "value": 3.763883585601346
        },
        {
            "Time": "2023-03-15",
            "value": 3.0868140094836414
        },
        {
            "Time": "2023-03-16",
            "value": 3.1107070686075273
        },
        {
            "Time": "2023-03-17",
            "value": 1.808104777242124
        },
        {
            "Time": "2023-03-18",
            "value": 0.5039411633634645
        },
        {
            "Time": "2023-03-19",
            "value": 0.2247108445773793
        },
        {
            "Time": "2023-03-20",
            "value": 2.535969177165525
        },
        {
            "Time": "2023-03-21",
            "value": 1.38606279824957
        },
        {
            "Time": "2023-03-22",
            "value": 2.4454684034804575
        },
        {
            "Time": "2023-03-23",
            "value": 0.2912430560441814
        },
        {
            "Time": "2023-03-24",
            "value": 0.3181895816991435
        },
        {
            "Time": "2023-03-25",
            "value": 0.3866274825030506
        },
        {
            "Time": "2023-03-26",
            "value": 1.3103256665021261
        },
        {
            "Time": "2023-03-27",
            "value": 0.0
        }
    ]
}