{
    "data": [
        {
            "Time": "2022-11-27",
            "value": 0.1739226844817447
        },
        {
            "Time": "2022-11-28",
            "value": 0.7311166768242433
        },
        {
            "Time": "2022-11-29",
            "value": 0.7432025836453531
        },
        {
            "Time": "2022-11-30",
            "value": 0.24675543434727318
        },
        {
            "Time": "2022-12-01",
            "value": 0.30820512800286115
        },
        {
            "Time": "2022-12-02",
            "value": 0.32465863998095745
        },
        {
            "Time": "2022-12-03",
            "value": 0.5326724740310798
        },
        {
            "Time": "2022-12-04",
            "value": 0.40552639932929985
        },
        {
            "Time": "2022-12-05",
            "value": 0.35743868900165376
        },
        {
            "Time": "2022-12-06",
            "value": 0.5276181838923195
        },
        {
            "Time": "2022-12-07",
            "value": 0.13558548724068883
        },
        {
            "Time": "2022-12-08",
            "value": 0.655809135060619
        },
        {
            "Time": "2022-12-09",
            "value": 0.5872274401330096
        },
        {
            "Time": "2022-12-10",
            "value": 2.138794456074167
        },
        {
            "Time": "2022-12-11",
            "value": 0.31417909938041144
        },
        {
            "Time": "2022-12-12",
            "value": 1.0835982088430387
        },
        {
            "Time": "2022-12-13",
            "value": 1.7675121654401402
        },
        {
            "Time": "2022-12-14",
            "value": 0.5269237412357176
        },
        {
            "Time": "2022-12-15",
            "value": 0.538626647507393
        },
        {
            "Time": "2022-12-16",
            "value": 0.25302678284086794
        },
        {
            "Time": "2022-12-17",
            "value": 0.33017560834679943
        },
        {
            "Time": "2022-12-18",
            "value": 2.8651960300816826
        },
        {
            "Time": "2022-12-19",
            "value": 2.7479592588061195
        },
        {
            "Time": "2022-12-20",
            "value": 1.6029534270767738
        },
        {
            "Time": "2022-12-21",
            "value": 2.671586403562656
        },
        {
            "Time": "2022-12-22",
            "value": 2.7578995291967305
        },
        {
            "Time": "2022-12-23",
            "value": 2.832009678711723
        },
        {
            "Time": "2022-12-24",
            "value": 2.7935002650112115
        },
        {
            "Time": "2022-12-25",
            "value": 2.8391783044117784
        },
        {
            "Time": "2022-12-26",
            "value": 2.2770737683960642
        },
        {
            "Time": "2022-12-27",
            "value": 0.8756928267990124
        },
        {
            "Time": "2022-12-28",
            "value": 0.38968716951439814
        },
        {
            "Time": "2022-12-29",
            "value": 0.23522646648579862
        },
        {
            "Time": "2022-12-30",
            "value": 0.3655621697805886
        },
        {
            "Time": "2022-12-31",
            "value": 1.3020345955162074
        },
        {
            "Time": "2023-01-01",
            "value": 0.578857858048809
        },
        {
            "Time": "2023-01-02",
            "value": 0.3147777738328364
        },
        {
            "Time": "2023-01-03",
            "value": 0.3644426612719853
        },
        {
            "Time": "2023-01-04",
            "value": 0.368438103155638
        },
        {
            "Time": "2023-01-05",
            "value": 0.4675539001424736
        },
        {
            "Time": "2023-01-06",
            "value": 2.7606096690934465
        },
        {
            "Time": "2023-01-07",
            "value": 2.8100695262902273
        },
        {
            "Time": "2023-01-08",
            "value": 2.7682174756039077
        },
        {
            "Time": "2023-01-09",
            "value": 0.40598834335689615
        },
        {
            "Time": "2023-01-10",
            "value": 0.41084497042982143
        },
        {
            "Time": "2023-01-11",
            "value": 0.588423020569196
        },
        {
            "Time": "2023-01-12",
            "value": 0.7773871549303689
        },
        {
            "Time": "2023-01-13",
            "value": 0.27697939943498534
        },
        {
            "Time": "2023-01-14",
            "value": 1.2868852231935766
        },
        {
            "Time": "2023-01-15",
            "value": 0.33249684435568355
        },
        {
            "Time": "2023-01-16",
            "value": 2.2659882700248377
        },
        {
            "Time": "2023-01-17",
            "value": 0.3986298039394563
        },
        {
            "Time": "2023-01-18",
            "value": 2.8180920001700103
        },
        {
            "Time": "2023-01-19",
            "value": 2.2068579158788664
        },
        {
            "Time": "2023-01-20",
            "value": 0.8791945716193417
        },
        {
            "Time": "2023-01-21",
            "value": 0.23475347349451503
        },
        {
            "Time": "2023-01-22",
            "value": 2.2268650419034395
        },
        {
            "Time": "2023-01-23",
            "value": 0.22679955681041458
        },
        {
            "Time": "2023-01-24",
            "value": 0.5843872818788277
        },
        {
            "Time": "2023-01-25",
            "value": 2.985671443497822
        },
        {
            "Time": "2023-01-26",
            "value": 0.847479796905796
        },
        {
            "Time": "2023-01-27",
            "value": 2.7362038997503997
        },
        {
            "Time": "2023-01-28",
            "value": 3.003718836015613
        },
        {
            "Time": "2023-01-29",
            "value": 3.0480304968840004
        },
        {
            "Time": "2023-01-30",
            "value": 3.061080216608059
        },
        {
            "Time": "2023-01-31",
            "value": 3.04103217353857
        },
        {
            "Time": "2023-02-01",
            "value": 0.41627496310600265
        },
        {
            "Time": "2023-02-02",
            "value": 0.7638300347546035
        },
        {
            "Time": "2023-02-03",
            "value": 0.46850757493822964
        },
        {
            "Time": "2023-02-04",
            "value": 0.152710068914532
        },
        {
            "Time": "2023-02-05",
            "value": 0.34101699432786964
        },
        {
            "Time": "2023-02-06",
            "value": 1.5384795907420132
        },
        {
            "Time": "2023-02-07",
            "value": 0.33159933723402285
        },
        {
            "Time": "2023-02-08",
            "value": 0.1794856151564095
        },
        {
            "Time": "2023-02-09",
            "value": 0.40308383400145953
        },
        {
            "Time": "2023-02-10",
            "value": 0.2472059210387286
        },
        {
            "Time": "2023-02-11",
            "value": 0.6402027728235813
        },
        {
            "Time": "2023-02-12",
            "value": 0.91208768223988
        },
        {
            "Time": "2023-02-13",
            "value": 0.3449542607080444
        },
        {
            "Time": "2023-02-14",
            "value": 0.9128106381327743
        },
        {
            "Time": "2023-02-15",
            "value": 2.8358865061427374
        },
        {
            "Time": "2023-02-16",
            "value": 3.2112148287983024
        },
        {
            "Time": "2023-02-17",
            "value": 2.504321880374211
        },
        {
            "Time": "2023-02-18",
            "value": 1.6100404681331866
        },
        {
            "Time": "2023-02-19",
            "value": 0.6846717031135637
        },
        {
            "Time": "2023-02-20",
            "value": 1.2122497068684779
        },
        {
            "Time": "2023-02-21",
            "value": 3.190209592007458
        },
        {
            "Time": "2023-02-22",
            "value": 2.905634058832179
        },
        {
            "Time": "2023-02-23",
            "value": 1.5811631840044065
        },
        {
            "Time": "2023-02-24",
            "value": 0.8907068477260648
        },
        {
            "Time": "2023-02-25",
            "value": 1.7189795645441033
        },
        {
            "Time": "2023-02-26",
            "value": 2.6307399859681344
        },
        {
            "Time": "2023-02-27",
            "value": 1.7145550379777306
        },
        {
            "Time": "2023-02-28",
            "value": 1.1935587474782043
        },
        {
            "Time": "2023-03-01",
            "value": 1.106131242388816
        },
        {
            "Time": "2023-03-02",
            "value": 1.4239621000867448
        },
        {
            "Time": "2023-03-03",
            "value": 1.7510090722185523
        },
        {
            "Time": "2023-03-04",
            "value": 2.4521272897012834
        },
        {
            "Time": "2023-03-05",
            "value": 1.9145776987608703
        },
        {
            "Time": "2023-03-06",
            "value": 2.5074997004461372
        },
        {
            "Time": "2023-03-07",
            "value": 1.9662345773866323
        },
        {
            "Time": "2023-03-08",
            "value": 1.8234599454658436
        },
        {
            "Time": "2023-03-09",
            "value": 1.4770442114735298
        },
        {
            "Time": "2023-03-10",
            "value": 2.022700215941773
        },
        {
            "Time": "2023-03-11",
            "value": 1.7734092092846354
        },
        {
            "Time": "2023-03-12",
            "value": 0.5574076825480261
        },
        {
            "Time": "2023-03-13",
            "value": 1.7781114841778434
        },
        {
            "Time": "2023-03-14",
            "value": 2.0846588195034412
        },
        {
            "Time": "2023-03-15",
            "value": 1.8183844857606744
        },
        {
            "Time": "2023-03-16",
            "value": 1.8514978061613618
        },
        {
            "Time": "2023-03-17",
            "value": 1.246617819299454
        },
        {
            "Time": "2023-03-18",
            "value": 0.39469164367579856
        },
        {
            "Time": "2023-03-19",
            "value": 0.15810869405122024
        },
        {
            "Time": "2023-03-20",
            "value": 1.6566175449004712
        },
        {
            "Time": "2023-03-21",
            "value": 1.042940200146192
        },
        {
            "Time": "2023-03-22",
            "value": 1.575542458584034
        },
        {
            "Time": "2023-03-23",
            "value": 0.20446442995753336
        },
        {
            "Time": "2023-03-24",
            "value": 0.23090105971938507
        },
        {
            "Time": "2023-03-25",
            "value": 0.2895352577110345
        },
        {
            "Time": "2023-03-26",
            "value": 1.0418355354095252
        },
        {
            "Time": "2023-03-27",
            "value": 0.0
        }
    ]
}