{
    "data": [
        {
            "Time": "2022-11-27",
            "value": 0.2494214299779985
        },
        {
            "Time": "2022-11-28",
            "value": 0.9402435039128149
        },
        {
            "Time": "2022-11-29",
            "value": 0.7870973774252544
        },
        {
            "Time": "2022-11-30",
            "value": 0.3538873679585937
        },
        {
            "Time": "2022-12-01",
            "value": 0.0
        },
        {
            "Time": "2022-12-02",
            "value": 0.0
        },
        {
            "Time": "2022-12-03",
            "value": 0.0
        },
        {
            "Time": "2022-12-04",
            "value": 0.0
        },
        {
            "Time": "2022-12-05",
            "value": 0.006216287759445928
        },
        {
            "Time": "2022-12-06",
            "value": 0.020182967128562126
        },
        {
            "Time": "2022-12-07",
            "value": 0.034172604993847104
        },
        {
            "Time": "2022-12-08",
            "value": 0.9577959844596873
        },
        {
            "Time": "2022-12-09",
            "value": 0.8091069124854927
        },
        {
            "Time": "2022-12-10",
            "value": 2.5251406855306433
        },
        {
            "Time": "2022-12-11",
            "value": 0.42252452123287865
        },
        {
            "Time": "2022-12-12",
            "value": 1.2900273212556141
        },
        {
            "Time": "2022-12-13",
            "value": 1.7093262084200975
        },
        {
            "Time": "2022-12-14",
            "value": 0.7248359647892392
        },
        {
            "Time": "2022-12-15",
            "value": 0.5156700554888439
        },
        {
            "Time": "2022-12-16",
            "value": 0.3496764652621371
        },
        {
            "Time": "2022-12-17",
            "value": 0.4778680763759779
        },
        {
            "Time": "2022-12-18",
            "value": 3.2007988130676104
        },
        {
            "Time": "2022-12-19",
            "value": 2.9268788272899844
        },
        {
            "Time": "2022-12-20",
            "value": 1.5054036970978166
        },
        {
            "Time": "2022-12-21",
            "value": 2.8811747148549722
        },
        {
            "Time": "2022-12-22",
            "value": 2.9795521935523905
        },
        {
            "Time": "2022-12-23",
            "value": 3.0412147799477207
        },
        {
            "Time": "2022-12-24",
            "value": 3.148047526374569
        },
        {
            "Time": "2022-12-25",
            "value": 3.1534487992052234
        },
        {
            "Time": "2022-12-26",
            "value": 2.3867978505800704
        },
        {
            "Time": "2022-12-27",
            "value": 0.9556470825030415
        },
        {
            "Time": "2022-12-28",
            "value": 0.5118865749894675
        },
        {
            "Time": "2022-12-29",
            "value": 0.3230729174590278
        },
        {
            "Time": "2022-12-30",
            "value": 0.4866550873831018
        },
        {
            "Time": "2022-12-31",
            "value": 1.39311531672129
        },
        {
            "Time": "2023-01-01",
            "value": 0.7984100820458895
        },
        {
            "Time": "2023-01-02",
            "value": 0.41205555486967593
        },
        {
            "Time": "2023-01-03",
            "value": 0.48564285572370375
        },
        {
            "Time": "2023-01-04",
            "value": 0.47479281540971646
        },
        {
            "Time": "2023-01-05",
            "value": 0.6200569399185764
        },
        {
            "Time": "2023-01-06",
            "value": 2.9475808869996407
        },
        {
            "Time": "2023-01-07",
            "value": 3.130665553269656
        },
        {
            "Time": "2023-01-08",
            "value": 3.1284241990538924
        },
        {
            "Time": "2023-01-09",
            "value": 0.5512472215381945
        },
        {
            "Time": "2023-01-10",
            "value": 0.5497045672462194
        },
        {
            "Time": "2023-01-11",
            "value": 0.7887571495057881
        },
        {
            "Time": "2023-01-12",
            "value": 1.5512567107842907
        },
        {
            "Time": "2023-01-13",
            "value": 0.3767226696394647
        },
        {
            "Time": "2023-01-14",
            "value": 1.712784344967771
        },
        {
            "Time": "2023-01-15",
            "value": 0.4434450997789666
        },
        {
            "Time": "2023-01-16",
            "value": 2.505353165835324
        },
        {
            "Time": "2023-01-17",
            "value": 0.5215451352440741
        },
        {
            "Time": "2023-01-18",
            "value": 2.9056695344339194
        },
        {
            "Time": "2023-01-19",
            "value": 2.2520229703323116
        },
        {
            "Time": "2023-01-20",
            "value": 0.8792017885219817
        },
        {
            "Time": "2023-01-21",
            "value": 0.3183494554041526
        },
        {
            "Time": "2023-01-22",
            "value": 1.9319059868427915
        },
        {
            "Time": "2023-01-23",
            "value": 0.31227529910818785
        },
        {
            "Time": "2023-01-24",
            "value": 1.6645102784555914
        },
        {
            "Time": "2023-01-25",
            "value": 3.025208134595061
        },
        {
            "Time": "2023-01-26",
            "value": 1.3954578527342805
        },
        {
            "Time": "2023-01-27",
            "value": 2.649348128101522
        },
        {
            "Time": "2023-01-28",
            "value": 3.0269930331176176
        },
        {
            "Time": "2023-01-29",
            "value": 3.1620457965351134
        },
        {
            "Time": "2023-01-30",
            "value": 3.1731236828233325
        },
        {
            "Time": "2023-01-31",
            "value": 3.2752975586624538
        },
        {
            "Time": "2023-02-01",
            "value": 0.5502075753285847
        },
        {
            "Time": "2023-02-02",
            "value": 1.1751701794256673
        },
        {
            "Time": "2023-02-03",
            "value": 0.6254177997591233
        },
        {
            "Time": "2023-02-04",
            "value": 0.23003472263101848
        },
        {
            "Time": "2023-02-05",
            "value": 0.44869969110777447
        },
        {
            "Time": "2023-02-06",
            "value": 1.7700120765215483
        },
        {
            "Time": "2023-02-07",
            "value": 0.4363640794262824
        },
        {
            "Time": "2023-02-08",
            "value": 0.2508468536226145
        },
        {
            "Time": "2023-02-09",
            "value": 0.5622675085029933
        },
        {
            "Time": "2023-02-10",
            "value": 0.33070787151462383
        },
        {
            "Time": "2023-02-11",
            "value": 0.9693460659831159
        },
        {
            "Time": "2023-02-12",
            "value": 1.3925509425657565
        },
        {
            "Time": "2023-02-13",
            "value": 0.4942276641069766
        },
        {
            "Time": "2023-02-14",
            "value": 1.101558558284608
        },
        {
            "Time": "2023-02-15",
            "value": 2.946439972319254
        },
        {
            "Time": "2023-02-16",
            "value": 3.545888134692745
        },
        {
            "Time": "2023-02-17",
            "value": 2.5259162109339917
        },
        {
            "Time": "2023-02-18",
            "value": 3.109621749422778
        },
        {
            "Time": "2023-02-19",
            "value": 0.9151005319002107
        },
        {
            "Time": "2023-02-20",
            "value": 1.7777958246613603
        },
        {
            "Time": "2023-02-21",
            "value": 3.5127648934197806
        },
        {
            "Time": "2023-02-22",
            "value": 2.940478163862714
        },
        {
            "Time": "2023-02-23",
            "value": 2.8177734793751292
        },
        {
            "Time": "2023-02-24",
            "value": 1.2541508070271306
        },
        {
            "Time": "2023-02-25",
            "value": 3.167771255832954
        },
        {
            "Time": "2023-02-26",
            "value": 3.6270070771359473
        },
        {
            "Time": "2023-02-27",
            "value": 3.189790094070113
        },
        {
            "Time": "2023-02-28",
            "value": 1.7282613906952273
        },
        {
            "Time": "2023-03-01",
            "value": 1.7764263115314627
        },
        {
            "Time": "2023-03-02",
            "value": 2.364223341572541
        },
        {
            "Time": "2023-03-03",
            "value": 3.175341392299203
        },
        {
            "Time": "2023-03-04",
            "value": 3.5882544456635967
        },
        {
            "Time": "2023-03-05",
            "value": 3.5272482062352464
        },
        {
            "Time": "2023-03-06",
            "value": 3.6742615280557516
        },
        {
            "Time": "2023-03-07",
            "value": 3.6515039029901635
        },
        {
            "Time": "2023-03-08",
            "value": 3.3138338692369977
        },
        {
            "Time": "2023-03-09",
            "value": 2.559439947271844
        },
        {
            "Time": "2023-03-10",
            "value": 3.7610646099956324
        },
        {
            "Time": "2023-03-11",
            "value": 3.1358644707365144
        },
        {
            "Time": "2023-03-12",
            "value": 0.7476966217986952
        },
        {
            "Time": "2023-03-13",
            "value": 2.9386804271881544
        },
        {
            "Time": "2023-03-14",
            "value": 3.856749074999204
        },
        {
            "Time": "2023-03-15",
            "value": 3.1646286179804046
        },
        {
            "Time": "2023-03-16",
            "value": 3.20975927743047
        },
        {
            "Time": "2023-03-17",
            "value": 1.861896296386173
        },
        {
            "Time": "2023-03-18",
            "value": 0.5133894672184028
        },
        {
            "Time": "2023-03-19",
            "value": 0.2181921285162037
        },
        {
            "Time": "2023-03-20",
            "value": 2.613486433956
        },
        {
            "Time": "2023-03-21",
            "value": 1.4277317144257422
        },
        {
            "Time": "2023-03-22",
            "value": 2.487898325652225
        },
        {
            "Time": "2023-03-23",
            "value": 0.2888042308113867
        },
        {
            "Time": "2023-03-24",
            "value": 0.32050143793126323
        },
        {
            "Time": "2023-03-25",
            "value": 0.393284719021875
        },
        {
            "Time": "2023-03-26",
            "value": 1.3505811669240235
        },
        {
            "Time": "2023-03-27",
            "value": 0.0
        }
    ]
}