{
    "data": [
        {
            "Time": "2022-11-27",
            "value": 0.16294509249529127
        },
        {
            "Time": "2022-11-28",
            "value": 0.6963194606056875
        },
        {
            "Time": "2022-11-29",
            "value": 0.6657762382765232
        },
        {
            "Time": "2022-11-30",
            "value": 0.2510931749465658
        },
        {
            "Time": "2022-12-01",
            "value": 0.3093387434701169
        },
        {
            "Time": "2022-12-02",
            "value": 0.33608227958675796
        },
        {
            "Time": "2022-12-03",
            "value": 0.582452211729925
        },
        {
            "Time": "2022-12-04",
            "value": 0.4433295946204523
        },
        {
            "Time": "2022-12-05",
            "value": 0.35595007796376554
        },
        {
            "Time": "2022-12-06",
            "value": 0.569664608613409
        },
        {
            "Time": "2022-12-07",
            "value": 0.13688252114991897
        },
        {
            "Time": "2022-12-08",
            "value": 0.7850941578627927
        },
        {
            "Time": "2022-12-09",
            "value": 0.6482035442404196
        },
        {
            "Time": "2022-12-10",
            "value": 2.288838869641536
        },
        {
            "Time": "2022-12-11",
            "value": 0.3234942052744406
        },
        {
            "Time": "2022-12-12",
            "value": 0.8734656738055651
        },
        {
            "Time": "2022-12-13",
            "value": 1.7873658612702772
        },
        {
            "Time": "2022-12-14",
            "value": 0.5929369608536832
        },
        {
            "Time": "2022-12-15",
            "value": 0.41527658893760483
        },
        {
            "Time": "2022-12-16",
            "value": 0.26070244858281727
        },
        {
            "Time": "2022-12-17",
            "value": 0.3629558417521753
        },
        {
            "Time": "2022-12-18",
            "value": 2.8936338827695596
        },
        {
            "Time": "2022-12-19",
            "value": 2.7986398553216194
        },
        {
            "Time": "2022-12-20",
            "value": 1.611256693288651
        },
        {
            "Time": "2022-12-21",
            "value": 2.7198515762247855
        },
        {
            "Time": "2022-12-22",
            "value": 2.796169719866531
        },
        {
            "Time": "2022-12-23",
            "value": 2.8853468686672525
        },
        {
            "Time": "2022-12-24",
            "value": 2.8884166758379983
        },
        {
            "Time": "2022-12-25",
            "value": 2.9045057688753024
        },
        {
            "Time": "2022-12-26",
            "value": 2.304479784540929
        },
        {
            "Time": "2022-12-27",
            "value": 0.7209687172969471
        },
        {
            "Time": "2022-12-28",
            "value": 0.41348558381798645
        },
        {
            "Time": "2022-12-29",
            "value": 0.23615054715880196
        },
        {
            "Time": "2022-12-30",
            "value": 0.3773834298883068
        },
        {
            "Time": "2022-12-31",
            "value": 1.096427328447081
        },
        {
            "Time": "2023-01-01",
            "value": 0.6556405482205107
        },
        {
            "Time": "2023-01-02",
            "value": 0.3233101875762731
        },
        {
            "Time": "2023-01-03",
            "value": 0.3778233290855511
        },
        {
            "Time": "2023-01-04",
            "value": 0.38458553850282345
        },
        {
            "Time": "2023-01-05",
            "value": 0.5001621619227844
        },
        {
            "Time": "2023-01-06",
            "value": 2.799629631219003
        },
        {
            "Time": "2023-01-07",
            "value": 2.9135723105517317
        },
        {
            "Time": "2023-01-08",
            "value": 2.846032187021284
        },
        {
            "Time": "2023-01-09",
            "value": 0.43641757287312016
        },
        {
            "Time": "2023-01-10",
            "value": 0.4325435589497648
        },
        {
            "Time": "2023-01-11",
            "value": 0.6425217160316196
        },
        {
            "Time": "2023-01-12",
            "value": 1.1095289101955728
        },
        {
            "Time": "2023-01-13",
            "value": 0.2913348787547046
        },
        {
            "Time": "2023-01-14",
            "value": 1.1628183365951659
        },
        {
            "Time": "2023-01-15",
            "value": 0.3412842354855455
        },
        {
            "Time": "2023-01-16",
            "value": 1.3715527118312332
        },
        {
            "Time": "2023-01-17",
            "value": 0.41059287245645076
        },
        {
            "Time": "2023-01-18",
            "value": 2.812302083075388
        },
        {
            "Time": "2023-01-19",
            "value": 1.3541496258017147
        },
        {
            "Time": "2023-01-20",
            "value": 0.7308551018924553
        },
        {
            "Time": "2023-01-21",
            "value": 0.229406540196978
        },
        {
            "Time": "2023-01-22",
            "value": 1.7939636380587018
        },
        {
            "Time": "2023-01-23",
            "value": 0.2221613415482514
        },
        {
            "Time": "2023-01-24",
            "value": 1.2229155182960245
        },
        {
            "Time": "2023-01-25",
            "value": 2.3678576804589873
        },
        {
            "Time": "2023-01-26",
            "value": 0.9959520471992817
        },
        {
            "Time": "2023-01-27",
            "value": 1.611762623912815
        },
        {
            "Time": "2023-01-28",
            "value": 2.342948881393888
        },
        {
            "Time": "2023-01-29",
            "value": 2.3609289822895314
        },
        {
            "Time": "2023-01-30",
            "value": 2.4024115597294062
        },
        {
            "Time": "2023-01-31",
            "value": 2.350865513474357
        },
        {
            "Time": "2023-02-01",
            "value": 0.43674880071630895
        },
        {
            "Time": "2023-02-02",
            "value": 0.9181260093232027
        },
        {
            "Time": "2023-02-03",
            "value": 0.5089339770565764
        },
        {
            "Time": "2023-02-04",
            "value": 0.140685472603914
        },
        {
            "Time": "2023-02-05",
            "value": 0.3339544539241395
        },
        {
            "Time": "2023-02-06",
            "value": 1.2721961043754115
        },
        {
            "Time": "2023-02-07",
            "value": 0.33151641700215945
        },
        {
            "Time": "2023-02-08",
            "value": 0.1610309183787707
        },
        {
            "Time": "2023-02-09",
            "value": 0.4337660272217327
        },
        {
            "Time": "2023-02-10",
            "value": 0.2366928008473649
        },
        {
            "Time": "2023-02-11",
            "value": 0.760338472591046
        },
        {
            "Time": "2023-02-12",
            "value": 1.0366061769777377
        },
        {
            "Time": "2023-02-13",
            "value": 0.364541308244907
        },
        {
            "Time": "2023-02-14",
            "value": 0.9037338851274191
        },
        {
            "Time": "2023-02-15",
            "value": 2.36829050442239
        },
        {
            "Time": "2023-02-16",
            "value": 2.839838649860551
        },
        {
            "Time": "2023-02-17",
            "value": 1.6444228075374137
        },
        {
            "Time": "2023-02-18",
            "value": 1.7768095856182038
        },
        {
            "Time": "2023-02-19",
            "value": 0.743993581038139
        },
        {
            "Time": "2023-02-20",
            "value": 1.4107929782592474
        },
        {
            "Time": "2023-02-21",
            "value": 2.072106325170251
        },
        {
            "Time": "2023-02-22",
            "value": 2.0225647143959087
        },
        {
            "Time": "2023-02-23",
            "value": 1.784952579905849
        },
        {
            "Time": "2023-02-24",
            "value": 0.9965157696089005
        },
        {
            "Time": "2023-02-25",
            "value": 1.9425391193466255
        },
        {
            "Time": "2023-02-26",
            "value": 2.0653741476602927
        },
        {
            "Time": "2023-02-27",
            "value": 1.9212152178098905
        },
        {
            "Time": "2023-02-28",
            "value": 1.3703482567866725
        },
        {
            "Time": "2023-03-01",
            "value": 1.2474593323641652
        },
        {
            "Time": "2023-03-02",
            "value": 1.6458718107289552
        },
        {
            "Time": "2023-03-03",
            "value": 1.9597530236552243
        },
        {
            "Time": "2023-03-04",
            "value": 2.1055752217125465
        },
        {
            "Time": "2023-03-05",
            "value": 2.2462168508468023
        },
        {
            "Time": "2023-03-06",
            "value": 2.3967390715050283
        },
        {
            "Time": "2023-03-07",
            "value": 2.494093139964237
        },
        {
            "Time": "2023-03-08",
            "value": 2.35985882309741
        },
        {
            "Time": "2023-03-09",
            "value": 1.9682053859904638
        },
        {
            "Time": "2023-03-10",
            "value": 2.859308421975163
        },
        {
            "Time": "2023-03-11",
            "value": 2.4329608194642347
        },
        {
            "Time": "2023-03-12",
            "value": 0.5993728159491328
        },
        {
            "Time": "2023-03-13",
            "value": 2.476937842399785
        },
        {
            "Time": "2023-03-14",
            "value": 3.493534303134568
        },
        {
            "Time": "2023-03-15",
            "value": 2.875799198213749
        },
        {
            "Time": "2023-03-16",
            "value": 2.9323184038744183
        },
        {
            "Time": "2023-03-17",
            "value": 1.5937049638108742
        },
        {
            "Time": "2023-03-18",
            "value": 0.41049337992161616
        },
        {
            "Time": "2023-03-19",
            "value": 0.12832506508613126
        },
        {
            "Time": "2023-03-20",
            "value": 2.3867818186409937
        },
        {
            "Time": "2023-03-21",
            "value": 1.2158577946173543
        },
        {
            "Time": "2023-03-22",
            "value": 2.2656013228070724
        },
        {
            "Time": "2023-03-23",
            "value": 0.17975847115083085
        },
        {
            "Time": "2023-03-24",
            "value": 0.19936294929332965
        },
        {
            "Time": "2023-03-25",
            "value": 0.27134201536970715
        },
        {
            "Time": "2023-03-26",
            "value": 1.1662839078236995
        },
        {
            "Time": "2023-03-27",
            "value": 0.0
        }
    ]
}