{
    "data": [
        {
            "Time": "2022-11-27",
            "value": 0.24166120632833252
        },
        {
            "Time": "2022-11-28",
            "value": 1.0893792959317556
        },
        {
            "Time": "2022-11-29",
            "value": 0.9920876499502266
        },
        {
            "Time": "2022-11-30",
            "value": 0.3352143387101103
        },
        {
            "Time": "2022-12-01",
            "value": 0.0
        },
        {
            "Time": "2022-12-02",
            "value": 0.0
        },
        {
            "Time": "2022-12-03",
            "value": 0.0
        },
        {
            "Time": "2022-12-04",
            "value": 0.0
        },
        {
            "Time": "2022-12-05",
            "value": 0.0006906985971150835
        },
        {
            "Time": "2022-12-06",
            "value": 0.0022425517641353125
        },
        {
            "Time": "2022-12-07",
            "value": 0.0037969558750161414
        },
        {
            "Time": "2022-12-08",
            "value": 1.1365678706404734
        },
        {
            "Time": "2022-12-09",
            "value": 0.858712488882049
        },
        {
            "Time": "2022-12-10",
            "value": 2.670992075040999
        },
        {
            "Time": "2022-12-11",
            "value": 0.4247118653716069
        },
        {
            "Time": "2022-12-12",
            "value": 1.4218550227361355
        },
        {
            "Time": "2022-12-13",
            "value": 1.9734517945629957
        },
        {
            "Time": "2022-12-14",
            "value": 0.7712348839450901
        },
        {
            "Time": "2022-12-15",
            "value": 0.5493336145286257
        },
        {
            "Time": "2022-12-16",
            "value": 0.3408904989004238
        },
        {
            "Time": "2022-12-17",
            "value": 0.5003309864574916
        },
        {
            "Time": "2022-12-18",
            "value": 3.338819459161166
        },
        {
            "Time": "2022-12-19",
            "value": 3.1292860997971843
        },
        {
            "Time": "2022-12-20",
            "value": 1.7238611841349196
        },
        {
            "Time": "2022-12-21",
            "value": 3.055414569901933
        },
        {
            "Time": "2022-12-22",
            "value": 3.103977268378229
        },
        {
            "Time": "2022-12-23",
            "value": 3.2562961214096884
        },
        {
            "Time": "2022-12-24",
            "value": 3.2850807143249616
        },
        {
            "Time": "2022-12-25",
            "value": 3.311650852474904
        },
        {
            "Time": "2022-12-26",
            "value": 2.568150111899033
        },
        {
            "Time": "2022-12-27",
            "value": 1.097388371328318
        },
        {
            "Time": "2022-12-28",
            "value": 0.5276058210738078
        },
        {
            "Time": "2022-12-29",
            "value": 0.3149412760308037
        },
        {
            "Time": "2022-12-30",
            "value": 0.49295910549880784
        },
        {
            "Time": "2022-12-31",
            "value": 1.7241860742062436
        },
        {
            "Time": "2023-01-01",
            "value": 0.8855121396493464
        },
        {
            "Time": "2023-01-02",
            "value": 0.4092732769216975
        },
        {
            "Time": "2023-01-03",
            "value": 0.4799468118690034
        },
        {
            "Time": "2023-01-04",
            "value": 0.48197463528029866
        },
        {
            "Time": "2023-01-05",
            "value": 0.6267902814881267
        },
        {
            "Time": "2023-01-06",
            "value": 3.0877232539431394
        },
        {
            "Time": "2023-01-07",
            "value": 3.282037224098772
        },
        {
            "Time": "2023-01-08",
            "value": 3.2520585804569198
        },
        {
            "Time": "2023-01-09",
            "value": 0.5720597645093982
        },
        {
            "Time": "2023-01-10",
            "value": 0.6031944568130712
        },
        {
            "Time": "2023-01-11",
            "value": 0.8515383022990167
        },
        {
            "Time": "2023-01-12",
            "value": 1.9267613936862131
        },
        {
            "Time": "2023-01-13",
            "value": 0.37595361330025473
        },
        {
            "Time": "2023-01-14",
            "value": 2.065916700010374
        },
        {
            "Time": "2023-01-15",
            "value": 0.45146574585852345
        },
        {
            "Time": "2023-01-16",
            "value": 2.628696354393684
        },
        {
            "Time": "2023-01-17",
            "value": 0.53380873791239
        },
        {
            "Time": "2023-01-18",
            "value": 3.131491743088843
        },
        {
            "Time": "2023-01-19",
            "value": 2.546447633061684
        },
        {
            "Time": "2023-01-20",
            "value": 1.0168288366526712
        },
        {
            "Time": "2023-01-21",
            "value": 0.3078225253860322
        },
        {
            "Time": "2023-01-22",
            "value": 2.503339074598193
        },
        {
            "Time": "2023-01-23",
            "value": 0.2949645806555972
        },
        {
            "Time": "2023-01-24",
            "value": 2.2148896910157196
        },
        {
            "Time": "2023-01-25",
            "value": 3.428978128957427
        },
        {
            "Time": "2023-01-26",
            "value": 1.6320818833027955
        },
        {
            "Time": "2023-01-27",
            "value": 3.1273305244068226
        },
        {
            "Time": "2023-01-28",
            "value": 3.475136611875239
        },
        {
            "Time": "2023-01-29",
            "value": 3.509257107243017
        },
        {
            "Time": "2023-01-30",
            "value": 3.6055384161233963
        },
        {
            "Time": "2023-01-31",
            "value": 3.576456935960142
        },
        {
            "Time": "2023-02-01",
            "value": 0.5704677970951624
        },
        {
            "Time": "2023-02-02",
            "value": 1.3710123026020544
        },
        {
            "Time": "2023-02-03",
            "value": 0.6423753687243162
        },
        {
            "Time": "2023-02-04",
            "value": 0.20052181199553454
        },
        {
            "Time": "2023-02-05",
            "value": 0.4345515255270439
        },
        {
            "Time": "2023-02-06",
            "value": 2.0659880184844326
        },
        {
            "Time": "2023-02-07",
            "value": 0.4443973282664323
        },
        {
            "Time": "2023-02-08",
            "value": 0.22464275600009118
        },
        {
            "Time": "2023-02-09",
            "value": 0.5812776845675367
        },
        {
            "Time": "2023-02-10",
            "value": 0.314706792662313
        },
        {
            "Time": "2023-02-11",
            "value": 1.1006453305650648
        },
        {
            "Time": "2023-02-12",
            "value": 1.5486609758578864
        },
        {
            "Time": "2023-02-13",
            "value": 0.5117689013654179
        },
        {
            "Time": "2023-02-14",
            "value": 1.2450417059243337
        },
        {
            "Time": "2023-02-15",
            "value": 3.2762337773474806
        },
        {
            "Time": "2023-02-16",
            "value": 3.8198725012603467
        },
        {
            "Time": "2023-02-17",
            "value": 2.7819760753392155
        },
        {
            "Time": "2023-02-18",
            "value": 3.3381508010747263
        },
        {
            "Time": "2023-02-19",
            "value": 0.9601252896903418
        },
        {
            "Time": "2023-02-20",
            "value": 1.958134345267865
        },
        {
            "Time": "2023-02-21",
            "value": 3.7345633069489117
        },
        {
            "Time": "2023-02-22",
            "value": 3.1945127212276327
        },
        {
            "Time": "2023-02-23",
            "value": 3.0381257447816026
        },
        {
            "Time": "2023-02-24",
            "value": 1.3548094517019889
        },
        {
            "Time": "2023-02-25",
            "value": 3.4500018304136266
        },
        {
            "Time": "2023-02-26",
            "value": 3.8072119916405835
        },
        {
            "Time": "2023-02-27",
            "value": 3.291988031631362
        },
        {
            "Time": "2023-02-28",
            "value": 1.8898796920767968
        },
        {
            "Time": "2023-03-01",
            "value": 1.909194281674192
        },
        {
            "Time": "2023-03-02",
            "value": 2.5906226735836952
        },
        {
            "Time": "2023-03-03",
            "value": 3.3659691874176967
        },
        {
            "Time": "2023-03-04",
            "value": 3.6765197733884243
        },
        {
            "Time": "2023-03-05",
            "value": 3.6579779452030006
        },
        {
            "Time": "2023-03-06",
            "value": 3.7751420657042085
        },
        {
            "Time": "2023-03-07",
            "value": 3.7372395131343294
        },
        {
            "Time": "2023-03-08",
            "value": 3.420910169052018
        },
        {
            "Time": "2023-03-09",
            "value": 2.703612295202855
        },
        {
            "Time": "2023-03-10",
            "value": 3.8244911791437954
        },
        {
            "Time": "2023-03-11",
            "value": 3.3031100770661346
        },
        {
            "Time": "2023-03-12",
            "value": 0.765844576872337
        },
        {
            "Time": "2023-03-13",
            "value": 3.0740442356680395
        },
        {
            "Time": "2023-03-14",
            "value": 3.838731414660261
        },
        {
            "Time": "2023-03-15",
            "value": 3.2979612316758176
        },
        {
            "Time": "2023-03-16",
            "value": 3.3363542958256525
        },
        {
            "Time": "2023-03-17",
            "value": 1.9855158031797677
        },
        {
            "Time": "2023-03-18",
            "value": 0.5251514734973143
        },
        {
            "Time": "2023-03-19",
            "value": 0.2015486099061852
        },
        {
            "Time": "2023-03-20",
            "value": 2.7187517890218658
        },
        {
            "Time": "2023-03-21",
            "value": 1.5056098791454067
        },
        {
            "Time": "2023-03-22",
            "value": 2.642859174780737
        },
        {
            "Time": "2023-03-23",
            "value": 0.2653178625702173
        },
        {
            "Time": "2023-03-24",
            "value": 0.30498507128015395
        },
        {
            "Time": "2023-03-25",
            "value": 0.38358402569243377
        },
        {
            "Time": "2023-03-26",
            "value": 1.4545229341785693
        },
        {
            "Time": "2023-03-27",
            "value": 0.0
        }
    ]
}