{"data": [{"Time": "1998-01-01", "value": 551.0}, {"Time": "1998-04-01", "value": 416.0}, {"Time": "1998-07-01", "value": 436.0}, {"Time": "1998-10-01", "value": 450.0}, {"Time": "1999-01-01", "value": 379.0}, {"Time": "1999-04-01", "value": 558.0}, {"Time": "1999-07-01", "value": 449.0}, {"Time": "1999-10-01", "value": 595.0}, {"Time": "2000-01-01", "value": 600.0}, {"Time": "2000-04-01", "value": 557.0}, {"Time": "2000-07-01", "value": 440.0}, {"Time": "2000-10-01", "value": 494.0}, {"Time": "2001-01-01", "value": 391.0}, {"Time": "2001-04-01", "value": 618.0}, {"Time": "2001-07-01", "value": 547.0}, {"Time": "2001-10-01", "value": 533.0}, {"Time": "2002-01-01", "value": 449.0}, {"Time": "2002-04-01", "value": 547.0}, {"Time": "2002-07-01", "value": 456.0}, {"Time": "2002-10-01", "value": 522.0}, {"Time": "2003-01-01", "value": 378.0}, {"Time": "2003-04-01", "value": 446.0}, {"Time": "2003-07-01", "value": 540.0}, {"Time": "2003-10-01", "value": 580.0}, {"Time": "2004-01-01", "value": 492.0}, {"Time": "2004-04-01", "value": 483.0}, {"Time": "2004-07-01", "value": 424.0}, {"Time": "2004-10-01", "value": 482.0}, {"Time": "2005-01-01", "value": 518.0}, {"Time": "2005-04-01", "value": 478.0}, {"Time": "2005-07-01", "value": 568.0}, {"Time": "2005-10-01", "value": 423.0}, {"Time": "2006-01-01", "value": 448.0}, {"Time": "2006-04-01", "value": 550.0}, {"Time": "2006-07-01", "value": 455.0}, {"Time": "2006-10-01", "value": 440.0}, {"Time": "2007-01-01", "value": 495.0}, {"Time": "2007-04-01", "value": 476.0}, {"Time": "2007-07-01", "value": 523.0}, {"Time": "2007-10-01", "value": 461.0}, {"Time": "2008-01-01", "value": 474.0}, {"Time": "2008-04-01", "value": 483.0}, {"Time": "2008-07-01", "value": 529.0}, {"Time": "2008-10-01", "value": 470.0}, {"Time": "2009-01-01", "value": 493.0}, {"Time": "2009-04-01", "value": 397.0}, {"Time": "2009-07-01", "value": 410.0}, {"Time": "2009-10-01", "value": 428.0}, {"Time": "2010-01-01", "value": 617.0}, {"Time": "2010-04-01", "value": 555.0}, {"Time": "2010-07-01", "value": 444.0}, {"Time": "2010-10-01", "value": 465.0}, {"Time": "2011-01-01", "value": 381.0}, {"Time": "2011-04-01", "value": 448.0}, {"Time": "2011-07-01", "value": 495.0}, {"Time": "2011-10-01", "value": 476.0}, {"Time": "2012-01-01", "value": 447.0}, {"Time": "2012-04-01", "value": 457.0}, {"Time": "2012-07-01", "value": 522.0}, {"Time": "2012-10-01", "value": 512.0}, {"Time": "2013-01-01", "value": 525.0}, {"Time": "2013-04-01", "value": 476.0}, {"Time": "2013-07-01", "value": 507.0}, {"Time": "2013-10-01", "value": 530.0}, {"Time": "2014-01-01", "value": 444.0}, {"Time": "2014-04-01", "value": 517.0}, {"Time": "2014-07-01", "value": 528.0}, {"Time": "2014-10-01", "value": 467.0}, {"Time": "2015-01-01", "value": 527.0}, {"Time": "2015-04-01", "value": 513.0}, {"Time": "2015-07-01", "value": 612.0}, {"Time": "2015-10-01", "value": 543.0}, {"Time": "2016-01-01", "value": 627.0}, {"Time": "2016-04-01", "value": 593.0}, {"Time": "2016-07-01", "value": 572.0}, {"Time": "2016-10-01", "value": 667.0}]}