{
    "data": [
        {
            "Time": "1998-01-01",
            "value": 23933.0
        },
        {
            "Time": "1998-04-01",
            "value": 20857.0
        },
        {
            "Time": "1998-07-01",
            "value": 20223.0
        },
        {
            "Time": "1998-10-01",
            "value": 21343.0
        },
        {
            "Time": "1999-01-01",
            "value": 22802.0
        },
        {
            "Time": "1999-04-01",
            "value": 21958.0
        },
        {
            "Time": "1999-07-01",
            "value": 20295.0
        },
        {
            "Time": "1999-10-01",
            "value": 20481.0
        },
        {
            "Time": "2000-01-01",
            "value": 22939.0
        },
        {
            "Time": "2000-04-01",
            "value": 20354.0
        },
        {
            "Time": "2000-07-01",
            "value": 20663.0
        },
        {
            "Time": "2000-10-01",
            "value": 21977.0
        },
        {
            "Time": "2001-01-01",
            "value": 22096.0
        },
        {
            "Time": "2001-04-01",
            "value": 21364.0
        },
        {
            "Time": "2001-07-01",
            "value": 21190.0
        },
        {
            "Time": "2001-10-01",
            "value": 21457.0
        },
        {
            "Time": "2002-01-01",
            "value": 22965.0
        },
        {
            "Time": "2002-04-01",
            "value": 21277.0
        },
        {
            "Time": "2002-07-01",
            "value": 21664.0
        },
        {
            "Time": "2002-10-01",
            "value": 22366.0
        },
        {
            "Time": "2003-01-01",
            "value": 22740.0
        },
        {
            "Time": "2003-04-01",
            "value": 21788.0
        },
        {
            "Time": "2003-07-01",
            "value": 21071.0
        },
        {
            "Time": "2003-10-01",
            "value": 21561.0
        },
        {
            "Time": "2004-01-01",
            "value": 23699.0
        },
        {
            "Time": "2004-04-01",
            "value": 22062.0
        },
        {
            "Time": "2004-07-01",
            "value": 21190.0
        },
        {
            "Time": "2004-10-01",
            "value": 20896.0
        },
        {
            "Time": "2005-01-01",
            "value": 23284.0
        },
        {
            "Time": "2005-04-01",
            "value": 19116.0
        },
        {
            "Time": "2005-07-01",
            "value": 19069.0
        },
        {
            "Time": "2005-10-01",
            "value": 19735.0
        },
        {
            "Time": "2006-01-01",
            "value": 23176.0
        },
        {
            "Time": "2006-04-01",
            "value": 21658.0
        },
        {
            "Time": "2006-07-01",
            "value": 19145.0
        },
        {
            "Time": "2006-10-01",
            "value": 20971.0
        },
        {
            "Time": "2007-01-01",
            "value": 22424.0
        },
        {
            "Time": "2007-04-01",
            "value": 21976.0
        },
        {
            "Time": "2007-07-01",
            "value": 20456.0
        },
        {
            "Time": "2007-10-01",
            "value": 20882.0
        },
        {
            "Time": "2008-01-01",
            "value": 24019.0
        },
        {
            "Time": "2008-04-01",
            "value": 19459.0
        },
        {
            "Time": "2008-07-01",
            "value": 19528.0
        },
        {
            "Time": "2008-10-01",
            "value": 19740.0
        },
        {
            "Time": "2009-01-01",
            "value": 20677.0
        },
        {
            "Time": "2009-04-01",
            "value": 18827.0
        },
        {
            "Time": "2009-07-01",
            "value": 19334.0
        },
        {
            "Time": "2009-10-01",
            "value": 19561.0
        },
        {
            "Time": "2010-01-01",
            "value": 20762.0
        },
        {
            "Time": "2010-04-01",
            "value": 19309.0
        },
        {
            "Time": "2010-07-01",
            "value": 19908.0
        },
        {
            "Time": "2010-10-01",
            "value": 20221.0
        },
        {
            "Time": "2011-01-01",
            "value": 20910.0
        },
        {
            "Time": "2011-04-01",
            "value": 20813.0
        },
        {
            "Time": "2011-07-01",
            "value": 20881.0
        },
        {
            "Time": "2011-10-01",
            "value": 20598.0
        },
        {
            "Time": "2012-01-01",
            "value": 22580.0
        },
        {
            "Time": "2012-04-01",
            "value": 20712.0
        },
        {
            "Time": "2012-07-01",
            "value": 20099.0
        },
        {
            "Time": "2012-10-01",
            "value": 22102.0
        },
        {
            "Time": "2013-01-01",
            "value": 22713.0
        },
        {
            "Time": "2013-04-01",
            "value": 21500.0
        },
        {
            "Time": "2013-07-01",
            "value": 20792.0
        },
        {
            "Time": "2013-10-01",
            "value": 21764.0
        },
        {
            "Time": "2014-01-01",
            "value": 24462.0
        },
        {
            "Time": "2014-04-01",
            "value": 23302.0
        },
        {
            "Time": "2014-07-01",
            "value": 21309.0
        },
        {
            "Time": "2014-10-01",
            "value": 23439.0
        },
        {
            "Time": "2015-01-01",
            "value": 25810.0
        },
        {
            "Time": "2015-04-01",
            "value": 24108.0
        },
        {
            "Time": "2015-07-01",
            "value": 23713.0
        },
        {
            "Time": "2015-10-01",
            "value": 25759.0
        },
        {
            "Time": "2016-01-01",
            "value": 27492.0
        },
        {
            "Time": "2016-04-01",
            "value": 24792.0
        },
        {
            "Time": "2016-07-01",
            "value": 24696.0
        },
        {
            "Time": "2016-10-01",
            "value": 27017.0
        }
    ]
}