[{"id": 1, "node_name": "AU", "parent_id": 0, "children_id": [2, 3, 4, 5, 6, 7, 8], "level": 1}, {"id": 2, "node_name": "AU-South_Australia", "parent_id": 1, "children_id": [86, 87, 88, 89], "level": 2}, {"id": 3, "node_name": "AU-Northern_Territory", "parent_id": 1, "children_id": [90, 91], "level": 2}, {"id": 4, "node_name": "AU-Western_Australia", "parent_id": 1, "children_id": [92, 93], "level": 2}, {"id": 5, "node_name": "AU-Victoria", "parent_id": 1, "children_id": [94, 95, 96, 97, 98], "level": 2}, {"id": 6, "node_name": "AU-New_South_Wales", "parent_id": 1, "children_id": [99, 100, 101, 102, 103], "level": 2}, {"id": 7, "node_name": "AU-Queensland", "parent_id": 1, "children_id": [104, 105, 106], "level": 2}, {"id": 8, "node_name": "AU-ACT", "parent_id": 1, "children_id": [107], "level": 2}, {"id": 9, "node_name": "AU-South_Australia-Yorke_Peninsula", "parent_id": 86, "children_id": [], "level": 4}, {"id": 10, "node_name": "AU-South_Australia-Barossa", "parent_id": 87, "children_id": [], "level": 4}, {"id": 11, "node_name": "AU-South_Australia-Eyre_Peninsula", "parent_id": 87, "children_id": [], "level": 4}, {"id": 12, "node_name": "AU-South_Australia-Adelaide", "parent_id": 88, "children_id": [], "level": 4}, {"id": 13, "node_name": "AU-South_Australia-Riverland", "parent_id": 87, "children_id": [], "level": 4}, {"id": 14, "node_name": "AU-South_Australia-Limestone_Coast", "parent_id": 86, "children_id": [], "level": 4}, {"id": 15, "node_name": "AU-South_Australia-Murraylands", "parent_id": 86, "children_id": [], "level": 4}, {"id": 16, "node_name": "AU-South_Australia-Clare_Valley", "parent_id": 87, "children_id": [], "level": 4}, {"id": 17, "node_name": "AU-South_Australia-Fleurieu_Peninsula", "parent_id": 86, "children_id": [], "level": 4}, {"id": 18, "node_name": "AU-South_Australia-Flinders_Ranges_and_Outback", "parent_id": 89, "children_id": [], "level": 4}, {"id": 19, "node_name": "AU-South_Australia-Kangaroo_Island", "parent_id": 86, "children_id": [], "level": 4}, {"id": 20, "node_name": "AU-South_Australia-Adelaide_Hills", "parent_id": 87, "children_id": [], "level": 4}, {"id": 21, "node_name": "AU-Northern_Territory-Hobart_and_the_South", "parent_id": 90, "children_id": [], "level": 4}, {"id": 22, "node_name": "AU-Northern_Territory-Kakadu_Arnhem", "parent_id": 91, "children_id": [], "level": 4}, {"id": 23, "node_name": "AU-Northern_Territory-Katherine_Daly", "parent_id": 91, "children_id": [], "level": 4}, {"id": 24, "node_name": "AU-Northern_Territory-North_West", "parent_id": 90, "children_id": [], "level": 4}, {"id": 25, "node_name": "AU-Northern_Territory-Alice_Springs", "parent_id": 91, "children_id": [], "level": 4}, {"id": 26, "node_name": "AU-Northern_Territory-MacDonnell", "parent_id": 91, "children_id": [], "level": 4}, {"id": 27, "node_name": "AU-Northern_Territory-East_Coast", "parent_id": 90, "children_id": [], "level": 4}, {"id": 28, "node_name": "AU-Northern_Territory-Lasseter", "parent_id": 91, "children_id": [], "level": 4}, {"id": 29, "node_name": "AU-Northern_Territory-Tasmania", "parent_id": 90, "children_id": [], "level": 4}, {"id": 30, "node_name": "AU-Northern_Territory-Wilderness_West", "parent_id": 90, "children_id": [], "level": 4}, {"id": 31, "node_name": "AU-Northern_Territory-Darwin", "parent_id": 91, "children_id": [], "level": 4}, {"id": 32, "node_name": "AU-Northern_Territory-Launceston,_Tamar_and_the_North", "parent_id": 90, "children_id": [], "level": 4}, {"id": 33, "node_name": "AU-Northern_Territory-Barkly", "parent_id": 91, "children_id": [], "level": 4}, {"id": 34, "node_name": "AU-Western_Australia-Australia's_South_West", "parent_id": 92, "children_id": [], "level": 4}, {"id": 35, "node_name": "AU-Western_Australia-Australia's_Coral_Coast", "parent_id": 93, "children_id": [], "level": 4}, {"id": 36, "node_name": "AU-Western_Australia-Experience_Perth", "parent_id": 92, "children_id": [], "level": 4}, {"id": 37, "node_name": "AU-Western_Australia-Australia's_Golden_Outback", "parent_id": 93, "children_id": [], "level": 4}, {"id": 38, "node_name": "AU-Western_Australia-Australia's_North_West", "parent_id": 93, "children_id": [], "level": 4}, {"id": 39, "node_name": "AU-Victoria-Mallee", "parent_id": 94, "children_id": [], "level": 4}, {"id": 40, "node_name": "AU-Victoria-Melbourne_East", "parent_id": 95, "children_id": [], "level": 4}, {"id": 41, "node_name": "AU-Victoria-Goulburn", "parent_id": 96, "children_id": [], "level": 4}, {"id": 42, "node_name": "AU-Victoria-Melbourne", "parent_id": 95, "children_id": [], "level": 4}, {"id": 43, "node_name": "AU-Victoria-Macedon", "parent_id": 97, "children_id": [], "level": 4}, {"id": 44, "node_name": "AU-Victoria-Ballarat", "parent_id": 94, "children_id": [], "level": 4}, {"id": 45, "node_name": "AU-Victoria-Spa_Country", "parent_id": 95, "children_id": [], "level": 4}, {"id": 46, "node_name": "AU-Victoria-Peninsula", "parent_id": 96, "children_id": [], "level": 4}, {"id": 47, "node_name": "AU-Victoria-Western_Grampians", "parent_id": 94, "children_id": [], "level": 4}, {"id": 48, "node_name": "AU-Victoria-Central_Highlands", "parent_id": 94, "children_id": [], "level": 4}, {"id": 49, "node_name": "AU-Victoria-High_Country", "parent_id": 98, "children_id": [], "level": 4}, {"id": 50, "node_name": "AU-Victoria-Murray_East", "parent_id": 94, "children_id": [], "level": 4}, {"id": 51, "node_name": "AU-Victoria-Upper_Yarra", "parent_id": 94, "children_id": [], "level": 4}, {"id": 52, "node_name": "AU-Victoria-Geelong", "parent_id": 97, "children_id": [], "level": 4}, {"id": 53, "node_name": "AU-Victoria-Bendigo_Loddon", "parent_id": 94, "children_id": [], "level": 4}, {"id": 54, "node_name": "AU-Victoria-Western", "parent_id": 96, "children_id": [], "level": 4}, {"id": 55, "node_name": "AU-Victoria-Wimmera", "parent_id": 94, "children_id": [], "level": 4}, {"id": 56, "node_name": "AU-Victoria-Gippsland", "parent_id": 96, "children_id": [], "level": 4}, {"id": 57, "node_name": "AU-Victoria-Phillip_Island", "parent_id": 96, "children_id": [], "level": 4}, {"id": 58, "node_name": "AU-Victoria-Lakes", "parent_id": 96, "children_id": [], "level": 4}, {"id": 59, "node_name": "AU-Victoria-Central_Murray", "parent_id": 96, "children_id": [], "level": 4}, {"id": 60, "node_name": "AU-New_South_Wales-Blue_Mountains", "parent_id": 99, "children_id": [], "level": 4}, {"id": 61, "node_name": "AU-New_South_Wales-New_England_North_West", "parent_id": 100, "children_id": [], "level": 4}, {"id": 62, "node_name": "AU-New_South_Wales-Outback_NSW", "parent_id": 101, "children_id": [], "level": 4}, {"id": 63, "node_name": "AU-New_South_Wales-South_Coast", "parent_id": 102, "children_id": [], "level": 4}, {"id": 64, "node_name": "AU-New_South_Wales-The_Murray", "parent_id": 100, "children_id": [], "level": 4}, {"id": 65, "node_name": "AU-New_South_Wales-North_Coast_NSW", "parent_id": 103, "children_id": [], "level": 4}, {"id": 66, "node_name": "AU-New_South_Wales-Snowy_Mountains", "parent_id": 101, "children_id": [], "level": 4}, {"id": 67, "node_name": "AU-New_South_Wales-Central_NSW", "parent_id": 100, "children_id": [], "level": 4}, {"id": 68, "node_name": "AU-New_South_Wales-Central_Coast", "parent_id": 102, "children_id": [], "level": 4}, {"id": 69, "node_name": "AU-New_South_Wales-Sydney", "parent_id": 99, "children_id": [], "level": 4}, {"id": 70, "node_name": "AU-New_South_Wales-Riverina", "parent_id": 101, "children_id": [], "level": 4}, {"id": 71, "node_name": "AU-New_South_Wales-Hunter", "parent_id": 103, "children_id": [], "level": 4}, {"id": 72, "node_name": "AU-New_South_Wales-Capital_Country", "parent_id": 99, "children_id": [], "level": 4}, {"id": 73, "node_name": "AU-Queensland-Tropical_North_Queensland", "parent_id": 104, "children_id": [], "level": 4}, {"id": 74, "node_name": "AU-Queensland-Outback", "parent_id": 104, "children_id": [], "level": 4}, {"id": 75, "node_name": "AU-Queensland-Northern", "parent_id": 104, "children_id": [], "level": 4}, {"id": 76, "node_name": "AU-Queensland-Sunshine_Coast", "parent_id": 105, "children_id": [], "level": 4}, {"id": 77, "node_name": "AU-Queensland-Darling_Downs", "parent_id": 104, "children_id": [], "level": 4}, {"id": 78, "node_name": "AU-Queensland-Mackay", "parent_id": 104, "children_id": [], "level": 4}, {"id": 79, "node_name": "AU-Queensland-Fraser_Coast", "parent_id": 104, "children_id": [], "level": 4}, {"id": 80, "node_name": "AU-Queensland-Whitsundays", "parent_id": 104, "children_id": [], "level": 4}, {"id": 81, "node_name": "AU-Queensland-Bundaberg", "parent_id": 104, "children_id": [], "level": 4}, {"id": 82, "node_name": "AU-Queensland-Brisbane", "parent_id": 106, "children_id": [], "level": 4}, {"id": 83, "node_name": "AU-Queensland-Gold_Coast", "parent_id": 105, "children_id": [], "level": 4}, {"id": 84, "node_name": "AU-Queensland-Central_Queensland", "parent_id": 104, "children_id": [], "level": 4}, {"id": 85, "node_name": "AU-ACT-Canberra", "parent_id": 107, "children_id": [], "level": 4}, {"id": 86, "node_name": "AU-South_Australia-G1", "parent_id": 2, "children_id": [9, 14, 15, 17, 19], "level": 3, "attribute": "group3"}, {"id": 87, "node_name": "AU-South_Australia-G2", "parent_id": 2, "children_id": [10, 11, 13, 16, 20], "level": 3, "attribute": "group4"}, {"id": 88, "node_name": "AU-South_Australia-G3", "parent_id": 2, "children_id": [12], "level": 3, "attribute": "group2"}, {"id": 89, "node_name": "AU-South_Australia-G4", "parent_id": 2, "children_id": [18], "level": 3, "attribute": "group1"}, {"id": 90, "node_name": "AU-Northern_Territory-G1", "parent_id": 3, "children_id": [21, 24, 27, 29, 30, 32], "level": 3, "attribute": "group3"}, {"id": 91, "node_name": "AU-Northern_Territory-G2", "parent_id": 3, "children_id": [22, 23, 25, 26, 28, 31, 33], "level": 3, "attribute": "group1"}, {"id": 92, "node_name": "AU-Western_Australia-G1", "parent_id": 4, "children_id": [34, 36], "level": 3, "attribute": "group2"}, {"id": 93, "node_name": "AU-Western_Australia-G2", "parent_id": 4, "children_id": [35, 37, 38], "level": 3, "attribute": "group5"}, {"id": 94, "node_name": "AU-Victoria-G1", "parent_id": 5, "children_id": [39, 44, 47, 48, 50, 51, 53, 55], "level": 3, "attribute": "group4"}, {"id": 95, "node_name": "AU-Victoria-G2", "parent_id": 5, "children_id": [40, 42, 45], "level": 3, "attribute": "group5"}, {"id": 96, "node_name": "AU-Victoria-G3", "parent_id": 5, "children_id": [41, 46, 54, 56, 57, 58, 59], "level": 3, "attribute": "group3"}, {"id": 97, "node_name": "AU-Victoria-G4", "parent_id": 5, "children_id": [43, 52], "level": 3, "attribute": "group2"}, {"id": 98, "node_name": "AU-Victoria-G5", "parent_id": 5, "children_id": [49], "level": 3, "attribute": "group1"}, {"id": 99, "node_name": "AU-New_South_Wales-G1", "parent_id": 6, "children_id": [60, 69, 72], "level": 3, "attribute": "group5"}, {"id": 100, "node_name": "AU-New_South_Wales-G2", "parent_id": 6, "children_id": [61, 64, 67], "level": 3, "attribute": "group4"}, {"id": 101, "node_name": "AU-New_South_Wales-G3", "parent_id": 6, "children_id": [62, 66, 70], "level": 3, "attribute": "group1"}, {"id": 102, "node_name": "AU-New_South_Wales-G4", "parent_id": 6, "children_id": [63, 68], "level": 3, "attribute": "group3"}, {"id": 103, "node_name": "AU-New_South_Wales-G5", "parent_id": 6, "children_id": [65, 71], "level": 3, "attribute": "group2"}, {"id": 104, "node_name": "AU-Queensland-G1", "parent_id": 7, "children_id": [73, 74, 75, 77, 78, 79, 80, 81, 84], "level": 3, "attribute": "group1"}, {"id": 105, "node_name": "AU-Queensland-G2", "parent_id": 7, "children_id": [76, 83], "level": 3, "attribute": "group2"}, {"id": 106, "node_name": "AU-Queensland-G3", "parent_id": 7, "children_id": [82], "level": 3, "attribute": "group5"}, {"id": 107, "node_name": "AU-ACT-G1", "parent_id": 8, "children_id": [85], "level": 3, "attribute": "group5"}]