{
    "data": [
        {
            "Time": "2022-11-27",
            "value": 0.31238663629662466
        },
        {
            "Time": "2022-11-28",
            "value": 0.9573095259423885
        },
        {
            "Time": "2022-11-29",
            "value": 0.8629173527138811
        },
        {
            "Time": "2022-11-30",
            "value": 0.4455496253685773
        },
        {
            "Time": "2022-12-01",
            "value": 0.5225585810622503
        },
        {
            "Time": "2022-12-02",
            "value": 0.5707586417515094
        },
        {
            "Time": "2022-12-03",
            "value": 0.9421771337743776
        },
        {
            "Time": "2022-12-04",
            "value": 0.7035835939006914
        },
        {
            "Time": "2022-12-05",
            "value": 0.5830804295608981
        },
        {
            "Time": "2022-12-06",
            "value": 0.9005882126925806
        },
        {
            "Time": "2022-12-07",
            "value": 0.26024363500006364
        },
        {
            "Time": "2022-12-08",
            "value": 1.0858379253366803
        },
        {
            "Time": "2022-12-09",
            "value": 1.010883981738343
        },
        {
            "Time": "2022-12-10",
            "value": 1.5572046646191842
        },
        {
            "Time": "2022-12-11",
            "value": 0.546100587716404
        },
        {
            "Time": "2022-12-12",
            "value": 0.8732523516157759
        },
        {
            "Time": "2022-12-13",
            "value": 1.612657410734624
        },
        {
            "Time": "2022-12-14",
            "value": 0.9147672988220668
        },
        {
            "Time": "2022-12-15",
            "value": 0.6878024173406692
        },
        {
            "Time": "2022-12-16",
            "value": 0.4475943201363858
        },
        {
            "Time": "2022-12-17",
            "value": 0.5542175596382115
        },
        {
            "Time": "2022-12-18",
            "value": 2.8880633207245485
        },
        {
            "Time": "2022-12-19",
            "value": 0.7333525233860004
        },
        {
            "Time": "2022-12-20",
            "value": 0.872379432367102
        },
        {
            "Time": "2022-12-21",
            "value": 2.702751051069553
        },
        {
            "Time": "2022-12-22",
            "value": 0.41198494577627315
        },
        {
            "Time": "2022-12-23",
            "value": 2.1943341982519353
        },
        {
            "Time": "2022-12-24",
            "value": 2.177409851679942
        },
        {
            "Time": "2022-12-25",
            "value": 2.8168045783117055
        },
        {
            "Time": "2022-12-26",
            "value": 2.4690898010330744
        },
        {
            "Time": "2022-12-27",
            "value": 0.9803656830758377
        },
        {
            "Time": "2022-12-28",
            "value": 0.6651855116353506
        },
        {
            "Time": "2022-12-29",
            "value": 0.41066674882145243
        },
        {
            "Time": "2022-12-30",
            "value": 0.6233077546132088
        },
        {
            "Time": "2022-12-31",
            "value": 1.1522810300375368
        },
        {
            "Time": "2023-01-01",
            "value": 1.0062500616465597
        },
        {
            "Time": "2023-01-02",
            "value": 0.5351025067330357
        },
        {
            "Time": "2023-01-03",
            "value": 0.596177559203992
        },
        {
            "Time": "2023-01-04",
            "value": 0.6234398108911922
        },
        {
            "Time": "2023-01-05",
            "value": 0.8055504026772602
        },
        {
            "Time": "2023-01-06",
            "value": 2.3647057204902797
        },
        {
            "Time": "2023-01-07",
            "value": 2.9790940072423115
        },
        {
            "Time": "2023-01-08",
            "value": 2.3050385624190226
        },
        {
            "Time": "2023-01-09",
            "value": 0.7044983443241369
        },
        {
            "Time": "2023-01-10",
            "value": 0.7543837441286475
        },
        {
            "Time": "2023-01-11",
            "value": 1.029664281970379
        },
        {
            "Time": "2023-01-12",
            "value": 1.6320792460920082
        },
        {
            "Time": "2023-01-13",
            "value": 0.5128133431399863
        },
        {
            "Time": "2023-01-14",
            "value": 1.8421974105744798
        },
        {
            "Time": "2023-01-15",
            "value": 0.5572601167163035
        },
        {
            "Time": "2023-01-16",
            "value": 2.4845206523483867
        },
        {
            "Time": "2023-01-17",
            "value": 0.6801258271344081
        },
        {
            "Time": "2023-01-18",
            "value": 2.8352770907299116
        },
        {
            "Time": "2023-01-19",
            "value": 2.3589272467326006
        },
        {
            "Time": "2023-01-20",
            "value": 1.0536992363303332
        },
        {
            "Time": "2023-01-21",
            "value": 0.4039739335072847
        },
        {
            "Time": "2023-01-22",
            "value": 2.0120199815985402
        },
        {
            "Time": "2023-01-23",
            "value": 0.40520686058862815
        },
        {
            "Time": "2023-01-24",
            "value": 1.6976119574123365
        },
        {
            "Time": "2023-01-25",
            "value": 3.232358236831632
        },
        {
            "Time": "2023-01-26",
            "value": 1.552096253670248
        },
        {
            "Time": "2023-01-27",
            "value": 3.130004633833928
        },
        {
            "Time": "2023-01-28",
            "value": 3.3683707025527814
        },
        {
            "Time": "2023-01-29",
            "value": 3.2552793437270564
        },
        {
            "Time": "2023-01-30",
            "value": 3.279785412929783
        },
        {
            "Time": "2023-01-31",
            "value": 3.171571091538506
        },
        {
            "Time": "2023-02-01",
            "value": 0.7092028225422413
        },
        {
            "Time": "2023-02-02",
            "value": 1.3317138511260274
        },
        {
            "Time": "2023-02-03",
            "value": 0.8100982657389187
        },
        {
            "Time": "2023-02-04",
            "value": 0.29631674474197917
        },
        {
            "Time": "2023-02-05",
            "value": 0.6028840683890785
        },
        {
            "Time": "2023-02-06",
            "value": 1.7394384481189782
        },
        {
            "Time": "2023-02-07",
            "value": 0.6156987859767546
        },
        {
            "Time": "2023-02-08",
            "value": 0.3530804667441563
        },
        {
            "Time": "2023-02-09",
            "value": 0.6941961639608691
        },
        {
            "Time": "2023-02-10",
            "value": 0.43035813953620644
        },
        {
            "Time": "2023-02-11",
            "value": 1.0203226293046865
        },
        {
            "Time": "2023-02-12",
            "value": 1.3984866438093417
        },
        {
            "Time": "2023-02-13",
            "value": 0.6544569802781111
        },
        {
            "Time": "2023-02-14",
            "value": 1.2537069289028537
        },
        {
            "Time": "2023-02-15",
            "value": 2.5320500804931165
        },
        {
            "Time": "2023-02-16",
            "value": 3.1036178987807737
        },
        {
            "Time": "2023-02-17",
            "value": 2.4568589817534234
        },
        {
            "Time": "2023-02-18",
            "value": 2.709886451630756
        },
        {
            "Time": "2023-02-19",
            "value": 1.1503185414147101
        },
        {
            "Time": "2023-02-20",
            "value": 1.9422291964455152
        },
        {
            "Time": "2023-02-21",
            "value": 3.0467392322935867
        },
        {
            "Time": "2023-02-22",
            "value": 2.7820176792495377
        },
        {
            "Time": "2023-02-23",
            "value": 2.4865729816795
        },
        {
            "Time": "2023-02-24",
            "value": 1.4886252426687612
        },
        {
            "Time": "2023-02-25",
            "value": 2.803461217655019
        },
        {
            "Time": "2023-02-26",
            "value": 3.209692134907058
        },
        {
            "Time": "2023-02-27",
            "value": 2.8183846486599693
        },
        {
            "Time": "2023-02-28",
            "value": 2.0464110941126905
        },
        {
            "Time": "2023-03-01",
            "value": 1.8393518994099969
        },
        {
            "Time": "2023-03-02",
            "value": 2.263316316156361
        },
        {
            "Time": "2023-03-03",
            "value": 3.068344196615428
        },
        {
            "Time": "2023-03-04",
            "value": 3.435967887892296
        },
        {
            "Time": "2023-03-05",
            "value": 3.4669309827731474
        },
        {
            "Time": "2023-03-06",
            "value": 3.792104932609541
        },
        {
            "Time": "2023-03-07",
            "value": 3.8710143669709174
        },
        {
            "Time": "2023-03-08",
            "value": 3.689808413286065
        },
        {
            "Time": "2023-03-09",
            "value": 2.7908084777364643
        },
        {
            "Time": "2023-03-10",
            "value": 4.1849048357077185
        },
        {
            "Time": "2023-03-11",
            "value": 3.695134983580893
        },
        {
            "Time": "2023-03-12",
            "value": 0.9520456188025375
        },
        {
            "Time": "2023-03-13",
            "value": 3.4221572631284105
        },
        {
            "Time": "2023-03-14",
            "value": 4.545761553974111
        },
        {
            "Time": "2023-03-15",
            "value": 3.7827734275877245
        },
        {
            "Time": "2023-03-16",
            "value": 3.6817746271407352
        },
        {
            "Time": "2023-03-17",
            "value": 2.5250912492637334
        },
        {
            "Time": "2023-03-18",
            "value": 0.6719264918851735
        },
        {
            "Time": "2023-03-19",
            "value": 0.31269039544836724
        },
        {
            "Time": "2023-03-20",
            "value": 2.9740681663101727
        },
        {
            "Time": "2023-03-21",
            "value": 1.8715855576504623
        },
        {
            "Time": "2023-03-22",
            "value": 3.0974402953868667
        },
        {
            "Time": "2023-03-23",
            "value": 0.37058891256899834
        },
        {
            "Time": "2023-03-24",
            "value": 0.4231480209709782
        },
        {
            "Time": "2023-03-25",
            "value": 0.5220026473076819
        },
        {
            "Time": "2023-03-26",
            "value": 1.8061059735145044
        },
        {
            "Time": "2023-03-27",
            "value": 0.0
        }
    ]
}