{
    "data": [
        {
            "Time": "2022-11-27",
            "value": 0.13819322929242506
        },
        {
            "Time": "2022-11-28",
            "value": 0.8775483089394838
        },
        {
            "Time": "2022-11-29",
            "value": 0.631557175346917
        },
        {
            "Time": "2022-11-30",
            "value": 0.2119426380050471
        },
        {
            "Time": "2022-12-01",
            "value": 0.0
        },
        {
            "Time": "2022-12-02",
            "value": 0.0
        },
        {
            "Time": "2022-12-03",
            "value": 0.0
        },
        {
            "Time": "2022-12-04",
            "value": 0.0
        },
        {
            "Time": "2022-12-05",
            "value": 0.0
        },
        {
            "Time": "2022-12-06",
            "value": 0.0
        },
        {
            "Time": "2022-12-07",
            "value": 0.0
        },
        {
            "Time": "2022-12-08",
            "value": 0.785477923301234
        },
        {
            "Time": "2022-12-09",
            "value": 0.6321472338173801
        },
        {
            "Time": "2022-12-10",
            "value": 1.9861417146381317
        },
        {
            "Time": "2022-12-11",
            "value": 0.27810237160597934
        },
        {
            "Time": "2022-12-12",
            "value": 1.104104326072508
        },
        {
            "Time": "2022-12-13",
            "value": 1.3349861849008078
        },
        {
            "Time": "2022-12-14",
            "value": 0.5469515201750458
        },
        {
            "Time": "2022-12-15",
            "value": 0.38675521041514405
        },
        {
            "Time": "2022-12-16",
            "value": 0.2317450044538584
        },
        {
            "Time": "2022-12-17",
            "value": 0.35861359957372074
        },
        {
            "Time": "2022-12-18",
            "value": 2.718150206735294
        },
        {
            "Time": "2022-12-19",
            "value": 2.5033767639063047
        },
        {
            "Time": "2022-12-20",
            "value": 1.0895220631873979
        },
        {
            "Time": "2022-12-21",
            "value": 2.4916862815928402
        },
        {
            "Time": "2022-12-22",
            "value": 2.4041347052673454
        },
        {
            "Time": "2022-12-23",
            "value": 2.6438194677482536
        },
        {
            "Time": "2022-12-24",
            "value": 2.6593205512620095
        },
        {
            "Time": "2022-12-25",
            "value": 2.674759249352127
        },
        {
            "Time": "2022-12-26",
            "value": 1.9277139188851546
        },
        {
            "Time": "2022-12-27",
            "value": 0.7658493961046537
        },
        {
            "Time": "2022-12-28",
            "value": 0.3505439843289246
        },
        {
            "Time": "2022-12-29",
            "value": 0.21823640546048442
        },
        {
            "Time": "2022-12-30",
            "value": 0.33213541653603956
        },
        {
            "Time": "2022-12-31",
            "value": 1.3088513708339067
        },
        {
            "Time": "2023-01-01",
            "value": 0.6083692468163019
        },
        {
            "Time": "2023-01-02",
            "value": 0.2841065023657511
        },
        {
            "Time": "2023-01-03",
            "value": 0.3003440243774904
        },
        {
            "Time": "2023-01-04",
            "value": 0.3311940575502032
        },
        {
            "Time": "2023-01-05",
            "value": 0.43738554956658565
        },
        {
            "Time": "2023-01-06",
            "value": 2.5219140065105203
        },
        {
            "Time": "2023-01-07",
            "value": 2.683913052137403
        },
        {
            "Time": "2023-01-08",
            "value": 2.6529573520239693
        },
        {
            "Time": "2023-01-09",
            "value": 0.40474595843348116
        },
        {
            "Time": "2023-01-10",
            "value": 0.4247143630417695
        },
        {
            "Time": "2023-01-11",
            "value": 0.5963885206569502
        },
        {
            "Time": "2023-01-12",
            "value": 1.4209555509252363
        },
        {
            "Time": "2023-01-13",
            "value": 0.27780944051181317
        },
        {
            "Time": "2023-01-14",
            "value": 1.6412140684059489
        },
        {
            "Time": "2023-01-15",
            "value": 0.2935741943533191
        },
        {
            "Time": "2023-01-16",
            "value": 2.0350178551594644
        },
        {
            "Time": "2023-01-17",
            "value": 0.37800619511176514
        },
        {
            "Time": "2023-01-18",
            "value": 2.5508883419938586
        },
        {
            "Time": "2023-01-19",
            "value": 2.0611544633090486
        },
        {
            "Time": "2023-01-20",
            "value": 0.7186748910257852
        },
        {
            "Time": "2023-01-21",
            "value": 0.2053467666925304
        },
        {
            "Time": "2023-01-22",
            "value": 2.004253150403063
        },
        {
            "Time": "2023-01-23",
            "value": 0.20854861244534828
        },
        {
            "Time": "2023-01-24",
            "value": 1.9202823864553833
        },
        {
            "Time": "2023-01-25",
            "value": 2.775906622645107
        },
        {
            "Time": "2023-01-26",
            "value": 1.1958527299920212
        },
        {
            "Time": "2023-01-27",
            "value": 2.5021258804391526
        },
        {
            "Time": "2023-01-28",
            "value": 2.8024439353698436
        },
        {
            "Time": "2023-01-29",
            "value": 2.799615501346403
        },
        {
            "Time": "2023-01-30",
            "value": 2.86063094601674
        },
        {
            "Time": "2023-01-31",
            "value": 2.852094057831591
        },
        {
            "Time": "2023-02-01",
            "value": 0.39183739886645047
        },
        {
            "Time": "2023-02-02",
            "value": 1.1071745123409331
        },
        {
            "Time": "2023-02-03",
            "value": 0.44423227959002853
        },
        {
            "Time": "2023-02-04",
            "value": 0.1332326250887202
        },
        {
            "Time": "2023-02-05",
            "value": 0.31864409788366915
        },
        {
            "Time": "2023-02-06",
            "value": 1.6453111710114265
        },
        {
            "Time": "2023-02-07",
            "value": 0.3277345931112949
        },
        {
            "Time": "2023-02-08",
            "value": 0.17192865264382057
        },
        {
            "Time": "2023-02-09",
            "value": 0.41358195479289134
        },
        {
            "Time": "2023-02-10",
            "value": 0.20312121355341484
        },
        {
            "Time": "2023-02-11",
            "value": 0.8766126029943616
        },
        {
            "Time": "2023-02-12",
            "value": 1.187364278112302
        },
        {
            "Time": "2023-02-13",
            "value": 0.3255021667786038
        },
        {
            "Time": "2023-02-14",
            "value": 1.0034234392645618
        },
        {
            "Time": "2023-02-15",
            "value": 2.584566598258484
        },
        {
            "Time": "2023-02-16",
            "value": 2.9167723814554716
        },
        {
            "Time": "2023-02-17",
            "value": 2.2176981461536345
        },
        {
            "Time": "2023-02-18",
            "value": 2.700185521414023
        },
        {
            "Time": "2023-02-19",
            "value": 0.6957075938099044
        },
        {
            "Time": "2023-02-20",
            "value": 1.4850086890960956
        },
        {
            "Time": "2023-02-21",
            "value": 2.857518784057175
        },
        {
            "Time": "2023-02-22",
            "value": 2.4790049967195635
        },
        {
            "Time": "2023-02-23",
            "value": 2.371196737062727
        },
        {
            "Time": "2023-02-24",
            "value": 0.9807994401185259
        },
        {
            "Time": "2023-02-25",
            "value": 2.6583059072610506
        },
        {
            "Time": "2023-02-26",
            "value": 2.936358209357274
        },
        {
            "Time": "2023-02-27",
            "value": 2.679982520070446
        },
        {
            "Time": "2023-02-28",
            "value": 1.366789162105812
        },
        {
            "Time": "2023-03-01",
            "value": 1.4471983883967867
        },
        {
            "Time": "2023-03-02",
            "value": 2.032293345639459
        },
        {
            "Time": "2023-03-03",
            "value": 2.4909402026567604
        },
        {
            "Time": "2023-03-04",
            "value": 2.8484524511053073
        },
        {
            "Time": "2023-03-05",
            "value": 2.773210254180494
        },
        {
            "Time": "2023-03-06",
            "value": 2.8867780958952003
        },
        {
            "Time": "2023-03-07",
            "value": 2.833363803821929
        },
        {
            "Time": "2023-03-08",
            "value": 2.4947112596164165
        },
        {
            "Time": "2023-03-09",
            "value": 2.3092138448212403
        },
        {
            "Time": "2023-03-10",
            "value": 2.8920474347636103
        },
        {
            "Time": "2023-03-11",
            "value": 2.398681861394814
        },
        {
            "Time": "2023-03-12",
            "value": 0.5456202440120912
        },
        {
            "Time": "2023-03-13",
            "value": 2.360351149321032
        },
        {
            "Time": "2023-03-14",
            "value": 3.023038848517001
        },
        {
            "Time": "2023-03-15",
            "value": 2.516183003910276
        },
        {
            "Time": "2023-03-16",
            "value": 2.615216868171883
        },
        {
            "Time": "2023-03-17",
            "value": 1.4058672335153244
        },
        {
            "Time": "2023-03-18",
            "value": 0.3525794195072756
        },
        {
            "Time": "2023-03-19",
            "value": 0.13349781570207717
        },
        {
            "Time": "2023-03-20",
            "value": 2.1980596616945682
        },
        {
            "Time": "2023-03-21",
            "value": 1.1217272419464317
        },
        {
            "Time": "2023-03-22",
            "value": 1.9916754522842022
        },
        {
            "Time": "2023-03-23",
            "value": 0.1745100600485556
        },
        {
            "Time": "2023-03-24",
            "value": 0.20293712004445164
        },
        {
            "Time": "2023-03-25",
            "value": 0.2717363142195065
        },
        {
            "Time": "2023-03-26",
            "value": 1.042418402356702
        },
        {
            "Time": "2023-03-27",
            "value": 0.0
        }
    ]
}