{
    "data": [
        {
            "Time": "2022-11-27",
            "value": 0.1381521422552739
        },
        {
            "Time": "2022-11-28",
            "value": 0.49293448056059924
        },
        {
            "Time": "2022-11-29",
            "value": 0.440528165386771
        },
        {
            "Time": "2022-11-30",
            "value": 0.21146092096680968
        },
        {
            "Time": "2022-12-01",
            "value": 0.26459116895893653
        },
        {
            "Time": "2022-12-02",
            "value": 0.28934754431059423
        },
        {
            "Time": "2022-12-03",
            "value": 0.4668329086371318
        },
        {
            "Time": "2022-12-04",
            "value": 0.35050115986419095
        },
        {
            "Time": "2022-12-05",
            "value": 0.30394372614657406
        },
        {
            "Time": "2022-12-06",
            "value": 0.44482899143597626
        },
        {
            "Time": "2022-12-07",
            "value": 0.11548547404494038
        },
        {
            "Time": "2022-12-08",
            "value": 0.5428254034471354
        },
        {
            "Time": "2022-12-09",
            "value": 0.4985306390112487
        },
        {
            "Time": "2022-12-10",
            "value": 0.8328323255382456
        },
        {
            "Time": "2022-12-11",
            "value": 0.2727521205199713
        },
        {
            "Time": "2022-12-12",
            "value": 0.45250138102517284
        },
        {
            "Time": "2022-12-13",
            "value": 0.8109882232102408
        },
        {
            "Time": "2022-12-14",
            "value": 0.4519426904912319
        },
        {
            "Time": "2022-12-15",
            "value": 0.3417901013363987
        },
        {
            "Time": "2022-12-16",
            "value": 0.21755180968688717
        },
        {
            "Time": "2022-12-17",
            "value": 0.2792056472146841
        },
        {
            "Time": "2022-12-18",
            "value": 1.3340319752652887
        },
        {
            "Time": "2022-12-19",
            "value": 0.35904101127131915
        },
        {
            "Time": "2022-12-20",
            "value": 0.4293566853593959
        },
        {
            "Time": "2022-12-21",
            "value": 1.2698864911412415
        },
        {
            "Time": "2022-12-22",
            "value": 0.21397915504464898
        },
        {
            "Time": "2022-12-23",
            "value": 1.1409355466544722
        },
        {
            "Time": "2022-12-24",
            "value": 1.1285925676807822
        },
        {
            "Time": "2022-12-25",
            "value": 1.3672897674861015
        },
        {
            "Time": "2022-12-26",
            "value": 1.1814794695047492
        },
        {
            "Time": "2022-12-27",
            "value": 0.5000884737017603
        },
        {
            "Time": "2022-12-28",
            "value": 0.3364795502722184
        },
        {
            "Time": "2022-12-29",
            "value": 0.20601678730107287
        },
        {
            "Time": "2022-12-30",
            "value": 0.31817558448854794
        },
        {
            "Time": "2022-12-31",
            "value": 0.5869569922471849
        },
        {
            "Time": "2023-01-01",
            "value": 0.5057140386004028
        },
        {
            "Time": "2023-01-02",
            "value": 0.26281065570766393
        },
        {
            "Time": "2023-01-03",
            "value": 0.30603604524310624
        },
        {
            "Time": "2023-01-04",
            "value": 0.3087171414688199
        },
        {
            "Time": "2023-01-05",
            "value": 0.40321400604600555
        },
        {
            "Time": "2023-01-06",
            "value": 1.162952495606778
        },
        {
            "Time": "2023-01-07",
            "value": 1.395215831893781
        },
        {
            "Time": "2023-01-08",
            "value": 1.1800289706305367
        },
        {
            "Time": "2023-01-09",
            "value": 0.34714331598600195
        },
        {
            "Time": "2023-01-10",
            "value": 0.3705194851731598
        },
        {
            "Time": "2023-01-11",
            "value": 0.5164390870418462
        },
        {
            "Time": "2023-01-12",
            "value": 0.8718033359295324
        },
        {
            "Time": "2023-01-13",
            "value": 0.2446502536523636
        },
        {
            "Time": "2023-01-14",
            "value": 0.9023481616506872
        },
        {
            "Time": "2023-01-15",
            "value": 0.28219912736266956
        },
        {
            "Time": "2023-01-16",
            "value": 1.145256298407253
        },
        {
            "Time": "2023-01-17",
            "value": 0.34445164136197587
        },
        {
            "Time": "2023-01-18",
            "value": 1.3269103646240468
        },
        {
            "Time": "2023-01-19",
            "value": 1.1818346762883494
        },
        {
            "Time": "2023-01-20",
            "value": 0.5365008188025524
        },
        {
            "Time": "2023-01-21",
            "value": 0.20139355476385196
        },
        {
            "Time": "2023-01-22",
            "value": 1.0618147395813446
        },
        {
            "Time": "2023-01-23",
            "value": 0.19151131169503133
        },
        {
            "Time": "2023-01-24",
            "value": 0.9309599204829997
        },
        {
            "Time": "2023-01-25",
            "value": 1.5348252795743011
        },
        {
            "Time": "2023-01-26",
            "value": 0.8273191813894032
        },
        {
            "Time": "2023-01-27",
            "value": 1.4367550853883513
        },
        {
            "Time": "2023-01-28",
            "value": 1.5315186810188393
        },
        {
            "Time": "2023-01-29",
            "value": 1.5488359654953134
        },
        {
            "Time": "2023-01-30",
            "value": 1.613468168377661
        },
        {
            "Time": "2023-01-31",
            "value": 1.5632987164760161
        },
        {
            "Time": "2023-02-01",
            "value": 0.3582499238323091
        },
        {
            "Time": "2023-02-02",
            "value": 0.6521028821205148
        },
        {
            "Time": "2023-02-03",
            "value": 0.40545579938150006
        },
        {
            "Time": "2023-02-04",
            "value": 0.14237154400779617
        },
        {
            "Time": "2023-02-05",
            "value": 0.29943811275581206
        },
        {
            "Time": "2023-02-06",
            "value": 1.0131998988196929
        },
        {
            "Time": "2023-02-07",
            "value": 0.28464202486420564
        },
        {
            "Time": "2023-02-08",
            "value": 0.17313542541303545
        },
        {
            "Time": "2023-02-09",
            "value": 0.33653064981780995
        },
        {
            "Time": "2023-02-10",
            "value": 0.2046953928189555
        },
        {
            "Time": "2023-02-11",
            "value": 0.5385616671177686
        },
        {
            "Time": "2023-02-12",
            "value": 0.741008758411684
        },
        {
            "Time": "2023-02-13",
            "value": 0.3217031079639644
        },
        {
            "Time": "2023-02-14",
            "value": 0.6425115627651066
        },
        {
            "Time": "2023-02-15",
            "value": 1.4398337022664214
        },
        {
            "Time": "2023-02-16",
            "value": 1.7543423328960326
        },
        {
            "Time": "2023-02-17",
            "value": 1.345966173800458
        },
        {
            "Time": "2023-02-18",
            "value": 1.541795498023764
        },
        {
            "Time": "2023-02-19",
            "value": 0.5767508554966424
        },
        {
            "Time": "2023-02-20",
            "value": 1.0280889774847743
        },
        {
            "Time": "2023-02-21",
            "value": 1.7339079582350505
        },
        {
            "Time": "2023-02-22",
            "value": 1.568275328295629
        },
        {
            "Time": "2023-02-23",
            "value": 1.372897854437007
        },
        {
            "Time": "2023-02-24",
            "value": 0.7779548421977869
        },
        {
            "Time": "2023-02-25",
            "value": 1.495138130689678
        },
        {
            "Time": "2023-02-26",
            "value": 1.8408772216626972
        },
        {
            "Time": "2023-02-27",
            "value": 1.5777372324581171
        },
        {
            "Time": "2023-02-28",
            "value": 1.063609011047574
        },
        {
            "Time": "2023-03-01",
            "value": 0.9732930822697514
        },
        {
            "Time": "2023-03-02",
            "value": 1.1799663191557126
        },
        {
            "Time": "2023-03-03",
            "value": 1.7678198394321751
        },
        {
            "Time": "2023-03-04",
            "value": 2.079186730384499
        },
        {
            "Time": "2023-03-05",
            "value": 2.0903409680238325
        },
        {
            "Time": "2023-03-06",
            "value": 2.6023062549998293
        },
        {
            "Time": "2023-03-07",
            "value": 2.626661156223591
        },
        {
            "Time": "2023-03-08",
            "value": 2.452849316676007
        },
        {
            "Time": "2023-03-09",
            "value": 1.7448766033522627
        },
        {
            "Time": "2023-03-10",
            "value": 2.763413034693159
        },
        {
            "Time": "2023-03-11",
            "value": 2.3240156231436977
        },
        {
            "Time": "2023-03-12",
            "value": 0.4643571828311934
        },
        {
            "Time": "2023-03-13",
            "value": 2.050014163050224
        },
        {
            "Time": "2023-03-14",
            "value": 2.9395127098442533
        },
        {
            "Time": "2023-03-15",
            "value": 2.2213336351232265
        },
        {
            "Time": "2023-03-16",
            "value": 2.3192595775683404
        },
        {
            "Time": "2023-03-17",
            "value": 1.311222652826491
        },
        {
            "Time": "2023-03-18",
            "value": 0.3204116988403814
        },
        {
            "Time": "2023-03-19",
            "value": 0.1130682542819651
        },
        {
            "Time": "2023-03-20",
            "value": 1.8254294289413866
        },
        {
            "Time": "2023-03-21",
            "value": 0.945449457261782
        },
        {
            "Time": "2023-03-22",
            "value": 1.7359111732606298
        },
        {
            "Time": "2023-03-23",
            "value": 0.1669742124956338
        },
        {
            "Time": "2023-03-24",
            "value": 0.19468583958761948
        },
        {
            "Time": "2023-03-25",
            "value": 0.24975144401281074
        },
        {
            "Time": "2023-03-26",
            "value": 0.9061965144647127
        },
        {
            "Time": "2023-03-27",
            "value": 0.0
        }
    ]
}