{
    "data": [
        {
            "Time": "2022-11-27",
            "value": 0.1421025606224008
        },
        {
            "Time": "2022-11-28",
            "value": 0.5701867295475433
        },
        {
            "Time": "2022-11-29",
            "value": 0.6492117133692948
        },
        {
            "Time": "2022-11-30",
            "value": 0.2180189423131503
        },
        {
            "Time": "2022-12-01",
            "value": 0.0
        },
        {
            "Time": "2022-12-02",
            "value": 0.0
        },
        {
            "Time": "2022-12-03",
            "value": 0.0
        },
        {
            "Time": "2022-12-04",
            "value": 0.0
        },
        {
            "Time": "2022-12-05",
            "value": 0.0
        },
        {
            "Time": "2022-12-06",
            "value": 0.0
        },
        {
            "Time": "2022-12-07",
            "value": 0.0
        },
        {
            "Time": "2022-12-08",
            "value": 0.5347994829006285
        },
        {
            "Time": "2022-12-09",
            "value": 0.49285965959915506
        },
        {
            "Time": "2022-12-10",
            "value": 1.427200431766668
        },
        {
            "Time": "2022-12-11",
            "value": 0.26922332569767016
        },
        {
            "Time": "2022-12-12",
            "value": 0.4389158875916176
        },
        {
            "Time": "2022-12-13",
            "value": 1.3525851406094154
        },
        {
            "Time": "2022-12-14",
            "value": 0.4437162109232444
        },
        {
            "Time": "2022-12-15",
            "value": 0.3404000234106211
        },
        {
            "Time": "2022-12-16",
            "value": 0.22037196108466983
        },
        {
            "Time": "2022-12-17",
            "value": 0.26992181925649816
        },
        {
            "Time": "2022-12-18",
            "value": 1.8907967026444712
        },
        {
            "Time": "2022-12-19",
            "value": 1.6516541110622665
        },
        {
            "Time": "2022-12-20",
            "value": 1.1034535337378215
        },
        {
            "Time": "2022-12-21",
            "value": 1.7845165032645898
        },
        {
            "Time": "2022-12-22",
            "value": 1.463162859957957
        },
        {
            "Time": "2022-12-23",
            "value": 1.4956629463288098
        },
        {
            "Time": "2022-12-24",
            "value": 1.4850834924582037
        },
        {
            "Time": "2022-12-25",
            "value": 1.8791601941741976
        },
        {
            "Time": "2022-12-26",
            "value": 1.6132500835497856
        },
        {
            "Time": "2022-12-27",
            "value": 0.5556607384029287
        },
        {
            "Time": "2022-12-28",
            "value": 0.33641697950802013
        },
        {
            "Time": "2022-12-29",
            "value": 0.20150391691518518
        },
        {
            "Time": "2022-12-30",
            "value": 0.3074351871968009
        },
        {
            "Time": "2022-12-31",
            "value": 0.9848219186823624
        },
        {
            "Time": "2023-01-01",
            "value": 0.4952412344817135
        },
        {
            "Time": "2023-01-02",
            "value": 0.2583764739683712
        },
        {
            "Time": "2023-01-03",
            "value": 0.31071050899962077
        },
        {
            "Time": "2023-01-04",
            "value": 0.30243600811186505
        },
        {
            "Time": "2023-01-05",
            "value": 0.39655381512914006
        },
        {
            "Time": "2023-01-06",
            "value": 1.51081298913506
        },
        {
            "Time": "2023-01-07",
            "value": 1.845260389225466
        },
        {
            "Time": "2023-01-08",
            "value": 1.582225600750973
        },
        {
            "Time": "2023-01-09",
            "value": 0.3410770497201594
        },
        {
            "Time": "2023-01-10",
            "value": 0.3641267084916479
        },
        {
            "Time": "2023-01-11",
            "value": 0.5053887803577193
        },
        {
            "Time": "2023-01-12",
            "value": 1.1099733871236155
        },
        {
            "Time": "2023-01-13",
            "value": 0.2514346511769091
        },
        {
            "Time": "2023-01-14",
            "value": 0.9988192567920611
        },
        {
            "Time": "2023-01-15",
            "value": 0.2763097661359912
        },
        {
            "Time": "2023-01-16",
            "value": 1.5522798584108617
        },
        {
            "Time": "2023-01-17",
            "value": 0.3326076397212037
        },
        {
            "Time": "2023-01-18",
            "value": 1.7023198448077064
        },
        {
            "Time": "2023-01-19",
            "value": 1.37267643388422
        },
        {
            "Time": "2023-01-20",
            "value": 0.5480719163038191
        },
        {
            "Time": "2023-01-21",
            "value": 0.20086950076333912
        },
        {
            "Time": "2023-01-22",
            "value": 1.2569064672375951
        },
        {
            "Time": "2023-01-23",
            "value": 0.19111082082021527
        },
        {
            "Time": "2023-01-24",
            "value": 0.6625057419814071
        },
        {
            "Time": "2023-01-25",
            "value": 1.7734290914230968
        },
        {
            "Time": "2023-01-26",
            "value": 0.8069114834899017
        },
        {
            "Time": "2023-01-27",
            "value": 1.820446303591811
        },
        {
            "Time": "2023-01-28",
            "value": 1.9404331399327128
        },
        {
            "Time": "2023-01-29",
            "value": 1.8331055856513685
        },
        {
            "Time": "2023-01-30",
            "value": 1.8359538591636542
        },
        {
            "Time": "2023-01-31",
            "value": 1.8287804822576823
        },
        {
            "Time": "2023-02-01",
            "value": 0.35733680442314814
        },
        {
            "Time": "2023-02-02",
            "value": 0.8249327597349679
        },
        {
            "Time": "2023-02-03",
            "value": 0.3960712003511699
        },
        {
            "Time": "2023-02-04",
            "value": 0.1431683933800976
        },
        {
            "Time": "2023-02-05",
            "value": 0.28537974270294325
        },
        {
            "Time": "2023-02-06",
            "value": 1.005841700498527
        },
        {
            "Time": "2023-02-07",
            "value": 0.29137699301672715
        },
        {
            "Time": "2023-02-08",
            "value": 0.17016367286577982
        },
        {
            "Time": "2023-02-09",
            "value": 0.33874061192535815
        },
        {
            "Time": "2023-02-10",
            "value": 0.2101982326333639
        },
        {
            "Time": "2023-02-11",
            "value": 0.5429847158514524
        },
        {
            "Time": "2023-02-12",
            "value": 0.6753178745971721
        },
        {
            "Time": "2023-02-13",
            "value": 0.3229992495160562
        },
        {
            "Time": "2023-02-14",
            "value": 0.6191761183906598
        },
        {
            "Time": "2023-02-15",
            "value": 1.5140535834823547
        },
        {
            "Time": "2023-02-16",
            "value": 1.7585355826909903
        },
        {
            "Time": "2023-02-17",
            "value": 1.401983826978846
        },
        {
            "Time": "2023-02-18",
            "value": 1.5218247759462125
        },
        {
            "Time": "2023-02-19",
            "value": 0.5648649032506383
        },
        {
            "Time": "2023-02-20",
            "value": 1.0021098231836965
        },
        {
            "Time": "2023-02-21",
            "value": 1.7059316727931821
        },
        {
            "Time": "2023-02-22",
            "value": 1.5338115964796633
        },
        {
            "Time": "2023-02-23",
            "value": 1.4274611742063137
        },
        {
            "Time": "2023-02-24",
            "value": 0.7533109299863985
        },
        {
            "Time": "2023-02-25",
            "value": 1.4527696763095794
        },
        {
            "Time": "2023-02-26",
            "value": 1.704843364997064
        },
        {
            "Time": "2023-02-27",
            "value": 1.5510194755463262
        },
        {
            "Time": "2023-02-28",
            "value": 1.0392973653539257
        },
        {
            "Time": "2023-03-01",
            "value": 0.9559449073799768
        },
        {
            "Time": "2023-03-02",
            "value": 1.2312344717230514
        },
        {
            "Time": "2023-03-03",
            "value": 1.479632154875812
        },
        {
            "Time": "2023-03-04",
            "value": 1.6366256472843304
        },
        {
            "Time": "2023-03-05",
            "value": 1.6277821284330953
        },
        {
            "Time": "2023-03-06",
            "value": 1.699699277796035
        },
        {
            "Time": "2023-03-07",
            "value": 1.6784496989334121
        },
        {
            "Time": "2023-03-08",
            "value": 1.5485280690824015
        },
        {
            "Time": "2023-03-09",
            "value": 1.2614685211517118
        },
        {
            "Time": "2023-03-10",
            "value": 1.698996533923278
        },
        {
            "Time": "2023-03-11",
            "value": 1.4833634504552204
        },
        {
            "Time": "2023-03-12",
            "value": 0.4656117128789097
        },
        {
            "Time": "2023-03-13",
            "value": 1.490077685111731
        },
        {
            "Time": "2023-03-14",
            "value": 1.7409707263193162
        },
        {
            "Time": "2023-03-15",
            "value": 1.5328131016008684
        },
        {
            "Time": "2023-03-16",
            "value": 1.5220545970466413
        },
        {
            "Time": "2023-03-17",
            "value": 1.0935238385028567
        },
        {
            "Time": "2023-03-18",
            "value": 0.31966402004221667
        },
        {
            "Time": "2023-03-19",
            "value": 0.14000648519774078
        },
        {
            "Time": "2023-03-20",
            "value": 1.3554049681011595
        },
        {
            "Time": "2023-03-21",
            "value": 0.8764961114688206
        },
        {
            "Time": "2023-03-22",
            "value": 1.327401359699798
        },
        {
            "Time": "2023-03-23",
            "value": 0.1879468680544312
        },
        {
            "Time": "2023-03-24",
            "value": 0.18499956953391533
        },
        {
            "Time": "2023-03-25",
            "value": 0.24904816163720706
        },
        {
            "Time": "2023-03-26",
            "value": 0.8821419080470899
        },
        {
            "Time": "2023-03-27",
            "value": 0.0
        }
    ]
}