{
    "data": [
        {
            "Time": "2022-11-27",
            "value": 0.1731600780255867
        },
        {
            "Time": "2022-11-28",
            "value": 0.9038437340515543
        },
        {
            "Time": "2022-11-29",
            "value": 0.7716833172005114
        },
        {
            "Time": "2022-11-30",
            "value": 0.26811786666481
        },
        {
            "Time": "2022-12-01",
            "value": 0.0
        },
        {
            "Time": "2022-12-02",
            "value": 0.0
        },
        {
            "Time": "2022-12-03",
            "value": 0.0
        },
        {
            "Time": "2022-12-04",
            "value": 0.0
        },
        {
            "Time": "2022-12-05",
            "value": 0.0
        },
        {
            "Time": "2022-12-06",
            "value": 0.0
        },
        {
            "Time": "2022-12-07",
            "value": 0.0
        },
        {
            "Time": "2022-12-08",
            "value": 0.8492658593142807
        },
        {
            "Time": "2022-12-09",
            "value": 0.6847357063442844
        },
        {
            "Time": "2022-12-10",
            "value": 2.1158824390747197
        },
        {
            "Time": "2022-12-11",
            "value": 0.33495317514831735
        },
        {
            "Time": "2022-12-12",
            "value": 1.1738533785040295
        },
        {
            "Time": "2022-12-13",
            "value": 1.5359044581956198
        },
        {
            "Time": "2022-12-14",
            "value": 0.602442266062743
        },
        {
            "Time": "2022-12-15",
            "value": 0.45707474146355814
        },
        {
            "Time": "2022-12-16",
            "value": 0.2790692479829643
        },
        {
            "Time": "2022-12-17",
            "value": 0.4025763948536985
        },
        {
            "Time": "2022-12-18",
            "value": 2.763647271087929
        },
        {
            "Time": "2022-12-19",
            "value": 2.561206841071657
        },
        {
            "Time": "2022-12-20",
            "value": 1.3468854949218498
        },
        {
            "Time": "2022-12-21",
            "value": 2.5321566464365524
        },
        {
            "Time": "2022-12-22",
            "value": 2.538259071512895
        },
        {
            "Time": "2022-12-23",
            "value": 2.6922795162284734
        },
        {
            "Time": "2022-12-24",
            "value": 2.69157109271431
        },
        {
            "Time": "2022-12-25",
            "value": 2.7129311179366544
        },
        {
            "Time": "2022-12-26",
            "value": 2.058094930787996
        },
        {
            "Time": "2022-12-27",
            "value": 0.8580727865692317
        },
        {
            "Time": "2022-12-28",
            "value": 0.4275053983551389
        },
        {
            "Time": "2022-12-29",
            "value": 0.26164583146666665
        },
        {
            "Time": "2022-12-30",
            "value": 0.3973830989943287
        },
        {
            "Time": "2022-12-31",
            "value": 1.3570988027674336
        },
        {
            "Time": "2023-01-01",
            "value": 0.6927867338004583
        },
        {
            "Time": "2023-01-02",
            "value": 0.33950699743613644
        },
        {
            "Time": "2023-01-03",
            "value": 0.3756757185892741
        },
        {
            "Time": "2023-01-04",
            "value": 0.39864467467296755
        },
        {
            "Time": "2023-01-05",
            "value": 0.505523145318574
        },
        {
            "Time": "2023-01-06",
            "value": 2.5029648337881096
        },
        {
            "Time": "2023-01-07",
            "value": 2.680751739937198
        },
        {
            "Time": "2023-01-08",
            "value": 2.6608844114564096
        },
        {
            "Time": "2023-01-09",
            "value": 0.452468115960384
        },
        {
            "Time": "2023-01-10",
            "value": 0.4881777615971827
        },
        {
            "Time": "2023-01-11",
            "value": 0.6622106181881474
        },
        {
            "Time": "2023-01-12",
            "value": 1.5225952434428311
        },
        {
            "Time": "2023-01-13",
            "value": 0.3330414270426015
        },
        {
            "Time": "2023-01-14",
            "value": 1.7471247964461536
        },
        {
            "Time": "2023-01-15",
            "value": 0.3580801379686095
        },
        {
            "Time": "2023-01-16",
            "value": 2.1368846944615263
        },
        {
            "Time": "2023-01-17",
            "value": 0.4245475991331079
        },
        {
            "Time": "2023-01-18",
            "value": 2.5742700152991125
        },
        {
            "Time": "2023-01-19",
            "value": 2.0535239899482423
        },
        {
            "Time": "2023-01-20",
            "value": 0.7938936253684973
        },
        {
            "Time": "2023-01-21",
            "value": 0.260579863040912
        },
        {
            "Time": "2023-01-22",
            "value": 2.0386596708285087
        },
        {
            "Time": "2023-01-23",
            "value": 0.25152243096725124
        },
        {
            "Time": "2023-01-24",
            "value": 1.8736049963173198
        },
        {
            "Time": "2023-01-25",
            "value": 2.8046153921421975
        },
        {
            "Time": "2023-01-26",
            "value": 1.2889320659823482
        },
        {
            "Time": "2023-01-27",
            "value": 2.5756903060665213
        },
        {
            "Time": "2023-01-28",
            "value": 2.8521837085320056
        },
        {
            "Time": "2023-01-29",
            "value": 2.8609433817415253
        },
        {
            "Time": "2023-01-30",
            "value": 2.9204019328751114
        },
        {
            "Time": "2023-01-31",
            "value": 2.9029157427868353
        },
        {
            "Time": "2023-02-01",
            "value": 0.45077636579603403
        },
        {
            "Time": "2023-02-02",
            "value": 1.1002203601797063
        },
        {
            "Time": "2023-02-03",
            "value": 0.5131096169032645
        },
        {
            "Time": "2023-02-04",
            "value": 0.18576742946441366
        },
        {
            "Time": "2023-02-05",
            "value": 0.3948371538345664
        },
        {
            "Time": "2023-02-06",
            "value": 1.73073902818958
        },
        {
            "Time": "2023-02-07",
            "value": 0.393413120144367
        },
        {
            "Time": "2023-02-08",
            "value": 0.2333332515064835
        },
        {
            "Time": "2023-02-09",
            "value": 0.4722520006892535
        },
        {
            "Time": "2023-02-10",
            "value": 0.262219695938417
        },
        {
            "Time": "2023-02-11",
            "value": 0.889967265774696
        },
        {
            "Time": "2023-02-12",
            "value": 1.2063018151959866
        },
        {
            "Time": "2023-02-13",
            "value": 0.3908056791454731
        },
        {
            "Time": "2023-02-14",
            "value": 1.0059518380408496
        },
        {
            "Time": "2023-02-15",
            "value": 2.5981418766410345
        },
        {
            "Time": "2023-02-16",
            "value": 3.0466492339605713
        },
        {
            "Time": "2023-02-17",
            "value": 2.2165836413202835
        },
        {
            "Time": "2023-02-18",
            "value": 2.6682750118957617
        },
        {
            "Time": "2023-02-19",
            "value": 0.756025799384
        },
        {
            "Time": "2023-02-20",
            "value": 1.534321942621639
        },
        {
            "Time": "2023-02-21",
            "value": 2.915714467765129
        },
        {
            "Time": "2023-02-22",
            "value": 2.4791388407013883
        },
        {
            "Time": "2023-02-23",
            "value": 2.3800238666614275
        },
        {
            "Time": "2023-02-24",
            "value": 1.056832064732619
        },
        {
            "Time": "2023-02-25",
            "value": 2.712591705162759
        },
        {
            "Time": "2023-02-26",
            "value": 2.9717264544039206
        },
        {
            "Time": "2023-02-27",
            "value": 2.625238940761092
        },
        {
            "Time": "2023-02-28",
            "value": 1.439316732254491
        },
        {
            "Time": "2023-03-01",
            "value": 1.5284290927195412
        },
        {
            "Time": "2023-03-02",
            "value": 2.033564327217078
        },
        {
            "Time": "2023-03-03",
            "value": 2.6117542822086843
        },
        {
            "Time": "2023-03-04",
            "value": 2.9722400801552076
        },
        {
            "Time": "2023-03-05",
            "value": 2.9082155429566683
        },
        {
            "Time": "2023-03-06",
            "value": 3.018098331610334
        },
        {
            "Time": "2023-03-07",
            "value": 2.9574380830785723
        },
        {
            "Time": "2023-03-08",
            "value": 2.675732387723355
        },
        {
            "Time": "2023-03-09",
            "value": 2.3222053007393066
        },
        {
            "Time": "2023-03-10",
            "value": 3.0237273412262367
        },
        {
            "Time": "2023-03-11",
            "value": 2.5677750176962677
        },
        {
            "Time": "2023-03-12",
            "value": 0.6006402936944705
        },
        {
            "Time": "2023-03-13",
            "value": 2.4094050122219275
        },
        {
            "Time": "2023-03-14",
            "value": 3.1373156990438873
        },
        {
            "Time": "2023-03-15",
            "value": 2.6139879655633127
        },
        {
            "Time": "2023-03-16",
            "value": 2.5958946073189133
        },
        {
            "Time": "2023-03-17",
            "value": 1.5616045537294212
        },
        {
            "Time": "2023-03-18",
            "value": 0.41022269430708863
        },
        {
            "Time": "2023-03-19",
            "value": 0.19107595574093786
        },
        {
            "Time": "2023-03-20",
            "value": 2.1707852596935924
        },
        {
            "Time": "2023-03-21",
            "value": 1.1916328456028877
        },
        {
            "Time": "2023-03-22",
            "value": 2.0528039909062312
        },
        {
            "Time": "2023-03-23",
            "value": 0.2334281059597249
        },
        {
            "Time": "2023-03-24",
            "value": 0.2731657043822145
        },
        {
            "Time": "2023-03-25",
            "value": 0.35214278037428554
        },
        {
            "Time": "2023-03-26",
            "value": 1.1386161427764987
        },
        {
            "Time": "2023-03-27",
            "value": 0.0
        }
    ]
}