{
    "data": [
        {
            "Time": "2022-11-27",
            "value": 0.19541541646234073
        },
        {
            "Time": "2022-11-28",
            "value": 0.505954998899148
        },
        {
            "Time": "2022-11-29",
            "value": 0.5199201772218845
        },
        {
            "Time": "2022-11-30",
            "value": 0.2609014605596329
        },
        {
            "Time": "2022-12-01",
            "value": 0.31015046277437497
        },
        {
            "Time": "2022-12-02",
            "value": 0.33035035517134753
        },
        {
            "Time": "2022-12-03",
            "value": 0.5012921873536932
        },
        {
            "Time": "2022-12-04",
            "value": 0.39307458893839115
        },
        {
            "Time": "2022-12-05",
            "value": 0.34047196123092127
        },
        {
            "Time": "2022-12-06",
            "value": 0.4924021941696759
        },
        {
            "Time": "2022-12-07",
            "value": 0.16404687089032408
        },
        {
            "Time": "2022-12-08",
            "value": 0.5798980258795139
        },
        {
            "Time": "2022-12-09",
            "value": 0.5450338593544535
        },
        {
            "Time": "2022-12-10",
            "value": 0.6333737099894006
        },
        {
            "Time": "2022-12-11",
            "value": 0.31245544419038196
        },
        {
            "Time": "2022-12-12",
            "value": 0.4805686958616343
        },
        {
            "Time": "2022-12-13",
            "value": 1.1875700297380765
        },
        {
            "Time": "2022-12-14",
            "value": 0.48616596169186177
        },
        {
            "Time": "2022-12-15",
            "value": 0.37933693088993786
        },
        {
            "Time": "2022-12-16",
            "value": 0.25866883463237844
        },
        {
            "Time": "2022-12-17",
            "value": 0.31784277435260255
        },
        {
            "Time": "2022-12-18",
            "value": 1.6275622742312887
        },
        {
            "Time": "2022-12-19",
            "value": 0.7533665026542395
        },
        {
            "Time": "2022-12-20",
            "value": 0.5743879101179363
        },
        {
            "Time": "2022-12-21",
            "value": 1.4721801555024396
        },
        {
            "Time": "2022-12-22",
            "value": 0.4016585206349857
        },
        {
            "Time": "2022-12-23",
            "value": 1.221174630186182
        },
        {
            "Time": "2022-12-24",
            "value": 1.5641791238965173
        },
        {
            "Time": "2022-12-25",
            "value": 1.5594440533767444
        },
        {
            "Time": "2022-12-26",
            "value": 0.9207954020303458
        },
        {
            "Time": "2022-12-27",
            "value": 0.5188384562040343
        },
        {
            "Time": "2022-12-28",
            "value": 0.3793923587077547
        },
        {
            "Time": "2022-12-29",
            "value": 0.23787036943587964
        },
        {
            "Time": "2022-12-30",
            "value": 0.3581018519293982
        },
        {
            "Time": "2022-12-31",
            "value": 0.7135386734523711
        },
        {
            "Time": "2023-01-01",
            "value": 0.5383301810895792
        },
        {
            "Time": "2023-01-02",
            "value": 0.31064814577430555
        },
        {
            "Time": "2023-01-03",
            "value": 0.3418482132823413
        },
        {
            "Time": "2023-01-04",
            "value": 0.3561747707824074
        },
        {
            "Time": "2023-01-05",
            "value": 0.44434838508230323
        },
        {
            "Time": "2023-01-06",
            "value": 1.2109516459264227
        },
        {
            "Time": "2023-01-07",
            "value": 1.5749459868884417
        },
        {
            "Time": "2023-01-08",
            "value": 1.0012438922723659
        },
        {
            "Time": "2023-01-09",
            "value": 0.3928521837287203
        },
        {
            "Time": "2023-01-10",
            "value": 0.41234713957422287
        },
        {
            "Time": "2023-01-11",
            "value": 0.5392554419834339
        },
        {
            "Time": "2023-01-12",
            "value": 0.8294236207801999
        },
        {
            "Time": "2023-01-13",
            "value": 0.28718188054819593
        },
        {
            "Time": "2023-01-14",
            "value": 0.8333694529446559
        },
        {
            "Time": "2023-01-15",
            "value": 0.3299915109695751
        },
        {
            "Time": "2023-01-16",
            "value": 0.7976516514510242
        },
        {
            "Time": "2023-01-17",
            "value": 0.3835520778103588
        },
        {
            "Time": "2023-01-18",
            "value": 1.5232406136095396
        },
        {
            "Time": "2023-01-19",
            "value": 0.9891679980042176
        },
        {
            "Time": "2023-01-20",
            "value": 0.5678097276904017
        },
        {
            "Time": "2023-01-21",
            "value": 0.2552465279670081
        },
        {
            "Time": "2023-01-22",
            "value": 0.9123252028597714
        },
        {
            "Time": "2023-01-23",
            "value": 0.22488194659053817
        },
        {
            "Time": "2023-01-24",
            "value": 0.8397093802075222
        },
        {
            "Time": "2023-01-25",
            "value": 1.7321341393194534
        },
        {
            "Time": "2023-01-26",
            "value": 0.7986952849264735
        },
        {
            "Time": "2023-01-27",
            "value": 1.0266721210214504
        },
        {
            "Time": "2023-01-28",
            "value": 1.736011757971623
        },
        {
            "Time": "2023-01-29",
            "value": 1.2133196321588142
        },
        {
            "Time": "2023-01-30",
            "value": 1.6328981929523732
        },
        {
            "Time": "2023-01-31",
            "value": 1.7566615595950092
        },
        {
            "Time": "2023-02-01",
            "value": 0.39443055571371527
        },
        {
            "Time": "2023-02-02",
            "value": 0.7087463361514337
        },
        {
            "Time": "2023-02-03",
            "value": 0.44095551888597956
        },
        {
            "Time": "2023-02-04",
            "value": 0.17746469678015045
        },
        {
            "Time": "2023-02-05",
            "value": 0.3403622726407118
        },
        {
            "Time": "2023-02-06",
            "value": 1.0190630176373168
        },
        {
            "Time": "2023-02-07",
            "value": 0.32775151523603296
        },
        {
            "Time": "2023-02-08",
            "value": 0.2210388898983823
        },
        {
            "Time": "2023-02-09",
            "value": 0.39139334237401274
        },
        {
            "Time": "2023-02-10",
            "value": 0.2484418964450529
        },
        {
            "Time": "2023-02-11",
            "value": 0.6015488532300057
        },
        {
            "Time": "2023-02-12",
            "value": 0.7871481060818862
        },
        {
            "Time": "2023-02-13",
            "value": 0.3507960655510343
        },
        {
            "Time": "2023-02-14",
            "value": 0.6950954965080418
        },
        {
            "Time": "2023-02-15",
            "value": 1.2930277100577627
        },
        {
            "Time": "2023-02-16",
            "value": 1.8271078176068538
        },
        {
            "Time": "2023-02-17",
            "value": 1.2346428044301798
        },
        {
            "Time": "2023-02-18",
            "value": 1.6188080651134722
        },
        {
            "Time": "2023-02-19",
            "value": 0.6193498532863249
        },
        {
            "Time": "2023-02-20",
            "value": 1.072881195131849
        },
        {
            "Time": "2023-02-21",
            "value": 1.8939597891769813
        },
        {
            "Time": "2023-02-22",
            "value": 1.4244002485297225
        },
        {
            "Time": "2023-02-23",
            "value": 1.3707714354594682
        },
        {
            "Time": "2023-02-24",
            "value": 0.8036114352413932
        },
        {
            "Time": "2023-02-25",
            "value": 1.4892228012430366
        },
        {
            "Time": "2023-02-26",
            "value": 2.0033747534146733
        },
        {
            "Time": "2023-02-27",
            "value": 1.563021016116488
        },
        {
            "Time": "2023-02-28",
            "value": 1.0829912409711153
        },
        {
            "Time": "2023-03-01",
            "value": 0.9737979768743915
        },
        {
            "Time": "2023-03-02",
            "value": 1.2067925291954087
        },
        {
            "Time": "2023-03-03",
            "value": 1.5068654067724205
        },
        {
            "Time": "2023-03-04",
            "value": 1.7652275393350916
        },
        {
            "Time": "2023-03-05",
            "value": 1.7593693260440788
        },
        {
            "Time": "2023-03-06",
            "value": 1.8219726733380666
        },
        {
            "Time": "2023-03-07",
            "value": 1.7409651153517542
        },
        {
            "Time": "2023-03-08",
            "value": 1.650890189413114
        },
        {
            "Time": "2023-03-09",
            "value": 1.27384653959521
        },
        {
            "Time": "2023-03-10",
            "value": 1.8095856034762827
        },
        {
            "Time": "2023-03-11",
            "value": 1.5218398634110466
        },
        {
            "Time": "2023-03-12",
            "value": 0.5287093846751819
        },
        {
            "Time": "2023-03-13",
            "value": 1.5276254889022176
        },
        {
            "Time": "2023-03-14",
            "value": 1.8864488841403184
        },
        {
            "Time": "2023-03-15",
            "value": 1.6437467231344824
        },
        {
            "Time": "2023-03-16",
            "value": 1.6691375782974367
        },
        {
            "Time": "2023-03-17",
            "value": 1.1257256043362704
        },
        {
            "Time": "2023-03-18",
            "value": 0.3771863306112554
        },
        {
            "Time": "2023-03-19",
            "value": 0.17921191597371028
        },
        {
            "Time": "2023-03-20",
            "value": 1.4334020168316894
        },
        {
            "Time": "2023-03-21",
            "value": 0.9229917616732428
        },
        {
            "Time": "2023-03-22",
            "value": 1.3695851206002276
        },
        {
            "Time": "2023-03-23",
            "value": 0.2389248637284321
        },
        {
            "Time": "2023-03-24",
            "value": 0.25581712583229166
        },
        {
            "Time": "2023-03-25",
            "value": 0.29532094824157984
        },
        {
            "Time": "2023-03-26",
            "value": 0.9337135214832494
        },
        {
            "Time": "2023-03-27",
            "value": 0.0
        }
    ]
}