{
    "data": [
        {
            "Time": "2022-11-27",
            "value": 0.12967772818719098
        },
        {
            "Time": "2022-11-28",
            "value": 0.5420444747650915
        },
        {
            "Time": "2022-11-29",
            "value": 0.6343460879476078
        },
        {
            "Time": "2022-11-30",
            "value": 0.21188808323931213
        },
        {
            "Time": "2022-12-01",
            "value": 0.2590858038129356
        },
        {
            "Time": "2022-12-02",
            "value": 0.2806044233818753
        },
        {
            "Time": "2022-12-03",
            "value": 0.4534648560721663
        },
        {
            "Time": "2022-12-04",
            "value": 0.3328156311515668
        },
        {
            "Time": "2022-12-05",
            "value": 0.2937212844551009
        },
        {
            "Time": "2022-12-06",
            "value": 0.43995341173210817
        },
        {
            "Time": "2022-12-07",
            "value": 0.1160601843833368
        },
        {
            "Time": "2022-12-08",
            "value": 0.529036332868685
        },
        {
            "Time": "2022-12-09",
            "value": 0.4894195949488391
        },
        {
            "Time": "2022-12-10",
            "value": 1.4136851773115202
        },
        {
            "Time": "2022-12-11",
            "value": 0.26801267955601565
        },
        {
            "Time": "2022-12-12",
            "value": 0.425016862677196
        },
        {
            "Time": "2022-12-13",
            "value": 1.348531646451257
        },
        {
            "Time": "2022-12-14",
            "value": 0.43895605417546096
        },
        {
            "Time": "2022-12-15",
            "value": 0.33405315931539586
        },
        {
            "Time": "2022-12-16",
            "value": 0.21425694467264814
        },
        {
            "Time": "2022-12-17",
            "value": 0.26613981481328286
        },
        {
            "Time": "2022-12-18",
            "value": 1.9388435594012334
        },
        {
            "Time": "2022-12-19",
            "value": 1.6772914079036276
        },
        {
            "Time": "2022-12-20",
            "value": 1.172587741894751
        },
        {
            "Time": "2022-12-21",
            "value": 1.8192390952863298
        },
        {
            "Time": "2022-12-22",
            "value": 1.47324049573455
        },
        {
            "Time": "2022-12-23",
            "value": 1.4649347495511977
        },
        {
            "Time": "2022-12-24",
            "value": 1.4674169431555257
        },
        {
            "Time": "2022-12-25",
            "value": 1.908867256751798
        },
        {
            "Time": "2022-12-26",
            "value": 1.6514369869423262
        },
        {
            "Time": "2022-12-27",
            "value": 0.5158263116230435
        },
        {
            "Time": "2022-12-28",
            "value": 0.3279799240700387
        },
        {
            "Time": "2022-12-29",
            "value": 0.20189324312332507
        },
        {
            "Time": "2022-12-30",
            "value": 0.3051173009095797
        },
        {
            "Time": "2022-12-31",
            "value": 0.8833606531195822
        },
        {
            "Time": "2023-01-01",
            "value": 0.4872851450030767
        },
        {
            "Time": "2023-01-02",
            "value": 0.2564478126107608
        },
        {
            "Time": "2023-01-03",
            "value": 0.29401586392701656
        },
        {
            "Time": "2023-01-04",
            "value": 0.3021245444604604
        },
        {
            "Time": "2023-01-05",
            "value": 0.39068402906054167
        },
        {
            "Time": "2023-01-06",
            "value": 1.4632441995809977
        },
        {
            "Time": "2023-01-07",
            "value": 1.875856274830043
        },
        {
            "Time": "2023-01-08",
            "value": 1.5650568610259727
        },
        {
            "Time": "2023-01-09",
            "value": 0.3367256502882804
        },
        {
            "Time": "2023-01-10",
            "value": 0.363103284475407
        },
        {
            "Time": "2023-01-11",
            "value": 0.49559261273260724
        },
        {
            "Time": "2023-01-12",
            "value": 1.0736627700243973
        },
        {
            "Time": "2023-01-13",
            "value": 0.23909059444487515
        },
        {
            "Time": "2023-01-14",
            "value": 0.9537719219915601
        },
        {
            "Time": "2023-01-15",
            "value": 0.27821432330004886
        },
        {
            "Time": "2023-01-16",
            "value": 1.5706724003130634
        },
        {
            "Time": "2023-01-17",
            "value": 0.3317591340371103
        },
        {
            "Time": "2023-01-18",
            "value": 1.7093737705550152
        },
        {
            "Time": "2023-01-19",
            "value": 1.3281546623850555
        },
        {
            "Time": "2023-01-20",
            "value": 0.5282892454398259
        },
        {
            "Time": "2023-01-21",
            "value": 0.1962955552328476
        },
        {
            "Time": "2023-01-22",
            "value": 1.1714310586576957
        },
        {
            "Time": "2023-01-23",
            "value": 0.18807618017459415
        },
        {
            "Time": "2023-01-24",
            "value": 0.5822661513058653
        },
        {
            "Time": "2023-01-25",
            "value": 1.8744978436867556
        },
        {
            "Time": "2023-01-26",
            "value": 0.7412041712499854
        },
        {
            "Time": "2023-01-27",
            "value": 1.8545748124838646
        },
        {
            "Time": "2023-01-28",
            "value": 1.9628359257621997
        },
        {
            "Time": "2023-01-29",
            "value": 1.8411542370023308
        },
        {
            "Time": "2023-01-30",
            "value": 1.835607611168324
        },
        {
            "Time": "2023-01-31",
            "value": 1.8272183602106915
        },
        {
            "Time": "2023-02-01",
            "value": 0.3416104488934822
        },
        {
            "Time": "2023-02-02",
            "value": 0.800083661502385
        },
        {
            "Time": "2023-02-03",
            "value": 0.39150926979430184
        },
        {
            "Time": "2023-02-04",
            "value": 0.13818451590153238
        },
        {
            "Time": "2023-02-05",
            "value": 0.2840711778576273
        },
        {
            "Time": "2023-02-06",
            "value": 0.9623048235735143
        },
        {
            "Time": "2023-02-07",
            "value": 0.2818626738244795
        },
        {
            "Time": "2023-02-08",
            "value": 0.1740204463956392
        },
        {
            "Time": "2023-02-09",
            "value": 0.32699117917285353
        },
        {
            "Time": "2023-02-10",
            "value": 0.19664433974579076
        },
        {
            "Time": "2023-02-11",
            "value": 0.5193938698655809
        },
        {
            "Time": "2023-02-12",
            "value": 0.642889786816989
        },
        {
            "Time": "2023-02-13",
            "value": 0.3225280446838052
        },
        {
            "Time": "2023-02-14",
            "value": 0.605383972785187
        },
        {
            "Time": "2023-02-15",
            "value": 1.4732046283562823
        },
        {
            "Time": "2023-02-16",
            "value": 1.7239928715277646
        },
        {
            "Time": "2023-02-17",
            "value": 1.339919710114741
        },
        {
            "Time": "2023-02-18",
            "value": 1.4558485435905077
        },
        {
            "Time": "2023-02-19",
            "value": 0.56228055424305
        },
        {
            "Time": "2023-02-20",
            "value": 0.9726648998674208
        },
        {
            "Time": "2023-02-21",
            "value": 1.6580664495984427
        },
        {
            "Time": "2023-02-22",
            "value": 1.4689525467634963
        },
        {
            "Time": "2023-02-23",
            "value": 1.3770760647353433
        },
        {
            "Time": "2023-02-24",
            "value": 0.7452261869412454
        },
        {
            "Time": "2023-02-25",
            "value": 1.4055144712904053
        },
        {
            "Time": "2023-02-26",
            "value": 1.6518361338196785
        },
        {
            "Time": "2023-02-27",
            "value": 1.4959898639974198
        },
        {
            "Time": "2023-02-28",
            "value": 1.0063262592893045
        },
        {
            "Time": "2023-03-01",
            "value": 0.9297872655167323
        },
        {
            "Time": "2023-03-02",
            "value": 1.1855721265060908
        },
        {
            "Time": "2023-03-03",
            "value": 1.4414635607394546
        },
        {
            "Time": "2023-03-04",
            "value": 1.5691634007112731
        },
        {
            "Time": "2023-03-05",
            "value": 1.5911383826907803
        },
        {
            "Time": "2023-03-06",
            "value": 1.6585849380613293
        },
        {
            "Time": "2023-03-07",
            "value": 1.638644014312838
        },
        {
            "Time": "2023-03-08",
            "value": 1.5110836752619574
        },
        {
            "Time": "2023-03-09",
            "value": 1.2091839887889049
        },
        {
            "Time": "2023-03-10",
            "value": 1.6720999955740972
        },
        {
            "Time": "2023-03-11",
            "value": 1.450601826088259
        },
        {
            "Time": "2023-03-12",
            "value": 0.4468595091697834
        },
        {
            "Time": "2023-03-13",
            "value": 1.4593150638365955
        },
        {
            "Time": "2023-03-14",
            "value": 1.7097800887281929
        },
        {
            "Time": "2023-03-15",
            "value": 1.5044362526116657
        },
        {
            "Time": "2023-03-16",
            "value": 1.479963436412496
        },
        {
            "Time": "2023-03-17",
            "value": 1.0537330896504369
        },
        {
            "Time": "2023-03-18",
            "value": 0.3123745871256143
        },
        {
            "Time": "2023-03-19",
            "value": 0.12323729183388894
        },
        {
            "Time": "2023-03-20",
            "value": 1.2990155223696325
        },
        {
            "Time": "2023-03-21",
            "value": 0.8415031518174712
        },
        {
            "Time": "2023-03-22",
            "value": 1.2762212889330644
        },
        {
            "Time": "2023-03-23",
            "value": 0.1691853901497944
        },
        {
            "Time": "2023-03-24",
            "value": 0.18797184739759756
        },
        {
            "Time": "2023-03-25",
            "value": 0.24396828713034444
        },
        {
            "Time": "2023-03-26",
            "value": 0.8597327784528536
        },
        {
            "Time": "2023-03-27",
            "value": 0.0
        }
    ]
}