{
    "data": [
        {
            "Time": "2022-11-27",
            "value": 0.23210688523267362
        },
        {
            "Time": "2022-11-28",
            "value": 0.5648524714264582
        },
        {
            "Time": "2022-11-29",
            "value": 0.6399245249964942
        },
        {
            "Time": "2022-11-30",
            "value": 0.3162926302040124
        },
        {
            "Time": "2022-12-01",
            "value": 0.35704745035975693
        },
        {
            "Time": "2022-12-02",
            "value": 0.37247278544286133
        },
        {
            "Time": "2022-12-03",
            "value": 0.5683054170041468
        },
        {
            "Time": "2022-12-04",
            "value": 0.45161446510350695
        },
        {
            "Time": "2022-12-05",
            "value": 0.40334343006096546
        },
        {
            "Time": "2022-12-06",
            "value": 0.5574826423682292
        },
        {
            "Time": "2022-12-07",
            "value": 0.1881128469967014
        },
        {
            "Time": "2022-12-08",
            "value": 0.6626119225609375
        },
        {
            "Time": "2022-12-09",
            "value": 0.6197918666410411
        },
        {
            "Time": "2022-12-10",
            "value": 0.9930670766275338
        },
        {
            "Time": "2022-12-11",
            "value": 0.3617375007882292
        },
        {
            "Time": "2022-12-12",
            "value": 0.5603525181812963
        },
        {
            "Time": "2022-12-13",
            "value": 0.9629268894392289
        },
        {
            "Time": "2022-12-14",
            "value": 0.5659392545497502
        },
        {
            "Time": "2022-12-15",
            "value": 0.4321617965788016
        },
        {
            "Time": "2022-12-16",
            "value": 0.3103614209831134
        },
        {
            "Time": "2022-12-17",
            "value": 0.3729920497868027
        },
        {
            "Time": "2022-12-18",
            "value": 1.0687931535047313
        },
        {
            "Time": "2022-12-19",
            "value": 1.0311721967515097
        },
        {
            "Time": "2022-12-20",
            "value": 0.8742958810230863
        },
        {
            "Time": "2022-12-21",
            "value": 1.4784719295787783
        },
        {
            "Time": "2022-12-22",
            "value": 1.1167932021325857
        },
        {
            "Time": "2022-12-23",
            "value": 1.0792951703790137
        },
        {
            "Time": "2022-12-24",
            "value": 1.0710149113966645
        },
        {
            "Time": "2022-12-25",
            "value": 1.0836841795242496
        },
        {
            "Time": "2022-12-26",
            "value": 1.15730082078813
        },
        {
            "Time": "2022-12-27",
            "value": 0.6164227802536375
        },
        {
            "Time": "2022-12-28",
            "value": 0.43616319189791664
        },
        {
            "Time": "2022-12-29",
            "value": 0.2861040825807209
        },
        {
            "Time": "2022-12-30",
            "value": 0.4140761758762626
        },
        {
            "Time": "2022-12-31",
            "value": 0.7241821039412568
        },
        {
            "Time": "2023-01-01",
            "value": 0.6209349032343109
        },
        {
            "Time": "2023-01-02",
            "value": 0.35310289971127945
        },
        {
            "Time": "2023-01-03",
            "value": 0.39362003854775135
        },
        {
            "Time": "2023-01-04",
            "value": 0.39440856803090274
        },
        {
            "Time": "2023-01-05",
            "value": 0.5039386593986112
        },
        {
            "Time": "2023-01-06",
            "value": 1.0391768441792861
        },
        {
            "Time": "2023-01-07",
            "value": 1.454445327060101
        },
        {
            "Time": "2023-01-08",
            "value": 1.1475194576838246
        },
        {
            "Time": "2023-01-09",
            "value": 0.44165220118388304
        },
        {
            "Time": "2023-01-10",
            "value": 0.4768201037023623
        },
        {
            "Time": "2023-01-11",
            "value": 0.6239029414536146
        },
        {
            "Time": "2023-01-12",
            "value": 0.9961671385599519
        },
        {
            "Time": "2023-01-13",
            "value": 0.333978933348625
        },
        {
            "Time": "2023-01-14",
            "value": 0.8560511418578015
        },
        {
            "Time": "2023-01-15",
            "value": 0.37974746980114504
        },
        {
            "Time": "2023-01-16",
            "value": 1.3331421375087869
        },
        {
            "Time": "2023-01-17",
            "value": 0.4221446717131945
        },
        {
            "Time": "2023-01-18",
            "value": 1.2002751111185517
        },
        {
            "Time": "2023-01-19",
            "value": 1.0918119396795674
        },
        {
            "Time": "2023-01-20",
            "value": 0.6752016370620708
        },
        {
            "Time": "2023-01-21",
            "value": 0.28778211620471067
        },
        {
            "Time": "2023-01-22",
            "value": 1.045583518488868
        },
        {
            "Time": "2023-01-23",
            "value": 0.2744837950038079
        },
        {
            "Time": "2023-01-24",
            "value": 0.7403380526287455
        },
        {
            "Time": "2023-01-25",
            "value": 1.3284563114225534
        },
        {
            "Time": "2023-01-26",
            "value": 0.8913659563918555
        },
        {
            "Time": "2023-01-27",
            "value": 1.0782937811161983
        },
        {
            "Time": "2023-01-28",
            "value": 1.3623211797694394
        },
        {
            "Time": "2023-01-29",
            "value": 1.4668174822294349
        },
        {
            "Time": "2023-01-30",
            "value": 1.3702441472789475
        },
        {
            "Time": "2023-01-31",
            "value": 1.5089763853524274
        },
        {
            "Time": "2023-02-01",
            "value": 0.44398610879791667
        },
        {
            "Time": "2023-02-02",
            "value": 0.6549938130876378
        },
        {
            "Time": "2023-02-03",
            "value": 0.5000057541418881
        },
        {
            "Time": "2023-02-04",
            "value": 0.2344560165778439
        },
        {
            "Time": "2023-02-05",
            "value": 0.39184143376325226
        },
        {
            "Time": "2023-02-06",
            "value": 1.1122356615890443
        },
        {
            "Time": "2023-02-07",
            "value": 0.3793897806040937
        },
        {
            "Time": "2023-02-08",
            "value": 0.2599912548890476
        },
        {
            "Time": "2023-02-09",
            "value": 0.4402892202675745
        },
        {
            "Time": "2023-02-10",
            "value": 0.30248090272885997
        },
        {
            "Time": "2023-02-11",
            "value": 0.638555405993563
        },
        {
            "Time": "2023-02-12",
            "value": 0.7779374543868012
        },
        {
            "Time": "2023-02-13",
            "value": 0.43984471705698713
        },
        {
            "Time": "2023-02-14",
            "value": 0.756686372978345
        },
        {
            "Time": "2023-02-15",
            "value": 1.3743613469535552
        },
        {
            "Time": "2023-02-16",
            "value": 1.977252382949414
        },
        {
            "Time": "2023-02-17",
            "value": 1.4080871287657322
        },
        {
            "Time": "2023-02-18",
            "value": 1.3817803975892344
        },
        {
            "Time": "2023-02-19",
            "value": 0.6917501413925138
        },
        {
            "Time": "2023-02-20",
            "value": 1.1671985272801046
        },
        {
            "Time": "2023-02-21",
            "value": 2.1057281586769254
        },
        {
            "Time": "2023-02-22",
            "value": 1.6643598959453916
        },
        {
            "Time": "2023-02-23",
            "value": 1.6272885070808627
        },
        {
            "Time": "2023-02-24",
            "value": 0.9094751922915207
        },
        {
            "Time": "2023-02-25",
            "value": 1.7740810334247605
        },
        {
            "Time": "2023-02-26",
            "value": 2.247885281625081
        },
        {
            "Time": "2023-02-27",
            "value": 1.7411012283050546
        },
        {
            "Time": "2023-02-28",
            "value": 1.2274654511116583
        },
        {
            "Time": "2023-03-01",
            "value": 1.1644967907566661
        },
        {
            "Time": "2023-03-02",
            "value": 1.3498894387850355
        },
        {
            "Time": "2023-03-03",
            "value": 2.057294609872095
        },
        {
            "Time": "2023-03-04",
            "value": 2.2618260552186435
        },
        {
            "Time": "2023-03-05",
            "value": 2.2721021405261426
        },
        {
            "Time": "2023-03-06",
            "value": 2.3909290541768615
        },
        {
            "Time": "2023-03-07",
            "value": 2.4097901745407997
        },
        {
            "Time": "2023-03-08",
            "value": 2.343523540364202
        },
        {
            "Time": "2023-03-09",
            "value": 1.7369448246343848
        },
        {
            "Time": "2023-03-10",
            "value": 2.580823281165945
        },
        {
            "Time": "2023-03-11",
            "value": 2.3317728579757806
        },
        {
            "Time": "2023-03-12",
            "value": 0.5822800345045965
        },
        {
            "Time": "2023-03-13",
            "value": 2.0942790320112836
        },
        {
            "Time": "2023-03-14",
            "value": 2.721586882364646
        },
        {
            "Time": "2023-03-15",
            "value": 2.1920499173255545
        },
        {
            "Time": "2023-03-16",
            "value": 2.2460465532156055
        },
        {
            "Time": "2023-03-17",
            "value": 1.4648253001669178
        },
        {
            "Time": "2023-03-18",
            "value": 0.4246415889358851
        },
        {
            "Time": "2023-03-19",
            "value": 0.23342089971295243
        },
        {
            "Time": "2023-03-20",
            "value": 1.8577873614286913
        },
        {
            "Time": "2023-03-21",
            "value": 1.0762805605492174
        },
        {
            "Time": "2023-03-22",
            "value": 1.830503620089329
        },
        {
            "Time": "2023-03-23",
            "value": 0.2665983799342593
        },
        {
            "Time": "2023-03-24",
            "value": 0.29983740759828287
        },
        {
            "Time": "2023-03-25",
            "value": 0.34722916979834495
        },
        {
            "Time": "2023-03-26",
            "value": 1.039987206485467
        },
        {
            "Time": "2023-03-27",
            "value": 0.0
        }
    ]
}