{
    "data": [
        {
            "Time": "2022-11-27",
            "value": 0.12226069921137689
        },
        {
            "Time": "2022-11-28",
            "value": 0.5056356261666219
        },
        {
            "Time": "2022-11-29",
            "value": 0.5485142683789733
        },
        {
            "Time": "2022-11-30",
            "value": 0.19609613816548377
        },
        {
            "Time": "2022-12-01",
            "value": 0.2524997671361461
        },
        {
            "Time": "2022-12-02",
            "value": 0.2825804121657384
        },
        {
            "Time": "2022-12-03",
            "value": 0.47999595121728533
        },
        {
            "Time": "2022-12-04",
            "value": 0.34599039319210484
        },
        {
            "Time": "2022-12-05",
            "value": 0.2871601755581181
        },
        {
            "Time": "2022-12-06",
            "value": 0.456349082762883
        },
        {
            "Time": "2022-12-07",
            "value": 0.11168580429478853
        },
        {
            "Time": "2022-12-08",
            "value": 0.5832710009314935
        },
        {
            "Time": "2022-12-09",
            "value": 0.519163940818876
        },
        {
            "Time": "2022-12-10",
            "value": 1.2289422716973695
        },
        {
            "Time": "2022-12-11",
            "value": 0.26162226746853856
        },
        {
            "Time": "2022-12-12",
            "value": 0.5237524341549091
        },
        {
            "Time": "2022-12-13",
            "value": 1.084567063497978
        },
        {
            "Time": "2022-12-14",
            "value": 0.4616860989727561
        },
        {
            "Time": "2022-12-15",
            "value": 0.357375739003506
        },
        {
            "Time": "2022-12-16",
            "value": 0.2068950409929251
        },
        {
            "Time": "2022-12-17",
            "value": 0.27013129083079235
        },
        {
            "Time": "2022-12-18",
            "value": 1.783426792262242
        },
        {
            "Time": "2022-12-19",
            "value": 1.348360916737188
        },
        {
            "Time": "2022-12-20",
            "value": 1.0595814615914907
        },
        {
            "Time": "2022-12-21",
            "value": 1.1678678128801139
        },
        {
            "Time": "2022-12-22",
            "value": 1.5787563303485797
        },
        {
            "Time": "2022-12-23",
            "value": 1.5943467368155853
        },
        {
            "Time": "2022-12-24",
            "value": 1.6055958604328864
        },
        {
            "Time": "2022-12-25",
            "value": 1.774120781562557
        },
        {
            "Time": "2022-12-26",
            "value": 1.6317006368410119
        },
        {
            "Time": "2022-12-27",
            "value": 0.6325584367943995
        },
        {
            "Time": "2022-12-28",
            "value": 0.3316407817729798
        },
        {
            "Time": "2022-12-29",
            "value": 0.18378487290507547
        },
        {
            "Time": "2022-12-30",
            "value": 0.3084178258315856
        },
        {
            "Time": "2022-12-31",
            "value": 0.8173864439523596
        },
        {
            "Time": "2023-01-01",
            "value": 0.543977738858828
        },
        {
            "Time": "2023-01-02",
            "value": 0.26148378340619893
        },
        {
            "Time": "2023-01-03",
            "value": 0.30289000764928925
        },
        {
            "Time": "2023-01-04",
            "value": 0.30958247994001514
        },
        {
            "Time": "2023-01-05",
            "value": 0.40807639008141433
        },
        {
            "Time": "2023-01-06",
            "value": 1.4011439290960992
        },
        {
            "Time": "2023-01-07",
            "value": 1.7739621569834298
        },
        {
            "Time": "2023-01-08",
            "value": 1.3080099069568019
        },
        {
            "Time": "2023-01-09",
            "value": 0.3484315795680901
        },
        {
            "Time": "2023-01-10",
            "value": 0.390491793085106
        },
        {
            "Time": "2023-01-11",
            "value": 0.5401888282318248
        },
        {
            "Time": "2023-01-12",
            "value": 0.9394827193624212
        },
        {
            "Time": "2023-01-13",
            "value": 0.24244340489625615
        },
        {
            "Time": "2023-01-14",
            "value": 0.8785677650000878
        },
        {
            "Time": "2023-01-15",
            "value": 0.2691148254791363
        },
        {
            "Time": "2023-01-16",
            "value": 0.9326264539465086
        },
        {
            "Time": "2023-01-17",
            "value": 0.33308452395297755
        },
        {
            "Time": "2023-01-18",
            "value": 1.3786395051243496
        },
        {
            "Time": "2023-01-19",
            "value": 1.21787543726194
        },
        {
            "Time": "2023-01-20",
            "value": 0.584977196892349
        },
        {
            "Time": "2023-01-21",
            "value": 0.18682951531986458
        },
        {
            "Time": "2023-01-22",
            "value": 1.2171846185944204
        },
        {
            "Time": "2023-01-23",
            "value": 0.18437431864584433
        },
        {
            "Time": "2023-01-24",
            "value": 0.7318234672637898
        },
        {
            "Time": "2023-01-25",
            "value": 1.4726985725190396
        },
        {
            "Time": "2023-01-26",
            "value": 0.8326934468003334
        },
        {
            "Time": "2023-01-27",
            "value": 1.1181399164743917
        },
        {
            "Time": "2023-01-28",
            "value": 1.4740633959926552
        },
        {
            "Time": "2023-01-29",
            "value": 1.4919576867627762
        },
        {
            "Time": "2023-01-30",
            "value": 1.5303254843056036
        },
        {
            "Time": "2023-01-31",
            "value": 1.525860717338909
        },
        {
            "Time": "2023-02-01",
            "value": 0.3496870366484685
        },
        {
            "Time": "2023-02-02",
            "value": 0.784475117071785
        },
        {
            "Time": "2023-02-03",
            "value": 0.404389922532818
        },
        {
            "Time": "2023-02-04",
            "value": 0.11745269472746676
        },
        {
            "Time": "2023-02-05",
            "value": 0.28520254684132407
        },
        {
            "Time": "2023-02-06",
            "value": 1.0842384262271454
        },
        {
            "Time": "2023-02-07",
            "value": 0.28622504168445545
        },
        {
            "Time": "2023-02-08",
            "value": 0.14825618867324117
        },
        {
            "Time": "2023-02-09",
            "value": 0.34726384164933927
        },
        {
            "Time": "2023-02-10",
            "value": 0.19286640942049108
        },
        {
            "Time": "2023-02-11",
            "value": 0.5628582535060429
        },
        {
            "Time": "2023-02-12",
            "value": 0.7202579384316118
        },
        {
            "Time": "2023-02-13",
            "value": 0.3235046102122743
        },
        {
            "Time": "2023-02-14",
            "value": 0.6347272611621202
        },
        {
            "Time": "2023-02-15",
            "value": 1.6667385045123881
        },
        {
            "Time": "2023-02-16",
            "value": 2.230050367266653
        },
        {
            "Time": "2023-02-17",
            "value": 1.6049079920798128
        },
        {
            "Time": "2023-02-18",
            "value": 1.8312629840415087
        },
        {
            "Time": "2023-02-19",
            "value": 0.5724049896991749
        },
        {
            "Time": "2023-02-20",
            "value": 1.0941466942976954
        },
        {
            "Time": "2023-02-21",
            "value": 2.3837617617765092
        },
        {
            "Time": "2023-02-22",
            "value": 1.818815209888813
        },
        {
            "Time": "2023-02-23",
            "value": 1.638652302620271
        },
        {
            "Time": "2023-02-24",
            "value": 0.8271019691548437
        },
        {
            "Time": "2023-02-25",
            "value": 2.1053205994080804
        },
        {
            "Time": "2023-02-26",
            "value": 2.519503919051523
        },
        {
            "Time": "2023-02-27",
            "value": 2.031547872344363
        },
        {
            "Time": "2023-02-28",
            "value": 1.2051286837367101
        },
        {
            "Time": "2023-03-01",
            "value": 1.204832198734475
        },
        {
            "Time": "2023-03-02",
            "value": 1.4180612047625103
        },
        {
            "Time": "2023-03-03",
            "value": 2.1921511730919025
        },
        {
            "Time": "2023-03-04",
            "value": 2.4403991320268847
        },
        {
            "Time": "2023-03-05",
            "value": 2.5045115388145827
        },
        {
            "Time": "2023-03-06",
            "value": 2.6251576204030025
        },
        {
            "Time": "2023-03-07",
            "value": 2.618314012318549
        },
        {
            "Time": "2023-03-08",
            "value": 2.476129083093752
        },
        {
            "Time": "2023-03-09",
            "value": 1.7363980806844934
        },
        {
            "Time": "2023-03-10",
            "value": 2.77772320562017
        },
        {
            "Time": "2023-03-11",
            "value": 2.417223860142512
        },
        {
            "Time": "2023-03-12",
            "value": 0.4661499078991066
        },
        {
            "Time": "2023-03-13",
            "value": 2.170035340079429
        },
        {
            "Time": "2023-03-14",
            "value": 2.9185296430059466
        },
        {
            "Time": "2023-03-15",
            "value": 2.322177182982961
        },
        {
            "Time": "2023-03-16",
            "value": 2.3086893470013425
        },
        {
            "Time": "2023-03-17",
            "value": 1.4517397515860921
        },
        {
            "Time": "2023-03-18",
            "value": 0.3198401640867652
        },
        {
            "Time": "2023-03-19",
            "value": 0.10322043277850117
        },
        {
            "Time": "2023-03-20",
            "value": 1.8742671563844062
        },
        {
            "Time": "2023-03-21",
            "value": 1.0429854544769814
        },
        {
            "Time": "2023-03-22",
            "value": 1.8193662681023224
        },
        {
            "Time": "2023-03-23",
            "value": 0.16203300646300667
        },
        {
            "Time": "2023-03-24",
            "value": 0.15978496066536305
        },
        {
            "Time": "2023-03-25",
            "value": 0.2368715276787859
        },
        {
            "Time": "2023-03-26",
            "value": 0.9506462081709472
        },
        {
            "Time": "2023-03-27",
            "value": 0.0
        }
    ]
}