{
    "data": [
        {
            "Time": "2023-03-01",
            "value": 45.23440933227539
        },
        {
            "Time": "2023-03-02",
            "value": 44.38166046142578
        },
        {
            "Time": "2023-03-03",
            "value": 45.399139404296875
        },
        {
            "Time": "2023-03-06",
            "value": 45.18596267700195
        },
        {
            "Time": "2023-03-07",
            "value": 43.07347106933594
        },
        {
            "Time": "2023-03-08",
            "value": 42.48235702514648
        },
        {
            "Time": "2023-03-09",
            "value": 39.85628128051758
        },
        {
            "Time": "2023-03-10",
            "value": 40.079158782958984
        },
        {
            "Time": "2023-03-13",
            "value": 37.22051239013672
        },
        {
            "Time": "2023-03-14",
            "value": 38.92601013183594
        },
        {
            "Time": "2023-03-15",
            "value": 37.64688873291016
        },
        {
            "Time": "2023-03-16",
            "value": 38.08295440673828
        },
        {
            "Time": "2023-03-17",
            "value": 36.59064483642578
        },
        {
            "Time": "2023-03-20",
            "value": 36.319313049316406
        },
        {
            "Time": "2023-03-21",
            "value": 37.28834533691406
        },
        {
            "Time": "2023-03-22",
            "value": 36.04798889160156
        },
        {
            "Time": "2023-03-23",
            "value": 35.47625732421875
        },
        {
            "Time": "2023-03-24",
            "value": 35.10802459716797
        },
        {
            "Time": "2023-03-27",
            "value": 36.309627532958984
        },
        {
            "Time": "2023-03-28",
            "value": 36.02860641479492
        },
        {
            "Time": "2023-03-29",
            "value": 36.79414367675781
        },
        {
            "Time": "2023-03-30",
            "value": 36.222412109375
        },
        {
            "Time": "2023-03-31",
            "value": 36.222412109375
        }
    ]
}