{
    "data": [
        {
            "Time": "2023-03-01",
            "value": 138.59169006347656
        },
        {
            "Time": "2023-03-02",
            "value": 137.15280151367188
        },
        {
            "Time": "2023-03-03",
            "value": 139.67086791992188
        },
        {
            "Time": "2023-03-06",
            "value": 138.85421752929688
        },
        {
            "Time": "2023-03-07",
            "value": 134.77081298828125
        },
        {
            "Time": "2023-03-08",
            "value": 133.9735870361328
        },
        {
            "Time": "2023-03-09",
            "value": 126.72073364257812
        },
        {
            "Time": "2023-03-10",
            "value": 129.93881225585938
        },
        {
            "Time": "2023-03-13",
            "value": 127.60547637939452
        },
        {
            "Time": "2023-03-14",
            "value": 130.8818817138672
        },
        {
            "Time": "2023-03-15",
            "value": 124.698486328125
        },
        {
            "Time": "2023-03-16",
            "value": 127.11934661865234
        },
        {
            "Time": "2023-03-17",
            "value": 122.31652069091795
        },
        {
            "Time": "2023-03-20",
            "value": 123.6095962524414
        },
        {
            "Time": "2023-03-21",
            "value": 126.9249038696289
        },
        {
            "Time": "2023-03-22",
            "value": 123.6484832763672
        },
        {
            "Time": "2023-03-23",
            "value": 123.31792449951172
        },
        {
            "Time": "2023-03-24",
            "value": 121.44152069091795
        },
        {
            "Time": "2023-03-27",
            "value": 124.92211151123048
        },
        {
            "Time": "2023-03-28",
            "value": 125.30128479003906
        },
        {
            "Time": "2023-03-29",
            "value": 125.5540542602539
        },
        {
            "Time": "2023-03-30",
            "value": 125.17488098144533
        },
        {
            "Time": "2023-03-31",
            "value": 126.69156646728516
        }
    ]
}