{
    "data": [
        {
            "Time": "2023-03-01",
            "value": 351.37261962890625
        },
        {
            "Time": "2023-03-02",
            "value": 353.4302062988281
        },
        {
            "Time": "2023-03-03",
            "value": 359.3244934082031
        },
        {
            "Time": "2023-03-06",
            "value": 364.7218322753906
        },
        {
            "Time": "2023-03-07",
            "value": 357.77392578125
        },
        {
            "Time": "2023-03-08",
            "value": 356.8693542480469
        },
        {
            "Time": "2023-03-09",
            "value": 352.3070068359375
        },
        {
            "Time": "2023-03-10",
            "value": 345.0210876464844
        },
        {
            "Time": "2023-03-13",
            "value": 342.6355285644531
        },
        {
            "Time": "2023-03-14",
            "value": 350.69671630859375
        },
        {
            "Time": "2023-03-15",
            "value": 345.9852294921875
        },
        {
            "Time": "2023-03-16",
            "value": 345.9057312011719
        },
        {
            "Time": "2023-03-17",
            "value": 347.55572509765625
        },
        {
            "Time": "2023-03-20",
            "value": 347.21783447265625
        },
        {
            "Time": "2023-03-21",
            "value": 352.43621826171875
        },
        {
            "Time": "2023-03-22",
            "value": 348.9175109863281
        },
        {
            "Time": "2023-03-23",
            "value": 352.2373962402344
        },
        {
            "Time": "2023-03-24",
            "value": 349.513916015625
        },
        {
            "Time": "2023-03-27",
            "value": 352.48590087890625
        },
        {
            "Time": "2023-03-28",
            "value": 352.1976318359375
        },
        {
            "Time": "2023-03-29",
            "value": 357.3663635253906
        },
        {
            "Time": "2023-03-30",
            "value": 357.0979919433594
        },
        {
            "Time": "2023-03-31",
            "value": 361.2230224609375
        }
    ]
}