{
    "data": [
        {
            "Time": "2023-03-01",
            "value": 657.4083251953125
        },
        {
            "Time": "2023-03-02",
            "value": 662.5763549804688
        },
        {
            "Time": "2023-03-03",
            "value": 671.5889892578125
        },
        {
            "Time": "2023-03-06",
            "value": 669.7890014648438
        },
        {
            "Time": "2023-03-07",
            "value": 656.429931640625
        },
        {
            "Time": "2023-03-08",
            "value": 656.1381225585938
        },
        {
            "Time": "2023-03-09",
            "value": 633.6817626953125
        },
        {
            "Time": "2023-03-10",
            "value": 617.870849609375
        },
        {
            "Time": "2023-03-13",
            "value": 608.861083984375
        },
        {
            "Time": "2023-03-14",
            "value": 620.59521484375
        },
        {
            "Time": "2023-03-15",
            "value": 614.6697387695312
        },
        {
            "Time": "2023-03-16",
            "value": 619.7681274414062
        },
        {
            "Time": "2023-03-17",
            "value": 619.5054931640625
        },
        {
            "Time": "2023-03-20",
            "value": 626.17041015625
        },
        {
            "Time": "2023-03-21",
            "value": 644.258056640625
        },
        {
            "Time": "2023-03-22",
            "value": 630.8016967773438
        },
        {
            "Time": "2023-03-23",
            "value": 634.1682739257812
        },
        {
            "Time": "2023-03-24",
            "value": 627.4546508789062
        },
        {
            "Time": "2023-03-27",
            "value": 630.8016967773438
        },
        {
            "Time": "2023-03-28",
            "value": 628.7779541015625
        },
        {
            "Time": "2023-03-29",
            "value": 639.4612426757812
        },
        {
            "Time": "2023-03-30",
            "value": 643.1780395507812
        },
        {
            "Time": "2023-03-31",
            "value": 651.0397338867188
        }
    ]
}