{
    "data": [
        {
            "Time": "2023-03-01",
            "value": 334.7178039550781
        },
        {
            "Time": "2023-03-02",
            "value": 336.8086853027344
        },
        {
            "Time": "2023-03-03",
            "value": 342.9326477050781
        },
        {
            "Time": "2023-03-06",
            "value": 348.1350402832031
        },
        {
            "Time": "2023-03-07",
            "value": 333.5980224609375
        },
        {
            "Time": "2023-03-08",
            "value": 335.8078308105469
        },
        {
            "Time": "2023-03-09",
            "value": 330.9026794433594
        },
        {
            "Time": "2023-03-10",
            "value": 323.57965087890625
        },
        {
            "Time": "2023-03-13",
            "value": 321.8455810546875
        },
        {
            "Time": "2023-03-14",
            "value": 329.7135925292969
        },
        {
            "Time": "2023-03-15",
            "value": 330.9522705078125
        },
        {
            "Time": "2023-03-16",
            "value": 336.8185729980469
        },
        {
            "Time": "2023-03-17",
            "value": 331.4576416015625
        },
        {
            "Time": "2023-03-20",
            "value": 331.5566711425781
        },
        {
            "Time": "2023-03-21",
            "value": 338.503173828125
        },
        {
            "Time": "2023-03-22",
            "value": 332.6764831542969
        },
        {
            "Time": "2023-03-23",
            "value": 329.2379455566406
        },
        {
            "Time": "2023-03-24",
            "value": 331.4873046875
        },
        {
            "Time": "2023-03-27",
            "value": 332.7062072753906
        },
        {
            "Time": "2023-03-28",
            "value": 331.1008605957031
        },
        {
            "Time": "2023-03-29",
            "value": 335.0646057128906
        },
        {
            "Time": "2023-03-30",
            "value": 338.1761779785156
        },
        {
            "Time": "2023-03-31",
            "value": 341.6444091796875
        }
    ]
}