{
    "data": [
        {
            "Time": "2023-03-01",
            "value": 124.42537689208984
        },
        {
            "Time": "2023-03-02",
            "value": 125.1897964477539
        },
        {
            "Time": "2023-03-03",
            "value": 126.59123992919922
        },
        {
            "Time": "2023-03-06",
            "value": 126.53245544433594
        },
        {
            "Time": "2023-03-07",
            "value": 124.49397277832033
        },
        {
            "Time": "2023-03-08",
            "value": 123.82754516601562
        },
        {
            "Time": "2023-03-09",
            "value": 122.57310485839844
        },
        {
            "Time": "2023-03-10",
            "value": 121.67146301269533
        },
        {
            "Time": "2023-03-13",
            "value": 122.80831146240234
        },
        {
            "Time": "2023-03-14",
            "value": 123.9059600830078
        },
        {
            "Time": "2023-03-15",
            "value": 123.79815673828124
        },
        {
            "Time": "2023-03-16",
            "value": 124.95459747314452
        },
        {
            "Time": "2023-03-17",
            "value": 123.34733581542967
        },
        {
            "Time": "2023-03-20",
            "value": 124.9106903076172
        },
        {
            "Time": "2023-03-21",
            "value": 125.66826629638672
        },
        {
            "Time": "2023-03-22",
            "value": 123.7694091796875
        },
        {
            "Time": "2023-03-23",
            "value": 123.53327178955078
        },
        {
            "Time": "2023-03-24",
            "value": 125.24520111083984
        },
        {
            "Time": "2023-03-27",
            "value": 125.75679779052734
        },
        {
            "Time": "2023-03-28",
            "value": 124.99923706054688
        },
        {
            "Time": "2023-03-29",
            "value": 125.34358215332033
        },
        {
            "Time": "2023-03-30",
            "value": 126.0224380493164
        },
        {
            "Time": "2023-03-31",
            "value": 127.37034606933594
        }
    ]
}