{
    "data": [
        {
            "Time": "2023-03-01",
            "value": 52.45670700073242
        },
        {
            "Time": "2023-03-02",
            "value": 52.95074462890625
        },
        {
            "Time": "2023-03-03",
            "value": 54.106781005859375
        },
        {
            "Time": "2023-03-06",
            "value": 54.106781005859375
        },
        {
            "Time": "2023-03-07",
            "value": 53.553466796875
        },
        {
            "Time": "2023-03-08",
            "value": 53.583106994628906
        },
        {
            "Time": "2023-03-09",
            "value": 52.37765884399414
        },
        {
            "Time": "2023-03-10",
            "value": 51.63660430908203
        },
        {
            "Time": "2023-03-13",
            "value": 51.63660430908203
        },
        {
            "Time": "2023-03-14",
            "value": 53.09895324707031
        },
        {
            "Time": "2023-03-15",
            "value": 53.67203521728515
        },
        {
            "Time": "2023-03-16",
            "value": 54.87747573852539
        },
        {
            "Time": "2023-03-17",
            "value": 54.353797912597656
        },
        {
            "Time": "2023-03-20",
            "value": 54.76001739501953
        },
        {
            "Time": "2023-03-21",
            "value": 55.92913818359375
        },
        {
            "Time": "2023-03-22",
            "value": 54.948265075683594
        },
        {
            "Time": "2023-03-23",
            "value": 55.8399658203125
        },
        {
            "Time": "2023-03-24",
            "value": 56.127288818359375
        },
        {
            "Time": "2023-03-27",
            "value": 55.81023788452149
        },
        {
            "Time": "2023-03-28",
            "value": 55.3544807434082
        },
        {
            "Time": "2023-03-29",
            "value": 56.0876579284668
        },
        {
            "Time": "2023-03-30",
            "value": 56.35516357421875
        },
        {
            "Time": "2023-03-31",
            "value": 57.43511199951172
        }
    ]
}