{
    "data": [
        {
            "Time": "2023-03-01",
            "value": 36.07379531860352
        },
        {
            "Time": "2023-03-02",
            "value": 36.543663024902344
        },
        {
            "Time": "2023-03-03",
            "value": 37.15735626220703
        },
        {
            "Time": "2023-03-06",
            "value": 37.013519287109375
        },
        {
            "Time": "2023-03-07",
            "value": 36.08339309692383
        },
        {
            "Time": "2023-03-08",
            "value": 36.59160232543945
        },
        {
            "Time": "2023-03-09",
            "value": 35.757362365722656
        },
        {
            "Time": "2023-03-10",
            "value": 34.61627197265625
        },
        {
            "Time": "2023-03-13",
            "value": 35.17243576049805
        },
        {
            "Time": "2023-03-14",
            "value": 35.53681564331055
        },
        {
            "Time": "2023-03-15",
            "value": 35.555999755859375
        },
        {
            "Time": "2023-03-16",
            "value": 35.555999755859375
        },
        {
            "Time": "2023-03-17",
            "value": 34.740936279296875
        },
        {
            "Time": "2023-03-20",
            "value": 35.11369705200195
        },
        {
            "Time": "2023-03-21",
            "value": 34.91089630126953
        },
        {
            "Time": "2023-03-22",
            "value": 33.63614273071289
        },
        {
            "Time": "2023-03-23",
            "value": 33.43334197998047
        },
        {
            "Time": "2023-03-24",
            "value": 34.29283142089844
        },
        {
            "Time": "2023-03-27",
            "value": 34.17694854736328
        },
        {
            "Time": "2023-03-28",
            "value": 34.06106185913086
        },
        {
            "Time": "2023-03-29",
            "value": 34.87226867675781
        },
        {
            "Time": "2023-03-30",
            "value": 35.3261604309082
        },
        {
            "Time": "2023-03-31",
            "value": 36.09873580932617
        }
    ]
}