{
    "data": [
        {
            "Time": "2023-03-01",
            "value": 61.36005401611328
        },
        {
            "Time": "2023-03-02",
            "value": 62.52140808105469
        },
        {
            "Time": "2023-03-03",
            "value": 63.5867919921875
        },
        {
            "Time": "2023-03-06",
            "value": 63.8939208984375
        },
        {
            "Time": "2023-03-07",
            "value": 62.84775161743164
        },
        {
            "Time": "2023-03-08",
            "value": 63.32765197753906
        },
        {
            "Time": "2023-03-09",
            "value": 62.81894302368164
        },
        {
            "Time": "2023-03-10",
            "value": 61.830352783203125
        },
        {
            "Time": "2023-03-13",
            "value": 62.78055953979492
        },
        {
            "Time": "2023-03-14",
            "value": 63.60598373413086
        },
        {
            "Time": "2023-03-15",
            "value": 64.46981048583984
        },
        {
            "Time": "2023-03-16",
            "value": 64.90172576904297
        },
        {
            "Time": "2023-03-17",
            "value": 64.2778549194336
        },
        {
            "Time": "2023-03-20",
            "value": 64.78062438964844
        },
        {
            "Time": "2023-03-21",
            "value": 63.475337982177734
        },
        {
            "Time": "2023-03-22",
            "value": 62.22807693481445
        },
        {
            "Time": "2023-03-23",
            "value": 61.589935302734375
        },
        {
            "Time": "2023-03-24",
            "value": 63.51401901245117
        },
        {
            "Time": "2023-03-27",
            "value": 63.59136199951172
        },
        {
            "Time": "2023-03-28",
            "value": 63.76539993286133
        },
        {
            "Time": "2023-03-29",
            "value": 64.69361114501953
        },
        {
            "Time": "2023-03-30",
            "value": 64.9739990234375
        },
        {
            "Time": "2023-03-31",
            "value": 65.44776916503906
        }
    ]
}