{
    "data": [
        {
            "Time": "2023-03-01",
            "value": 81.65727996826172
        },
        {
            "Time": "2023-03-02",
            "value": 82.37492370605469
        },
        {
            "Time": "2023-03-03",
            "value": 83.49443817138672
        },
        {
            "Time": "2023-03-06",
            "value": 83.53271484375
        },
        {
            "Time": "2023-03-07",
            "value": 82.07830047607422
        },
        {
            "Time": "2023-03-08",
            "value": 81.23627471923828
        },
        {
            "Time": "2023-03-09",
            "value": 80.08805084228516
        },
        {
            "Time": "2023-03-10",
            "value": 79.06423950195312
        },
        {
            "Time": "2023-03-13",
            "value": 77.45673370361328
        },
        {
            "Time": "2023-03-14",
            "value": 78.22220611572266
        },
        {
            "Time": "2023-03-15",
            "value": 74.02165222167969
        },
        {
            "Time": "2023-03-16",
            "value": 74.82540130615234
        },
        {
            "Time": "2023-03-17",
            "value": 73.64848327636719
        },
        {
            "Time": "2023-03-20",
            "value": 75.1229019165039
        },
        {
            "Time": "2023-03-21",
            "value": 77.72367858886719
        },
        {
            "Time": "2023-03-22",
            "value": 76.07040405273438
        },
        {
            "Time": "2023-03-23",
            "value": 75.01654052734375
        },
        {
            "Time": "2023-03-24",
            "value": 75.30660247802734
        },
        {
            "Time": "2023-03-27",
            "value": 76.91155242919922
        },
        {
            "Time": "2023-03-28",
            "value": 78.10074615478516
        },
        {
            "Time": "2023-03-29",
            "value": 79.18360900878906
        },
        {
            "Time": "2023-03-30",
            "value": 79.53166198730469
        },
        {
            "Time": "2023-03-31",
            "value": 80.08275604248047
        }
    ]
}