{
    "data": [
        {
            "Time": "2023-03-01",
            "value": 69.14397430419922
        },
        {
            "Time": "2023-03-02",
            "value": 70.09166717529297
        },
        {
            "Time": "2023-03-03",
            "value": 70.14968872070312
        },
        {
            "Time": "2023-03-06",
            "value": 70.33342742919922
        },
        {
            "Time": "2023-03-07",
            "value": 69.63715362548828
        },
        {
            "Time": "2023-03-08",
            "value": 69.7531967163086
        },
        {
            "Time": "2023-03-09",
            "value": 69.10527801513672
        },
        {
            "Time": "2023-03-10",
            "value": 68.76680755615234
        },
        {
            "Time": "2023-03-13",
            "value": 69.11494445800781
        },
        {
            "Time": "2023-03-14",
            "value": 69.74353790283203
        },
        {
            "Time": "2023-03-15",
            "value": 70.19803619384766
        },
        {
            "Time": "2023-03-16",
            "value": 70.24639892578125
        },
        {
            "Time": "2023-03-17",
            "value": 69.73385620117188
        },
        {
            "Time": "2023-03-20",
            "value": 70.7007064819336
        },
        {
            "Time": "2023-03-21",
            "value": 70.64238739013672
        },
        {
            "Time": "2023-03-22",
            "value": 69.99136352539062
        },
        {
            "Time": "2023-03-23",
            "value": 69.71927642822266
        },
        {
            "Time": "2023-03-24",
            "value": 70.90474700927734
        },
        {
            "Time": "2023-03-27",
            "value": 71.28372192382812
        },
        {
            "Time": "2023-03-28",
            "value": 71.41002655029297
        },
        {
            "Time": "2023-03-29",
            "value": 71.80843353271484
        },
        {
            "Time": "2023-03-30",
            "value": 72.01248168945312
        },
        {
            "Time": "2023-03-31",
            "value": 72.59551239013672
        }
    ]
}