{
    "data": [
        {
            "Time": "2023-03-01",
            "value": 168.55174255371094
        },
        {
            "Time": "2023-03-02",
            "value": 173.52713012695312
        },
        {
            "Time": "2023-03-03",
            "value": 176.08392333984375
        },
        {
            "Time": "2023-03-06",
            "value": 173.2902069091797
        },
        {
            "Time": "2023-03-07",
            "value": 169.01571655273438
        },
        {
            "Time": "2023-03-08",
            "value": 171.0690460205078
        },
        {
            "Time": "2023-03-09",
            "value": 165.6987762451172
        },
        {
            "Time": "2023-03-10",
            "value": 156.84373474121094
        },
        {
            "Time": "2023-03-13",
            "value": 153.4379425048828
        },
        {
            "Time": "2023-03-14",
            "value": 154.23757934570312
        },
        {
            "Time": "2023-03-15",
            "value": 142.95404052734375
        },
        {
            "Time": "2023-03-16",
            "value": 143.5562286376953
        },
        {
            "Time": "2023-03-17",
            "value": 142.27288818359375
        },
        {
            "Time": "2023-03-20",
            "value": 145.97483825683594
        },
        {
            "Time": "2023-03-21",
            "value": 150.150634765625
        },
        {
            "Time": "2023-03-22",
            "value": 145.65895080566406
        },
        {
            "Time": "2023-03-23",
            "value": 146.10317993164062
        },
        {
            "Time": "2023-03-24",
            "value": 146.74484252929688
        },
        {
            "Time": "2023-03-27",
            "value": 147.3865203857422
        },
        {
            "Time": "2023-03-28",
            "value": 146.34010314941406
        },
        {
            "Time": "2023-03-29",
            "value": 147.99856567382812
        },
        {
            "Time": "2023-03-30",
            "value": 149.93014526367188
        },
        {
            "Time": "2023-03-31",
            "value": 153.01077270507812
        }
    ]
}