{
    "data": [
        {
            "Time": "2023-03-01",
            "value": 354.68438720703125
        },
        {
            "Time": "2023-03-02",
            "value": 360.5670471191406
        },
        {
            "Time": "2023-03-03",
            "value": 363.3596801757813
        },
        {
            "Time": "2023-03-06",
            "value": 357.7744140625
        },
        {
            "Time": "2023-03-07",
            "value": 354.7135009765625
        },
        {
            "Time": "2023-03-08",
            "value": 361.1136169433594
        },
        {
            "Time": "2023-03-09",
            "value": 352.0003356933594
        },
        {
            "Time": "2023-03-10",
            "value": 338.9117431640625
        },
        {
            "Time": "2023-03-13",
            "value": 331.7264709472656
        },
        {
            "Time": "2023-03-14",
            "value": 335.29425048828125
        },
        {
            "Time": "2023-03-15",
            "value": 323.1994934082031
        },
        {
            "Time": "2023-03-16",
            "value": 329.1723327636719
        },
        {
            "Time": "2023-03-17",
            "value": 318.61798095703125
        },
        {
            "Time": "2023-03-20",
            "value": 322.8417053222656
        },
        {
            "Time": "2023-03-21",
            "value": 333.0879821777344
        },
        {
            "Time": "2023-03-22",
            "value": 326.33001708984375
        },
        {
            "Time": "2023-03-23",
            "value": 331.3885803222656
        },
        {
            "Time": "2023-03-24",
            "value": 334.7476501464844
        },
        {
            "Time": "2023-03-27",
            "value": 336.9638671875
        },
        {
            "Time": "2023-03-28",
            "value": 343.9603576660156
        },
        {
            "Time": "2023-03-29",
            "value": 349.06854248046875
        },
        {
            "Time": "2023-03-30",
            "value": 348.3331298828125
        },
        {
            "Time": "2023-03-31",
            "value": 352.8649597167969
        }
    ]
}