{
    "data": [
        {
            "Time": "2023-03-01",
            "value": 281.23211669921875
        },
        {
            "Time": "2023-03-02",
            "value": 284.89044189453125
        },
        {
            "Time": "2023-03-03",
            "value": 287.5732116699219
        },
        {
            "Time": "2023-03-06",
            "value": 285.95379638671875
        },
        {
            "Time": "2023-03-07",
            "value": 284.26611328125
        },
        {
            "Time": "2023-03-08",
            "value": 282.9491271972656
        },
        {
            "Time": "2023-03-09",
            "value": 277.1347961425781
        },
        {
            "Time": "2023-03-10",
            "value": 274.39349365234375
        },
        {
            "Time": "2023-03-13",
            "value": 274.1203308105469
        },
        {
            "Time": "2023-03-14",
            "value": 278.91033935546875
        },
        {
            "Time": "2023-03-15",
            "value": 270.2669372558594
        },
        {
            "Time": "2023-03-16",
            "value": 272.8131103515625
        },
        {
            "Time": "2023-03-17",
            "value": 268.02313232421875
        },
        {
            "Time": "2023-03-20",
            "value": 272.3839111328125
        },
        {
            "Time": "2023-03-21",
            "value": 271.99365234375
        },
        {
            "Time": "2023-03-22",
            "value": 268.62799072265625
        },
        {
            "Time": "2023-03-23",
            "value": 260.41387939453125
        },
        {
            "Time": "2023-03-24",
            "value": 261.12603759765625
        },
        {
            "Time": "2023-03-27",
            "value": 263.58441162109375
        },
        {
            "Time": "2023-03-28",
            "value": 266.8525085449219
        },
        {
            "Time": "2023-03-29",
            "value": 269.5743103027344
        },
        {
            "Time": "2023-03-30",
            "value": 272.88140869140625
        },
        {
            "Time": "2023-03-31",
            "value": 281.9522705078125
        }
    ]
}