{
    "data": [
        {
            "Time": "2023-03-01",
            "value": 178.12632751464844
        },
        {
            "Time": "2023-03-02",
            "value": 179.78909301757812
        },
        {
            "Time": "2023-03-03",
            "value": 181.0292510986328
        },
        {
            "Time": "2023-03-06",
            "value": 178.37039184570312
        },
        {
            "Time": "2023-03-07",
            "value": 175.8306121826172
        },
        {
            "Time": "2023-03-08",
            "value": 177.5072784423828
        },
        {
            "Time": "2023-03-09",
            "value": 172.69558715820312
        },
        {
            "Time": "2023-03-10",
            "value": 167.95330810546875
        },
        {
            "Time": "2023-03-13",
            "value": 164.66944885253906
        },
        {
            "Time": "2023-03-14",
            "value": 166.1873779296875
        },
        {
            "Time": "2023-03-15",
            "value": 161.52447509765625
        },
        {
            "Time": "2023-03-16",
            "value": 164.8976287841797
        },
        {
            "Time": "2023-03-17",
            "value": 159.74862670898438
        },
        {
            "Time": "2023-03-20",
            "value": 161.98086547851562
        },
        {
            "Time": "2023-03-21",
            "value": 164.82818603515625
        },
        {
            "Time": "2023-03-22",
            "value": 162.41738891601562
        },
        {
            "Time": "2023-03-23",
            "value": 163.20114135742188
        },
        {
            "Time": "2023-03-24",
            "value": 164.88771057128906
        },
        {
            "Time": "2023-03-27",
            "value": 164.49087524414062
        },
        {
            "Time": "2023-03-28",
            "value": 166.7131805419922
        },
        {
            "Time": "2023-03-29",
            "value": 168.64779663085938
        },
        {
            "Time": "2023-03-30",
            "value": 168.79660034179688
        },
        {
            "Time": "2023-03-31",
            "value": 170.2053985595703
        }
    ]
}