{
    "data": [
        {
            "Time": "2023-03-01",
            "value": 280.4257507324219
        },
        {
            "Time": "2023-03-02",
            "value": 285.6701354980469
        },
        {
            "Time": "2023-03-03",
            "value": 289.0746765136719
        },
        {
            "Time": "2023-03-06",
            "value": 289.9281921386719
        },
        {
            "Time": "2023-03-07",
            "value": 286.73223876953125
        },
        {
            "Time": "2023-03-08",
            "value": 285.3287353515625
        },
        {
            "Time": "2023-03-09",
            "value": 280.4257507324219
        },
        {
            "Time": "2023-03-10",
            "value": 266.92132568359375
        },
        {
            "Time": "2023-03-13",
            "value": 274.6313781738281
        },
        {
            "Time": "2023-03-14",
            "value": 275.6375427246094
        },
        {
            "Time": "2023-03-15",
            "value": 276.5191650390625
        },
        {
            "Time": "2023-03-16",
            "value": 282.5562438964844
        },
        {
            "Time": "2023-03-17",
            "value": 283.33245849609375
        },
        {
            "Time": "2023-03-20",
            "value": 285.9197998046875
        },
        {
            "Time": "2023-03-21",
            "value": 280.6972351074219
        },
        {
            "Time": "2023-03-22",
            "value": 273.0789794921875
        },
        {
            "Time": "2023-03-23",
            "value": 270.4628601074219
        },
        {
            "Time": "2023-03-24",
            "value": 274.6409606933594
        },
        {
            "Time": "2023-03-27",
            "value": 274.4013671875
        },
        {
            "Time": "2023-03-28",
            "value": 270.2328796386719
        },
        {
            "Time": "2023-03-29",
            "value": 278.1290588378906
        },
        {
            "Time": "2023-03-30",
            "value": 282.3454895019531
        },
        {
            "Time": "2023-03-31",
            "value": 289.53253173828125
        }
    ]
}