{
    "data": [
        {
            "Time": "2023-03-01",
            "value": 120.27863311767578
        },
        {
            "Time": "2023-03-02",
            "value": 120.60505676269533
        },
        {
            "Time": "2023-03-03",
            "value": 122.65696716308594
        },
        {
            "Time": "2023-03-06",
            "value": 121.3791961669922
        },
        {
            "Time": "2023-03-07",
            "value": 118.0028839111328
        },
        {
            "Time": "2023-03-08",
            "value": 121.2859115600586
        },
        {
            "Time": "2023-03-09",
            "value": 119.252685546875
        },
        {
            "Time": "2023-03-10",
            "value": 118.3386459350586
        },
        {
            "Time": "2023-03-13",
            "value": 121.7895736694336
        },
        {
            "Time": "2023-03-14",
            "value": 123.80500030517578
        },
        {
            "Time": "2023-03-15",
            "value": 125.2587432861328
        },
        {
            "Time": "2023-03-16",
            "value": 125.09827423095705
        },
        {
            "Time": "2023-03-17",
            "value": 122.96483612060548
        },
        {
            "Time": "2023-03-20",
            "value": 123.88996887207033
        },
        {
            "Time": "2023-03-21",
            "value": 122.23797607421876
        },
        {
            "Time": "2023-03-22",
            "value": 119.01895141601562
        },
        {
            "Time": "2023-03-23",
            "value": 116.8194351196289
        },
        {
            "Time": "2023-03-24",
            "value": 122.20965576171876
        },
        {
            "Time": "2023-03-27",
            "value": 120.33109283447266
        },
        {
            "Time": "2023-03-28",
            "value": 120.3499755859375
        },
        {
            "Time": "2023-03-29",
            "value": 123.63507080078124
        },
        {
            "Time": "2023-03-30",
            "value": 125.10771942138672
        },
        {
            "Time": "2023-03-31",
            "value": 126.34434509277344
        }
    ]
}