{
    "data": [
        {
            "Time": "2023-03-01",
            "value": 659.5535888671875
        },
        {
            "Time": "2023-03-02",
            "value": 671.2521362304688
        },
        {
            "Time": "2023-03-03",
            "value": 688.2684326171875
        },
        {
            "Time": "2023-03-06",
            "value": 685.7486572265625
        },
        {
            "Time": "2023-03-07",
            "value": 672.1499633789062
        },
        {
            "Time": "2023-03-08",
            "value": 680.4444580078125
        },
        {
            "Time": "2023-03-09",
            "value": 669.5223999023438
        },
        {
            "Time": "2023-03-10",
            "value": 652.6098022460938
        },
        {
            "Time": "2023-03-13",
            "value": 669.3458862304688
        },
        {
            "Time": "2023-03-14",
            "value": 677.9442749023438
        },
        {
            "Time": "2023-03-15",
            "value": 681.3954467773438
        },
        {
            "Time": "2023-03-16",
            "value": 688.8369750976562
        },
        {
            "Time": "2023-03-17",
            "value": 677.3364868164062
        },
        {
            "Time": "2023-03-20",
            "value": 675.9638671875
        },
        {
            "Time": "2023-03-21",
            "value": 674.4833984375
        },
        {
            "Time": "2023-03-22",
            "value": 650.0606689453125
        },
        {
            "Time": "2023-03-23",
            "value": 653.3353271484375
        },
        {
            "Time": "2023-03-24",
            "value": 668.365478515625
        },
        {
            "Time": "2023-03-27",
            "value": 674.169677734375
        },
        {
            "Time": "2023-03-28",
            "value": 669.6890869140625
        },
        {
            "Time": "2023-03-29",
            "value": 680.9249267578125
        },
        {
            "Time": "2023-03-30",
            "value": 688.2782592773438
        },
        {
            "Time": "2023-03-31",
            "value": 706.9359130859375
        }
    ]
}