{
    "data": [
        {
            "Time": "2023-03-01",
            "value": 60.11975860595703
        },
        {
            "Time": "2023-03-02",
            "value": 60.65924453735352
        },
        {
            "Time": "2023-03-03",
            "value": 61.037837982177734
        },
        {
            "Time": "2023-03-06",
            "value": 60.85801315307617
        },
        {
            "Time": "2023-03-07",
            "value": 60.47942352294922
        },
        {
            "Time": "2023-03-08",
            "value": 61.08515167236328
        },
        {
            "Time": "2023-03-09",
            "value": 60.044044494628906
        },
        {
            "Time": "2023-03-10",
            "value": 58.09431457519531
        },
        {
            "Time": "2023-03-13",
            "value": 59.42884063720703
        },
        {
            "Time": "2023-03-14",
            "value": 59.83582305908203
        },
        {
            "Time": "2023-03-15",
            "value": 59.68439102172851
        },
        {
            "Time": "2023-03-16",
            "value": 59.08810806274414
        },
        {
            "Time": "2023-03-17",
            "value": 58.09431457519531
        },
        {
            "Time": "2023-03-20",
            "value": 58.652732849121094
        },
        {
            "Time": "2023-03-21",
            "value": 57.990203857421875
        },
        {
            "Time": "2023-03-22",
            "value": 56.22029876708984
        },
        {
            "Time": "2023-03-23",
            "value": 56.097267150878906
        },
        {
            "Time": "2023-03-24",
            "value": 57.772518157958984
        },
        {
            "Time": "2023-03-27",
            "value": 57.46018600463867
        },
        {
            "Time": "2023-03-28",
            "value": 57.79145050048828
        },
        {
            "Time": "2023-03-29",
            "value": 58.718994140625
        },
        {
            "Time": "2023-03-30",
            "value": 59.25847244262695
        },
        {
            "Time": "2023-03-31",
            "value": 60.17554473876953
        }
    ]
}