{"data": [{"Time": "1998-01-01", "value": 743.0}, {"Time": "1998-04-01", "value": 610.0}, {"Time": "1998-07-01", "value": 615.0}, {"Time": "1998-10-01", "value": 684.0}, {"Time": "1999-01-01", "value": 842.0}, {"Time": "1999-04-01", "value": 624.0}, {"Time": "1999-07-01", "value": 642.0}, {"Time": "1999-10-01", "value": 639.0}, {"Time": "2000-01-01", "value": 810.0}, {"Time": "2000-04-01", "value": 682.0}, {"Time": "2000-07-01", "value": 551.0}, {"Time": "2000-10-01", "value": 721.0}, {"Time": "2001-01-01", "value": 669.0}, {"Time": "2001-04-01", "value": 536.0}, {"Time": "2001-07-01", "value": 665.0}, {"Time": "2001-10-01", "value": 624.0}, {"Time": "2002-01-01", "value": 772.0}, {"Time": "2002-04-01", "value": 607.0}, {"Time": "2002-07-01", "value": 752.0}, {"Time": "2002-10-01", "value": 803.0}, {"Time": "2003-01-01", "value": 699.0}, {"Time": "2003-04-01", "value": 683.0}, {"Time": "2003-07-01", "value": 606.0}, {"Time": "2003-10-01", "value": 707.0}, {"Time": "2004-01-01", "value": 733.0}, {"Time": "2004-04-01", "value": 758.0}, {"Time": "2004-07-01", "value": 780.0}, {"Time": "2004-10-01", "value": 720.0}, {"Time": "2005-01-01", "value": 1025.0}, {"Time": "2005-04-01", "value": 738.0}, {"Time": "2005-07-01", "value": 591.0}, {"Time": "2005-10-01", "value": 778.0}, {"Time": "2006-01-01", "value": 711.0}, {"Time": "2006-04-01", "value": 659.0}, {"Time": "2006-07-01", "value": 597.0}, {"Time": "2006-10-01", "value": 717.0}, {"Time": "2007-01-01", "value": 834.0}, {"Time": "2007-04-01", "value": 819.0}, {"Time": "2007-07-01", "value": 737.0}, {"Time": "2007-10-01", "value": 670.0}, {"Time": "2008-01-01", "value": 914.0}, {"Time": "2008-04-01", "value": 661.0}, {"Time": "2008-07-01", "value": 686.0}, {"Time": "2008-10-01", "value": 581.0}, {"Time": "2009-01-01", "value": 818.0}, {"Time": "2009-04-01", "value": 587.0}, {"Time": "2009-07-01", "value": 659.0}, {"Time": "2009-10-01", "value": 703.0}, {"Time": "2010-01-01", "value": 593.0}, {"Time": "2010-04-01", "value": 538.0}, {"Time": "2010-07-01", "value": 758.0}, {"Time": "2010-10-01", "value": 763.0}, {"Time": "2011-01-01", "value": 654.0}, {"Time": "2011-04-01", "value": 630.0}, {"Time": "2011-07-01", "value": 670.0}, {"Time": "2011-10-01", "value": 780.0}, {"Time": "2012-01-01", "value": 758.0}, {"Time": "2012-04-01", "value": 649.0}, {"Time": "2012-07-01", "value": 627.0}, {"Time": "2012-10-01", "value": 763.0}, {"Time": "2013-01-01", "value": 692.0}, {"Time": "2013-04-01", "value": 589.0}, {"Time": "2013-07-01", "value": 589.0}, {"Time": "2013-10-01", "value": 741.0}, {"Time": "2014-01-01", "value": 770.0}, {"Time": "2014-04-01", "value": 708.0}, {"Time": "2014-07-01", "value": 709.0}, {"Time": "2014-10-01", "value": 708.0}, {"Time": "2015-01-01", "value": 789.0}, {"Time": "2015-04-01", "value": 676.0}, {"Time": "2015-07-01", "value": 686.0}, {"Time": "2015-10-01", "value": 782.0}, {"Time": "2016-01-01", "value": 843.0}, {"Time": "2016-04-01", "value": 787.0}, {"Time": "2016-07-01", "value": 844.0}, {"Time": "2016-10-01", "value": 926.0}]}