{"data": [{"Time": "1998-01-01", "value": 221.0}, {"Time": "1998-04-01", "value": 253.0}, {"Time": "1998-07-01", "value": 424.0}, {"Time": "1998-10-01", "value": 284.0}, {"Time": "1999-01-01", "value": 195.0}, {"Time": "1999-04-01", "value": 367.0}, {"Time": "1999-07-01", "value": 389.0}, {"Time": "1999-10-01", "value": 339.0}, {"Time": "2000-01-01", "value": 290.0}, {"Time": "2000-04-01", "value": 322.0}, {"Time": "2000-07-01", "value": 434.0}, {"Time": "2000-10-01", "value": 427.0}, {"Time": "2001-01-01", "value": 212.0}, {"Time": "2001-04-01", "value": 362.0}, {"Time": "2001-07-01", "value": 446.0}, {"Time": "2001-10-01", "value": 363.0}, {"Time": "2002-01-01", "value": 257.0}, {"Time": "2002-04-01", "value": 359.0}, {"Time": "2002-07-01", "value": 467.0}, {"Time": "2002-10-01", "value": 259.0}, {"Time": "2003-01-01", "value": 268.0}, {"Time": "2003-04-01", "value": 391.0}, {"Time": "2003-07-01", "value": 428.0}, {"Time": "2003-10-01", "value": 392.0}, {"Time": "2004-01-01", "value": 258.0}, {"Time": "2004-04-01", "value": 453.0}, {"Time": "2004-07-01", "value": 531.0}, {"Time": "2004-10-01", "value": 338.0}, {"Time": "2005-01-01", "value": 257.0}, {"Time": "2005-04-01", "value": 292.0}, {"Time": "2005-07-01", "value": 422.0}, {"Time": "2005-10-01", "value": 315.0}, {"Time": "2006-01-01", "value": 335.0}, {"Time": "2006-04-01", "value": 457.0}, {"Time": "2006-07-01", "value": 456.0}, {"Time": "2006-10-01", "value": 376.0}, {"Time": "2007-01-01", "value": 252.0}, {"Time": "2007-04-01", "value": 430.0}, {"Time": "2007-07-01", "value": 470.0}, {"Time": "2007-10-01", "value": 371.0}, {"Time": "2008-01-01", "value": 330.0}, {"Time": "2008-04-01", "value": 327.0}, {"Time": "2008-07-01", "value": 492.0}, {"Time": "2008-10-01", "value": 412.0}, {"Time": "2009-01-01", "value": 253.0}, {"Time": "2009-04-01", "value": 413.0}, {"Time": "2009-07-01", "value": 571.0}, {"Time": "2009-10-01", "value": 330.0}, {"Time": "2010-01-01", "value": 235.0}, {"Time": "2010-04-01", "value": 338.0}, {"Time": "2010-07-01", "value": 519.0}, {"Time": "2010-10-01", "value": 252.0}, {"Time": "2011-01-01", "value": 168.0}, {"Time": "2011-04-01", "value": 365.0}, {"Time": "2011-07-01", "value": 558.0}, {"Time": "2011-10-01", "value": 381.0}, {"Time": "2012-01-01", "value": 279.0}, {"Time": "2012-04-01", "value": 343.0}, {"Time": "2012-07-01", "value": 435.0}, {"Time": "2012-10-01", "value": 436.0}, {"Time": "2013-01-01", "value": 324.0}, {"Time": "2013-04-01", "value": 442.0}, {"Time": "2013-07-01", "value": 476.0}, {"Time": "2013-10-01", "value": 362.0}, {"Time": "2014-01-01", "value": 374.0}, {"Time": "2014-04-01", "value": 432.0}, {"Time": "2014-07-01", "value": 546.0}, {"Time": "2014-10-01", "value": 351.0}, {"Time": "2015-01-01", "value": 341.0}, {"Time": "2015-04-01", "value": 575.0}, {"Time": "2015-07-01", "value": 753.0}, {"Time": "2015-10-01", "value": 470.0}, {"Time": "2016-01-01", "value": 400.0}, {"Time": "2016-04-01", "value": 420.0}, {"Time": "2016-07-01", "value": 594.0}, {"Time": "2016-10-01", "value": 479.0}]}