{"data": [{"Time": "1998-01-01", "value": 827.0}, {"Time": "1998-04-01", "value": 681.0}, {"Time": "1998-07-01", "value": 839.0}, {"Time": "1998-10-01", "value": 820.0}, {"Time": "1999-01-01", "value": 987.0}, {"Time": "1999-04-01", "value": 751.0}, {"Time": "1999-07-01", "value": 822.0}, {"Time": "1999-10-01", "value": 914.0}, {"Time": "2000-01-01", "value": 871.0}, {"Time": "2000-04-01", "value": 780.0}, {"Time": "2000-07-01", "value": 807.0}, {"Time": "2000-10-01", "value": 838.0}, {"Time": "2001-01-01", "value": 923.0}, {"Time": "2001-04-01", "value": 854.0}, {"Time": "2001-07-01", "value": 810.0}, {"Time": "2001-10-01", "value": 941.0}, {"Time": "2002-01-01", "value": 965.0}, {"Time": "2002-04-01", "value": 801.0}, {"Time": "2002-07-01", "value": 859.0}, {"Time": "2002-10-01", "value": 922.0}, {"Time": "2003-01-01", "value": 1030.0}, {"Time": "2003-04-01", "value": 833.0}, {"Time": "2003-07-01", "value": 825.0}, {"Time": "2003-10-01", "value": 941.0}, {"Time": "2004-01-01", "value": 967.0}, {"Time": "2004-04-01", "value": 793.0}, {"Time": "2004-07-01", "value": 880.0}, {"Time": "2004-10-01", "value": 920.0}, {"Time": "2005-01-01", "value": 1000.0}, {"Time": "2005-04-01", "value": 759.0}, {"Time": "2005-07-01", "value": 896.0}, {"Time": "2005-10-01", "value": 871.0}, {"Time": "2006-01-01", "value": 962.0}, {"Time": "2006-04-01", "value": 832.0}, {"Time": "2006-07-01", "value": 848.0}, {"Time": "2006-10-01", "value": 952.0}, {"Time": "2007-01-01", "value": 982.0}, {"Time": "2007-04-01", "value": 964.0}, {"Time": "2007-07-01", "value": 903.0}, {"Time": "2007-10-01", "value": 860.0}, {"Time": "2008-01-01", "value": 984.0}, {"Time": "2008-04-01", "value": 778.0}, {"Time": "2008-07-01", "value": 768.0}, {"Time": "2008-10-01", "value": 879.0}, {"Time": "2009-01-01", "value": 880.0}, {"Time": "2009-04-01", "value": 749.0}, {"Time": "2009-07-01", "value": 812.0}, {"Time": "2009-10-01", "value": 885.0}, {"Time": "2010-01-01", "value": 811.0}, {"Time": "2010-04-01", "value": 856.0}, {"Time": "2010-07-01", "value": 886.0}, {"Time": "2010-10-01", "value": 910.0}, {"Time": "2011-01-01", "value": 803.0}, {"Time": "2011-04-01", "value": 766.0}, {"Time": "2011-07-01", "value": 804.0}, {"Time": "2011-10-01", "value": 899.0}, {"Time": "2012-01-01", "value": 832.0}, {"Time": "2012-04-01", "value": 817.0}, {"Time": "2012-07-01", "value": 875.0}, {"Time": "2012-10-01", "value": 1000.0}, {"Time": "2013-01-01", "value": 968.0}, {"Time": "2013-04-01", "value": 831.0}, {"Time": "2013-07-01", "value": 837.0}, {"Time": "2013-10-01", "value": 870.0}, {"Time": "2014-01-01", "value": 1019.0}, {"Time": "2014-04-01", "value": 823.0}, {"Time": "2014-07-01", "value": 713.0}, {"Time": "2014-10-01", "value": 872.0}, {"Time": "2015-01-01", "value": 933.0}, {"Time": "2015-04-01", "value": 810.0}, {"Time": "2015-07-01", "value": 911.0}, {"Time": "2015-10-01", "value": 1017.0}, {"Time": "2016-01-01", "value": 951.0}, {"Time": "2016-04-01", "value": 854.0}, {"Time": "2016-07-01", "value": 850.0}, {"Time": "2016-10-01", "value": 1066.0}]}