{"data": [{"Time": "1998-01-01", "value": 259.0}, {"Time": "1998-04-01", "value": 439.0}, {"Time": "1998-07-01", "value": 417.0}, {"Time": "1998-10-01", "value": 369.0}, {"Time": "1999-01-01", "value": 316.0}, {"Time": "1999-04-01", "value": 463.0}, {"Time": "1999-07-01", "value": 545.0}, {"Time": "1999-10-01", "value": 494.0}, {"Time": "2000-01-01", "value": 329.0}, {"Time": "2000-04-01", "value": 435.0}, {"Time": "2000-07-01", "value": 375.0}, {"Time": "2000-10-01", "value": 314.0}, {"Time": "2001-01-01", "value": 289.0}, {"Time": "2001-04-01", "value": 405.0}, {"Time": "2001-07-01", "value": 501.0}, {"Time": "2001-10-01", "value": 370.0}, {"Time": "2002-01-01", "value": 360.0}, {"Time": "2002-04-01", "value": 489.0}, {"Time": "2002-07-01", "value": 503.0}, {"Time": "2002-10-01", "value": 381.0}, {"Time": "2003-01-01", "value": 339.0}, {"Time": "2003-04-01", "value": 322.0}, {"Time": "2003-07-01", "value": 463.0}, {"Time": "2003-10-01", "value": 349.0}, {"Time": "2004-01-01", "value": 411.0}, {"Time": "2004-04-01", "value": 429.0}, {"Time": "2004-07-01", "value": 545.0}, {"Time": "2004-10-01", "value": 352.0}, {"Time": "2005-01-01", "value": 328.0}, {"Time": "2005-04-01", "value": 333.0}, {"Time": "2005-07-01", "value": 350.0}, {"Time": "2005-10-01", "value": 312.0}, {"Time": "2006-01-01", "value": 329.0}, {"Time": "2006-04-01", "value": 378.0}, {"Time": "2006-07-01", "value": 375.0}, {"Time": "2006-10-01", "value": 407.0}, {"Time": "2007-01-01", "value": 320.0}, {"Time": "2007-04-01", "value": 340.0}, {"Time": "2007-07-01", "value": 394.0}, {"Time": "2007-10-01", "value": 457.0}, {"Time": "2008-01-01", "value": 422.0}, {"Time": "2008-04-01", "value": 318.0}, {"Time": "2008-07-01", "value": 354.0}, {"Time": "2008-10-01", "value": 298.0}, {"Time": "2009-01-01", "value": 313.0}, {"Time": "2009-04-01", "value": 360.0}, {"Time": "2009-07-01", "value": 399.0}, {"Time": "2009-10-01", "value": 366.0}, {"Time": "2010-01-01", "value": 356.0}, {"Time": "2010-04-01", "value": 478.0}, {"Time": "2010-07-01", "value": 456.0}, {"Time": "2010-10-01", "value": 293.0}, {"Time": "2011-01-01", "value": 276.0}, {"Time": "2011-04-01", "value": 504.0}, {"Time": "2011-07-01", "value": 496.0}, {"Time": "2011-10-01", "value": 340.0}, {"Time": "2012-01-01", "value": 520.0}, {"Time": "2012-04-01", "value": 430.0}, {"Time": "2012-07-01", "value": 507.0}, {"Time": "2012-10-01", "value": 413.0}, {"Time": "2013-01-01", "value": 405.0}, {"Time": "2013-04-01", "value": 466.0}, {"Time": "2013-07-01", "value": 541.0}, {"Time": "2013-10-01", "value": 327.0}, {"Time": "2014-01-01", "value": 388.0}, {"Time": "2014-04-01", "value": 498.0}, {"Time": "2014-07-01", "value": 536.0}, {"Time": "2014-10-01", "value": 502.0}, {"Time": "2015-01-01", "value": 391.0}, {"Time": "2015-04-01", "value": 529.0}, {"Time": "2015-07-01", "value": 528.0}, {"Time": "2015-10-01", "value": 375.0}, {"Time": "2016-01-01", "value": 402.0}, {"Time": "2016-04-01", "value": 575.0}, {"Time": "2016-07-01", "value": 508.0}, {"Time": "2016-10-01", "value": 528.0}]}