{"data": [{"Time": "1998-01-01", "value": 129.0}, {"Time": "1998-04-01", "value": 132.0}, {"Time": "1998-07-01", "value": 155.0}, {"Time": "1998-10-01", "value": 164.0}, {"Time": "1999-01-01", "value": 110.0}, {"Time": "1999-04-01", "value": 215.0}, {"Time": "1999-07-01", "value": 217.0}, {"Time": "1999-10-01", "value": 121.0}, {"Time": "2000-01-01", "value": 126.0}, {"Time": "2000-04-01", "value": 89.0}, {"Time": "2000-07-01", "value": 135.0}, {"Time": "2000-10-01", "value": 121.0}, {"Time": "2001-01-01", "value": 120.0}, {"Time": "2001-04-01", "value": 183.0}, {"Time": "2001-07-01", "value": 214.0}, {"Time": "2001-10-01", "value": 130.0}, {"Time": "2002-01-01", "value": 168.0}, {"Time": "2002-04-01", "value": 145.0}, {"Time": "2002-07-01", "value": 182.0}, {"Time": "2002-10-01", "value": 145.0}, {"Time": "2003-01-01", "value": 99.0}, {"Time": "2003-04-01", "value": 164.0}, {"Time": "2003-07-01", "value": 110.0}, {"Time": "2003-10-01", "value": 120.0}, {"Time": "2004-01-01", "value": 80.0}, {"Time": "2004-04-01", "value": 182.0}, {"Time": "2004-07-01", "value": 183.0}, {"Time": "2004-10-01", "value": 163.0}, {"Time": "2005-01-01", "value": 114.0}, {"Time": "2005-04-01", "value": 135.0}, {"Time": "2005-07-01", "value": 172.0}, {"Time": "2005-10-01", "value": 156.0}, {"Time": "2006-01-01", "value": 142.0}, {"Time": "2006-04-01", "value": 141.0}, {"Time": "2006-07-01", "value": 176.0}, {"Time": "2006-10-01", "value": 172.0}, {"Time": "2007-01-01", "value": 120.0}, {"Time": "2007-04-01", "value": 220.0}, {"Time": "2007-07-01", "value": 231.0}, {"Time": "2007-10-01", "value": 133.0}, {"Time": "2008-01-01", "value": 148.0}, {"Time": "2008-04-01", "value": 187.0}, {"Time": "2008-07-01", "value": 154.0}, {"Time": "2008-10-01", "value": 146.0}, {"Time": "2009-01-01", "value": 109.0}, {"Time": "2009-04-01", "value": 133.0}, {"Time": "2009-07-01", "value": 128.0}, {"Time": "2009-10-01", "value": 127.0}, {"Time": "2010-01-01", "value": 183.0}, {"Time": "2010-04-01", "value": 127.0}, {"Time": "2010-07-01", "value": 212.0}, {"Time": "2010-10-01", "value": 143.0}, {"Time": "2011-01-01", "value": 45.0}, {"Time": "2011-04-01", "value": 179.0}, {"Time": "2011-07-01", "value": 227.0}, {"Time": "2011-10-01", "value": 159.0}, {"Time": "2012-01-01", "value": 127.0}, {"Time": "2012-04-01", "value": 212.0}, {"Time": "2012-07-01", "value": 129.0}, {"Time": "2012-10-01", "value": 252.0}, {"Time": "2013-01-01", "value": 154.0}, {"Time": "2013-04-01", "value": 184.0}, {"Time": "2013-07-01", "value": 174.0}, {"Time": "2013-10-01", "value": 127.0}, {"Time": "2014-01-01", "value": 157.0}, {"Time": "2014-04-01", "value": 212.0}, {"Time": "2014-07-01", "value": 225.0}, {"Time": "2014-10-01", "value": 211.0}, {"Time": "2015-01-01", "value": 150.0}, {"Time": "2015-04-01", "value": 253.0}, {"Time": "2015-07-01", "value": 232.0}, {"Time": "2015-10-01", "value": 119.0}, {"Time": "2016-01-01", "value": 164.0}, {"Time": "2016-04-01", "value": 204.0}, {"Time": "2016-07-01", "value": 224.0}, {"Time": "2016-10-01", "value": 254.0}]}