{"data": [{"Time": "1998-01-01", "value": 192.0}, {"Time": "1998-04-01", "value": 288.0}, {"Time": "1998-07-01", "value": 288.0}, {"Time": "1998-10-01", "value": 268.0}, {"Time": "1999-01-01", "value": 220.0}, {"Time": "1999-04-01", "value": 328.0}, {"Time": "1999-07-01", "value": 310.0}, {"Time": "1999-10-01", "value": 242.0}, {"Time": "2000-01-01", "value": 225.0}, {"Time": "2000-04-01", "value": 348.0}, {"Time": "2000-07-01", "value": 286.0}, {"Time": "2000-10-01", "value": 261.0}, {"Time": "2001-01-01", "value": 274.0}, {"Time": "2001-04-01", "value": 352.0}, {"Time": "2001-07-01", "value": 345.0}, {"Time": "2001-10-01", "value": 303.0}, {"Time": "2002-01-01", "value": 235.0}, {"Time": "2002-04-01", "value": 263.0}, {"Time": "2002-07-01", "value": 431.0}, {"Time": "2002-10-01", "value": 270.0}, {"Time": "2003-01-01", "value": 209.0}, {"Time": "2003-04-01", "value": 304.0}, {"Time": "2003-07-01", "value": 316.0}, {"Time": "2003-10-01", "value": 268.0}, {"Time": "2004-01-01", "value": 251.0}, {"Time": "2004-04-01", "value": 183.0}, {"Time": "2004-07-01", "value": 333.0}, {"Time": "2004-10-01", "value": 326.0}, {"Time": "2005-01-01", "value": 311.0}, {"Time": "2005-04-01", "value": 257.0}, {"Time": "2005-07-01", "value": 304.0}, {"Time": "2005-10-01", "value": 248.0}, {"Time": "2006-01-01", "value": 235.0}, {"Time": "2006-04-01", "value": 293.0}, {"Time": "2006-07-01", "value": 258.0}, {"Time": "2006-10-01", "value": 303.0}, {"Time": "2007-01-01", "value": 251.0}, {"Time": "2007-04-01", "value": 392.0}, {"Time": "2007-07-01", "value": 383.0}, {"Time": "2007-10-01", "value": 324.0}, {"Time": "2008-01-01", "value": 226.0}, {"Time": "2008-04-01", "value": 261.0}, {"Time": "2008-07-01", "value": 259.0}, {"Time": "2008-10-01", "value": 243.0}, {"Time": "2009-01-01", "value": 211.0}, {"Time": "2009-04-01", "value": 271.0}, {"Time": "2009-07-01", "value": 340.0}, {"Time": "2009-10-01", "value": 289.0}, {"Time": "2010-01-01", "value": 257.0}, {"Time": "2010-04-01", "value": 262.0}, {"Time": "2010-07-01", "value": 301.0}, {"Time": "2010-10-01", "value": 337.0}, {"Time": "2011-01-01", "value": 125.0}, {"Time": "2011-04-01", "value": 401.0}, {"Time": "2011-07-01", "value": 314.0}, {"Time": "2011-10-01", "value": 274.0}, {"Time": "2012-01-01", "value": 291.0}, {"Time": "2012-04-01", "value": 388.0}, {"Time": "2012-07-01", "value": 395.0}, {"Time": "2012-10-01", "value": 282.0}, {"Time": "2013-01-01", "value": 295.0}, {"Time": "2013-04-01", "value": 288.0}, {"Time": "2013-07-01", "value": 255.0}, {"Time": "2013-10-01", "value": 302.0}, {"Time": "2014-01-01", "value": 294.0}, {"Time": "2014-04-01", "value": 377.0}, {"Time": "2014-07-01", "value": 361.0}, {"Time": "2014-10-01", "value": 327.0}, {"Time": "2015-01-01", "value": 246.0}, {"Time": "2015-04-01", "value": 429.0}, {"Time": "2015-07-01", "value": 408.0}, {"Time": "2015-10-01", "value": 375.0}, {"Time": "2016-01-01", "value": 288.0}, {"Time": "2016-04-01", "value": 339.0}, {"Time": "2016-07-01", "value": 447.0}, {"Time": "2016-10-01", "value": 382.0}]}