{"data": [{"Time": "1998-01-01", "value": 226.0}, {"Time": "1998-04-01", "value": 159.0}, {"Time": "1998-07-01", "value": 229.0}, {"Time": "1998-10-01", "value": 148.0}, {"Time": "1999-01-01", "value": 157.0}, {"Time": "1999-04-01", "value": 269.0}, {"Time": "1999-07-01", "value": 333.0}, {"Time": "1999-10-01", "value": 203.0}, {"Time": "2000-01-01", "value": 192.0}, {"Time": "2000-04-01", "value": 189.0}, {"Time": "2000-07-01", "value": 312.0}, {"Time": "2000-10-01", "value": 308.0}, {"Time": "2001-01-01", "value": 140.0}, {"Time": "2001-04-01", "value": 208.0}, {"Time": "2001-07-01", "value": 290.0}, {"Time": "2001-10-01", "value": 220.0}, {"Time": "2002-01-01", "value": 221.0}, {"Time": "2002-04-01", "value": 168.0}, {"Time": "2002-07-01", "value": 248.0}, {"Time": "2002-10-01", "value": 244.0}, {"Time": "2003-01-01", "value": 226.0}, {"Time": "2003-04-01", "value": 229.0}, {"Time": "2003-07-01", "value": 283.0}, {"Time": "2003-10-01", "value": 172.0}, {"Time": "2004-01-01", "value": 144.0}, {"Time": "2004-04-01", "value": 244.0}, {"Time": "2004-07-01", "value": 315.0}, {"Time": "2004-10-01", "value": 197.0}, {"Time": "2005-01-01", "value": 165.0}, {"Time": "2005-04-01", "value": 256.0}, {"Time": "2005-07-01", "value": 220.0}, {"Time": "2005-10-01", "value": 160.0}, {"Time": "2006-01-01", "value": 204.0}, {"Time": "2006-04-01", "value": 247.0}, {"Time": "2006-07-01", "value": 270.0}, {"Time": "2006-10-01", "value": 320.0}, {"Time": "2007-01-01", "value": 145.0}, {"Time": "2007-04-01", "value": 321.0}, {"Time": "2007-07-01", "value": 355.0}, {"Time": "2007-10-01", "value": 249.0}, {"Time": "2008-01-01", "value": 151.0}, {"Time": "2008-04-01", "value": 203.0}, {"Time": "2008-07-01", "value": 250.0}, {"Time": "2008-10-01", "value": 214.0}, {"Time": "2009-01-01", "value": 155.0}, {"Time": "2009-04-01", "value": 240.0}, {"Time": "2009-07-01", "value": 222.0}, {"Time": "2009-10-01", "value": 173.0}, {"Time": "2010-01-01", "value": 176.0}, {"Time": "2010-04-01", "value": 242.0}, {"Time": "2010-07-01", "value": 234.0}, {"Time": "2010-10-01", "value": 220.0}, {"Time": "2011-01-01", "value": 80.0}, {"Time": "2011-04-01", "value": 231.0}, {"Time": "2011-07-01", "value": 364.0}, {"Time": "2011-10-01", "value": 212.0}, {"Time": "2012-01-01", "value": 170.0}, {"Time": "2012-04-01", "value": 243.0}, {"Time": "2012-07-01", "value": 249.0}, {"Time": "2012-10-01", "value": 196.0}, {"Time": "2013-01-01", "value": 192.0}, {"Time": "2013-04-01", "value": 223.0}, {"Time": "2013-07-01", "value": 337.0}, {"Time": "2013-10-01", "value": 215.0}, {"Time": "2014-01-01", "value": 160.0}, {"Time": "2014-04-01", "value": 237.0}, {"Time": "2014-07-01", "value": 267.0}, {"Time": "2014-10-01", "value": 181.0}, {"Time": "2015-01-01", "value": 170.0}, {"Time": "2015-04-01", "value": 280.0}, {"Time": "2015-07-01", "value": 347.0}, {"Time": "2015-10-01", "value": 240.0}, {"Time": "2016-01-01", "value": 268.0}, {"Time": "2016-04-01", "value": 283.0}, {"Time": "2016-07-01", "value": 325.0}, {"Time": "2016-10-01", "value": 268.0}]}