{"data": [{"Time": "1998-01-01", "value": 1052.0}, {"Time": "1998-04-01", "value": 950.0}, {"Time": "1998-07-01", "value": 1003.0}, {"Time": "1998-10-01", "value": 992.0}, {"Time": "1999-01-01", "value": 1050.0}, {"Time": "1999-04-01", "value": 1276.0}, {"Time": "1999-07-01", "value": 1163.0}, {"Time": "1999-10-01", "value": 930.0}, {"Time": "2000-01-01", "value": 1148.0}, {"Time": "2000-04-01", "value": 1034.0}, {"Time": "2000-07-01", "value": 1156.0}, {"Time": "2000-10-01", "value": 1107.0}, {"Time": "2001-01-01", "value": 1032.0}, {"Time": "2001-04-01", "value": 1152.0}, {"Time": "2001-07-01", "value": 1274.0}, {"Time": "2001-10-01", "value": 1063.0}, {"Time": "2002-01-01", "value": 1011.0}, {"Time": "2002-04-01", "value": 1105.0}, {"Time": "2002-07-01", "value": 1162.0}, {"Time": "2002-10-01", "value": 1095.0}, {"Time": "2003-01-01", "value": 1083.0}, {"Time": "2003-04-01", "value": 1261.0}, {"Time": "2003-07-01", "value": 1169.0}, {"Time": "2003-10-01", "value": 1145.0}, {"Time": "2004-01-01", "value": 1227.0}, {"Time": "2004-04-01", "value": 1208.0}, {"Time": "2004-07-01", "value": 1165.0}, {"Time": "2004-10-01", "value": 1259.0}, {"Time": "2005-01-01", "value": 1144.0}, {"Time": "2005-04-01", "value": 1117.0}, {"Time": "2005-07-01", "value": 1169.0}, {"Time": "2005-10-01", "value": 1140.0}, {"Time": "2006-01-01", "value": 1146.0}, {"Time": "2006-04-01", "value": 1175.0}, {"Time": "2006-07-01", "value": 1149.0}, {"Time": "2006-10-01", "value": 1145.0}, {"Time": "2007-01-01", "value": 1134.0}, {"Time": "2007-04-01", "value": 1285.0}, {"Time": "2007-07-01", "value": 1362.0}, {"Time": "2007-10-01", "value": 1156.0}, {"Time": "2008-01-01", "value": 1237.0}, {"Time": "2008-04-01", "value": 996.0}, {"Time": "2008-07-01", "value": 1202.0}, {"Time": "2008-10-01", "value": 1407.0}, {"Time": "2009-01-01", "value": 1115.0}, {"Time": "2009-04-01", "value": 1002.0}, {"Time": "2009-07-01", "value": 1228.0}, {"Time": "2009-10-01", "value": 879.0}, {"Time": "2010-01-01", "value": 1096.0}, {"Time": "2010-04-01", "value": 1134.0}, {"Time": "2010-07-01", "value": 1304.0}, {"Time": "2010-10-01", "value": 1450.0}, {"Time": "2011-01-01", "value": 1092.0}, {"Time": "2011-04-01", "value": 1350.0}, {"Time": "2011-07-01", "value": 1443.0}, {"Time": "2011-10-01", "value": 1165.0}, {"Time": "2012-01-01", "value": 1276.0}, {"Time": "2012-04-01", "value": 1150.0}, {"Time": "2012-07-01", "value": 1294.0}, {"Time": "2012-10-01", "value": 1268.0}, {"Time": "2013-01-01", "value": 1400.0}, {"Time": "2013-04-01", "value": 1157.0}, {"Time": "2013-07-01", "value": 1234.0}, {"Time": "2013-10-01", "value": 1393.0}, {"Time": "2014-01-01", "value": 1264.0}, {"Time": "2014-04-01", "value": 1276.0}, {"Time": "2014-07-01", "value": 1307.0}, {"Time": "2014-10-01", "value": 1294.0}, {"Time": "2015-01-01", "value": 1413.0}, {"Time": "2015-04-01", "value": 1404.0}, {"Time": "2015-07-01", "value": 1414.0}, {"Time": "2015-10-01", "value": 1532.0}, {"Time": "2016-01-01", "value": 1352.0}, {"Time": "2016-04-01", "value": 1434.0}, {"Time": "2016-07-01", "value": 1497.0}, {"Time": "2016-10-01", "value": 1746.0}]}