{
    "data": [
        {
            "Time": "2022-11-27",
            "value": 0.14025713824983513
        },
        {
            "Time": "2022-11-28",
            "value": 0.43824606103933605
        },
        {
            "Time": "2022-11-29",
            "value": 0.599013105109832
        },
        {
            "Time": "2022-11-30",
            "value": 0.2075613350200975
        },
        {
            "Time": "2022-12-01",
            "value": 0.2537170083158681
        },
        {
            "Time": "2022-12-02",
            "value": 0.27722450556715855
        },
        {
            "Time": "2022-12-03",
            "value": 0.4493128824472498
        },
        {
            "Time": "2022-12-04",
            "value": 0.3380247816620382
        },
        {
            "Time": "2022-12-05",
            "value": 0.2787036479523782
        },
        {
            "Time": "2022-12-06",
            "value": 0.43009259280183104
        },
        {
            "Time": "2022-12-07",
            "value": 0.12768749841192129
        },
        {
            "Time": "2022-12-08",
            "value": 0.5185196611254158
        },
        {
            "Time": "2022-12-09",
            "value": 0.4820994317738069
        },
        {
            "Time": "2022-12-10",
            "value": 0.7788675559390134
        },
        {
            "Time": "2022-12-11",
            "value": 0.2500560922984086
        },
        {
            "Time": "2022-12-12",
            "value": 0.4257415735476321
        },
        {
            "Time": "2022-12-13",
            "value": 0.611078651519964
        },
        {
            "Time": "2022-12-14",
            "value": 0.42918607313258256
        },
        {
            "Time": "2022-12-15",
            "value": 0.3174162488761607
        },
        {
            "Time": "2022-12-16",
            "value": 0.21700736927004882
        },
        {
            "Time": "2022-12-17",
            "value": 0.2644250902342672
        },
        {
            "Time": "2022-12-18",
            "value": 1.797030383025846
        },
        {
            "Time": "2022-12-19",
            "value": 1.5939640733323293
        },
        {
            "Time": "2022-12-20",
            "value": 0.6532273481560256
        },
        {
            "Time": "2022-12-21",
            "value": 0.8437149704729054
        },
        {
            "Time": "2022-12-22",
            "value": 1.1811738279675421
        },
        {
            "Time": "2022-12-23",
            "value": 1.218404758198093
        },
        {
            "Time": "2022-12-24",
            "value": 1.7714111839634736
        },
        {
            "Time": "2022-12-25",
            "value": 1.7976103682184676
        },
        {
            "Time": "2022-12-26",
            "value": 1.1936199141023007
        },
        {
            "Time": "2022-12-27",
            "value": 0.6327719903546927
        },
        {
            "Time": "2022-12-28",
            "value": 0.3175089047068091
        },
        {
            "Time": "2022-12-29",
            "value": 0.19659953549988426
        },
        {
            "Time": "2022-12-30",
            "value": 0.29714431977992256
        },
        {
            "Time": "2022-12-31",
            "value": 0.702153065333602
        },
        {
            "Time": "2023-01-01",
            "value": 0.47636694765142296
        },
        {
            "Time": "2023-01-02",
            "value": 0.26074073864069447
        },
        {
            "Time": "2023-01-03",
            "value": 0.28265718047522187
        },
        {
            "Time": "2023-01-04",
            "value": 0.29384151764559857
        },
        {
            "Time": "2023-01-05",
            "value": 0.38876389079924767
        },
        {
            "Time": "2023-01-06",
            "value": 1.341303347191731
        },
        {
            "Time": "2023-01-07",
            "value": 1.138575757872278
        },
        {
            "Time": "2023-01-08",
            "value": 1.1441844897665254
        },
        {
            "Time": "2023-01-09",
            "value": 0.3389166639534838
        },
        {
            "Time": "2023-01-10",
            "value": 0.3548227529468568
        },
        {
            "Time": "2023-01-11",
            "value": 0.4793448403720496
        },
        {
            "Time": "2023-01-12",
            "value": 0.795584852744356
        },
        {
            "Time": "2023-01-13",
            "value": 0.2426106477296659
        },
        {
            "Time": "2023-01-14",
            "value": 0.9788599680630374
        },
        {
            "Time": "2023-01-15",
            "value": 0.2612847176651557
        },
        {
            "Time": "2023-01-16",
            "value": 1.3635670042615038
        },
        {
            "Time": "2023-01-17",
            "value": 0.3238179231147917
        },
        {
            "Time": "2023-01-18",
            "value": 1.5156304432328804
        },
        {
            "Time": "2023-01-19",
            "value": 1.1592290891522594
        },
        {
            "Time": "2023-01-20",
            "value": 0.5130808591550848
        },
        {
            "Time": "2023-01-21",
            "value": 0.19727808286888504
        },
        {
            "Time": "2023-01-22",
            "value": 0.8571142235154068
        },
        {
            "Time": "2023-01-23",
            "value": 0.19232060083030092
        },
        {
            "Time": "2023-01-24",
            "value": 0.6154429225570259
        },
        {
            "Time": "2023-01-25",
            "value": 1.6003081026455934
        },
        {
            "Time": "2023-01-26",
            "value": 0.777877543946697
        },
        {
            "Time": "2023-01-27",
            "value": 1.2878285166907142
        },
        {
            "Time": "2023-01-28",
            "value": 1.7242096370899846
        },
        {
            "Time": "2023-01-29",
            "value": 1.4495562545711502
        },
        {
            "Time": "2023-01-30",
            "value": 1.5235242142053618
        },
        {
            "Time": "2023-01-31",
            "value": 1.507240169931511
        },
        {
            "Time": "2023-02-01",
            "value": 0.34938772985916666
        },
        {
            "Time": "2023-02-02",
            "value": 0.5944801191347935
        },
        {
            "Time": "2023-02-03",
            "value": 0.3836941798585097
        },
        {
            "Time": "2023-02-04",
            "value": 0.13932313895036444
        },
        {
            "Time": "2023-02-05",
            "value": 0.27716501118519343
        },
        {
            "Time": "2023-02-06",
            "value": 0.9641699646710263
        },
        {
            "Time": "2023-02-07",
            "value": 0.2744156050542611
        },
        {
            "Time": "2023-02-08",
            "value": 0.1668165709404529
        },
        {
            "Time": "2023-02-09",
            "value": 0.32677521303084295
        },
        {
            "Time": "2023-02-10",
            "value": 0.21104062225826473
        },
        {
            "Time": "2023-02-11",
            "value": 0.5328603984258192
        },
        {
            "Time": "2023-02-12",
            "value": 0.7895793762829434
        },
        {
            "Time": "2023-02-13",
            "value": 0.2944692514570851
        },
        {
            "Time": "2023-02-14",
            "value": 0.5834884673225521
        },
        {
            "Time": "2023-02-15",
            "value": 1.402118130688569
        },
        {
            "Time": "2023-02-16",
            "value": 1.6694588340469763
        },
        {
            "Time": "2023-02-17",
            "value": 1.2820359925060107
        },
        {
            "Time": "2023-02-18",
            "value": 1.430644130440407
        },
        {
            "Time": "2023-02-19",
            "value": 0.5354601598077846
        },
        {
            "Time": "2023-02-20",
            "value": 0.9638860279319167
        },
        {
            "Time": "2023-02-21",
            "value": 1.6351253768814302
        },
        {
            "Time": "2023-02-22",
            "value": 1.4396727849123179
        },
        {
            "Time": "2023-02-23",
            "value": 1.352705129215289
        },
        {
            "Time": "2023-02-24",
            "value": 0.7232807599666375
        },
        {
            "Time": "2023-02-25",
            "value": 1.4869190963286896
        },
        {
            "Time": "2023-02-26",
            "value": 1.68602608215876
        },
        {
            "Time": "2023-02-27",
            "value": 1.4781167428415318
        },
        {
            "Time": "2023-02-28",
            "value": 0.9891613774925687
        },
        {
            "Time": "2023-03-01",
            "value": 0.9100833441537178
        },
        {
            "Time": "2023-03-02",
            "value": 1.1185972118891405
        },
        {
            "Time": "2023-03-03",
            "value": 1.4675892773558101
        },
        {
            "Time": "2023-03-04",
            "value": 1.6238522103697337
        },
        {
            "Time": "2023-03-05",
            "value": 1.6096078008602184
        },
        {
            "Time": "2023-03-06",
            "value": 1.6598229052805555
        },
        {
            "Time": "2023-03-07",
            "value": 1.6460601793506482
        },
        {
            "Time": "2023-03-08",
            "value": 1.543364341559424
        },
        {
            "Time": "2023-03-09",
            "value": 1.2438005617429229
        },
        {
            "Time": "2023-03-10",
            "value": 1.6774149505191578
        },
        {
            "Time": "2023-03-11",
            "value": 1.4845021914963996
        },
        {
            "Time": "2023-03-12",
            "value": 0.4483769281715977
        },
        {
            "Time": "2023-03-13",
            "value": 1.4510060207194222
        },
        {
            "Time": "2023-03-14",
            "value": 1.7390775532056713
        },
        {
            "Time": "2023-03-15",
            "value": 1.4868690941355438
        },
        {
            "Time": "2023-03-16",
            "value": 1.486617695373156
        },
        {
            "Time": "2023-03-17",
            "value": 1.0434438022954065
        },
        {
            "Time": "2023-03-18",
            "value": 0.321224443711737
        },
        {
            "Time": "2023-03-19",
            "value": 0.12989852744987312
        },
        {
            "Time": "2023-03-20",
            "value": 1.3089828032982895
        },
        {
            "Time": "2023-03-21",
            "value": 0.8478546285992044
        },
        {
            "Time": "2023-03-22",
            "value": 1.269901209585765
        },
        {
            "Time": "2023-03-23",
            "value": 0.17256434611917879
        },
        {
            "Time": "2023-03-24",
            "value": 0.19715625228067132
        },
        {
            "Time": "2023-03-25",
            "value": 0.2394201406898912
        },
        {
            "Time": "2023-03-26",
            "value": 0.8357219422500105
        },
        {
            "Time": "2023-03-27",
            "value": 0.0
        }
    ]
}