{
    "data": [
        {
            "Time": "2022-11-27",
            "value": 0.19528359507776172
        },
        {
            "Time": "2022-11-28",
            "value": 0.8816876904759628
        },
        {
            "Time": "2022-11-29",
            "value": 0.8719655468008388
        },
        {
            "Time": "2022-11-30",
            "value": 0.2817716756056664
        },
        {
            "Time": "2022-12-01",
            "value": 0.33695705791438657
        },
        {
            "Time": "2022-12-02",
            "value": 0.38619951787614365
        },
        {
            "Time": "2022-12-03",
            "value": 0.6214103961352465
        },
        {
            "Time": "2022-12-04",
            "value": 0.46504903403343173
        },
        {
            "Time": "2022-12-05",
            "value": 0.38173654062887413
        },
        {
            "Time": "2022-12-06",
            "value": 0.5971831759246581
        },
        {
            "Time": "2022-12-07",
            "value": 0.1715768089850644
        },
        {
            "Time": "2022-12-08",
            "value": 0.9018604884140271
        },
        {
            "Time": "2022-12-09",
            "value": 0.7102861903820674
        },
        {
            "Time": "2022-12-10",
            "value": 2.146554517818635
        },
        {
            "Time": "2022-12-11",
            "value": 0.34570830830138377
        },
        {
            "Time": "2022-12-12",
            "value": 1.1493023318401812
        },
        {
            "Time": "2022-12-13",
            "value": 1.704375008598477
        },
        {
            "Time": "2022-12-14",
            "value": 0.6296523117379085
        },
        {
            "Time": "2022-12-15",
            "value": 0.46402438526492656
        },
        {
            "Time": "2022-12-16",
            "value": 0.28662399165564134
        },
        {
            "Time": "2022-12-17",
            "value": 0.4077419893407352
        },
        {
            "Time": "2022-12-18",
            "value": 2.757824432886687
        },
        {
            "Time": "2022-12-19",
            "value": 2.567947028117621
        },
        {
            "Time": "2022-12-20",
            "value": 1.5017144466712529
        },
        {
            "Time": "2022-12-21",
            "value": 2.490154599941219
        },
        {
            "Time": "2022-12-22",
            "value": 2.5455529858730683
        },
        {
            "Time": "2022-12-23",
            "value": 2.6804369116997684
        },
        {
            "Time": "2022-12-24",
            "value": 2.704144685112384
        },
        {
            "Time": "2022-12-25",
            "value": 2.7366389794420973
        },
        {
            "Time": "2022-12-26",
            "value": 2.1601937214177656
        },
        {
            "Time": "2022-12-27",
            "value": 0.9381855459650205
        },
        {
            "Time": "2022-12-28",
            "value": 0.4345072578087601
        },
        {
            "Time": "2022-12-29",
            "value": 0.2577371180600589
        },
        {
            "Time": "2022-12-30",
            "value": 0.4035348537651729
        },
        {
            "Time": "2022-12-31",
            "value": 1.4073575946756365
        },
        {
            "Time": "2023-01-01",
            "value": 0.7310124987865524
        },
        {
            "Time": "2023-01-02",
            "value": 0.3461481463530046
        },
        {
            "Time": "2023-01-03",
            "value": 0.3801696013834365
        },
        {
            "Time": "2023-01-04",
            "value": 0.4011112448071257
        },
        {
            "Time": "2023-01-05",
            "value": 0.5228888880321089
        },
        {
            "Time": "2023-01-06",
            "value": 2.5107406514072754
        },
        {
            "Time": "2023-01-07",
            "value": 2.682205179460423
        },
        {
            "Time": "2023-01-08",
            "value": 2.6618259736488894
        },
        {
            "Time": "2023-01-09",
            "value": 0.4657002844885549
        },
        {
            "Time": "2023-01-10",
            "value": 0.523313555938511
        },
        {
            "Time": "2023-01-11",
            "value": 0.7033776091903339
        },
        {
            "Time": "2023-01-12",
            "value": 1.6155678479622133
        },
        {
            "Time": "2023-01-13",
            "value": 0.3277401748352037
        },
        {
            "Time": "2023-01-14",
            "value": 1.7554612923497508
        },
        {
            "Time": "2023-01-15",
            "value": 0.3635697073879678
        },
        {
            "Time": "2023-01-16",
            "value": 2.183908204027144
        },
        {
            "Time": "2023-01-17",
            "value": 0.43548698024154103
        },
        {
            "Time": "2023-01-18",
            "value": 2.592191540073436
        },
        {
            "Time": "2023-01-19",
            "value": 2.0965193471375603
        },
        {
            "Time": "2023-01-20",
            "value": 0.8437789103991794
        },
        {
            "Time": "2023-01-21",
            "value": 0.25904137432586805
        },
        {
            "Time": "2023-01-22",
            "value": 2.077975906392301
        },
        {
            "Time": "2023-01-23",
            "value": 0.2567692569034827
        },
        {
            "Time": "2023-01-24",
            "value": 1.7792455964056855
        },
        {
            "Time": "2023-01-25",
            "value": 2.8398201698539145
        },
        {
            "Time": "2023-01-26",
            "value": 1.3515709132793372
        },
        {
            "Time": "2023-01-27",
            "value": 2.5890809325679216
        },
        {
            "Time": "2023-01-28",
            "value": 2.863653145070026
        },
        {
            "Time": "2023-01-29",
            "value": 2.8869253692129613
        },
        {
            "Time": "2023-01-30",
            "value": 2.9528387949516115
        },
        {
            "Time": "2023-01-31",
            "value": 2.9264765287732115
        },
        {
            "Time": "2023-02-01",
            "value": 0.478565686135331
        },
        {
            "Time": "2023-02-02",
            "value": 1.0951826971241791
        },
        {
            "Time": "2023-02-03",
            "value": 0.5249748841581509
        },
        {
            "Time": "2023-02-04",
            "value": 0.18015973731760376
        },
        {
            "Time": "2023-02-05",
            "value": 0.39626119391442033
        },
        {
            "Time": "2023-02-06",
            "value": 1.7916464975847348
        },
        {
            "Time": "2023-02-07",
            "value": 0.3951409740964304
        },
        {
            "Time": "2023-02-08",
            "value": 0.2229638473672913
        },
        {
            "Time": "2023-02-09",
            "value": 0.48644292642687564
        },
        {
            "Time": "2023-02-10",
            "value": 0.27784243085777366
        },
        {
            "Time": "2023-02-11",
            "value": 0.893020090558743
        },
        {
            "Time": "2023-02-12",
            "value": 1.233829772877204
        },
        {
            "Time": "2023-02-13",
            "value": 0.4384927404016027
        },
        {
            "Time": "2023-02-14",
            "value": 0.9838213100591678
        },
        {
            "Time": "2023-02-15",
            "value": 2.6480473099363544
        },
        {
            "Time": "2023-02-16",
            "value": 3.129628210350399
        },
        {
            "Time": "2023-02-17",
            "value": 2.2853772107921384
        },
        {
            "Time": "2023-02-18",
            "value": 2.704163919425797
        },
        {
            "Time": "2023-02-19",
            "value": 0.7751813054391803
        },
        {
            "Time": "2023-02-20",
            "value": 1.5907236587501628
        },
        {
            "Time": "2023-02-21",
            "value": 3.0559298652494813
        },
        {
            "Time": "2023-02-22",
            "value": 2.599793835879364
        },
        {
            "Time": "2023-02-23",
            "value": 2.436811929278982
        },
        {
            "Time": "2023-02-24",
            "value": 1.127673542139774
        },
        {
            "Time": "2023-02-25",
            "value": 2.82860574594854
        },
        {
            "Time": "2023-02-26",
            "value": 3.1159777324025812
        },
        {
            "Time": "2023-02-27",
            "value": 2.693342592286627
        },
        {
            "Time": "2023-02-28",
            "value": 1.5511510138784739
        },
        {
            "Time": "2023-03-01",
            "value": 1.5603606730096404
        },
        {
            "Time": "2023-03-02",
            "value": 2.0597489209075315
        },
        {
            "Time": "2023-03-03",
            "value": 2.749784604675527
        },
        {
            "Time": "2023-03-04",
            "value": 3.0464683460132607
        },
        {
            "Time": "2023-03-05",
            "value": 2.99212674002126
        },
        {
            "Time": "2023-03-06",
            "value": 3.095514979435746
        },
        {
            "Time": "2023-03-07",
            "value": 3.0570904848053795
        },
        {
            "Time": "2023-03-08",
            "value": 2.836948332279317
        },
        {
            "Time": "2023-03-09",
            "value": 2.281821736619427
        },
        {
            "Time": "2023-03-10",
            "value": 3.1399372821812253
        },
        {
            "Time": "2023-03-11",
            "value": 2.7295876627062725
        },
        {
            "Time": "2023-03-12",
            "value": 0.6296248803407102
        },
        {
            "Time": "2023-03-13",
            "value": 2.560672853337201
        },
        {
            "Time": "2023-03-14",
            "value": 3.2149629601262246
        },
        {
            "Time": "2023-03-15",
            "value": 2.710695934183052
        },
        {
            "Time": "2023-03-16",
            "value": 2.7123325528765343
        },
        {
            "Time": "2023-03-17",
            "value": 1.680538559345469
        },
        {
            "Time": "2023-03-18",
            "value": 0.4420409224513944
        },
        {
            "Time": "2023-03-19",
            "value": 0.1839414685945486
        },
        {
            "Time": "2023-03-20",
            "value": 2.236016735649687
        },
        {
            "Time": "2023-03-21",
            "value": 1.27080741506126
        },
        {
            "Time": "2023-03-22",
            "value": 2.152076518416035
        },
        {
            "Time": "2023-03-23",
            "value": 0.24076371533334828
        },
        {
            "Time": "2023-03-24",
            "value": 0.28367195889875113
        },
        {
            "Time": "2023-03-25",
            "value": 0.34387124014230036
        },
        {
            "Time": "2023-03-26",
            "value": 1.1944549140474738
        },
        {
            "Time": "2023-03-27",
            "value": 0.0
        }
    ]
}