{
    "data": [
        {
            "Time": "2022-11-27",
            "value": 0.07669433479429547
        },
        {
            "Time": "2022-11-28",
            "value": 0.4347218845744751
        },
        {
            "Time": "2022-11-29",
            "value": 0.41824885327003497
        },
        {
            "Time": "2022-11-30",
            "value": 0.13896182374801766
        },
        {
            "Time": "2022-12-01",
            "value": 0.18264467426166087
        },
        {
            "Time": "2022-12-02",
            "value": 0.21295659561783148
        },
        {
            "Time": "2022-12-03",
            "value": 0.38832521205670145
        },
        {
            "Time": "2022-12-04",
            "value": 0.2703957127197612
        },
        {
            "Time": "2022-12-05",
            "value": 0.2248467859080246
        },
        {
            "Time": "2022-12-06",
            "value": 0.367259644072115
        },
        {
            "Time": "2022-12-07",
            "value": 0.06407172040459529
        },
        {
            "Time": "2022-12-08",
            "value": 0.459101629917616
        },
        {
            "Time": "2022-12-09",
            "value": 0.42403590916591494
        },
        {
            "Time": "2022-12-10",
            "value": 0.9958653726731602
        },
        {
            "Time": "2022-12-11",
            "value": 0.1851645434255351
        },
        {
            "Time": "2022-12-12",
            "value": 0.5637555759673468
        },
        {
            "Time": "2022-12-13",
            "value": 0.6535096565665561
        },
        {
            "Time": "2022-12-14",
            "value": 0.36601734613962333
        },
        {
            "Time": "2022-12-15",
            "value": 0.25271132471516217
        },
        {
            "Time": "2022-12-16",
            "value": 0.13520957276975215
        },
        {
            "Time": "2022-12-17",
            "value": 0.20086493338666314
        },
        {
            "Time": "2022-12-18",
            "value": 1.4847207947246466
        },
        {
            "Time": "2022-12-19",
            "value": 1.380953944254911
        },
        {
            "Time": "2022-12-20",
            "value": 0.5101000950959271
        },
        {
            "Time": "2022-12-21",
            "value": 0.5502089483264141
        },
        {
            "Time": "2022-12-22",
            "value": 1.4486289314196508
        },
        {
            "Time": "2022-12-23",
            "value": 1.4454442509572867
        },
        {
            "Time": "2022-12-24",
            "value": 1.4621406420259784
        },
        {
            "Time": "2022-12-25",
            "value": 1.4836470534449906
        },
        {
            "Time": "2022-12-26",
            "value": 1.32774482528725
        },
        {
            "Time": "2022-12-27",
            "value": 0.45524409437942126
        },
        {
            "Time": "2022-12-28",
            "value": 0.25636210058915576
        },
        {
            "Time": "2022-12-29",
            "value": 0.1286736105530648
        },
        {
            "Time": "2022-12-30",
            "value": 0.23700066294150793
        },
        {
            "Time": "2022-12-31",
            "value": 0.6455827174867291
        },
        {
            "Time": "2023-01-01",
            "value": 0.4119579998396856
        },
        {
            "Time": "2023-01-02",
            "value": 0.18628169409254416
        },
        {
            "Time": "2023-01-03",
            "value": 0.2160910387312925
        },
        {
            "Time": "2023-01-04",
            "value": 0.22703819314932175
        },
        {
            "Time": "2023-01-05",
            "value": 0.3103846467549529
        },
        {
            "Time": "2023-01-06",
            "value": 1.4419359524537798
        },
        {
            "Time": "2023-01-07",
            "value": 1.4924611981035238
        },
        {
            "Time": "2023-01-08",
            "value": 1.1775581497380587
        },
        {
            "Time": "2023-01-09",
            "value": 0.25331202262391295
        },
        {
            "Time": "2023-01-10",
            "value": 0.27830064279490135
        },
        {
            "Time": "2023-01-11",
            "value": 0.41687574921281556
        },
        {
            "Time": "2023-01-12",
            "value": 0.7749242794449084
        },
        {
            "Time": "2023-01-13",
            "value": 0.180903239796895
        },
        {
            "Time": "2023-01-14",
            "value": 0.8613912683446757
        },
        {
            "Time": "2023-01-15",
            "value": 0.21546717263799298
        },
        {
            "Time": "2023-01-16",
            "value": 0.9973822077645919
        },
        {
            "Time": "2023-01-17",
            "value": 0.24576333890346905
        },
        {
            "Time": "2023-01-18",
            "value": 1.3015550801788354
        },
        {
            "Time": "2023-01-19",
            "value": 1.0490947188449706
        },
        {
            "Time": "2023-01-20",
            "value": 0.4701109722427414
        },
        {
            "Time": "2023-01-21",
            "value": 0.11874440143942196
        },
        {
            "Time": "2023-01-22",
            "value": 0.7732063916989387
        },
        {
            "Time": "2023-01-23",
            "value": 0.12056710387646803
        },
        {
            "Time": "2023-01-24",
            "value": 0.5727733985871283
        },
        {
            "Time": "2023-01-25",
            "value": 1.502036879379399
        },
        {
            "Time": "2023-01-26",
            "value": 0.7004905973791394
        },
        {
            "Time": "2023-01-27",
            "value": 1.2553574621662407
        },
        {
            "Time": "2023-01-28",
            "value": 1.4911783705744126
        },
        {
            "Time": "2023-01-29",
            "value": 1.4935839073620096
        },
        {
            "Time": "2023-01-30",
            "value": 1.5884997571801238
        },
        {
            "Time": "2023-01-31",
            "value": 1.6139627097509706
        },
        {
            "Time": "2023-02-01",
            "value": 0.2733891133487215
        },
        {
            "Time": "2023-02-02",
            "value": 0.5265896908095155
        },
        {
            "Time": "2023-02-03",
            "value": 0.31812328295763054
        },
        {
            "Time": "2023-02-04",
            "value": 0.05840425503437445
        },
        {
            "Time": "2023-02-05",
            "value": 0.21829397991525232
        },
        {
            "Time": "2023-02-06",
            "value": 0.9208316627345332
        },
        {
            "Time": "2023-02-07",
            "value": 0.20852887206234147
        },
        {
            "Time": "2023-02-08",
            "value": 0.0987275787669379
        },
        {
            "Time": "2023-02-09",
            "value": 0.25577505204994855
        },
        {
            "Time": "2023-02-10",
            "value": 0.12356286526224487
        },
        {
            "Time": "2023-02-11",
            "value": 0.4448017189976151
        },
        {
            "Time": "2023-02-12",
            "value": 0.5792506692840752
        },
        {
            "Time": "2023-02-13",
            "value": 0.23861982870671586
        },
        {
            "Time": "2023-02-14",
            "value": 0.509697046791701
        },
        {
            "Time": "2023-02-15",
            "value": 1.3337183593447977
        },
        {
            "Time": "2023-02-16",
            "value": 1.6266760138195635
        },
        {
            "Time": "2023-02-17",
            "value": 1.2329454115349516
        },
        {
            "Time": "2023-02-18",
            "value": 1.3450597495163874
        },
        {
            "Time": "2023-02-19",
            "value": 0.47501650086271696
        },
        {
            "Time": "2023-02-20",
            "value": 0.9047662982534923
        },
        {
            "Time": "2023-02-21",
            "value": 1.5889395665378183
        },
        {
            "Time": "2023-02-22",
            "value": 1.4070636649610186
        },
        {
            "Time": "2023-02-23",
            "value": 1.2383749002852547
        },
        {
            "Time": "2023-02-24",
            "value": 0.6661251594150789
        },
        {
            "Time": "2023-02-25",
            "value": 1.4261619393321743
        },
        {
            "Time": "2023-02-26",
            "value": 1.6301278571273397
        },
        {
            "Time": "2023-02-27",
            "value": 1.4289264424336414
        },
        {
            "Time": "2023-02-28",
            "value": 0.9397005420148643
        },
        {
            "Time": "2023-03-01",
            "value": 0.8892230773904042
        },
        {
            "Time": "2023-03-02",
            "value": 1.0246034329194174
        },
        {
            "Time": "2023-03-03",
            "value": 1.429309607133193
        },
        {
            "Time": "2023-03-04",
            "value": 1.574778546209617
        },
        {
            "Time": "2023-03-05",
            "value": 1.5801808912049065
        },
        {
            "Time": "2023-03-06",
            "value": 1.5933688794043728
        },
        {
            "Time": "2023-03-07",
            "value": 1.5879394089534713
        },
        {
            "Time": "2023-03-08",
            "value": 1.5119082388631364
        },
        {
            "Time": "2023-03-09",
            "value": 1.1669087156743898
        },
        {
            "Time": "2023-03-10",
            "value": 1.665493846831134
        },
        {
            "Time": "2023-03-11",
            "value": 1.425277962704127
        },
        {
            "Time": "2023-03-12",
            "value": 0.3772766770928564
        },
        {
            "Time": "2023-03-13",
            "value": 1.4254649111427735
        },
        {
            "Time": "2023-03-14",
            "value": 1.6627216543832035
        },
        {
            "Time": "2023-03-15",
            "value": 1.4435865630730014
        },
        {
            "Time": "2023-03-16",
            "value": 1.4496860388199317
        },
        {
            "Time": "2023-03-17",
            "value": 0.9997686374267515
        },
        {
            "Time": "2023-03-18",
            "value": 0.23953378200319367
        },
        {
            "Time": "2023-03-19",
            "value": 0.051253818604075706
        },
        {
            "Time": "2023-03-20",
            "value": 1.2538470258874213
        },
        {
            "Time": "2023-03-21",
            "value": 0.7791389334789751
        },
        {
            "Time": "2023-03-22",
            "value": 1.2461221429206675
        },
        {
            "Time": "2023-03-23",
            "value": 0.09847754072191225
        },
        {
            "Time": "2023-03-24",
            "value": 0.12497053571887184
        },
        {
            "Time": "2023-03-25",
            "value": 0.16523799223436636
        },
        {
            "Time": "2023-03-26",
            "value": 0.7879520399142937
        },
        {
            "Time": "2023-03-27",
            "value": 0.0
        }
    ]
}