{
    "data": [
        {
            "Time": "2022-11-27",
            "value": 0.2693860671690124
        },
        {
            "Time": "2022-11-28",
            "value": 0.8469630600401022
        },
        {
            "Time": "2022-11-29",
            "value": 0.8181855749258631
        },
        {
            "Time": "2022-11-30",
            "value": 0.3975331960732773
        },
        {
            "Time": "2022-12-01",
            "value": 0.47193766391307934
        },
        {
            "Time": "2022-12-02",
            "value": 0.5310071630762568
        },
        {
            "Time": "2022-12-03",
            "value": 0.8627185925956328
        },
        {
            "Time": "2022-12-04",
            "value": 0.6456850430684649
        },
        {
            "Time": "2022-12-05",
            "value": 0.5239810861946937
        },
        {
            "Time": "2022-12-06",
            "value": 0.8383023852725345
        },
        {
            "Time": "2022-12-07",
            "value": 0.22826951589635733
        },
        {
            "Time": "2022-12-08",
            "value": 1.0091263284148961
        },
        {
            "Time": "2022-12-09",
            "value": 0.9332388174845272
        },
        {
            "Time": "2022-12-10",
            "value": 2.281224103775408
        },
        {
            "Time": "2022-12-11",
            "value": 0.48312485844708214
        },
        {
            "Time": "2022-12-12",
            "value": 0.8185991461172518
        },
        {
            "Time": "2022-12-13",
            "value": 2.415195204590239
        },
        {
            "Time": "2022-12-14",
            "value": 0.8542238712035076
        },
        {
            "Time": "2022-12-15",
            "value": 0.6206530078448694
        },
        {
            "Time": "2022-12-16",
            "value": 0.38656406145599354
        },
        {
            "Time": "2022-12-17",
            "value": 0.5101860727652383
        },
        {
            "Time": "2022-12-18",
            "value": 3.6806682945333344
        },
        {
            "Time": "2022-12-19",
            "value": 2.888459022979752
        },
        {
            "Time": "2022-12-20",
            "value": 1.3841021872652308
        },
        {
            "Time": "2022-12-21",
            "value": 1.4828884147717136
        },
        {
            "Time": "2022-12-22",
            "value": 2.8156141943072317
        },
        {
            "Time": "2022-12-23",
            "value": 2.793990230566158
        },
        {
            "Time": "2022-12-24",
            "value": 3.652705788526957
        },
        {
            "Time": "2022-12-25",
            "value": 2.8247664314155054
        },
        {
            "Time": "2022-12-26",
            "value": 3.0261680363143277
        },
        {
            "Time": "2022-12-27",
            "value": 1.061684009907668
        },
        {
            "Time": "2022-12-28",
            "value": 0.6114508950404316
        },
        {
            "Time": "2022-12-29",
            "value": 0.3617017373533965
        },
        {
            "Time": "2022-12-30",
            "value": 0.5794597233495644
        },
        {
            "Time": "2022-12-31",
            "value": 1.3603400530809495
        },
        {
            "Time": "2023-01-01",
            "value": 0.9321042925356685
        },
        {
            "Time": "2023-01-02",
            "value": 0.48532491603513345
        },
        {
            "Time": "2023-01-03",
            "value": 0.5524574679026704
        },
        {
            "Time": "2023-01-04",
            "value": 0.5594711199374974
        },
        {
            "Time": "2023-01-05",
            "value": 0.7423267504765221
        },
        {
            "Time": "2023-01-06",
            "value": 3.3121804222164144
        },
        {
            "Time": "2023-01-07",
            "value": 3.3951467033215343
        },
        {
            "Time": "2023-01-08",
            "value": 2.766134960581255
        },
        {
            "Time": "2023-01-09",
            "value": 0.6382170477164437
        },
        {
            "Time": "2023-01-10",
            "value": 0.6856655366413166
        },
        {
            "Time": "2023-01-11",
            "value": 0.9443107323246792
        },
        {
            "Time": "2023-01-12",
            "value": 1.4625296396687932
        },
        {
            "Time": "2023-01-13",
            "value": 0.4563941326814522
        },
        {
            "Time": "2023-01-14",
            "value": 1.6104874986054458
        },
        {
            "Time": "2023-01-15",
            "value": 0.5117968190783184
        },
        {
            "Time": "2023-01-16",
            "value": 1.9787682289156634
        },
        {
            "Time": "2023-01-17",
            "value": 0.6172588096900682
        },
        {
            "Time": "2023-01-18",
            "value": 3.056590563710297
        },
        {
            "Time": "2023-01-19",
            "value": 2.3766798892714465
        },
        {
            "Time": "2023-01-20",
            "value": 0.9796635076253489
        },
        {
            "Time": "2023-01-21",
            "value": 0.36779153946371174
        },
        {
            "Time": "2023-01-22",
            "value": 1.4094626463307052
        },
        {
            "Time": "2023-01-23",
            "value": 0.35008199268826384
        },
        {
            "Time": "2023-01-24",
            "value": 0.9938987019765967
        },
        {
            "Time": "2023-01-25",
            "value": 3.083980401483306
        },
        {
            "Time": "2023-01-26",
            "value": 1.4004542629712016
        },
        {
            "Time": "2023-01-27",
            "value": 2.3260003441971326
        },
        {
            "Time": "2023-01-28",
            "value": 3.130234599426821
        },
        {
            "Time": "2023-01-29",
            "value": 3.017922044772941
        },
        {
            "Time": "2023-01-30",
            "value": 3.2181061756773395
        },
        {
            "Time": "2023-01-31",
            "value": 3.008083358205041
        },
        {
            "Time": "2023-02-01",
            "value": 0.6548686628478403
        },
        {
            "Time": "2023-02-02",
            "value": 1.3014861789631482
        },
        {
            "Time": "2023-02-03",
            "value": 0.7420408388311311
        },
        {
            "Time": "2023-02-04",
            "value": 0.248959240486097
        },
        {
            "Time": "2023-02-05",
            "value": 0.5463631972100853
        },
        {
            "Time": "2023-02-06",
            "value": 1.7249778720190148
        },
        {
            "Time": "2023-02-07",
            "value": 0.538114388598245
        },
        {
            "Time": "2023-02-08",
            "value": 0.2926351177070169
        },
        {
            "Time": "2023-02-09",
            "value": 0.6401161727622738
        },
        {
            "Time": "2023-02-10",
            "value": 0.37046460651589724
        },
        {
            "Time": "2023-02-11",
            "value": 1.005084079256884
        },
        {
            "Time": "2023-02-12",
            "value": 1.2859855598041563
        },
        {
            "Time": "2023-02-13",
            "value": 0.5632475608907238
        },
        {
            "Time": "2023-02-14",
            "value": 1.1803773312306762
        },
        {
            "Time": "2023-02-15",
            "value": 2.85462289844029
        },
        {
            "Time": "2023-02-16",
            "value": 3.5770995630858526
        },
        {
            "Time": "2023-02-17",
            "value": 2.5511786020780503
        },
        {
            "Time": "2023-02-18",
            "value": 2.9073570361823924
        },
        {
            "Time": "2023-02-19",
            "value": 1.0657087594363384
        },
        {
            "Time": "2023-02-20",
            "value": 1.8804276175109325
        },
        {
            "Time": "2023-02-21",
            "value": 3.2031613401744505
        },
        {
            "Time": "2023-02-22",
            "value": 2.7868654155071826
        },
        {
            "Time": "2023-02-23",
            "value": 2.5896152936946946
        },
        {
            "Time": "2023-02-24",
            "value": 1.4057036416983155
        },
        {
            "Time": "2023-02-25",
            "value": 2.9682729463065867
        },
        {
            "Time": "2023-02-26",
            "value": 3.245754372860846
        },
        {
            "Time": "2023-02-27",
            "value": 2.9420893133236112
        },
        {
            "Time": "2023-02-28",
            "value": 1.9121537629552063
        },
        {
            "Time": "2023-03-01",
            "value": 1.8036529801968362
        },
        {
            "Time": "2023-03-02",
            "value": 2.3022216229624486
        },
        {
            "Time": "2023-03-03",
            "value": 2.9725110084709514
        },
        {
            "Time": "2023-03-04",
            "value": 3.2528576846095865
        },
        {
            "Time": "2023-03-05",
            "value": 3.1752859163106995
        },
        {
            "Time": "2023-03-06",
            "value": 3.299592771475816
        },
        {
            "Time": "2023-03-07",
            "value": 3.274129452514619
        },
        {
            "Time": "2023-03-08",
            "value": 3.0371640663674424
        },
        {
            "Time": "2023-03-09",
            "value": 2.487423288936472
        },
        {
            "Time": "2023-03-10",
            "value": 3.6311518506213347
        },
        {
            "Time": "2023-03-11",
            "value": 2.972100603893061
        },
        {
            "Time": "2023-03-12",
            "value": 0.8737183445054797
        },
        {
            "Time": "2023-03-13",
            "value": 2.8925044038563543
        },
        {
            "Time": "2023-03-14",
            "value": 3.6912853295197388
        },
        {
            "Time": "2023-03-15",
            "value": 3.0956322069473843
        },
        {
            "Time": "2023-03-16",
            "value": 2.9879275518299315
        },
        {
            "Time": "2023-03-17",
            "value": 2.071085054716252
        },
        {
            "Time": "2023-03-18",
            "value": 0.5987901366720776
        },
        {
            "Time": "2023-03-19",
            "value": 0.2417109801202403
        },
        {
            "Time": "2023-03-20",
            "value": 2.602790447926031
        },
        {
            "Time": "2023-03-21",
            "value": 1.6619064099417966
        },
        {
            "Time": "2023-03-22",
            "value": 2.5769215607025413
        },
        {
            "Time": "2023-03-23",
            "value": 0.2924300837903013
        },
        {
            "Time": "2023-03-24",
            "value": 0.3514689671560631
        },
        {
            "Time": "2023-03-25",
            "value": 0.4570432738857832
        },
        {
            "Time": "2023-03-26",
            "value": 1.6598007984063594
        },
        {
            "Time": "2023-03-27",
            "value": 0.0
        }
    ]
}