{
    "data": [
        {
            "Time": "2022-11-27",
            "value": 0.15503645855782533
        },
        {
            "Time": "2022-11-28",
            "value": 0.4682603605988001
        },
        {
            "Time": "2022-11-29",
            "value": 0.4314787099172512
        },
        {
            "Time": "2022-11-30",
            "value": 0.23371031009495888
        },
        {
            "Time": "2022-12-01",
            "value": 0.2815630793675347
        },
        {
            "Time": "2022-12-02",
            "value": 0.30846753297405094
        },
        {
            "Time": "2022-12-03",
            "value": 0.47447880666202136
        },
        {
            "Time": "2022-12-04",
            "value": 0.37687892352584984
        },
        {
            "Time": "2022-12-05",
            "value": 0.3252380523969708
        },
        {
            "Time": "2022-12-06",
            "value": 0.4579226832121296
        },
        {
            "Time": "2022-12-07",
            "value": 0.14772338205557872
        },
        {
            "Time": "2022-12-08",
            "value": 0.5482665220698496
        },
        {
            "Time": "2022-12-09",
            "value": 0.5119341238194676
        },
        {
            "Time": "2022-12-10",
            "value": 0.5503033564400932
        },
        {
            "Time": "2022-12-11",
            "value": 0.2892511577141725
        },
        {
            "Time": "2022-12-12",
            "value": 0.46170506385688015
        },
        {
            "Time": "2022-12-13",
            "value": 0.6159184009405099
        },
        {
            "Time": "2022-12-14",
            "value": 0.4620828917743317
        },
        {
            "Time": "2022-12-15",
            "value": 0.3511747221315324
        },
        {
            "Time": "2022-12-16",
            "value": 0.23385036268187664
        },
        {
            "Time": "2022-12-17",
            "value": 0.30401232081148116
        },
        {
            "Time": "2022-12-18",
            "value": 0.29625895706204586
        },
        {
            "Time": "2022-12-19",
            "value": 0.3030962839449527
        },
        {
            "Time": "2022-12-20",
            "value": 0.45372803938813405
        },
        {
            "Time": "2022-12-21",
            "value": 0.3162447342130981
        },
        {
            "Time": "2022-12-22",
            "value": 0.33274498410561343
        },
        {
            "Time": "2022-12-23",
            "value": 0.27153997396326884
        },
        {
            "Time": "2022-12-24",
            "value": 0.301300530630027
        },
        {
            "Time": "2022-12-25",
            "value": 0.25812911098428404
        },
        {
            "Time": "2022-12-26",
            "value": 0.5222912243247774
        },
        {
            "Time": "2022-12-27",
            "value": 0.5325135999574074
        },
        {
            "Time": "2022-12-28",
            "value": 0.34675925895833337
        },
        {
            "Time": "2022-12-29",
            "value": 0.22135127171284721
        },
        {
            "Time": "2022-12-30",
            "value": 0.32784722508495373
        },
        {
            "Time": "2022-12-31",
            "value": 0.6244602496246014
        },
        {
            "Time": "2023-01-01",
            "value": 0.5208377233355874
        },
        {
            "Time": "2023-01-02",
            "value": 0.2829861127283565
        },
        {
            "Time": "2023-01-03",
            "value": 0.31763715341225196
        },
        {
            "Time": "2023-01-04",
            "value": 0.3236946192478472
        },
        {
            "Time": "2023-01-05",
            "value": 0.41804745205939814
        },
        {
            "Time": "2023-01-06",
            "value": 0.538098956410907
        },
        {
            "Time": "2023-01-07",
            "value": 0.5196126312429222
        },
        {
            "Time": "2023-01-08",
            "value": 0.5498373406417617
        },
        {
            "Time": "2023-01-09",
            "value": 0.3640327375714121
        },
        {
            "Time": "2023-01-10",
            "value": 0.38711314850976053
        },
        {
            "Time": "2023-01-11",
            "value": 0.5171110774000462
        },
        {
            "Time": "2023-01-12",
            "value": 0.7538946126568298
        },
        {
            "Time": "2023-01-13",
            "value": 0.26734665404926555
        },
        {
            "Time": "2023-01-14",
            "value": 0.7748614816475623
        },
        {
            "Time": "2023-01-15",
            "value": 0.3054689291747422
        },
        {
            "Time": "2023-01-16",
            "value": 0.7887157238507462
        },
        {
            "Time": "2023-01-17",
            "value": 0.3513773095515625
        },
        {
            "Time": "2023-01-18",
            "value": 0.9284837597896962
        },
        {
            "Time": "2023-01-19",
            "value": 0.8426526195574509
        },
        {
            "Time": "2023-01-20",
            "value": 0.5666326170980307
        },
        {
            "Time": "2023-01-21",
            "value": 0.21823726724069445
        },
        {
            "Time": "2023-01-22",
            "value": 0.7632435278229445
        },
        {
            "Time": "2023-01-23",
            "value": 0.2166643545425926
        },
        {
            "Time": "2023-01-24",
            "value": 0.6658018782895758
        },
        {
            "Time": "2023-01-25",
            "value": 1.1075930504946452
        },
        {
            "Time": "2023-01-26",
            "value": 0.8212403188195398
        },
        {
            "Time": "2023-01-27",
            "value": 1.070306446452181
        },
        {
            "Time": "2023-01-28",
            "value": 1.1534167911761177
        },
        {
            "Time": "2023-01-29",
            "value": 1.1639717143986972
        },
        {
            "Time": "2023-01-30",
            "value": 1.2578845999669515
        },
        {
            "Time": "2023-01-31",
            "value": 1.1991369873393565
        },
        {
            "Time": "2023-02-01",
            "value": 0.37036689925747684
        },
        {
            "Time": "2023-02-02",
            "value": 0.6050272288934033
        },
        {
            "Time": "2023-02-03",
            "value": 0.4111901239631484
        },
        {
            "Time": "2023-02-04",
            "value": 0.16421990532083333
        },
        {
            "Time": "2023-02-05",
            "value": 0.3145393489760127
        },
        {
            "Time": "2023-02-06",
            "value": 0.9792500463029448
        },
        {
            "Time": "2023-02-07",
            "value": 0.30538362174527894
        },
        {
            "Time": "2023-02-08",
            "value": 0.19529641238435289
        },
        {
            "Time": "2023-02-09",
            "value": 0.3596424335555045
        },
        {
            "Time": "2023-02-10",
            "value": 0.24478437432804398
        },
        {
            "Time": "2023-02-11",
            "value": 0.5463309554508795
        },
        {
            "Time": "2023-02-12",
            "value": 0.6835626385334715
        },
        {
            "Time": "2023-02-13",
            "value": 0.3517723111865098
        },
        {
            "Time": "2023-02-14",
            "value": 0.6290190977283565
        },
        {
            "Time": "2023-02-15",
            "value": 1.284654216621232
        },
        {
            "Time": "2023-02-16",
            "value": 1.5039542637839816
        },
        {
            "Time": "2023-02-17",
            "value": 1.1843516513833956
        },
        {
            "Time": "2023-02-18",
            "value": 1.2969350765780756
        },
        {
            "Time": "2023-02-19",
            "value": 0.589687381161325
        },
        {
            "Time": "2023-02-20",
            "value": 1.0223542331351974
        },
        {
            "Time": "2023-02-21",
            "value": 1.5303993644167946
        },
        {
            "Time": "2023-02-22",
            "value": 1.3570564699907988
        },
        {
            "Time": "2023-02-23",
            "value": 1.2822471814885907
        },
        {
            "Time": "2023-02-24",
            "value": 0.7742470774304672
        },
        {
            "Time": "2023-02-25",
            "value": 1.445751298135672
        },
        {
            "Time": "2023-02-26",
            "value": 1.5721006949286787
        },
        {
            "Time": "2023-02-27",
            "value": 1.4132217386560617
        },
        {
            "Time": "2023-02-28",
            "value": 1.0242668321324333
        },
        {
            "Time": "2023-03-01",
            "value": 0.9397429214069615
        },
        {
            "Time": "2023-03-02",
            "value": 1.1365158989667283
        },
        {
            "Time": "2023-03-03",
            "value": 1.4702987197381725
        },
        {
            "Time": "2023-03-04",
            "value": 1.570959009976748
        },
        {
            "Time": "2023-03-05",
            "value": 1.548142194320139
        },
        {
            "Time": "2023-03-06",
            "value": 1.608355502170701
        },
        {
            "Time": "2023-03-07",
            "value": 1.5924794941070768
        },
        {
            "Time": "2023-03-08",
            "value": 1.5161939145089618
        },
        {
            "Time": "2023-03-09",
            "value": 1.2109648935186108
        },
        {
            "Time": "2023-03-10",
            "value": 1.6483510987069692
        },
        {
            "Time": "2023-03-11",
            "value": 1.4645014123713092
        },
        {
            "Time": "2023-03-12",
            "value": 0.48184457100681216
        },
        {
            "Time": "2023-03-13",
            "value": 1.468558477604652
        },
        {
            "Time": "2023-03-14",
            "value": 1.6833589610652362
        },
        {
            "Time": "2023-03-15",
            "value": 1.4813727725909054
        },
        {
            "Time": "2023-03-16",
            "value": 1.4884277655182419
        },
        {
            "Time": "2023-03-17",
            "value": 1.078518225069409
        },
        {
            "Time": "2023-03-18",
            "value": 0.3512971226591931
        },
        {
            "Time": "2023-03-19",
            "value": 0.15232015572257834
        },
        {
            "Time": "2023-03-20",
            "value": 1.3150574109761548
        },
        {
            "Time": "2023-03-21",
            "value": 0.8596072504504083
        },
        {
            "Time": "2023-03-22",
            "value": 1.2768008381969662
        },
        {
            "Time": "2023-03-23",
            "value": 0.205999505328001
        },
        {
            "Time": "2023-03-24",
            "value": 0.23174073715509255
        },
        {
            "Time": "2023-03-25",
            "value": 0.2806770815068287
        },
        {
            "Time": "2023-03-26",
            "value": 0.8888674274902029
        },
        {
            "Time": "2023-03-27",
            "value": 0.0
        }
    ]
}