{
    "data": [
        {
            "Time": "2022-11-27",
            "value": 0.12790122141172133
        },
        {
            "Time": "2022-11-28",
            "value": 0.8694618481613952
        },
        {
            "Time": "2022-11-29",
            "value": 0.6437510529187185
        },
        {
            "Time": "2022-11-30",
            "value": 0.2105778593565698
        },
        {
            "Time": "2022-12-01",
            "value": 0.2663366784402474
        },
        {
            "Time": "2022-12-02",
            "value": 0.3172708927573895
        },
        {
            "Time": "2022-12-03",
            "value": 0.5411107982050634
        },
        {
            "Time": "2022-12-04",
            "value": 0.3842999738697494
        },
        {
            "Time": "2022-12-05",
            "value": 0.30039729987909464
        },
        {
            "Time": "2022-12-06",
            "value": 0.5234374823114851
        },
        {
            "Time": "2022-12-07",
            "value": 0.12598501453046693
        },
        {
            "Time": "2022-12-08",
            "value": 0.8136487408747196
        },
        {
            "Time": "2022-12-09",
            "value": 0.6401932058172851
        },
        {
            "Time": "2022-12-10",
            "value": 1.9850239133520875
        },
        {
            "Time": "2022-12-11",
            "value": 0.2690626013729906
        },
        {
            "Time": "2022-12-12",
            "value": 1.102624720858878
        },
        {
            "Time": "2022-12-13",
            "value": 1.3471710642126433
        },
        {
            "Time": "2022-12-14",
            "value": 0.5500275657682713
        },
        {
            "Time": "2022-12-15",
            "value": 0.3817027034325162
        },
        {
            "Time": "2022-12-16",
            "value": 0.2148390119375005
        },
        {
            "Time": "2022-12-17",
            "value": 0.3650028080067971
        },
        {
            "Time": "2022-12-18",
            "value": 2.5990151678070554
        },
        {
            "Time": "2022-12-19",
            "value": 2.4167813908225844
        },
        {
            "Time": "2022-12-20",
            "value": 1.162196353789194
        },
        {
            "Time": "2022-12-21",
            "value": 2.3579537081072206
        },
        {
            "Time": "2022-12-22",
            "value": 2.3849929984160565
        },
        {
            "Time": "2022-12-23",
            "value": 2.5179374416789697
        },
        {
            "Time": "2022-12-24",
            "value": 2.5459750435718638
        },
        {
            "Time": "2022-12-25",
            "value": 2.5657683903781843
        },
        {
            "Time": "2022-12-26",
            "value": 1.9110419455336503
        },
        {
            "Time": "2022-12-27",
            "value": 0.8027657180516033
        },
        {
            "Time": "2022-12-28",
            "value": 0.36123948448287935
        },
        {
            "Time": "2022-12-29",
            "value": 0.20284872587084643
        },
        {
            "Time": "2022-12-30",
            "value": 0.343360575721769
        },
        {
            "Time": "2022-12-31",
            "value": 1.304505876133235
        },
        {
            "Time": "2023-01-01",
            "value": 0.6339226367924298
        },
        {
            "Time": "2023-01-02",
            "value": 0.28532782120087413
        },
        {
            "Time": "2023-01-03",
            "value": 0.30057037474869647
        },
        {
            "Time": "2023-01-04",
            "value": 0.3340150457314236
        },
        {
            "Time": "2023-01-05",
            "value": 0.4377324661020435
        },
        {
            "Time": "2023-01-06",
            "value": 2.388666373300748
        },
        {
            "Time": "2023-01-07",
            "value": 2.527659942450057
        },
        {
            "Time": "2023-01-08",
            "value": 2.518146735084814
        },
        {
            "Time": "2023-01-09",
            "value": 0.40573780299580225
        },
        {
            "Time": "2023-01-10",
            "value": 0.4414039542957648
        },
        {
            "Time": "2023-01-11",
            "value": 0.6018171152304832
        },
        {
            "Time": "2023-01-12",
            "value": 1.4867241980928103
        },
        {
            "Time": "2023-01-13",
            "value": 0.27765966412476195
        },
        {
            "Time": "2023-01-14",
            "value": 1.6279950751500094
        },
        {
            "Time": "2023-01-15",
            "value": 0.2975829839494357
        },
        {
            "Time": "2023-01-16",
            "value": 2.029735130328303
        },
        {
            "Time": "2023-01-17",
            "value": 0.37350773078688965
        },
        {
            "Time": "2023-01-18",
            "value": 2.5013793659572388
        },
        {
            "Time": "2023-01-19",
            "value": 2.108919727025765
        },
        {
            "Time": "2023-01-20",
            "value": 0.7430454888214565
        },
        {
            "Time": "2023-01-21",
            "value": 0.2044827341523368
        },
        {
            "Time": "2023-01-22",
            "value": 2.01334099396609
        },
        {
            "Time": "2023-01-23",
            "value": 0.19271498172887241
        },
        {
            "Time": "2023-01-24",
            "value": 1.8228868966753913
        },
        {
            "Time": "2023-01-25",
            "value": 2.69015388309
        },
        {
            "Time": "2023-01-26",
            "value": 1.2391036832745752
        },
        {
            "Time": "2023-01-27",
            "value": 2.4993878258298396
        },
        {
            "Time": "2023-01-28",
            "value": 2.7490723276270503
        },
        {
            "Time": "2023-01-29",
            "value": 2.8645059208715176
        },
        {
            "Time": "2023-01-30",
            "value": 2.7976188497791843
        },
        {
            "Time": "2023-01-31",
            "value": 2.7978395709061754
        },
        {
            "Time": "2023-02-01",
            "value": 0.41743278262831285
        },
        {
            "Time": "2023-02-02",
            "value": 1.1195980727559012
        },
        {
            "Time": "2023-02-03",
            "value": 0.4436696642382674
        },
        {
            "Time": "2023-02-04",
            "value": 0.12606076142259334
        },
        {
            "Time": "2023-02-05",
            "value": 0.3147371079618512
        },
        {
            "Time": "2023-02-06",
            "value": 1.730708160852621
        },
        {
            "Time": "2023-02-07",
            "value": 0.31218154864182174
        },
        {
            "Time": "2023-02-08",
            "value": 0.1584782164985461
        },
        {
            "Time": "2023-02-09",
            "value": 0.41518678063903003
        },
        {
            "Time": "2023-02-10",
            "value": 0.20092988290534292
        },
        {
            "Time": "2023-02-11",
            "value": 0.8780812327425074
        },
        {
            "Time": "2023-02-12",
            "value": 1.2210831430772042
        },
        {
            "Time": "2023-02-13",
            "value": 0.3076909750572751
        },
        {
            "Time": "2023-02-14",
            "value": 0.9894920184036073
        },
        {
            "Time": "2023-02-15",
            "value": 2.6281059428957585
        },
        {
            "Time": "2023-02-16",
            "value": 3.0892265210551924
        },
        {
            "Time": "2023-02-17",
            "value": 2.299838149956788
        },
        {
            "Time": "2023-02-18",
            "value": 2.7793372036715067
        },
        {
            "Time": "2023-02-19",
            "value": 0.7022880456962096
        },
        {
            "Time": "2023-02-20",
            "value": 1.5436596543989538
        },
        {
            "Time": "2023-02-21",
            "value": 2.9586660595654943
        },
        {
            "Time": "2023-02-22",
            "value": 2.5484186323031355
        },
        {
            "Time": "2023-02-23",
            "value": 2.4474489461794713
        },
        {
            "Time": "2023-02-24",
            "value": 1.0188052390018325
        },
        {
            "Time": "2023-02-25",
            "value": 2.7100785311532003
        },
        {
            "Time": "2023-02-26",
            "value": 2.9726774896488184
        },
        {
            "Time": "2023-02-27",
            "value": 2.715972065950746
        },
        {
            "Time": "2023-02-28",
            "value": 1.4263327024214185
        },
        {
            "Time": "2023-03-01",
            "value": 1.4764979707374448
        },
        {
            "Time": "2023-03-02",
            "value": 2.0613760207717973
        },
        {
            "Time": "2023-03-03",
            "value": 2.540093786074451
        },
        {
            "Time": "2023-03-04",
            "value": 2.881984962738028
        },
        {
            "Time": "2023-03-05",
            "value": 2.7924578412311294
        },
        {
            "Time": "2023-03-06",
            "value": 2.90160062082077
        },
        {
            "Time": "2023-03-07",
            "value": 2.8564892413416443
        },
        {
            "Time": "2023-03-08",
            "value": 2.5363487421525344
        },
        {
            "Time": "2023-03-09",
            "value": 2.3081525743142968
        },
        {
            "Time": "2023-03-10",
            "value": 2.938061298591796
        },
        {
            "Time": "2023-03-11",
            "value": 2.4397035931937188
        },
        {
            "Time": "2023-03-12",
            "value": 0.5387348039651763
        },
        {
            "Time": "2023-03-13",
            "value": 2.369914219201937
        },
        {
            "Time": "2023-03-14",
            "value": 3.03906587606037
        },
        {
            "Time": "2023-03-15",
            "value": 2.5439811610506564
        },
        {
            "Time": "2023-03-16",
            "value": 2.5826761730343746
        },
        {
            "Time": "2023-03-17",
            "value": 1.4417011085894518
        },
        {
            "Time": "2023-03-18",
            "value": 0.3626551666751825
        },
        {
            "Time": "2023-03-19",
            "value": 0.11162836683695382
        },
        {
            "Time": "2023-03-20",
            "value": 2.1952275170719653
        },
        {
            "Time": "2023-03-21",
            "value": 1.1420894648153577
        },
        {
            "Time": "2023-03-22",
            "value": 2.0148989552253926
        },
        {
            "Time": "2023-03-23",
            "value": 0.1601634312244806
        },
        {
            "Time": "2023-03-24",
            "value": 0.19767520543143774
        },
        {
            "Time": "2023-03-25",
            "value": 0.25476309506320655
        },
        {
            "Time": "2023-03-26",
            "value": 1.074195277203627
        },
        {
            "Time": "2023-03-27",
            "value": 0.0
        }
    ]
}