{
    "data": [
        {
            "Time": "2022-11-27",
            "value": 0.22832489235217593
        },
        {
            "Time": "2022-11-28",
            "value": 0.9085224187435941
        },
        {
            "Time": "2022-11-29",
            "value": 0.8420789414630622
        },
        {
            "Time": "2022-11-30",
            "value": 0.3089824461381771
        },
        {
            "Time": "2022-12-01",
            "value": 0.35452794935341436
        },
        {
            "Time": "2022-12-02",
            "value": 0.40150037047047393
        },
        {
            "Time": "2022-12-03",
            "value": 0.6311028091455861
        },
        {
            "Time": "2022-12-04",
            "value": 0.4876840590675628
        },
        {
            "Time": "2022-12-05",
            "value": 0.39424690429862363
        },
        {
            "Time": "2022-12-06",
            "value": 0.6103428491882498
        },
        {
            "Time": "2022-12-07",
            "value": 0.19284838343773147
        },
        {
            "Time": "2022-12-08",
            "value": 0.9180893602735719
        },
        {
            "Time": "2022-12-09",
            "value": 0.7182071499770094
        },
        {
            "Time": "2022-12-10",
            "value": 2.1563843395254354
        },
        {
            "Time": "2022-12-11",
            "value": 0.36580026011750577
        },
        {
            "Time": "2022-12-12",
            "value": 1.190989615784825
        },
        {
            "Time": "2022-12-13",
            "value": 1.6370969647282876
        },
        {
            "Time": "2022-12-14",
            "value": 0.6426080434290213
        },
        {
            "Time": "2022-12-15",
            "value": 0.4818251795819053
        },
        {
            "Time": "2022-12-16",
            "value": 0.30909449189162397
        },
        {
            "Time": "2022-12-17",
            "value": 0.43317699482322575
        },
        {
            "Time": "2022-12-18",
            "value": 2.8141145253643867
        },
        {
            "Time": "2022-12-19",
            "value": 2.642958293648536
        },
        {
            "Time": "2022-12-20",
            "value": 1.4352323444420496
        },
        {
            "Time": "2022-12-21",
            "value": 2.5608509964243047
        },
        {
            "Time": "2022-12-22",
            "value": 2.6221228275606814
        },
        {
            "Time": "2022-12-23",
            "value": 2.744126025151072
        },
        {
            "Time": "2022-12-24",
            "value": 2.7708132441147764
        },
        {
            "Time": "2022-12-25",
            "value": 2.7933544573993636
        },
        {
            "Time": "2022-12-26",
            "value": 2.176820629295414
        },
        {
            "Time": "2022-12-27",
            "value": 0.9278723698083651
        },
        {
            "Time": "2022-12-28",
            "value": 0.45293634049618053
        },
        {
            "Time": "2022-12-29",
            "value": 0.28428674597042825
        },
        {
            "Time": "2022-12-30",
            "value": 0.42092939544467595
        },
        {
            "Time": "2022-12-31",
            "value": 1.431127742130966
        },
        {
            "Time": "2023-01-01",
            "value": 0.7392130579381844
        },
        {
            "Time": "2023-01-02",
            "value": 0.3679340283712963
        },
        {
            "Time": "2023-01-03",
            "value": 0.39456720557233393
        },
        {
            "Time": "2023-01-04",
            "value": 0.41692245450400467
        },
        {
            "Time": "2023-01-05",
            "value": 0.5327488401793518
        },
        {
            "Time": "2023-01-06",
            "value": 2.586430465421498
        },
        {
            "Time": "2023-01-07",
            "value": 2.755592668448313
        },
        {
            "Time": "2023-01-08",
            "value": 2.7453047955318453
        },
        {
            "Time": "2023-01-09",
            "value": 0.48259847912765214
        },
        {
            "Time": "2023-01-10",
            "value": 0.5314651109418874
        },
        {
            "Time": "2023-01-11",
            "value": 0.7044006735396369
        },
        {
            "Time": "2023-01-12",
            "value": 1.634028028649787
        },
        {
            "Time": "2023-01-13",
            "value": 0.3581497447129184
        },
        {
            "Time": "2023-01-14",
            "value": 1.7842345450591597
        },
        {
            "Time": "2023-01-15",
            "value": 0.3813933945938274
        },
        {
            "Time": "2023-01-16",
            "value": 2.201176151537663
        },
        {
            "Time": "2023-01-17",
            "value": 0.4474755715479167
        },
        {
            "Time": "2023-01-18",
            "value": 2.662880315562257
        },
        {
            "Time": "2023-01-19",
            "value": 2.1761134557090953
        },
        {
            "Time": "2023-01-20",
            "value": 0.8581826503203044
        },
        {
            "Time": "2023-01-21",
            "value": 0.28592014173726854
        },
        {
            "Time": "2023-01-22",
            "value": 2.1341630906438454
        },
        {
            "Time": "2023-01-23",
            "value": 0.28619682545248015
        },
        {
            "Time": "2023-01-24",
            "value": 1.874988504330823
        },
        {
            "Time": "2023-01-25",
            "value": 2.9220450271498115
        },
        {
            "Time": "2023-01-26",
            "value": 1.361796329075359
        },
        {
            "Time": "2023-01-27",
            "value": 2.6442827892573972
        },
        {
            "Time": "2023-01-28",
            "value": 2.9259184713399513
        },
        {
            "Time": "2023-01-29",
            "value": 2.9626934025924396
        },
        {
            "Time": "2023-01-30",
            "value": 3.0310740249974115
        },
        {
            "Time": "2023-01-31",
            "value": 3.0013967790734024
        },
        {
            "Time": "2023-02-01",
            "value": 0.4880283534060185
        },
        {
            "Time": "2023-02-02",
            "value": 1.1567563015560298
        },
        {
            "Time": "2023-02-03",
            "value": 0.5471082258823247
        },
        {
            "Time": "2023-02-04",
            "value": 0.2128049774876389
        },
        {
            "Time": "2023-02-05",
            "value": 0.4156637733150132
        },
        {
            "Time": "2023-02-06",
            "value": 1.8176724630183103
        },
        {
            "Time": "2023-02-07",
            "value": 0.41154443282312614
        },
        {
            "Time": "2023-02-08",
            "value": 0.25148123099900555
        },
        {
            "Time": "2023-02-09",
            "value": 0.5093225672658934
        },
        {
            "Time": "2023-02-10",
            "value": 0.3122939142474603
        },
        {
            "Time": "2023-02-11",
            "value": 0.9287845362971598
        },
        {
            "Time": "2023-02-12",
            "value": 1.2646435414469426
        },
        {
            "Time": "2023-02-13",
            "value": 0.4459706660820806
        },
        {
            "Time": "2023-02-14",
            "value": 1.0340294816820121
        },
        {
            "Time": "2023-02-15",
            "value": 2.6860033786664794
        },
        {
            "Time": "2023-02-16",
            "value": 3.1595013785819623
        },
        {
            "Time": "2023-02-17",
            "value": 2.3497577515447494
        },
        {
            "Time": "2023-02-18",
            "value": 2.7773310257677033
        },
        {
            "Time": "2023-02-19",
            "value": 0.7940665523517486
        },
        {
            "Time": "2023-02-20",
            "value": 1.6067858489049043
        },
        {
            "Time": "2023-02-21",
            "value": 3.074762798460304
        },
        {
            "Time": "2023-02-22",
            "value": 2.638424831418643
        },
        {
            "Time": "2023-02-23",
            "value": 2.497478515530888
        },
        {
            "Time": "2023-02-24",
            "value": 1.123195796746814
        },
        {
            "Time": "2023-02-25",
            "value": 2.831314299247274
        },
        {
            "Time": "2023-02-26",
            "value": 3.1414957282150313
        },
        {
            "Time": "2023-02-27",
            "value": 2.773070280272056
        },
        {
            "Time": "2023-02-28",
            "value": 1.543237469884731
        },
        {
            "Time": "2023-03-01",
            "value": 1.5678965009708876
        },
        {
            "Time": "2023-03-02",
            "value": 2.0965465444789766
        },
        {
            "Time": "2023-03-03",
            "value": 2.75670712622229
        },
        {
            "Time": "2023-03-04",
            "value": 3.0514802066911435
        },
        {
            "Time": "2023-03-05",
            "value": 2.995447108955231
        },
        {
            "Time": "2023-03-06",
            "value": 3.115848528935273
        },
        {
            "Time": "2023-03-07",
            "value": 3.0737244860776847
        },
        {
            "Time": "2023-03-08",
            "value": 2.8003503697047276
        },
        {
            "Time": "2023-03-09",
            "value": 2.329365339667566
        },
        {
            "Time": "2023-03-10",
            "value": 3.1389597621001073
        },
        {
            "Time": "2023-03-11",
            "value": 2.6951326146381267
        },
        {
            "Time": "2023-03-12",
            "value": 0.6462438814646279
        },
        {
            "Time": "2023-03-13",
            "value": 2.570777585760096
        },
        {
            "Time": "2023-03-14",
            "value": 3.241967436111636
        },
        {
            "Time": "2023-03-15",
            "value": 2.707141745135275
        },
        {
            "Time": "2023-03-16",
            "value": 2.7383713258334583
        },
        {
            "Time": "2023-03-17",
            "value": 1.6256301978061016
        },
        {
            "Time": "2023-03-18",
            "value": 0.4603414365065587
        },
        {
            "Time": "2023-03-19",
            "value": 0.20832675026537698
        },
        {
            "Time": "2023-03-20",
            "value": 2.273070480501656
        },
        {
            "Time": "2023-03-21",
            "value": 1.2560812178754117
        },
        {
            "Time": "2023-03-22",
            "value": 2.153332257010713
        },
        {
            "Time": "2023-03-23",
            "value": 0.26387778497058023
        },
        {
            "Time": "2023-03-24",
            "value": 0.3122420329781837
        },
        {
            "Time": "2023-03-25",
            "value": 0.37520139053748836
        },
        {
            "Time": "2023-03-26",
            "value": 1.1884661289683072
        },
        {
            "Time": "2023-03-27",
            "value": 0.0
        }
    ]
}