{
    "data": [
        {
            "Time": "2023-03-01",
            "value": 149.2338409423828
        },
        {
            "Time": "2023-03-02",
            "value": 148.37841796875
        },
        {
            "Time": "2023-03-03",
            "value": 149.9931182861328
        },
        {
            "Time": "2023-03-06",
            "value": 149.2434539794922
        },
        {
            "Time": "2023-03-07",
            "value": 146.9847869873047
        },
        {
            "Time": "2023-03-08",
            "value": 143.7842559814453
        },
        {
            "Time": "2023-03-09",
            "value": 141.62171936035156
        },
        {
            "Time": "2023-03-10",
            "value": 143.8899688720703
        },
        {
            "Time": "2023-03-13",
            "value": 146.0428924560547
        },
        {
            "Time": "2023-03-14",
            "value": 147.86903381347656
        },
        {
            "Time": "2023-03-15",
            "value": 148.07086181640625
        },
        {
            "Time": "2023-03-16",
            "value": 149.26268005371094
        },
        {
            "Time": "2023-03-17",
            "value": 148.2246551513672
        },
        {
            "Time": "2023-03-20",
            "value": 150.05076599121094
        },
        {
            "Time": "2023-03-21",
            "value": 150.67552185058594
        },
        {
            "Time": "2023-03-22",
            "value": 147.69602966308594
        },
        {
            "Time": "2023-03-23",
            "value": 149.26268005371094
        },
        {
            "Time": "2023-03-24",
            "value": 151.87692260742188
        },
        {
            "Time": "2023-03-27",
            "value": 151.4155731201172
        },
        {
            "Time": "2023-03-28",
            "value": 152.0979766845703
        },
        {
            "Time": "2023-03-29",
            "value": 151.85769653320312
        },
        {
            "Time": "2023-03-30",
            "value": 151.7808074951172
        },
        {
            "Time": "2023-03-31",
            "value": 153.17442321777344
        }
    ]
}