{
    "data": [
        {
            "Time": "2023-03-01",
            "value": 98.8226318359375
        },
        {
            "Time": "2023-03-02",
            "value": 100.5867919921875
        },
        {
            "Time": "2023-03-03",
            "value": 102.37056732177734
        },
        {
            "Time": "2023-03-06",
            "value": 100.70440673828124
        },
        {
            "Time": "2023-03-07",
            "value": 97.98956298828124
        },
        {
            "Time": "2023-03-08",
            "value": 97.4210968017578
        },
        {
            "Time": "2023-03-09",
            "value": 95.90196228027344
        },
        {
            "Time": "2023-03-10",
            "value": 95.02967071533205
        },
        {
            "Time": "2023-03-13",
            "value": 96.23519897460938
        },
        {
            "Time": "2023-03-14",
            "value": 96.58802795410156
        },
        {
            "Time": "2023-03-15",
            "value": 95.85295867919922
        },
        {
            "Time": "2023-03-16",
            "value": 97.05846405029295
        },
        {
            "Time": "2023-03-17",
            "value": 95.07868957519533
        },
        {
            "Time": "2023-03-20",
            "value": 95.92156219482422
        },
        {
            "Time": "2023-03-21",
            "value": 96.37240600585938
        },
        {
            "Time": "2023-03-22",
            "value": 94.93167114257812
        },
        {
            "Time": "2023-03-23",
            "value": 95.10808563232422
        },
        {
            "Time": "2023-03-24",
            "value": 96.09797668457033
        },
        {
            "Time": "2023-03-27",
            "value": 96.49980926513672
        },
        {
            "Time": "2023-03-28",
            "value": 95.17669677734376
        },
        {
            "Time": "2023-03-29",
            "value": 96.6566390991211
        },
        {
            "Time": "2023-03-30",
            "value": 97.10747528076172
        },
        {
            "Time": "2023-03-31",
            "value": 99.24407958984376
        }
    ]
}