{
    "data": [
        {
            "Time": "2023-03-01",
            "value": 466.333251953125
        },
        {
            "Time": "2023-03-02",
            "value": 468.7668762207031
        },
        {
            "Time": "2023-03-03",
            "value": 469.61077880859375
        },
        {
            "Time": "2023-03-06",
            "value": 471.7892456054687
        },
        {
            "Time": "2023-03-07",
            "value": 465.018310546875
        },
        {
            "Time": "2023-03-08",
            "value": 461.7995910644531
        },
        {
            "Time": "2023-03-09",
            "value": 456.2160339355469
        },
        {
            "Time": "2023-03-10",
            "value": 453.3305969238281
        },
        {
            "Time": "2023-03-13",
            "value": 456.629638671875
        },
        {
            "Time": "2023-03-14",
            "value": 457.5159606933594
        },
        {
            "Time": "2023-03-15",
            "value": 458.3530578613281
        },
        {
            "Time": "2023-03-16",
            "value": 464.84283447265625
        },
        {
            "Time": "2023-03-17",
            "value": 462.3611755371094
        },
        {
            "Time": "2023-03-20",
            "value": 469.7077331542969
        },
        {
            "Time": "2023-03-21",
            "value": 472.7999877929687
        },
        {
            "Time": "2023-03-22",
            "value": 468.2896423339844
        },
        {
            "Time": "2023-03-23",
            "value": 462.7649536132813
        },
        {
            "Time": "2023-03-24",
            "value": 468.75250244140625
        },
        {
            "Time": "2023-03-27",
            "value": 474.5726013183594
        },
        {
            "Time": "2023-03-28",
            "value": 465.3943481445313
        },
        {
            "Time": "2023-03-29",
            "value": 459.4954223632813
        },
        {
            "Time": "2023-03-30",
            "value": 462.91259765625
        },
        {
            "Time": "2023-03-31",
            "value": 465.4042053222656
        }
    ]
}