{
    "data": [
        {
            "Time": "2023-03-01",
            "value": 311.5618591308594
        },
        {
            "Time": "2023-03-02",
            "value": 312.4345397949219
        },
        {
            "Time": "2023-03-03",
            "value": 315.7864685058594
        },
        {
            "Time": "2023-03-06",
            "value": 316.31207275390625
        },
        {
            "Time": "2023-03-07",
            "value": 308.05126953125
        },
        {
            "Time": "2023-03-08",
            "value": 309.94537353515625
        },
        {
            "Time": "2023-03-09",
            "value": 314.2196350097656
        },
        {
            "Time": "2023-03-10",
            "value": 312.4047546386719
        },
        {
            "Time": "2023-03-13",
            "value": 321.796142578125
        },
        {
            "Time": "2023-03-14",
            "value": 324.3547668457031
        },
        {
            "Time": "2023-03-15",
            "value": 326.73480224609375
        },
        {
            "Time": "2023-03-16",
            "value": 326.7943115234375
        },
        {
            "Time": "2023-03-17",
            "value": 326.4472351074219
        },
        {
            "Time": "2023-03-20",
            "value": 330.8305358886719
        },
        {
            "Time": "2023-03-21",
            "value": 328.3314514160156
        },
        {
            "Time": "2023-03-22",
            "value": 328.2223815917969
        },
        {
            "Time": "2023-03-23",
            "value": 329.8785400390625
        },
        {
            "Time": "2023-03-24",
            "value": 333.33953857421875
        },
        {
            "Time": "2023-03-27",
            "value": 331.822265625
        },
        {
            "Time": "2023-03-28",
            "value": 334.846923828125
        },
        {
            "Time": "2023-03-29",
            "value": 333.0816955566406
        },
        {
            "Time": "2023-03-30",
            "value": 337.8616943359375
        },
        {
            "Time": "2023-03-31",
            "value": 340.56903076171875
        }
    ]
}