{
    "data": [
        {
            "Time": "2023-03-01",
            "value": 216.5391845703125
        },
        {
            "Time": "2023-03-02",
            "value": 220.39585876464844
        },
        {
            "Time": "2023-03-03",
            "value": 223.40530395507812
        },
        {
            "Time": "2023-03-06",
            "value": 220.5017547607422
        },
        {
            "Time": "2023-03-07",
            "value": 216.44210815429688
        },
        {
            "Time": "2023-03-08",
            "value": 218.6572723388672
        },
        {
            "Time": "2023-03-09",
            "value": 215.0124053955078
        },
        {
            "Time": "2023-03-10",
            "value": 211.58816528320312
        },
        {
            "Time": "2023-03-13",
            "value": 212.15296936035156
        },
        {
            "Time": "2023-03-14",
            "value": 216.08908081054688
        },
        {
            "Time": "2023-03-15",
            "value": 213.6709442138672
        },
        {
            "Time": "2023-03-16",
            "value": 220.0516815185547
        },
        {
            "Time": "2023-03-17",
            "value": 214.42111206054688
        },
        {
            "Time": "2023-03-20",
            "value": 216.0449676513672
        },
        {
            "Time": "2023-03-21",
            "value": 219.20443725585935
        },
        {
            "Time": "2023-03-22",
            "value": 217.37759399414065
        },
        {
            "Time": "2023-03-23",
            "value": 217.92477416992188
        },
        {
            "Time": "2023-03-24",
            "value": 219.0191192626953
        },
        {
            "Time": "2023-03-27",
            "value": 218.8426055908203
        },
        {
            "Time": "2023-03-28",
            "value": 217.85415649414065
        },
        {
            "Time": "2023-03-29",
            "value": 218.41014099121097
        },
        {
            "Time": "2023-03-30",
            "value": 220.6984405517578
        },
        {
            "Time": "2023-03-31",
            "value": 222.67745971679688
        }
    ]
}