{
    "data": [
        {
            "Time": "2022-11-27",
            "value": 0.1804496186895486
        },
        {
            "Time": "2022-11-28",
            "value": 0.6900541310035221
        },
        {
            "Time": "2022-11-29",
            "value": 0.6266150911617067
        },
        {
            "Time": "2022-11-30",
            "value": 0.25760827523628677
        },
        {
            "Time": "2022-12-01",
            "value": 0.30739762683876154
        },
        {
            "Time": "2022-12-02",
            "value": 0.3673243817775272
        },
        {
            "Time": "2022-12-03",
            "value": 0.5975389215350296
        },
        {
            "Time": "2022-12-04",
            "value": 0.4280570856928939
        },
        {
            "Time": "2022-12-05",
            "value": 0.35212951350160615
        },
        {
            "Time": "2022-12-06",
            "value": 0.5899163801208333
        },
        {
            "Time": "2022-12-07",
            "value": 0.17663773086416665
        },
        {
            "Time": "2022-12-08",
            "value": 0.7022008875738013
        },
        {
            "Time": "2022-12-09",
            "value": 0.6554630214179059
        },
        {
            "Time": "2022-12-10",
            "value": 0.5913868470348346
        },
        {
            "Time": "2022-12-11",
            "value": 0.3630109364354952
        },
        {
            "Time": "2022-12-12",
            "value": 0.5884421516032636
        },
        {
            "Time": "2022-12-13",
            "value": 1.105996385628259
        },
        {
            "Time": "2022-12-14",
            "value": 0.6103214092595499
        },
        {
            "Time": "2022-12-15",
            "value": 0.4442834457038026
        },
        {
            "Time": "2022-12-16",
            "value": 0.27870557175873634
        },
        {
            "Time": "2022-12-17",
            "value": 0.3591950051581532
        },
        {
            "Time": "2022-12-18",
            "value": 0.9132009047238926
        },
        {
            "Time": "2022-12-19",
            "value": 0.9681162029114969
        },
        {
            "Time": "2022-12-20",
            "value": 1.085934219775414
        },
        {
            "Time": "2022-12-21",
            "value": 1.0465743045130846
        },
        {
            "Time": "2022-12-22",
            "value": 0.9550687837448006
        },
        {
            "Time": "2022-12-23",
            "value": 1.0174859848583386
        },
        {
            "Time": "2022-12-24",
            "value": 1.0273150718418866
        },
        {
            "Time": "2022-12-25",
            "value": 0.9004079864154089
        },
        {
            "Time": "2022-12-26",
            "value": 0.6978386010348439
        },
        {
            "Time": "2022-12-27",
            "value": 0.6301520045701003
        },
        {
            "Time": "2022-12-28",
            "value": 0.4659495696970404
        },
        {
            "Time": "2022-12-29",
            "value": 0.2942939839278935
        },
        {
            "Time": "2022-12-30",
            "value": 0.43153587856539355
        },
        {
            "Time": "2022-12-31",
            "value": 0.7859131598511292
        },
        {
            "Time": "2023-01-01",
            "value": 0.6704874112778935
        },
        {
            "Time": "2023-01-02",
            "value": 0.36982060342901624
        },
        {
            "Time": "2023-01-03",
            "value": 0.3830183537757661
        },
        {
            "Time": "2023-01-04",
            "value": 0.42766087618211807
        },
        {
            "Time": "2023-01-05",
            "value": 0.5519992175614716
        },
        {
            "Time": "2023-01-06",
            "value": 0.9758316664267467
        },
        {
            "Time": "2023-01-07",
            "value": 1.010984520054251
        },
        {
            "Time": "2023-01-08",
            "value": 1.1074358578300858
        },
        {
            "Time": "2023-01-09",
            "value": 0.4765222764871528
        },
        {
            "Time": "2023-01-10",
            "value": 0.5031703837279804
        },
        {
            "Time": "2023-01-11",
            "value": 0.6765995261283937
        },
        {
            "Time": "2023-01-12",
            "value": 0.7724136367708299
        },
        {
            "Time": "2023-01-13",
            "value": 0.3546560288561543
        },
        {
            "Time": "2023-01-14",
            "value": 0.8343781410809002
        },
        {
            "Time": "2023-01-15",
            "value": 0.3691452600116961
        },
        {
            "Time": "2023-01-16",
            "value": 0.6903788836260212
        },
        {
            "Time": "2023-01-17",
            "value": 0.4548133664859375
        },
        {
            "Time": "2023-01-18",
            "value": 1.185484883050027
        },
        {
            "Time": "2023-01-19",
            "value": 0.7907372759545533
        },
        {
            "Time": "2023-01-20",
            "value": 0.6770677567348647
        },
        {
            "Time": "2023-01-21",
            "value": 0.29350925900385416
        },
        {
            "Time": "2023-01-22",
            "value": 0.9161424052738629
        },
        {
            "Time": "2023-01-23",
            "value": 0.27585127491992545
        },
        {
            "Time": "2023-01-24",
            "value": 0.6935909330176876
        },
        {
            "Time": "2023-01-25",
            "value": 1.1603336897047265
        },
        {
            "Time": "2023-01-26",
            "value": 0.7518268095782028
        },
        {
            "Time": "2023-01-27",
            "value": 0.8162738435084094
        },
        {
            "Time": "2023-01-28",
            "value": 1.6691435192474737
        },
        {
            "Time": "2023-01-29",
            "value": 1.3524215877306627
        },
        {
            "Time": "2023-01-30",
            "value": 1.433528147378941
        },
        {
            "Time": "2023-01-31",
            "value": 1.7241753180555877
        },
        {
            "Time": "2023-02-01",
            "value": 0.5156944462660185
        },
        {
            "Time": "2023-02-02",
            "value": 0.8850324726792486
        },
        {
            "Time": "2023-02-03",
            "value": 0.5587398028797897
        },
        {
            "Time": "2023-02-04",
            "value": 0.2065732321579903
        },
        {
            "Time": "2023-02-05",
            "value": 0.42623205959379795
        },
        {
            "Time": "2023-02-06",
            "value": 1.2145725322854892
        },
        {
            "Time": "2023-02-07",
            "value": 0.4088104014706817
        },
        {
            "Time": "2023-02-08",
            "value": 0.22623047643959274
        },
        {
            "Time": "2023-02-09",
            "value": 0.49013690232477164
        },
        {
            "Time": "2023-02-10",
            "value": 0.28908325771094906
        },
        {
            "Time": "2023-02-11",
            "value": 0.8044695241235775
        },
        {
            "Time": "2023-02-12",
            "value": 1.0614499838221683
        },
        {
            "Time": "2023-02-13",
            "value": 0.41737492175305796
        },
        {
            "Time": "2023-02-14",
            "value": 0.9315961417163253
        },
        {
            "Time": "2023-02-15",
            "value": 1.7731612507511412
        },
        {
            "Time": "2023-02-16",
            "value": 2.3443961980692056
        },
        {
            "Time": "2023-02-17",
            "value": 1.9208592584791113
        },
        {
            "Time": "2023-02-18",
            "value": 1.9864247783176006
        },
        {
            "Time": "2023-02-19",
            "value": 0.7968681227714699
        },
        {
            "Time": "2023-02-20",
            "value": 1.3678637108155678
        },
        {
            "Time": "2023-02-21",
            "value": 2.3265085093287867
        },
        {
            "Time": "2023-02-22",
            "value": 2.0450879980872427
        },
        {
            "Time": "2023-02-23",
            "value": 1.762315437551371
        },
        {
            "Time": "2023-02-24",
            "value": 1.0171937373118745
        },
        {
            "Time": "2023-02-25",
            "value": 2.148703955200765
        },
        {
            "Time": "2023-02-26",
            "value": 2.352842446862863
        },
        {
            "Time": "2023-02-27",
            "value": 1.8501464668476109
        },
        {
            "Time": "2023-02-28",
            "value": 1.4259616327354883
        },
        {
            "Time": "2023-03-01",
            "value": 1.2500226570499693
        },
        {
            "Time": "2023-03-02",
            "value": 1.6478746793139647
        },
        {
            "Time": "2023-03-03",
            "value": 2.0254173923600027
        },
        {
            "Time": "2023-03-04",
            "value": 2.523831363049265
        },
        {
            "Time": "2023-03-05",
            "value": 2.5533230547130144
        },
        {
            "Time": "2023-03-06",
            "value": 2.6956663774098337
        },
        {
            "Time": "2023-03-07",
            "value": 2.7447332692828956
        },
        {
            "Time": "2023-03-08",
            "value": 2.556236888169686
        },
        {
            "Time": "2023-03-09",
            "value": 2.0099999592059343
        },
        {
            "Time": "2023-03-10",
            "value": 3.09256938083103
        },
        {
            "Time": "2023-03-11",
            "value": 2.464643701664393
        },
        {
            "Time": "2023-03-12",
            "value": 0.6652501864232826
        },
        {
            "Time": "2023-03-13",
            "value": 2.4476436382156397
        },
        {
            "Time": "2023-03-14",
            "value": 3.3079054007067796
        },
        {
            "Time": "2023-03-15",
            "value": 2.765358448724206
        },
        {
            "Time": "2023-03-16",
            "value": 2.8825120534140347
        },
        {
            "Time": "2023-03-17",
            "value": 1.529421675188551
        },
        {
            "Time": "2023-03-18",
            "value": 0.4530768196896329
        },
        {
            "Time": "2023-03-19",
            "value": 0.18689467440525465
        },
        {
            "Time": "2023-03-20",
            "value": 2.3391243400228423
        },
        {
            "Time": "2023-03-21",
            "value": 1.2746471635562155
        },
        {
            "Time": "2023-03-22",
            "value": 2.234914276819064
        },
        {
            "Time": "2023-03-23",
            "value": 0.24493469330393908
        },
        {
            "Time": "2023-03-24",
            "value": 0.2707266197272581
        },
        {
            "Time": "2023-03-25",
            "value": 0.35014332128958336
        },
        {
            "Time": "2023-03-26",
            "value": 1.2032406364002124
        },
        {
            "Time": "2023-03-27",
            "value": 0.0
        }
    ]
}