{
    "data": [
        {
            "Time": "2022-11-27",
            "value": 0.14601090458333515
        },
        {
            "Time": "2022-11-28",
            "value": 0.8397636949275479
        },
        {
            "Time": "2022-11-29",
            "value": 0.5643877693028172
        },
        {
            "Time": "2022-11-30",
            "value": 0.2440749902049096
        },
        {
            "Time": "2022-12-01",
            "value": 0.0
        },
        {
            "Time": "2022-12-02",
            "value": 0.0
        },
        {
            "Time": "2022-12-03",
            "value": 0.0
        },
        {
            "Time": "2022-12-04",
            "value": 0.0
        },
        {
            "Time": "2022-12-05",
            "value": 0.0
        },
        {
            "Time": "2022-12-06",
            "value": 0.0
        },
        {
            "Time": "2022-12-07",
            "value": 0.0
        },
        {
            "Time": "2022-12-08",
            "value": 0.8076890815321688
        },
        {
            "Time": "2022-12-09",
            "value": 0.6758365274941857
        },
        {
            "Time": "2022-12-10",
            "value": 1.7287632230505272
        },
        {
            "Time": "2022-12-11",
            "value": 0.30328758064757266
        },
        {
            "Time": "2022-12-12",
            "value": 1.0682461357697277
        },
        {
            "Time": "2022-12-13",
            "value": 1.2240069720436098
        },
        {
            "Time": "2022-12-14",
            "value": 0.5975514276710147
        },
        {
            "Time": "2022-12-15",
            "value": 0.4116803963245405
        },
        {
            "Time": "2022-12-16",
            "value": 0.23634419266772114
        },
        {
            "Time": "2022-12-17",
            "value": 0.3633538874776473
        },
        {
            "Time": "2022-12-18",
            "value": 1.9999611911605462
        },
        {
            "Time": "2022-12-19",
            "value": 1.9734171710094235
        },
        {
            "Time": "2022-12-20",
            "value": 1.001763042261772
        },
        {
            "Time": "2022-12-21",
            "value": 1.9309050140344248
        },
        {
            "Time": "2022-12-22",
            "value": 2.206916344952028
        },
        {
            "Time": "2022-12-23",
            "value": 2.086555643731458
        },
        {
            "Time": "2022-12-24",
            "value": 2.1060768238279834
        },
        {
            "Time": "2022-12-25",
            "value": 2.1184561010043548
        },
        {
            "Time": "2022-12-26",
            "value": 1.6221645065536487
        },
        {
            "Time": "2022-12-27",
            "value": 0.7271662557497476
        },
        {
            "Time": "2022-12-28",
            "value": 0.401142356086044
        },
        {
            "Time": "2022-12-29",
            "value": 0.2288599556810486
        },
        {
            "Time": "2022-12-30",
            "value": 0.38583448588812497
        },
        {
            "Time": "2022-12-31",
            "value": 1.2446034456396617
        },
        {
            "Time": "2023-01-01",
            "value": 0.6538568195085426
        },
        {
            "Time": "2023-01-02",
            "value": 0.3187455733026871
        },
        {
            "Time": "2023-01-03",
            "value": 0.3534726052095171
        },
        {
            "Time": "2023-01-04",
            "value": 0.3726607573415782
        },
        {
            "Time": "2023-01-05",
            "value": 0.49681446600538054
        },
        {
            "Time": "2023-01-06",
            "value": 1.9458837988683686
        },
        {
            "Time": "2023-01-07",
            "value": 2.2112722167705647
        },
        {
            "Time": "2023-01-08",
            "value": 2.159310789220054
        },
        {
            "Time": "2023-01-09",
            "value": 0.4217163170458869
        },
        {
            "Time": "2023-01-10",
            "value": 0.4577395861079814
        },
        {
            "Time": "2023-01-11",
            "value": 0.6405347690143189
        },
        {
            "Time": "2023-01-12",
            "value": 1.3007181369997236
        },
        {
            "Time": "2023-01-13",
            "value": 0.29859592375999255
        },
        {
            "Time": "2023-01-14",
            "value": 1.5069228731420798
        },
        {
            "Time": "2023-01-15",
            "value": 0.3234159263770245
        },
        {
            "Time": "2023-01-16",
            "value": 1.7179669274187905
        },
        {
            "Time": "2023-01-17",
            "value": 0.4059076616220691
        },
        {
            "Time": "2023-01-18",
            "value": 2.0153217737159497
        },
        {
            "Time": "2023-01-19",
            "value": 1.8688256709258793
        },
        {
            "Time": "2023-01-20",
            "value": 0.7641931289631316
        },
        {
            "Time": "2023-01-21",
            "value": 0.23327939963857638
        },
        {
            "Time": "2023-01-22",
            "value": 1.728381952740413
        },
        {
            "Time": "2023-01-23",
            "value": 0.19978472212080692
        },
        {
            "Time": "2023-01-24",
            "value": 1.6916223852824057
        },
        {
            "Time": "2023-01-25",
            "value": 2.263860752455262
        },
        {
            "Time": "2023-01-26",
            "value": 1.2027297911461137
        },
        {
            "Time": "2023-01-27",
            "value": 2.098613151962431
        },
        {
            "Time": "2023-01-28",
            "value": 2.346227010477922
        },
        {
            "Time": "2023-01-29",
            "value": 2.3925299865933227
        },
        {
            "Time": "2023-01-30",
            "value": 2.5367800064224033
        },
        {
            "Time": "2023-01-31",
            "value": 2.5317030129387534
        },
        {
            "Time": "2023-02-01",
            "value": 0.43854513987242594
        },
        {
            "Time": "2023-02-02",
            "value": 1.1036534956186355
        },
        {
            "Time": "2023-02-03",
            "value": 0.488475462951647
        },
        {
            "Time": "2023-02-04",
            "value": 0.14353004270081832
        },
        {
            "Time": "2023-02-05",
            "value": 0.34677629149050926
        },
        {
            "Time": "2023-02-06",
            "value": 1.5741804787559541
        },
        {
            "Time": "2023-02-07",
            "value": 0.31492128710632605
        },
        {
            "Time": "2023-02-08",
            "value": 0.17204078002817294
        },
        {
            "Time": "2023-02-09",
            "value": 0.43828037024861966
        },
        {
            "Time": "2023-02-10",
            "value": 0.21477257002214398
        },
        {
            "Time": "2023-02-11",
            "value": 0.8718961621295332
        },
        {
            "Time": "2023-02-12",
            "value": 1.2253228587926808
        },
        {
            "Time": "2023-02-13",
            "value": 0.3483390689293644
        },
        {
            "Time": "2023-02-14",
            "value": 1.0078021216323192
        },
        {
            "Time": "2023-02-15",
            "value": 2.488374733945808
        },
        {
            "Time": "2023-02-16",
            "value": 2.8963049321041505
        },
        {
            "Time": "2023-02-17",
            "value": 2.1580046758927938
        },
        {
            "Time": "2023-02-18",
            "value": 2.5702866687444588
        },
        {
            "Time": "2023-02-19",
            "value": 0.7381402696141567
        },
        {
            "Time": "2023-02-20",
            "value": 1.5407434920083865
        },
        {
            "Time": "2023-02-21",
            "value": 2.862691911561324
        },
        {
            "Time": "2023-02-22",
            "value": 2.4536998285929306
        },
        {
            "Time": "2023-02-23",
            "value": 2.3705873073955486
        },
        {
            "Time": "2023-02-24",
            "value": 1.05041522101251
        },
        {
            "Time": "2023-02-25",
            "value": 2.6460035258328176
        },
        {
            "Time": "2023-02-26",
            "value": 2.9654585396350854
        },
        {
            "Time": "2023-02-27",
            "value": 2.6091446611416487
        },
        {
            "Time": "2023-02-28",
            "value": 1.4514518775602236
        },
        {
            "Time": "2023-03-01",
            "value": 1.4916880330983162
        },
        {
            "Time": "2023-03-02",
            "value": 1.9932942628967283
        },
        {
            "Time": "2023-03-03",
            "value": 2.57921614546038
        },
        {
            "Time": "2023-03-04",
            "value": 2.8922459835776477
        },
        {
            "Time": "2023-03-05",
            "value": 2.842954458789605
        },
        {
            "Time": "2023-03-06",
            "value": 2.948321888383122
        },
        {
            "Time": "2023-03-07",
            "value": 2.9303255116966587
        },
        {
            "Time": "2023-03-08",
            "value": 2.65503536480838
        },
        {
            "Time": "2023-03-09",
            "value": 2.2379518179426934
        },
        {
            "Time": "2023-03-10",
            "value": 2.9976117843136465
        },
        {
            "Time": "2023-03-11",
            "value": 2.543461676316767
        },
        {
            "Time": "2023-03-12",
            "value": 0.5892574653677359
        },
        {
            "Time": "2023-03-13",
            "value": 2.434593932209984
        },
        {
            "Time": "2023-03-14",
            "value": 3.1242805352785914
        },
        {
            "Time": "2023-03-15",
            "value": 2.5763452327374035
        },
        {
            "Time": "2023-03-16",
            "value": 2.635228916827208
        },
        {
            "Time": "2023-03-17",
            "value": 1.5105146956545534
        },
        {
            "Time": "2023-03-18",
            "value": 0.38363239378222097
        },
        {
            "Time": "2023-03-19",
            "value": 0.1268757081735843
        },
        {
            "Time": "2023-03-20",
            "value": 2.2099140112970486
        },
        {
            "Time": "2023-03-21",
            "value": 1.1944519415728936
        },
        {
            "Time": "2023-03-22",
            "value": 2.0432221543292837
        },
        {
            "Time": "2023-03-23",
            "value": 0.16677569691898814
        },
        {
            "Time": "2023-03-24",
            "value": 0.19874538103464953
        },
        {
            "Time": "2023-03-25",
            "value": 0.25335790778875844
        },
        {
            "Time": "2023-03-26",
            "value": 1.140700056163746
        },
        {
            "Time": "2023-03-27",
            "value": 0.0
        }
    ]
}