{
    "data": [
        {
            "Time": "2022-11-27",
            "value": 0.21308803729694567
        },
        {
            "Time": "2022-11-28",
            "value": 0.8044626630842993
        },
        {
            "Time": "2022-11-29",
            "value": 0.6304328951786727
        },
        {
            "Time": "2022-11-30",
            "value": 0.28856380487251
        },
        {
            "Time": "2022-12-01",
            "value": 0.0
        },
        {
            "Time": "2022-12-02",
            "value": 0.0
        },
        {
            "Time": "2022-12-03",
            "value": 0.0
        },
        {
            "Time": "2022-12-04",
            "value": 0.0
        },
        {
            "Time": "2022-12-05",
            "value": 0.0
        },
        {
            "Time": "2022-12-06",
            "value": 0.0
        },
        {
            "Time": "2022-12-07",
            "value": 0.0
        },
        {
            "Time": "2022-12-08",
            "value": 0.8231215544309313
        },
        {
            "Time": "2022-12-09",
            "value": 0.6877468703711054
        },
        {
            "Time": "2022-12-10",
            "value": 1.618143083683124
        },
        {
            "Time": "2022-12-11",
            "value": 0.3527913166483912
        },
        {
            "Time": "2022-12-12",
            "value": 1.0774621612566142
        },
        {
            "Time": "2022-12-13",
            "value": 1.1578090297468877
        },
        {
            "Time": "2022-12-14",
            "value": 0.62279490517085
        },
        {
            "Time": "2022-12-15",
            "value": 0.4428433699453884
        },
        {
            "Time": "2022-12-16",
            "value": 0.28207704806003336
        },
        {
            "Time": "2022-12-17",
            "value": 0.41304714502199646
        },
        {
            "Time": "2022-12-18",
            "value": 2.1235613347191054
        },
        {
            "Time": "2022-12-19",
            "value": 1.9297697331134636
        },
        {
            "Time": "2022-12-20",
            "value": 0.978770804993835
        },
        {
            "Time": "2022-12-21",
            "value": 1.7944200489806983
        },
        {
            "Time": "2022-12-22",
            "value": 1.9597063833578383
        },
        {
            "Time": "2022-12-23",
            "value": 1.9982847504596748
        },
        {
            "Time": "2022-12-24",
            "value": 2.0714335565540187
        },
        {
            "Time": "2022-12-25",
            "value": 2.084910868655498
        },
        {
            "Time": "2022-12-26",
            "value": 1.5115896104090916
        },
        {
            "Time": "2022-12-27",
            "value": 0.7898779381466358
        },
        {
            "Time": "2022-12-28",
            "value": 0.43422453133425926
        },
        {
            "Time": "2022-12-29",
            "value": 0.2769444424259259
        },
        {
            "Time": "2022-12-30",
            "value": 0.4111365695075231
        },
        {
            "Time": "2022-12-31",
            "value": 1.2267981750565937
        },
        {
            "Time": "2023-01-01",
            "value": 0.6800130401827866
        },
        {
            "Time": "2023-01-02",
            "value": 0.3602662026585648
        },
        {
            "Time": "2023-01-03",
            "value": 0.38427025344592153
        },
        {
            "Time": "2023-01-04",
            "value": 0.4136608764753472
        },
        {
            "Time": "2023-01-05",
            "value": 0.5222835593197338
        },
        {
            "Time": "2023-01-06",
            "value": 1.9793355270839073
        },
        {
            "Time": "2023-01-07",
            "value": 2.0970685026465414
        },
        {
            "Time": "2023-01-08",
            "value": 2.0280368616665356
        },
        {
            "Time": "2023-01-09",
            "value": 0.45531859135134256
        },
        {
            "Time": "2023-01-10",
            "value": 0.5013362686494626
        },
        {
            "Time": "2023-01-11",
            "value": 0.6700076668011288
        },
        {
            "Time": "2023-01-12",
            "value": 1.3386590574871353
        },
        {
            "Time": "2023-01-13",
            "value": 0.32796674064752174
        },
        {
            "Time": "2023-01-14",
            "value": 1.4031297288157039
        },
        {
            "Time": "2023-01-15",
            "value": 0.3651078406661264
        },
        {
            "Time": "2023-01-16",
            "value": 1.7638026499955515
        },
        {
            "Time": "2023-01-17",
            "value": 0.4394224549663426
        },
        {
            "Time": "2023-01-18",
            "value": 2.1121460033783372
        },
        {
            "Time": "2023-01-19",
            "value": 1.8401492294384008
        },
        {
            "Time": "2023-01-20",
            "value": 0.7927449665270997
        },
        {
            "Time": "2023-01-21",
            "value": 0.26552546275483796
        },
        {
            "Time": "2023-01-22",
            "value": 1.7048862075657452
        },
        {
            "Time": "2023-01-23",
            "value": 0.258032533953941
        },
        {
            "Time": "2023-01-24",
            "value": 1.6086678916913684
        },
        {
            "Time": "2023-01-25",
            "value": 2.3461842756234597
        },
        {
            "Time": "2023-01-26",
            "value": 1.216305298184746
        },
        {
            "Time": "2023-01-27",
            "value": 2.173919394298879
        },
        {
            "Time": "2023-01-28",
            "value": 2.4219248075685558
        },
        {
            "Time": "2023-01-29",
            "value": 2.484171731447753
        },
        {
            "Time": "2023-01-30",
            "value": 2.5670796031264858
        },
        {
            "Time": "2023-01-31",
            "value": 2.51055362699769
        },
        {
            "Time": "2023-02-01",
            "value": 0.4720729129881944
        },
        {
            "Time": "2023-02-02",
            "value": 1.102429602614401
        },
        {
            "Time": "2023-02-03",
            "value": 0.5133204233675819
        },
        {
            "Time": "2023-02-04",
            "value": 0.19131828775442128
        },
        {
            "Time": "2023-02-05",
            "value": 0.3692618103098239
        },
        {
            "Time": "2023-02-06",
            "value": 1.5669850335733002
        },
        {
            "Time": "2023-02-07",
            "value": 0.36376520511562993
        },
        {
            "Time": "2023-02-08",
            "value": 0.23074721030293033
        },
        {
            "Time": "2023-02-09",
            "value": 0.4817891600222454
        },
        {
            "Time": "2023-02-10",
            "value": 0.26648128572103225
        },
        {
            "Time": "2023-02-11",
            "value": 0.883127068033963
        },
        {
            "Time": "2023-02-12",
            "value": 1.2178652978336617
        },
        {
            "Time": "2023-02-13",
            "value": 0.39236720289578725
        },
        {
            "Time": "2023-02-14",
            "value": 1.005179254572382
        },
        {
            "Time": "2023-02-15",
            "value": 2.360054206519912
        },
        {
            "Time": "2023-02-16",
            "value": 2.732271765704867
        },
        {
            "Time": "2023-02-17",
            "value": 2.078516545021386
        },
        {
            "Time": "2023-02-18",
            "value": 2.4424829929512595
        },
        {
            "Time": "2023-02-19",
            "value": 0.7797326590147111
        },
        {
            "Time": "2023-02-20",
            "value": 1.534674739821133
        },
        {
            "Time": "2023-02-21",
            "value": 2.6383187592335373
        },
        {
            "Time": "2023-02-22",
            "value": 2.3893060956530032
        },
        {
            "Time": "2023-02-23",
            "value": 2.2538869421288714
        },
        {
            "Time": "2023-02-24",
            "value": 1.0679012804334147
        },
        {
            "Time": "2023-02-25",
            "value": 2.4855152435238503
        },
        {
            "Time": "2023-02-26",
            "value": 2.7245732751545026
        },
        {
            "Time": "2023-02-27",
            "value": 2.5131699656422626
        },
        {
            "Time": "2023-02-28",
            "value": 1.4345932424901087
        },
        {
            "Time": "2023-03-01",
            "value": 1.4405825443434266
        },
        {
            "Time": "2023-03-02",
            "value": 1.9675568033867397
        },
        {
            "Time": "2023-03-03",
            "value": 2.4180393490735406
        },
        {
            "Time": "2023-03-04",
            "value": 2.702166247960979
        },
        {
            "Time": "2023-03-05",
            "value": 2.6338027573458715
        },
        {
            "Time": "2023-03-06",
            "value": 2.7258506254313883
        },
        {
            "Time": "2023-03-07",
            "value": 2.6962616935127532
        },
        {
            "Time": "2023-03-08",
            "value": 2.4409388192671204
        },
        {
            "Time": "2023-03-09",
            "value": 2.128472614422822
        },
        {
            "Time": "2023-03-10",
            "value": 2.778243796000332
        },
        {
            "Time": "2023-03-11",
            "value": 2.3238001229642538
        },
        {
            "Time": "2023-03-12",
            "value": 0.6216513593564189
        },
        {
            "Time": "2023-03-13",
            "value": 2.3169409978124285
        },
        {
            "Time": "2023-03-14",
            "value": 2.8551598228686146
        },
        {
            "Time": "2023-03-15",
            "value": 2.41465691255887
        },
        {
            "Time": "2023-03-16",
            "value": 2.482492779714137
        },
        {
            "Time": "2023-03-17",
            "value": 1.4390577685232346
        },
        {
            "Time": "2023-03-18",
            "value": 0.4434257883062234
        },
        {
            "Time": "2023-03-19",
            "value": 0.17051620371296294
        },
        {
            "Time": "2023-03-20",
            "value": 2.122139580296088
        },
        {
            "Time": "2023-03-21",
            "value": 1.1617094771744594
        },
        {
            "Time": "2023-03-22",
            "value": 1.9371059388103065
        },
        {
            "Time": "2023-03-23",
            "value": 0.24151368626672678
        },
        {
            "Time": "2023-03-24",
            "value": 0.25673264097419557
        },
        {
            "Time": "2023-03-25",
            "value": 0.29731266440806214
        },
        {
            "Time": "2023-03-26",
            "value": 1.1337902695625544
        },
        {
            "Time": "2023-03-27",
            "value": 0.0
        }
    ]
}