{
    "data": [
        {
            "Time": "2022-11-27",
            "value": 0.18216659466557555
        },
        {
            "Time": "2022-11-28",
            "value": 0.7938068822789597
        },
        {
            "Time": "2022-11-29",
            "value": 0.5793245260878189
        },
        {
            "Time": "2022-11-30",
            "value": 0.2632200141325515
        },
        {
            "Time": "2022-12-01",
            "value": 0.31234266745065803
        },
        {
            "Time": "2022-12-02",
            "value": 0.35034400786152503
        },
        {
            "Time": "2022-12-03",
            "value": 0.5750547191146329
        },
        {
            "Time": "2022-12-04",
            "value": 0.4280278163290445
        },
        {
            "Time": "2022-12-05",
            "value": 0.3575872570289554
        },
        {
            "Time": "2022-12-06",
            "value": 0.5597641631959788
        },
        {
            "Time": "2022-12-07",
            "value": 0.16588541628086806
        },
        {
            "Time": "2022-12-08",
            "value": 0.7500852319206287
        },
        {
            "Time": "2022-12-09",
            "value": 0.6488818274861511
        },
        {
            "Time": "2022-12-10",
            "value": 1.4855987372578097
        },
        {
            "Time": "2022-12-11",
            "value": 0.3250424517641377
        },
        {
            "Time": "2022-12-12",
            "value": 0.861451356756789
        },
        {
            "Time": "2022-12-13",
            "value": 1.2104980226977462
        },
        {
            "Time": "2022-12-14",
            "value": 0.5895490073870084
        },
        {
            "Time": "2022-12-15",
            "value": 0.42217619555442715
        },
        {
            "Time": "2022-12-16",
            "value": 0.2587300702319656
        },
        {
            "Time": "2022-12-17",
            "value": 0.3724432037522835
        },
        {
            "Time": "2022-12-18",
            "value": 2.2661219393677308
        },
        {
            "Time": "2022-12-19",
            "value": 2.3633139293298724
        },
        {
            "Time": "2022-12-20",
            "value": 0.9224011169069269
        },
        {
            "Time": "2022-12-21",
            "value": 1.5252192213221252
        },
        {
            "Time": "2022-12-22",
            "value": 2.114544387964579
        },
        {
            "Time": "2022-12-23",
            "value": 2.4818751409351982
        },
        {
            "Time": "2022-12-24",
            "value": 2.215659714353003
        },
        {
            "Time": "2022-12-25",
            "value": 2.345437214845605
        },
        {
            "Time": "2022-12-26",
            "value": 1.1927228418035334
        },
        {
            "Time": "2022-12-27",
            "value": 0.7269978095344445
        },
        {
            "Time": "2022-12-28",
            "value": 0.40456407405941663
        },
        {
            "Time": "2022-12-29",
            "value": 0.2565710220870833
        },
        {
            "Time": "2022-12-30",
            "value": 0.3862770865425282
        },
        {
            "Time": "2022-12-31",
            "value": 1.0479797468235057
        },
        {
            "Time": "2023-01-01",
            "value": 0.6451715457501969
        },
        {
            "Time": "2023-01-02",
            "value": 0.32790814139083335
        },
        {
            "Time": "2023-01-03",
            "value": 0.3632159378745557
        },
        {
            "Time": "2023-01-04",
            "value": 0.3744837980263542
        },
        {
            "Time": "2023-01-05",
            "value": 0.49182600206792887
        },
        {
            "Time": "2023-01-06",
            "value": 2.1137226412721457
        },
        {
            "Time": "2023-01-07",
            "value": 2.4897747723868444
        },
        {
            "Time": "2023-01-08",
            "value": 2.4169661069742987
        },
        {
            "Time": "2023-01-09",
            "value": 0.4284282691120828
        },
        {
            "Time": "2023-01-10",
            "value": 0.4704866460980862
        },
        {
            "Time": "2023-01-11",
            "value": 0.6348357456766542
        },
        {
            "Time": "2023-01-12",
            "value": 1.2447218723535622
        },
        {
            "Time": "2023-01-13",
            "value": 0.31193451801807703
        },
        {
            "Time": "2023-01-14",
            "value": 1.2802749230530444
        },
        {
            "Time": "2023-01-15",
            "value": 0.3395822169458411
        },
        {
            "Time": "2023-01-16",
            "value": 1.7941494813460568
        },
        {
            "Time": "2023-01-17",
            "value": 0.41470461263061204
        },
        {
            "Time": "2023-01-18",
            "value": 2.2891703036178885
        },
        {
            "Time": "2023-01-19",
            "value": 1.8971804000303165
        },
        {
            "Time": "2023-01-20",
            "value": 0.7494082423706249
        },
        {
            "Time": "2023-01-21",
            "value": 0.2543657416918028
        },
        {
            "Time": "2023-01-22",
            "value": 1.761587169349523
        },
        {
            "Time": "2023-01-23",
            "value": 0.23438587819173612
        },
        {
            "Time": "2023-01-24",
            "value": 1.4016802450194157
        },
        {
            "Time": "2023-01-25",
            "value": 2.6306615108013283
        },
        {
            "Time": "2023-01-26",
            "value": 1.2343930339916855
        },
        {
            "Time": "2023-01-27",
            "value": 2.405648545440537
        },
        {
            "Time": "2023-01-28",
            "value": 2.717144446149036
        },
        {
            "Time": "2023-01-29",
            "value": 2.7524673969197386
        },
        {
            "Time": "2023-01-30",
            "value": 2.82247528510326
        },
        {
            "Time": "2023-01-31",
            "value": 2.799967099240231
        },
        {
            "Time": "2023-02-01",
            "value": 0.44236018667878474
        },
        {
            "Time": "2023-02-02",
            "value": 0.8985522581934379
        },
        {
            "Time": "2023-02-03",
            "value": 0.4921656724524273
        },
        {
            "Time": "2023-02-04",
            "value": 0.17115278299853973
        },
        {
            "Time": "2023-02-05",
            "value": 0.35503788634829275
        },
        {
            "Time": "2023-02-06",
            "value": 1.5443847996798266
        },
        {
            "Time": "2023-02-07",
            "value": 0.3313404062246873
        },
        {
            "Time": "2023-02-08",
            "value": 0.20372308844941742
        },
        {
            "Time": "2023-02-09",
            "value": 0.4394779063706556
        },
        {
            "Time": "2023-02-10",
            "value": 0.24252723742132523
        },
        {
            "Time": "2023-02-11",
            "value": 0.8106870892339418
        },
        {
            "Time": "2023-02-12",
            "value": 1.0884038571180548
        },
        {
            "Time": "2023-02-13",
            "value": 0.38425792214091836
        },
        {
            "Time": "2023-02-14",
            "value": 0.9400043529694975
        },
        {
            "Time": "2023-02-15",
            "value": 2.5583091312043065
        },
        {
            "Time": "2023-02-16",
            "value": 3.0269727590088515
        },
        {
            "Time": "2023-02-17",
            "value": 2.195850956826164
        },
        {
            "Time": "2023-02-18",
            "value": 2.644919622683602
        },
        {
            "Time": "2023-02-19",
            "value": 0.7413231007358716
        },
        {
            "Time": "2023-02-20",
            "value": 1.467398057281054
        },
        {
            "Time": "2023-02-21",
            "value": 2.943504552011018
        },
        {
            "Time": "2023-02-22",
            "value": 2.508540729880234
        },
        {
            "Time": "2023-02-23",
            "value": 2.282775832056713
        },
        {
            "Time": "2023-02-24",
            "value": 1.036683780385975
        },
        {
            "Time": "2023-02-25",
            "value": 2.5799835840550642
        },
        {
            "Time": "2023-02-26",
            "value": 3.01447866906027
        },
        {
            "Time": "2023-02-27",
            "value": 2.6657543369952377
        },
        {
            "Time": "2023-02-28",
            "value": 1.4063255821636347
        },
        {
            "Time": "2023-03-01",
            "value": 1.470288875954883
        },
        {
            "Time": "2023-03-02",
            "value": 1.956143993169017
        },
        {
            "Time": "2023-03-03",
            "value": 2.570061027072178
        },
        {
            "Time": "2023-03-04",
            "value": 2.9367096618953195
        },
        {
            "Time": "2023-03-05",
            "value": 2.8534138812959777
        },
        {
            "Time": "2023-03-06",
            "value": 2.9833837786540394
        },
        {
            "Time": "2023-03-07",
            "value": 2.9462746433346076
        },
        {
            "Time": "2023-03-08",
            "value": 2.617232318344252
        },
        {
            "Time": "2023-03-09",
            "value": 2.2129041491812127
        },
        {
            "Time": "2023-03-10",
            "value": 3.0125075157830485
        },
        {
            "Time": "2023-03-11",
            "value": 2.465268937450067
        },
        {
            "Time": "2023-03-12",
            "value": 0.5911728814367793
        },
        {
            "Time": "2023-03-13",
            "value": 2.3705482295905362
        },
        {
            "Time": "2023-03-14",
            "value": 3.1218164713102112
        },
        {
            "Time": "2023-03-15",
            "value": 2.55882298307942
        },
        {
            "Time": "2023-03-16",
            "value": 2.598824321635935
        },
        {
            "Time": "2023-03-17",
            "value": 1.4835629251297602
        },
        {
            "Time": "2023-03-18",
            "value": 0.39841066526135216
        },
        {
            "Time": "2023-03-19",
            "value": 0.15603060816760528
        },
        {
            "Time": "2023-03-20",
            "value": 2.1587911569035922
        },
        {
            "Time": "2023-03-21",
            "value": 1.1638872443189598
        },
        {
            "Time": "2023-03-22",
            "value": 2.0042854242305665
        },
        {
            "Time": "2023-03-23",
            "value": 0.19503058236076834
        },
        {
            "Time": "2023-03-24",
            "value": 0.22819953456820777
        },
        {
            "Time": "2023-03-25",
            "value": 0.2758392180663696
        },
        {
            "Time": "2023-03-26",
            "value": 1.1066347114963437
        },
        {
            "Time": "2023-03-27",
            "value": 0.0
        }
    ]
}