{
    "data": [
        {
            "Time": "2022-11-27",
            "value": 0.1747875573547126
        },
        {
            "Time": "2022-11-28",
            "value": 0.6730376727339786
        },
        {
            "Time": "2022-11-29",
            "value": 0.6147925783967567
        },
        {
            "Time": "2022-11-30",
            "value": 0.2692467157697773
        },
        {
            "Time": "2022-12-01",
            "value": 0.3037311907173858
        },
        {
            "Time": "2022-12-02",
            "value": 0.3411443028285888
        },
        {
            "Time": "2022-12-03",
            "value": 0.5654960309608509
        },
        {
            "Time": "2022-12-04",
            "value": 0.41964223636083425
        },
        {
            "Time": "2022-12-05",
            "value": 0.35310558692296723
        },
        {
            "Time": "2022-12-06",
            "value": 0.5484884725493954
        },
        {
            "Time": "2022-12-07",
            "value": 0.16129749847113958
        },
        {
            "Time": "2022-12-08",
            "value": 0.7382919322374321
        },
        {
            "Time": "2022-12-09",
            "value": 0.6319073471804105
        },
        {
            "Time": "2022-12-10",
            "value": 1.460145279046946
        },
        {
            "Time": "2022-12-11",
            "value": 0.3226623834296683
        },
        {
            "Time": "2022-12-12",
            "value": 0.8372793977338314
        },
        {
            "Time": "2022-12-13",
            "value": 1.212330624024837
        },
        {
            "Time": "2022-12-14",
            "value": 0.5715168647241404
        },
        {
            "Time": "2022-12-15",
            "value": 0.4085018385652574
        },
        {
            "Time": "2022-12-16",
            "value": 0.2562140821311458
        },
        {
            "Time": "2022-12-17",
            "value": 0.3654319037446154
        },
        {
            "Time": "2022-12-18",
            "value": 2.034843150136837
        },
        {
            "Time": "2022-12-19",
            "value": 1.9343883029850557
        },
        {
            "Time": "2022-12-20",
            "value": 1.1896049869889658
        },
        {
            "Time": "2022-12-21",
            "value": 1.2668837949030691
        },
        {
            "Time": "2022-12-22",
            "value": 1.9191209608589088
        },
        {
            "Time": "2022-12-23",
            "value": 2.042220978738052
        },
        {
            "Time": "2022-12-24",
            "value": 2.025187917261527
        },
        {
            "Time": "2022-12-25",
            "value": 2.0248330243337187
        },
        {
            "Time": "2022-12-26",
            "value": 1.2032692954683497
        },
        {
            "Time": "2022-12-27",
            "value": 0.7054761378376319
        },
        {
            "Time": "2022-12-28",
            "value": 0.39549073943002316
        },
        {
            "Time": "2022-12-29",
            "value": 0.2515432102975463
        },
        {
            "Time": "2022-12-30",
            "value": 0.3794328684523727
        },
        {
            "Time": "2022-12-31",
            "value": 1.0097212024265032
        },
        {
            "Time": "2023-01-01",
            "value": 0.6265623697631261
        },
        {
            "Time": "2023-01-02",
            "value": 0.3284542770092558
        },
        {
            "Time": "2023-01-03",
            "value": 0.3565379287773264
        },
        {
            "Time": "2023-01-04",
            "value": 0.37143203485754833
        },
        {
            "Time": "2023-01-05",
            "value": 0.4861044336471127
        },
        {
            "Time": "2023-01-06",
            "value": 1.7087423112835198
        },
        {
            "Time": "2023-01-07",
            "value": 2.119637026418371
        },
        {
            "Time": "2023-01-08",
            "value": 2.0977491133091153
        },
        {
            "Time": "2023-01-09",
            "value": 0.42440699971605234
        },
        {
            "Time": "2023-01-10",
            "value": 0.46828809132741606
        },
        {
            "Time": "2023-01-11",
            "value": 0.6265358023945069
        },
        {
            "Time": "2023-01-12",
            "value": 1.2170152661865303
        },
        {
            "Time": "2023-01-13",
            "value": 0.30674949851750327
        },
        {
            "Time": "2023-01-14",
            "value": 1.3318618951511334
        },
        {
            "Time": "2023-01-15",
            "value": 0.33608927367471286
        },
        {
            "Time": "2023-01-16",
            "value": 1.612040675606654
        },
        {
            "Time": "2023-01-17",
            "value": 0.4065780942359142
        },
        {
            "Time": "2023-01-18",
            "value": 2.066711582301263
        },
        {
            "Time": "2023-01-19",
            "value": 1.7721544316080562
        },
        {
            "Time": "2023-01-20",
            "value": 0.7264306700730649
        },
        {
            "Time": "2023-01-21",
            "value": 0.24238286758748262
        },
        {
            "Time": "2023-01-22",
            "value": 1.4742756595593038
        },
        {
            "Time": "2023-01-23",
            "value": 0.2351848358678517
        },
        {
            "Time": "2023-01-24",
            "value": 1.215709643621472
        },
        {
            "Time": "2023-01-25",
            "value": 2.3132627309126934
        },
        {
            "Time": "2023-01-26",
            "value": 1.1786830228163347
        },
        {
            "Time": "2023-01-27",
            "value": 2.114141710846092
        },
        {
            "Time": "2023-01-28",
            "value": 2.3490117621055044
        },
        {
            "Time": "2023-01-29",
            "value": 2.432837681651876
        },
        {
            "Time": "2023-01-30",
            "value": 2.522363523711265
        },
        {
            "Time": "2023-01-31",
            "value": 2.470824651678387
        },
        {
            "Time": "2023-02-01",
            "value": 0.4349700406173318
        },
        {
            "Time": "2023-02-02",
            "value": 0.8806139113289804
        },
        {
            "Time": "2023-02-03",
            "value": 0.4779817135812665
        },
        {
            "Time": "2023-02-04",
            "value": 0.1594330527702901
        },
        {
            "Time": "2023-02-05",
            "value": 0.3373150441731329
        },
        {
            "Time": "2023-02-06",
            "value": 1.470020769855358
        },
        {
            "Time": "2023-02-07",
            "value": 0.3263652897011847
        },
        {
            "Time": "2023-02-08",
            "value": 0.19870185801789178
        },
        {
            "Time": "2023-02-09",
            "value": 0.4330510767864644
        },
        {
            "Time": "2023-02-10",
            "value": 0.23833538342648147
        },
        {
            "Time": "2023-02-11",
            "value": 0.7389402774607063
        },
        {
            "Time": "2023-02-12",
            "value": 1.0317884386942886
        },
        {
            "Time": "2023-02-13",
            "value": 0.37317003367441964
        },
        {
            "Time": "2023-02-14",
            "value": 0.8722216164424733
        },
        {
            "Time": "2023-02-15",
            "value": 2.3574478579799067
        },
        {
            "Time": "2023-02-16",
            "value": 2.8675744068665994
        },
        {
            "Time": "2023-02-17",
            "value": 2.0501377416954276
        },
        {
            "Time": "2023-02-18",
            "value": 2.4930849942930022
        },
        {
            "Time": "2023-02-19",
            "value": 0.7148419980014085
        },
        {
            "Time": "2023-02-20",
            "value": 1.4000208385374273
        },
        {
            "Time": "2023-02-21",
            "value": 2.830880128552719
        },
        {
            "Time": "2023-02-22",
            "value": 2.3893455084921844
        },
        {
            "Time": "2023-02-23",
            "value": 2.2357033477795523
        },
        {
            "Time": "2023-02-24",
            "value": 1.004390135759241
        },
        {
            "Time": "2023-02-25",
            "value": 2.48283740511481
        },
        {
            "Time": "2023-02-26",
            "value": 2.9311559549075854
        },
        {
            "Time": "2023-02-27",
            "value": 2.580227638089131
        },
        {
            "Time": "2023-02-28",
            "value": 1.3663320774908263
        },
        {
            "Time": "2023-03-01",
            "value": 1.4297631963007402
        },
        {
            "Time": "2023-03-02",
            "value": 1.845035759683484
        },
        {
            "Time": "2023-03-03",
            "value": 2.502452901151236
        },
        {
            "Time": "2023-03-04",
            "value": 2.839865472444999
        },
        {
            "Time": "2023-03-05",
            "value": 2.7895719186666343
        },
        {
            "Time": "2023-03-06",
            "value": 2.90542852615522
        },
        {
            "Time": "2023-03-07",
            "value": 2.883158211440146
        },
        {
            "Time": "2023-03-08",
            "value": 2.5860043955509235
        },
        {
            "Time": "2023-03-09",
            "value": 2.1529414900699106
        },
        {
            "Time": "2023-03-10",
            "value": 2.966383364569129
        },
        {
            "Time": "2023-03-11",
            "value": 2.4261498656410834
        },
        {
            "Time": "2023-03-12",
            "value": 0.575195959345034
        },
        {
            "Time": "2023-03-13",
            "value": 2.3334761529538595
        },
        {
            "Time": "2023-03-14",
            "value": 3.080091464167421
        },
        {
            "Time": "2023-03-15",
            "value": 2.5106258663006424
        },
        {
            "Time": "2023-03-16",
            "value": 2.5529938933242082
        },
        {
            "Time": "2023-03-17",
            "value": 1.4592317816822238
        },
        {
            "Time": "2023-03-18",
            "value": 0.39067842236213113
        },
        {
            "Time": "2023-03-19",
            "value": 0.14697260781705437
        },
        {
            "Time": "2023-03-20",
            "value": 2.11603723559744
        },
        {
            "Time": "2023-03-21",
            "value": 1.1306942757142961
        },
        {
            "Time": "2023-03-22",
            "value": 1.9623975571364147
        },
        {
            "Time": "2023-03-23",
            "value": 0.1888645017257198
        },
        {
            "Time": "2023-03-24",
            "value": 0.2286546415502206
        },
        {
            "Time": "2023-03-25",
            "value": 0.2723460633770556
        },
        {
            "Time": "2023-03-26",
            "value": 1.085386231385529
        },
        {
            "Time": "2023-03-27",
            "value": 0.0
        }
    ]
}