{
    "data": [
        {
            "Time": "2022-11-27",
            "value": 0.21878632703194995
        },
        {
            "Time": "2022-11-28",
            "value": 0.6847426390256448
        },
        {
            "Time": "2022-11-29",
            "value": 0.42324429663151064
        },
        {
            "Time": "2022-11-30",
            "value": 0.29626198180446317
        },
        {
            "Time": "2022-12-01",
            "value": 0.3261429970755787
        },
        {
            "Time": "2022-12-02",
            "value": 0.37171261506479164
        },
        {
            "Time": "2022-12-03",
            "value": 0.5725787248091705
        },
        {
            "Time": "2022-12-04",
            "value": 0.4399442777555608
        },
        {
            "Time": "2022-12-05",
            "value": 0.3737751299365461
        },
        {
            "Time": "2022-12-06",
            "value": 0.5642909129785069
        },
        {
            "Time": "2022-12-07",
            "value": 0.18768634093120368
        },
        {
            "Time": "2022-12-08",
            "value": 0.6499237479005012
        },
        {
            "Time": "2022-12-09",
            "value": 0.6303783738395321
        },
        {
            "Time": "2022-12-10",
            "value": 0.7776970384198727
        },
        {
            "Time": "2022-12-11",
            "value": 0.35532988512676755
        },
        {
            "Time": "2022-12-12",
            "value": 0.5420429775042587
        },
        {
            "Time": "2022-12-13",
            "value": 0.6044146860608345
        },
        {
            "Time": "2022-12-14",
            "value": 0.5733022813399562
        },
        {
            "Time": "2022-12-15",
            "value": 0.4194707354672578
        },
        {
            "Time": "2022-12-16",
            "value": 0.28819278976448826
        },
        {
            "Time": "2022-12-17",
            "value": 0.35954690001255385
        },
        {
            "Time": "2022-12-18",
            "value": 0.981258391724057
        },
        {
            "Time": "2022-12-19",
            "value": 1.0530702863801855
        },
        {
            "Time": "2022-12-20",
            "value": 0.46739256334873386
        },
        {
            "Time": "2022-12-21",
            "value": 1.0685232163232194
        },
        {
            "Time": "2022-12-22",
            "value": 0.8810624222124493
        },
        {
            "Time": "2022-12-23",
            "value": 1.0488371721373062
        },
        {
            "Time": "2022-12-24",
            "value": 0.9376881558939502
        },
        {
            "Time": "2022-12-25",
            "value": 0.919484052860492
        },
        {
            "Time": "2022-12-26",
            "value": 0.7727656406785035
        },
        {
            "Time": "2022-12-27",
            "value": 0.5637125518897652
        },
        {
            "Time": "2022-12-28",
            "value": 0.41714004328981485
        },
        {
            "Time": "2022-12-29",
            "value": 0.2775219919903935
        },
        {
            "Time": "2022-12-30",
            "value": 0.4015717594344907
        },
        {
            "Time": "2022-12-31",
            "value": 0.6828891828716078
        },
        {
            "Time": "2023-01-01",
            "value": 0.6079818954008058
        },
        {
            "Time": "2023-01-02",
            "value": 0.35286457794050924
        },
        {
            "Time": "2023-01-03",
            "value": 0.38180986822056723
        },
        {
            "Time": "2023-01-04",
            "value": 0.41027777699374995
        },
        {
            "Time": "2023-01-05",
            "value": 0.5064287027737269
        },
        {
            "Time": "2023-01-06",
            "value": 1.0342764420269042
        },
        {
            "Time": "2023-01-07",
            "value": 0.894154101845955
        },
        {
            "Time": "2023-01-08",
            "value": 0.9054183019788777
        },
        {
            "Time": "2023-01-09",
            "value": 0.44444002045972636
        },
        {
            "Time": "2023-01-10",
            "value": 0.4690395131458003
        },
        {
            "Time": "2023-01-11",
            "value": 0.6121958420198987
        },
        {
            "Time": "2023-01-12",
            "value": 0.6351360165016823
        },
        {
            "Time": "2023-01-13",
            "value": 0.3360830098660122
        },
        {
            "Time": "2023-01-14",
            "value": 0.5560395021822493
        },
        {
            "Time": "2023-01-15",
            "value": 0.34867925359278534
        },
        {
            "Time": "2023-01-16",
            "value": 0.8178507379104968
        },
        {
            "Time": "2023-01-17",
            "value": 0.42589364501585564
        },
        {
            "Time": "2023-01-18",
            "value": 1.0782262007825647
        },
        {
            "Time": "2023-01-19",
            "value": 0.9428231361196293
        },
        {
            "Time": "2023-01-20",
            "value": 0.6018164129547174
        },
        {
            "Time": "2023-01-21",
            "value": 0.27317129754886577
        },
        {
            "Time": "2023-01-22",
            "value": 1.1089572090629343
        },
        {
            "Time": "2023-01-23",
            "value": 0.28548667162586805
        },
        {
            "Time": "2023-01-24",
            "value": 0.679485997048689
        },
        {
            "Time": "2023-01-25",
            "value": 1.1178638063196151
        },
        {
            "Time": "2023-01-26",
            "value": 0.6140389526918554
        },
        {
            "Time": "2023-01-27",
            "value": 1.0870304625952598
        },
        {
            "Time": "2023-01-28",
            "value": 1.1942276555628533
        },
        {
            "Time": "2023-01-29",
            "value": 1.1336877491260553
        },
        {
            "Time": "2023-01-30",
            "value": 1.0876254418627476
        },
        {
            "Time": "2023-01-31",
            "value": 1.1222685641256664
        },
        {
            "Time": "2023-02-01",
            "value": 0.46505624510312504
        },
        {
            "Time": "2023-02-02",
            "value": 0.7227865690928273
        },
        {
            "Time": "2023-02-03",
            "value": 0.49655151206531223
        },
        {
            "Time": "2023-02-04",
            "value": 0.2029262463245139
        },
        {
            "Time": "2023-02-05",
            "value": 0.39044107070879625
        },
        {
            "Time": "2023-02-06",
            "value": 0.7837389473735592
        },
        {
            "Time": "2023-02-07",
            "value": 0.38172562501725954
        },
        {
            "Time": "2023-02-08",
            "value": 0.23767351851536894
        },
        {
            "Time": "2023-02-09",
            "value": 0.44746733510420134
        },
        {
            "Time": "2023-02-10",
            "value": 0.28943784669286704
        },
        {
            "Time": "2023-02-11",
            "value": 0.6993721249142029
        },
        {
            "Time": "2023-02-12",
            "value": 0.8877444485594856
        },
        {
            "Time": "2023-02-13",
            "value": 0.38526813003083765
        },
        {
            "Time": "2023-02-14",
            "value": 0.8870391699866906
        },
        {
            "Time": "2023-02-15",
            "value": 1.5016588963787278
        },
        {
            "Time": "2023-02-16",
            "value": 1.442208404197962
        },
        {
            "Time": "2023-02-17",
            "value": 1.329114920885478
        },
        {
            "Time": "2023-02-18",
            "value": 1.4594310320488981
        },
        {
            "Time": "2023-02-19",
            "value": 0.732263971706118
        },
        {
            "Time": "2023-02-20",
            "value": 1.168056526749859
        },
        {
            "Time": "2023-02-21",
            "value": 1.5206769995361096
        },
        {
            "Time": "2023-02-22",
            "value": 1.4638306685464852
        },
        {
            "Time": "2023-02-23",
            "value": 1.5290093056151344
        },
        {
            "Time": "2023-02-24",
            "value": 0.8794029911915119
        },
        {
            "Time": "2023-02-25",
            "value": 1.5765928563039595
        },
        {
            "Time": "2023-02-26",
            "value": 1.6336378523223756
        },
        {
            "Time": "2023-02-27",
            "value": 1.6335581638073677
        },
        {
            "Time": "2023-02-28",
            "value": 1.119013970909566
        },
        {
            "Time": "2023-03-01",
            "value": 1.0604412186605476
        },
        {
            "Time": "2023-03-02",
            "value": 1.3326140931480484
        },
        {
            "Time": "2023-03-03",
            "value": 1.8722331223002537
        },
        {
            "Time": "2023-03-04",
            "value": 2.0115219201497156
        },
        {
            "Time": "2023-03-05",
            "value": 1.9898646299749032
        },
        {
            "Time": "2023-03-06",
            "value": 2.068158341503092
        },
        {
            "Time": "2023-03-07",
            "value": 2.1899732626972637
        },
        {
            "Time": "2023-03-08",
            "value": 1.9317741231965013
        },
        {
            "Time": "2023-03-09",
            "value": 1.6425873550461976
        },
        {
            "Time": "2023-03-10",
            "value": 2.3612677514797045
        },
        {
            "Time": "2023-03-11",
            "value": 1.855975268276882
        },
        {
            "Time": "2023-03-12",
            "value": 0.6174434221771571
        },
        {
            "Time": "2023-03-13",
            "value": 1.5952952326455927
        },
        {
            "Time": "2023-03-14",
            "value": 2.4162346360087477
        },
        {
            "Time": "2023-03-15",
            "value": 1.7685276371697662
        },
        {
            "Time": "2023-03-16",
            "value": 1.8997275658542288
        },
        {
            "Time": "2023-03-17",
            "value": 1.234723883324317
        },
        {
            "Time": "2023-03-18",
            "value": 0.43351046579344094
        },
        {
            "Time": "2023-03-19",
            "value": 0.1961565792261574
        },
        {
            "Time": "2023-03-20",
            "value": 1.704655840573985
        },
        {
            "Time": "2023-03-21",
            "value": 1.036099671269759
        },
        {
            "Time": "2023-03-22",
            "value": 1.6378388993864554
        },
        {
            "Time": "2023-03-23",
            "value": 0.24936149553950615
        },
        {
            "Time": "2023-03-24",
            "value": 0.2838524305978935
        },
        {
            "Time": "2023-03-25",
            "value": 0.33934645618598047
        },
        {
            "Time": "2023-03-26",
            "value": 1.0503353540037141
        },
        {
            "Time": "2023-03-27",
            "value": 0.0
        }
    ]
}