{
    "data": [
        {
            "Time": "2022-11-27",
            "value": 0.19442903021071917
        },
        {
            "Time": "2022-11-28",
            "value": 0.7334354412006264
        },
        {
            "Time": "2022-11-29",
            "value": 0.7632974348690326
        },
        {
            "Time": "2022-11-30",
            "value": 0.2865542434478349
        },
        {
            "Time": "2022-12-01",
            "value": 0.3195980997744993
        },
        {
            "Time": "2022-12-02",
            "value": 0.3678203519830757
        },
        {
            "Time": "2022-12-03",
            "value": 0.6174984570633857
        },
        {
            "Time": "2022-12-04",
            "value": 0.451069688050944
        },
        {
            "Time": "2022-12-05",
            "value": 0.37347168410823495
        },
        {
            "Time": "2022-12-06",
            "value": 0.5924373562635673
        },
        {
            "Time": "2022-12-07",
            "value": 0.21439409820591318
        },
        {
            "Time": "2022-12-08",
            "value": 0.8640543540482971
        },
        {
            "Time": "2022-12-09",
            "value": 0.686140024087147
        },
        {
            "Time": "2022-12-10",
            "value": 1.948880836339997
        },
        {
            "Time": "2022-12-11",
            "value": 0.3491759257958518
        },
        {
            "Time": "2022-12-12",
            "value": 1.1014170958715548
        },
        {
            "Time": "2022-12-13",
            "value": 1.4922756984481136
        },
        {
            "Time": "2022-12-14",
            "value": 0.6200468369214147
        },
        {
            "Time": "2022-12-15",
            "value": 0.4515024576722857
        },
        {
            "Time": "2022-12-16",
            "value": 0.28561438331828154
        },
        {
            "Time": "2022-12-17",
            "value": 0.3818835118104558
        },
        {
            "Time": "2022-12-18",
            "value": 2.3263342771467017
        },
        {
            "Time": "2022-12-19",
            "value": 2.1751110440523393
        },
        {
            "Time": "2022-12-20",
            "value": 1.3202610408541884
        },
        {
            "Time": "2022-12-21",
            "value": 2.138881088958526
        },
        {
            "Time": "2022-12-22",
            "value": 2.1715341632595564
        },
        {
            "Time": "2022-12-23",
            "value": 2.2791438293682798
        },
        {
            "Time": "2022-12-24",
            "value": 2.29842715807312
        },
        {
            "Time": "2022-12-25",
            "value": 2.323151555303277
        },
        {
            "Time": "2022-12-26",
            "value": 1.9152387659038186
        },
        {
            "Time": "2022-12-27",
            "value": 0.8482112869166898
        },
        {
            "Time": "2022-12-28",
            "value": 0.43388888351597227
        },
        {
            "Time": "2022-12-29",
            "value": 0.27620833744796297
        },
        {
            "Time": "2022-12-30",
            "value": 0.4101041625980324
        },
        {
            "Time": "2022-12-31",
            "value": 1.2461167124468662
        },
        {
            "Time": "2023-01-01",
            "value": 0.6978447128037557
        },
        {
            "Time": "2023-01-02",
            "value": 0.3472222198263889
        },
        {
            "Time": "2023-01-03",
            "value": 0.3696232833450796
        },
        {
            "Time": "2023-01-04",
            "value": 0.4019907424708334
        },
        {
            "Time": "2023-01-05",
            "value": 0.5174874990390713
        },
        {
            "Time": "2023-01-06",
            "value": 2.1309942876055823
        },
        {
            "Time": "2023-01-07",
            "value": 2.314104950061116
        },
        {
            "Time": "2023-01-08",
            "value": 2.3025732391668643
        },
        {
            "Time": "2023-01-09",
            "value": 0.45155319087382134
        },
        {
            "Time": "2023-01-10",
            "value": 0.5093340587701434
        },
        {
            "Time": "2023-01-11",
            "value": 0.684492293604375
        },
        {
            "Time": "2023-01-12",
            "value": 1.4519427337957205
        },
        {
            "Time": "2023-01-13",
            "value": 0.32368186554587325
        },
        {
            "Time": "2023-01-14",
            "value": 1.5403279225364719
        },
        {
            "Time": "2023-01-15",
            "value": 0.35552896981808785
        },
        {
            "Time": "2023-01-16",
            "value": 1.9329929690277896
        },
        {
            "Time": "2023-01-17",
            "value": 0.43331564198239914
        },
        {
            "Time": "2023-01-18",
            "value": 2.2851918591022393
        },
        {
            "Time": "2023-01-19",
            "value": 1.962864366229396
        },
        {
            "Time": "2023-01-20",
            "value": 0.8005438967498872
        },
        {
            "Time": "2023-01-21",
            "value": 0.2594537023119444
        },
        {
            "Time": "2023-01-22",
            "value": 1.8218091678013815
        },
        {
            "Time": "2023-01-23",
            "value": 0.24723991149934896
        },
        {
            "Time": "2023-01-24",
            "value": 1.5199587920763362
        },
        {
            "Time": "2023-01-25",
            "value": 2.5438061297299805
        },
        {
            "Time": "2023-01-26",
            "value": 1.2822124743911019
        },
        {
            "Time": "2023-01-27",
            "value": 2.28160538493773
        },
        {
            "Time": "2023-01-28",
            "value": 2.541241841455928
        },
        {
            "Time": "2023-01-29",
            "value": 2.576279252176886
        },
        {
            "Time": "2023-01-30",
            "value": 2.661913423436709
        },
        {
            "Time": "2023-01-31",
            "value": 2.6104980729352807
        },
        {
            "Time": "2023-02-01",
            "value": 0.46499884153028936
        },
        {
            "Time": "2023-02-02",
            "value": 1.0144004547169192
        },
        {
            "Time": "2023-02-03",
            "value": 0.5140842330151951
        },
        {
            "Time": "2023-02-04",
            "value": 0.17392245398993053
        },
        {
            "Time": "2023-02-05",
            "value": 0.3724771387018626
        },
        {
            "Time": "2023-02-06",
            "value": 1.6798702624121487
        },
        {
            "Time": "2023-02-07",
            "value": 0.352961238465045
        },
        {
            "Time": "2023-02-08",
            "value": 0.20835379840808158
        },
        {
            "Time": "2023-02-09",
            "value": 0.46746408685678
        },
        {
            "Time": "2023-02-10",
            "value": 0.2511720556770819
        },
        {
            "Time": "2023-02-11",
            "value": 0.8244944707680434
        },
        {
            "Time": "2023-02-12",
            "value": 1.153165838541301
        },
        {
            "Time": "2023-02-13",
            "value": 0.41066301232507874
        },
        {
            "Time": "2023-02-14",
            "value": 0.8738204716677846
        },
        {
            "Time": "2023-02-15",
            "value": 2.364827821114034
        },
        {
            "Time": "2023-02-16",
            "value": 2.846298909580442
        },
        {
            "Time": "2023-02-17",
            "value": 2.049098335679243
        },
        {
            "Time": "2023-02-18",
            "value": 2.4473046136612515
        },
        {
            "Time": "2023-02-19",
            "value": 0.775656660864203
        },
        {
            "Time": "2023-02-20",
            "value": 1.4970125555403027
        },
        {
            "Time": "2023-02-21",
            "value": 2.8176772418306246
        },
        {
            "Time": "2023-02-22",
            "value": 2.3455029760072854
        },
        {
            "Time": "2023-02-23",
            "value": 2.2999880265710857
        },
        {
            "Time": "2023-02-24",
            "value": 1.0699681440409299
        },
        {
            "Time": "2023-02-25",
            "value": 2.522660306664765
        },
        {
            "Time": "2023-02-26",
            "value": 2.8749223133340447
        },
        {
            "Time": "2023-02-27",
            "value": 2.484540196558404
        },
        {
            "Time": "2023-02-28",
            "value": 1.485301361805658
        },
        {
            "Time": "2023-03-01",
            "value": 1.5082777782603918
        },
        {
            "Time": "2023-03-02",
            "value": 1.8896162697257959
        },
        {
            "Time": "2023-03-03",
            "value": 2.589111888536461
        },
        {
            "Time": "2023-03-04",
            "value": 2.8878118897652243
        },
        {
            "Time": "2023-03-05",
            "value": 2.850097188591865
        },
        {
            "Time": "2023-03-06",
            "value": 2.973161998936221
        },
        {
            "Time": "2023-03-07",
            "value": 2.936943416776673
        },
        {
            "Time": "2023-03-08",
            "value": 2.735635709869602
        },
        {
            "Time": "2023-03-09",
            "value": 2.1372678669836738
        },
        {
            "Time": "2023-03-10",
            "value": 3.034861266541493
        },
        {
            "Time": "2023-03-11",
            "value": 2.5574973552292066
        },
        {
            "Time": "2023-03-12",
            "value": 0.6263596752412729
        },
        {
            "Time": "2023-03-13",
            "value": 2.4487663572893577
        },
        {
            "Time": "2023-03-14",
            "value": 3.138922425693866
        },
        {
            "Time": "2023-03-15",
            "value": 2.581829953436893
        },
        {
            "Time": "2023-03-16",
            "value": 2.6335535698251005
        },
        {
            "Time": "2023-03-17",
            "value": 1.5773070544096197
        },
        {
            "Time": "2023-03-18",
            "value": 0.43031250042468033
        },
        {
            "Time": "2023-03-19",
            "value": 0.16631076420901122
        },
        {
            "Time": "2023-03-20",
            "value": 2.2044841137171773
        },
        {
            "Time": "2023-03-21",
            "value": 1.2184001887003848
        },
        {
            "Time": "2023-03-22",
            "value": 2.0797428567729193
        },
        {
            "Time": "2023-03-23",
            "value": 0.19970303494786174
        },
        {
            "Time": "2023-03-24",
            "value": 0.23912789069788773
        },
        {
            "Time": "2023-03-25",
            "value": 0.284030670490162
        },
        {
            "Time": "2023-03-26",
            "value": 1.157572322556618
        },
        {
            "Time": "2023-03-27",
            "value": 0.0
        }
    ]
}