{"data": [{"Time": "1998-01-01", "value": 1579.0}, {"Time": "1998-04-01", "value": 1506.0}, {"Time": "1998-07-01", "value": 1522.0}, {"Time": "1998-10-01", "value": 1511.0}, {"Time": "1999-01-01", "value": 1449.0}, {"Time": "1999-04-01", "value": 1442.0}, {"Time": "1999-07-01", "value": 1267.0}, {"Time": "1999-10-01", "value": 1376.0}, {"Time": "2000-01-01", "value": 1613.0}, {"Time": "2000-04-01", "value": 1502.0}, {"Time": "2000-07-01", "value": 1454.0}, {"Time": "2000-10-01", "value": 1639.0}, {"Time": "2001-01-01", "value": 1602.0}, {"Time": "2001-04-01", "value": 1615.0}, {"Time": "2001-07-01", "value": 1567.0}, {"Time": "2001-10-01", "value": 1611.0}, {"Time": "2002-01-01", "value": 1520.0}, {"Time": "2002-04-01", "value": 1436.0}, {"Time": "2002-07-01", "value": 1554.0}, {"Time": "2002-10-01", "value": 1573.0}, {"Time": "2003-01-01", "value": 1609.0}, {"Time": "2003-04-01", "value": 1671.0}, {"Time": "2003-07-01", "value": 1422.0}, {"Time": "2003-10-01", "value": 1483.0}, {"Time": "2004-01-01", "value": 1472.0}, {"Time": "2004-04-01", "value": 1698.0}, {"Time": "2004-07-01", "value": 1543.0}, {"Time": "2004-10-01", "value": 1410.0}, {"Time": "2005-01-01", "value": 1569.0}, {"Time": "2005-04-01", "value": 1441.0}, {"Time": "2005-07-01", "value": 1463.0}, {"Time": "2005-10-01", "value": 1616.0}, {"Time": "2006-01-01", "value": 1723.0}, {"Time": "2006-04-01", "value": 1729.0}, {"Time": "2006-07-01", "value": 1477.0}, {"Time": "2006-10-01", "value": 1642.0}, {"Time": "2007-01-01", "value": 1462.0}, {"Time": "2007-04-01", "value": 1628.0}, {"Time": "2007-07-01", "value": 1767.0}, {"Time": "2007-10-01", "value": 1682.0}, {"Time": "2008-01-01", "value": 1694.0}, {"Time": "2008-04-01", "value": 1564.0}, {"Time": "2008-07-01", "value": 1735.0}, {"Time": "2008-10-01", "value": 1656.0}, {"Time": "2009-01-01", "value": 1489.0}, {"Time": "2009-04-01", "value": 1620.0}, {"Time": "2009-07-01", "value": 1708.0}, {"Time": "2009-10-01", "value": 1611.0}, {"Time": "2010-01-01", "value": 1528.0}, {"Time": "2010-04-01", "value": 1651.0}, {"Time": "2010-07-01", "value": 1647.0}, {"Time": "2010-10-01", "value": 1645.0}, {"Time": "2011-01-01", "value": 1722.0}, {"Time": "2011-04-01", "value": 1714.0}, {"Time": "2011-07-01", "value": 1782.0}, {"Time": "2011-10-01", "value": 1632.0}, {"Time": "2012-01-01", "value": 1686.0}, {"Time": "2012-04-01", "value": 1757.0}, {"Time": "2012-07-01", "value": 1763.0}, {"Time": "2012-10-01", "value": 1848.0}, {"Time": "2013-01-01", "value": 1635.0}, {"Time": "2013-04-01", "value": 1816.0}, {"Time": "2013-07-01", "value": 1840.0}, {"Time": "2013-10-01", "value": 1791.0}, {"Time": "2014-01-01", "value": 1893.0}, {"Time": "2014-04-01", "value": 2052.0}, {"Time": "2014-07-01", "value": 1855.0}, {"Time": "2014-10-01", "value": 2021.0}, {"Time": "2015-01-01", "value": 2151.0}, {"Time": "2015-04-01", "value": 2095.0}, {"Time": "2015-07-01", "value": 2025.0}, {"Time": "2015-10-01", "value": 2184.0}, {"Time": "2016-01-01", "value": 2042.0}, {"Time": "2016-04-01", "value": 2126.0}, {"Time": "2016-07-01", "value": 2206.0}, {"Time": "2016-10-01", "value": 2250.0}]}