{"data": [{"Time": "1998-01-01", "value": 739.0}, {"Time": "1998-04-01", "value": 360.0}, {"Time": "1998-07-01", "value": 342.0}, {"Time": "1998-10-01", "value": 446.0}, {"Time": "1999-01-01", "value": 608.0}, {"Time": "1999-04-01", "value": 409.0}, {"Time": "1999-07-01", "value": 317.0}, {"Time": "1999-10-01", "value": 362.0}, {"Time": "2000-01-01", "value": 684.0}, {"Time": "2000-04-01", "value": 345.0}, {"Time": "2000-07-01", "value": 316.0}, {"Time": "2000-10-01", "value": 399.0}, {"Time": "2001-01-01", "value": 581.0}, {"Time": "2001-04-01", "value": 389.0}, {"Time": "2001-07-01", "value": 299.0}, {"Time": "2001-10-01", "value": 396.0}, {"Time": "2002-01-01", "value": 656.0}, {"Time": "2002-04-01", "value": 434.0}, {"Time": "2002-07-01", "value": 377.0}, {"Time": "2002-10-01", "value": 430.0}, {"Time": "2003-01-01", "value": 633.0}, {"Time": "2003-04-01", "value": 456.0}, {"Time": "2003-07-01", "value": 331.0}, {"Time": "2003-10-01", "value": 376.0}, {"Time": "2004-01-01", "value": 620.0}, {"Time": "2004-04-01", "value": 454.0}, {"Time": "2004-07-01", "value": 314.0}, {"Time": "2004-10-01", "value": 356.0}, {"Time": "2005-01-01", "value": 668.0}, {"Time": "2005-04-01", "value": 310.0}, {"Time": "2005-07-01", "value": 247.0}, {"Time": "2005-10-01", "value": 304.0}, {"Time": "2006-01-01", "value": 580.0}, {"Time": "2006-04-01", "value": 341.0}, {"Time": "2006-07-01", "value": 218.0}, {"Time": "2006-10-01", "value": 430.0}, {"Time": "2007-01-01", "value": 676.0}, {"Time": "2007-04-01", "value": 373.0}, {"Time": "2007-07-01", "value": 322.0}, {"Time": "2007-10-01", "value": 359.0}, {"Time": "2008-01-01", "value": 711.0}, {"Time": "2008-04-01", "value": 324.0}, {"Time": "2008-07-01", "value": 251.0}, {"Time": "2008-10-01", "value": 316.0}, {"Time": "2009-01-01", "value": 558.0}, {"Time": "2009-04-01", "value": 307.0}, {"Time": "2009-07-01", "value": 323.0}, {"Time": "2009-10-01", "value": 331.0}, {"Time": "2010-01-01", "value": 570.0}, {"Time": "2010-04-01", "value": 296.0}, {"Time": "2010-07-01", "value": 324.0}, {"Time": "2010-10-01", "value": 306.0}, {"Time": "2011-01-01", "value": 578.0}, {"Time": "2011-04-01", "value": 370.0}, {"Time": "2011-07-01", "value": 255.0}, {"Time": "2011-10-01", "value": 364.0}, {"Time": "2012-01-01", "value": 600.0}, {"Time": "2012-04-01", "value": 365.0}, {"Time": "2012-07-01", "value": 251.0}, {"Time": "2012-10-01", "value": 361.0}, {"Time": "2013-01-01", "value": 594.0}, {"Time": "2013-04-01", "value": 355.0}, {"Time": "2013-07-01", "value": 306.0}, {"Time": "2013-10-01", "value": 469.0}, {"Time": "2014-01-01", "value": 709.0}, {"Time": "2014-04-01", "value": 467.0}, {"Time": "2014-07-01", "value": 276.0}, {"Time": "2014-10-01", "value": 472.0}, {"Time": "2015-01-01", "value": 752.0}, {"Time": "2015-04-01", "value": 414.0}, {"Time": "2015-07-01", "value": 341.0}, {"Time": "2015-10-01", "value": 532.0}, {"Time": "2016-01-01", "value": 723.0}, {"Time": "2016-04-01", "value": 401.0}, {"Time": "2016-07-01", "value": 356.0}, {"Time": "2016-10-01", "value": 527.0}]}