{"data": [{"Time": "1998-01-01", "value": 321.0}, {"Time": "1998-04-01", "value": 355.0}, {"Time": "1998-07-01", "value": 357.0}, {"Time": "1998-10-01", "value": 234.0}, {"Time": "1999-01-01", "value": 287.0}, {"Time": "1999-04-01", "value": 358.0}, {"Time": "1999-07-01", "value": 255.0}, {"Time": "1999-10-01", "value": 286.0}, {"Time": "2000-01-01", "value": 232.0}, {"Time": "2000-04-01", "value": 371.0}, {"Time": "2000-07-01", "value": 348.0}, {"Time": "2000-10-01", "value": 233.0}, {"Time": "2001-01-01", "value": 308.0}, {"Time": "2001-04-01", "value": 262.0}, {"Time": "2001-07-01", "value": 322.0}, {"Time": "2001-10-01", "value": 220.0}, {"Time": "2002-01-01", "value": 371.0}, {"Time": "2002-04-01", "value": 328.0}, {"Time": "2002-07-01", "value": 410.0}, {"Time": "2002-10-01", "value": 214.0}, {"Time": "2003-01-01", "value": 250.0}, {"Time": "2003-04-01", "value": 291.0}, {"Time": "2003-07-01", "value": 388.0}, {"Time": "2003-10-01", "value": 235.0}, {"Time": "2004-01-01", "value": 295.0}, {"Time": "2004-04-01", "value": 267.0}, {"Time": "2004-07-01", "value": 372.0}, {"Time": "2004-10-01", "value": 277.0}, {"Time": "2005-01-01", "value": 305.0}, {"Time": "2005-04-01", "value": 261.0}, {"Time": "2005-07-01", "value": 367.0}, {"Time": "2005-10-01", "value": 242.0}, {"Time": "2006-01-01", "value": 304.0}, {"Time": "2006-04-01", "value": 298.0}, {"Time": "2006-07-01", "value": 334.0}, {"Time": "2006-10-01", "value": 263.0}, {"Time": "2007-01-01", "value": 178.0}, {"Time": "2007-04-01", "value": 243.0}, {"Time": "2007-07-01", "value": 286.0}, {"Time": "2007-10-01", "value": 236.0}, {"Time": "2008-01-01", "value": 265.0}, {"Time": "2008-04-01", "value": 246.0}, {"Time": "2008-07-01", "value": 336.0}, {"Time": "2008-10-01", "value": 191.0}, {"Time": "2009-01-01", "value": 270.0}, {"Time": "2009-04-01", "value": 295.0}, {"Time": "2009-07-01", "value": 386.0}, {"Time": "2009-10-01", "value": 218.0}, {"Time": "2010-01-01", "value": 269.0}, {"Time": "2010-04-01", "value": 251.0}, {"Time": "2010-07-01", "value": 301.0}, {"Time": "2010-10-01", "value": 260.0}, {"Time": "2011-01-01", "value": 279.0}, {"Time": "2011-04-01", "value": 299.0}, {"Time": "2011-07-01", "value": 380.0}, {"Time": "2011-10-01", "value": 294.0}, {"Time": "2012-01-01", "value": 267.0}, {"Time": "2012-04-01", "value": 286.0}, {"Time": "2012-07-01", "value": 310.0}, {"Time": "2012-10-01", "value": 272.0}, {"Time": "2013-01-01", "value": 253.0}, {"Time": "2013-04-01", "value": 296.0}, {"Time": "2013-07-01", "value": 233.0}, {"Time": "2013-10-01", "value": 264.0}, {"Time": "2014-01-01", "value": 326.0}, {"Time": "2014-04-01", "value": 309.0}, {"Time": "2014-07-01", "value": 381.0}, {"Time": "2014-10-01", "value": 260.0}, {"Time": "2015-01-01", "value": 294.0}, {"Time": "2015-04-01", "value": 374.0}, {"Time": "2015-07-01", "value": 423.0}, {"Time": "2015-10-01", "value": 291.0}, {"Time": "2016-01-01", "value": 418.0}, {"Time": "2016-04-01", "value": 332.0}, {"Time": "2016-07-01", "value": 413.0}, {"Time": "2016-10-01", "value": 295.0}]}