{"data": [{"Time": "1998-01-01", "value": 89.0}, {"Time": "1998-04-01", "value": 105.0}, {"Time": "1998-07-01", "value": 99.0}, {"Time": "1998-10-01", "value": 144.0}, {"Time": "1999-01-01", "value": 102.0}, {"Time": "1999-04-01", "value": 107.0}, {"Time": "1999-07-01", "value": 105.0}, {"Time": "1999-10-01", "value": 129.0}, {"Time": "2000-01-01", "value": 86.0}, {"Time": "2000-04-01", "value": 123.0}, {"Time": "2000-07-01", "value": 95.0}, {"Time": "2000-10-01", "value": 96.0}, {"Time": "2001-01-01", "value": 94.0}, {"Time": "2001-04-01", "value": 99.0}, {"Time": "2001-07-01", "value": 77.0}, {"Time": "2001-10-01", "value": 95.0}, {"Time": "2002-01-01", "value": 108.0}, {"Time": "2002-04-01", "value": 74.0}, {"Time": "2002-07-01", "value": 56.0}, {"Time": "2002-10-01", "value": 116.0}, {"Time": "2003-01-01", "value": 100.0}, {"Time": "2003-04-01", "value": 135.0}, {"Time": "2003-07-01", "value": 61.0}, {"Time": "2003-10-01", "value": 86.0}, {"Time": "2004-01-01", "value": 109.0}, {"Time": "2004-04-01", "value": 118.0}, {"Time": "2004-07-01", "value": 86.0}, {"Time": "2004-10-01", "value": 78.0}, {"Time": "2005-01-01", "value": 106.0}, {"Time": "2005-04-01", "value": 83.0}, {"Time": "2005-07-01", "value": 54.0}, {"Time": "2005-10-01", "value": 86.0}, {"Time": "2006-01-01", "value": 75.0}, {"Time": "2006-04-01", "value": 87.0}, {"Time": "2006-07-01", "value": 67.0}, {"Time": "2006-10-01", "value": 74.0}, {"Time": "2007-01-01", "value": 99.0}, {"Time": "2007-04-01", "value": 79.0}, {"Time": "2007-07-01", "value": 59.0}, {"Time": "2007-10-01", "value": 73.0}, {"Time": "2008-01-01", "value": 75.0}, {"Time": "2008-04-01", "value": 52.0}, {"Time": "2008-07-01", "value": 55.0}, {"Time": "2008-10-01", "value": 84.0}, {"Time": "2009-01-01", "value": 72.0}, {"Time": "2009-04-01", "value": 95.0}, {"Time": "2009-07-01", "value": 89.0}, {"Time": "2009-10-01", "value": 57.0}, {"Time": "2010-01-01", "value": 48.0}, {"Time": "2010-04-01", "value": 59.0}, {"Time": "2010-07-01", "value": 45.0}, {"Time": "2010-10-01", "value": 71.0}, {"Time": "2011-01-01", "value": 75.0}, {"Time": "2011-04-01", "value": 78.0}, {"Time": "2011-07-01", "value": 87.0}, {"Time": "2011-10-01", "value": 70.0}, {"Time": "2012-01-01", "value": 68.0}, {"Time": "2012-04-01", "value": 88.0}, {"Time": "2012-07-01", "value": 76.0}, {"Time": "2012-10-01", "value": 86.0}, {"Time": "2013-01-01", "value": 87.0}, {"Time": "2013-04-01", "value": 94.0}, {"Time": "2013-07-01", "value": 71.0}, {"Time": "2013-10-01", "value": 92.0}, {"Time": "2014-01-01", "value": 82.0}, {"Time": "2014-04-01", "value": 111.0}, {"Time": "2014-07-01", "value": 44.0}, {"Time": "2014-10-01", "value": 101.0}, {"Time": "2015-01-01", "value": 91.0}, {"Time": "2015-04-01", "value": 115.0}, {"Time": "2015-07-01", "value": 100.0}, {"Time": "2015-10-01", "value": 97.0}, {"Time": "2016-01-01", "value": 130.0}, {"Time": "2016-04-01", "value": 91.0}, {"Time": "2016-07-01", "value": 72.0}, {"Time": "2016-10-01", "value": 96.0}]}