{"data": [{"Time": "1998-01-01", "value": 695.0}, {"Time": "1998-04-01", "value": 247.0}, {"Time": "1998-07-01", "value": 183.0}, {"Time": "1998-10-01", "value": 299.0}, {"Time": "1999-01-01", "value": 565.0}, {"Time": "1999-04-01", "value": 247.0}, {"Time": "1999-07-01", "value": 145.0}, {"Time": "1999-10-01", "value": 248.0}, {"Time": "2000-01-01", "value": 425.0}, {"Time": "2000-04-01", "value": 270.0}, {"Time": "2000-07-01", "value": 156.0}, {"Time": "2000-10-01", "value": 271.0}, {"Time": "2001-01-01", "value": 636.0}, {"Time": "2001-04-01", "value": 239.0}, {"Time": "2001-07-01", "value": 179.0}, {"Time": "2001-10-01", "value": 290.0}, {"Time": "2002-01-01", "value": 417.0}, {"Time": "2002-04-01", "value": 189.0}, {"Time": "2002-07-01", "value": 151.0}, {"Time": "2002-10-01", "value": 231.0}, {"Time": "2003-01-01", "value": 469.0}, {"Time": "2003-04-01", "value": 249.0}, {"Time": "2003-07-01", "value": 176.0}, {"Time": "2003-10-01", "value": 313.0}, {"Time": "2004-01-01", "value": 380.0}, {"Time": "2004-04-01", "value": 268.0}, {"Time": "2004-07-01", "value": 245.0}, {"Time": "2004-10-01", "value": 223.0}, {"Time": "2005-01-01", "value": 373.0}, {"Time": "2005-04-01", "value": 189.0}, {"Time": "2005-07-01", "value": 132.0}, {"Time": "2005-10-01", "value": 240.0}, {"Time": "2006-01-01", "value": 429.0}, {"Time": "2006-04-01", "value": 198.0}, {"Time": "2006-07-01", "value": 143.0}, {"Time": "2006-10-01", "value": 253.0}, {"Time": "2007-01-01", "value": 487.0}, {"Time": "2007-04-01", "value": 221.0}, {"Time": "2007-07-01", "value": 155.0}, {"Time": "2007-10-01", "value": 282.0}, {"Time": "2008-01-01", "value": 509.0}, {"Time": "2008-04-01", "value": 195.0}, {"Time": "2008-07-01", "value": 196.0}, {"Time": "2008-10-01", "value": 246.0}, {"Time": "2009-01-01", "value": 468.0}, {"Time": "2009-04-01", "value": 237.0}, {"Time": "2009-07-01", "value": 191.0}, {"Time": "2009-10-01", "value": 216.0}, {"Time": "2010-01-01", "value": 379.0}, {"Time": "2010-04-01", "value": 169.0}, {"Time": "2010-07-01", "value": 162.0}, {"Time": "2010-10-01", "value": 194.0}, {"Time": "2011-01-01", "value": 375.0}, {"Time": "2011-04-01", "value": 260.0}, {"Time": "2011-07-01", "value": 147.0}, {"Time": "2011-10-01", "value": 299.0}, {"Time": "2012-01-01", "value": 478.0}, {"Time": "2012-04-01", "value": 259.0}, {"Time": "2012-07-01", "value": 154.0}, {"Time": "2012-10-01", "value": 240.0}, {"Time": "2013-01-01", "value": 513.0}, {"Time": "2013-04-01", "value": 209.0}, {"Time": "2013-07-01", "value": 233.0}, {"Time": "2013-10-01", "value": 342.0}, {"Time": "2014-01-01", "value": 538.0}, {"Time": "2014-04-01", "value": 255.0}, {"Time": "2014-07-01", "value": 245.0}, {"Time": "2014-10-01", "value": 297.0}, {"Time": "2015-01-01", "value": 491.0}, {"Time": "2015-04-01", "value": 313.0}, {"Time": "2015-07-01", "value": 241.0}, {"Time": "2015-10-01", "value": 408.0}, {"Time": "2016-01-01", "value": 547.0}, {"Time": "2016-04-01", "value": 302.0}, {"Time": "2016-07-01", "value": 204.0}, {"Time": "2016-10-01", "value": 324.0}]}