{"data": [{"Time": "1998-01-01", "value": 383.0}, {"Time": "1998-04-01", "value": 268.0}, {"Time": "1998-07-01", "value": 257.0}, {"Time": "1998-10-01", "value": 227.0}, {"Time": "1999-01-01", "value": 322.0}, {"Time": "1999-04-01", "value": 246.0}, {"Time": "1999-07-01", "value": 183.0}, {"Time": "1999-10-01", "value": 210.0}, {"Time": "2000-01-01", "value": 283.0}, {"Time": "2000-04-01", "value": 211.0}, {"Time": "2000-07-01", "value": 221.0}, {"Time": "2000-10-01", "value": 312.0}, {"Time": "2001-01-01", "value": 276.0}, {"Time": "2001-04-01", "value": 214.0}, {"Time": "2001-07-01", "value": 266.0}, {"Time": "2001-10-01", "value": 210.0}, {"Time": "2002-01-01", "value": 288.0}, {"Time": "2002-04-01", "value": 246.0}, {"Time": "2002-07-01", "value": 158.0}, {"Time": "2002-10-01", "value": 311.0}, {"Time": "2003-01-01", "value": 272.0}, {"Time": "2003-04-01", "value": 261.0}, {"Time": "2003-07-01", "value": 256.0}, {"Time": "2003-10-01", "value": 329.0}, {"Time": "2004-01-01", "value": 350.0}, {"Time": "2004-04-01", "value": 306.0}, {"Time": "2004-07-01", "value": 218.0}, {"Time": "2004-10-01", "value": 242.0}, {"Time": "2005-01-01", "value": 372.0}, {"Time": "2005-04-01", "value": 197.0}, {"Time": "2005-07-01", "value": 178.0}, {"Time": "2005-10-01", "value": 217.0}, {"Time": "2006-01-01", "value": 365.0}, {"Time": "2006-04-01", "value": 276.0}, {"Time": "2006-07-01", "value": 194.0}, {"Time": "2006-10-01", "value": 230.0}, {"Time": "2007-01-01", "value": 258.0}, {"Time": "2007-04-01", "value": 250.0}, {"Time": "2007-07-01", "value": 188.0}, {"Time": "2007-10-01", "value": 252.0}, {"Time": "2008-01-01", "value": 294.0}, {"Time": "2008-04-01", "value": 209.0}, {"Time": "2008-07-01", "value": 165.0}, {"Time": "2008-10-01", "value": 247.0}, {"Time": "2009-01-01", "value": 210.0}, {"Time": "2009-04-01", "value": 178.0}, {"Time": "2009-07-01", "value": 156.0}, {"Time": "2009-10-01", "value": 227.0}, {"Time": "2010-01-01", "value": 322.0}, {"Time": "2010-04-01", "value": 198.0}, {"Time": "2010-07-01", "value": 143.0}, {"Time": "2010-10-01", "value": 249.0}, {"Time": "2011-01-01", "value": 284.0}, {"Time": "2011-04-01", "value": 180.0}, {"Time": "2011-07-01", "value": 177.0}, {"Time": "2011-10-01", "value": 258.0}, {"Time": "2012-01-01", "value": 295.0}, {"Time": "2012-04-01", "value": 204.0}, {"Time": "2012-07-01", "value": 164.0}, {"Time": "2012-10-01", "value": 220.0}, {"Time": "2013-01-01", "value": 325.0}, {"Time": "2013-04-01", "value": 238.0}, {"Time": "2013-07-01", "value": 155.0}, {"Time": "2013-10-01", "value": 277.0}, {"Time": "2014-01-01", "value": 358.0}, {"Time": "2014-04-01", "value": 230.0}, {"Time": "2014-07-01", "value": 167.0}, {"Time": "2014-10-01", "value": 219.0}, {"Time": "2015-01-01", "value": 338.0}, {"Time": "2015-04-01", "value": 330.0}, {"Time": "2015-07-01", "value": 227.0}, {"Time": "2015-10-01", "value": 278.0}, {"Time": "2016-01-01", "value": 356.0}, {"Time": "2016-04-01", "value": 203.0}, {"Time": "2016-07-01", "value": 173.0}, {"Time": "2016-10-01", "value": 272.0}]}