{"data": [{"Time": "1998-01-01", "value": 255.0}, {"Time": "1998-04-01", "value": 191.0}, {"Time": "1998-07-01", "value": 217.0}, {"Time": "1998-10-01", "value": 196.0}, {"Time": "1999-01-01", "value": 347.0}, {"Time": "1999-04-01", "value": 203.0}, {"Time": "1999-07-01", "value": 133.0}, {"Time": "1999-10-01", "value": 154.0}, {"Time": "2000-01-01", "value": 293.0}, {"Time": "2000-04-01", "value": 217.0}, {"Time": "2000-07-01", "value": 183.0}, {"Time": "2000-10-01", "value": 265.0}, {"Time": "2001-01-01", "value": 373.0}, {"Time": "2001-04-01", "value": 216.0}, {"Time": "2001-07-01", "value": 222.0}, {"Time": "2001-10-01", "value": 160.0}, {"Time": "2002-01-01", "value": 315.0}, {"Time": "2002-04-01", "value": 159.0}, {"Time": "2002-07-01", "value": 241.0}, {"Time": "2002-10-01", "value": 321.0}, {"Time": "2003-01-01", "value": 284.0}, {"Time": "2003-04-01", "value": 238.0}, {"Time": "2003-07-01", "value": 161.0}, {"Time": "2003-10-01", "value": 215.0}, {"Time": "2004-01-01", "value": 268.0}, {"Time": "2004-04-01", "value": 232.0}, {"Time": "2004-07-01", "value": 198.0}, {"Time": "2004-10-01", "value": 181.0}, {"Time": "2005-01-01", "value": 294.0}, {"Time": "2005-04-01", "value": 196.0}, {"Time": "2005-07-01", "value": 135.0}, {"Time": "2005-10-01", "value": 231.0}, {"Time": "2006-01-01", "value": 383.0}, {"Time": "2006-04-01", "value": 222.0}, {"Time": "2006-07-01", "value": 170.0}, {"Time": "2006-10-01", "value": 210.0}, {"Time": "2007-01-01", "value": 315.0}, {"Time": "2007-04-01", "value": 175.0}, {"Time": "2007-07-01", "value": 206.0}, {"Time": "2007-10-01", "value": 265.0}, {"Time": "2008-01-01", "value": 303.0}, {"Time": "2008-04-01", "value": 214.0}, {"Time": "2008-07-01", "value": 154.0}, {"Time": "2008-10-01", "value": 201.0}, {"Time": "2009-01-01", "value": 249.0}, {"Time": "2009-04-01", "value": 165.0}, {"Time": "2009-07-01", "value": 206.0}, {"Time": "2009-10-01", "value": 207.0}, {"Time": "2010-01-01", "value": 355.0}, {"Time": "2010-04-01", "value": 193.0}, {"Time": "2010-07-01", "value": 168.0}, {"Time": "2010-10-01", "value": 162.0}, {"Time": "2011-01-01", "value": 306.0}, {"Time": "2011-04-01", "value": 208.0}, {"Time": "2011-07-01", "value": 179.0}, {"Time": "2011-10-01", "value": 252.0}, {"Time": "2012-01-01", "value": 350.0}, {"Time": "2012-04-01", "value": 176.0}, {"Time": "2012-07-01", "value": 151.0}, {"Time": "2012-10-01", "value": 180.0}, {"Time": "2013-01-01", "value": 309.0}, {"Time": "2013-04-01", "value": 191.0}, {"Time": "2013-07-01", "value": 163.0}, {"Time": "2013-10-01", "value": 235.0}, {"Time": "2014-01-01", "value": 333.0}, {"Time": "2014-04-01", "value": 251.0}, {"Time": "2014-07-01", "value": 235.0}, {"Time": "2014-10-01", "value": 282.0}, {"Time": "2015-01-01", "value": 356.0}, {"Time": "2015-04-01", "value": 243.0}, {"Time": "2015-07-01", "value": 243.0}, {"Time": "2015-10-01", "value": 311.0}, {"Time": "2016-01-01", "value": 406.0}, {"Time": "2016-04-01", "value": 235.0}, {"Time": "2016-07-01", "value": 249.0}, {"Time": "2016-10-01", "value": 389.0}]}