{"data": [{"Time": "1998-01-01", "value": 182.0}, {"Time": "1998-04-01", "value": 186.0}, {"Time": "1998-07-01", "value": 187.0}, {"Time": "1998-10-01", "value": 205.0}, {"Time": "1999-01-01", "value": 154.0}, {"Time": "1999-04-01", "value": 201.0}, {"Time": "1999-07-01", "value": 187.0}, {"Time": "1999-10-01", "value": 172.0}, {"Time": "2000-01-01", "value": 194.0}, {"Time": "2000-04-01", "value": 170.0}, {"Time": "2000-07-01", "value": 210.0}, {"Time": "2000-10-01", "value": 224.0}, {"Time": "2001-01-01", "value": 121.0}, {"Time": "2001-04-01", "value": 160.0}, {"Time": "2001-07-01", "value": 201.0}, {"Time": "2001-10-01", "value": 213.0}, {"Time": "2002-01-01", "value": 126.0}, {"Time": "2002-04-01", "value": 180.0}, {"Time": "2002-07-01", "value": 232.0}, {"Time": "2002-10-01", "value": 162.0}, {"Time": "2003-01-01", "value": 180.0}, {"Time": "2003-04-01", "value": 232.0}, {"Time": "2003-07-01", "value": 172.0}, {"Time": "2003-10-01", "value": 163.0}, {"Time": "2004-01-01", "value": 169.0}, {"Time": "2004-04-01", "value": 220.0}, {"Time": "2004-07-01", "value": 149.0}, {"Time": "2004-10-01", "value": 187.0}, {"Time": "2005-01-01", "value": 154.0}, {"Time": "2005-04-01", "value": 175.0}, {"Time": "2005-07-01", "value": 168.0}, {"Time": "2005-10-01", "value": 151.0}, {"Time": "2006-01-01", "value": 158.0}, {"Time": "2006-04-01", "value": 203.0}, {"Time": "2006-07-01", "value": 150.0}, {"Time": "2006-10-01", "value": 140.0}, {"Time": "2007-01-01", "value": 151.0}, {"Time": "2007-04-01", "value": 131.0}, {"Time": "2007-07-01", "value": 149.0}, {"Time": "2007-10-01", "value": 166.0}, {"Time": "2008-01-01", "value": 147.0}, {"Time": "2008-04-01", "value": 116.0}, {"Time": "2008-07-01", "value": 159.0}, {"Time": "2008-10-01", "value": 144.0}, {"Time": "2009-01-01", "value": 134.0}, {"Time": "2009-04-01", "value": 123.0}, {"Time": "2009-07-01", "value": 137.0}, {"Time": "2009-10-01", "value": 171.0}, {"Time": "2010-01-01", "value": 126.0}, {"Time": "2010-04-01", "value": 176.0}, {"Time": "2010-07-01", "value": 138.0}, {"Time": "2010-10-01", "value": 168.0}, {"Time": "2011-01-01", "value": 133.0}, {"Time": "2011-04-01", "value": 169.0}, {"Time": "2011-07-01", "value": 142.0}, {"Time": "2011-10-01", "value": 121.0}, {"Time": "2012-01-01", "value": 164.0}, {"Time": "2012-04-01", "value": 133.0}, {"Time": "2012-07-01", "value": 164.0}, {"Time": "2012-10-01", "value": 157.0}, {"Time": "2013-01-01", "value": 160.0}, {"Time": "2013-04-01", "value": 176.0}, {"Time": "2013-07-01", "value": 137.0}, {"Time": "2013-10-01", "value": 153.0}, {"Time": "2014-01-01", "value": 138.0}, {"Time": "2014-04-01", "value": 166.0}, {"Time": "2014-07-01", "value": 154.0}, {"Time": "2014-10-01", "value": 192.0}, {"Time": "2015-01-01", "value": 185.0}, {"Time": "2015-04-01", "value": 131.0}, {"Time": "2015-07-01", "value": 145.0}, {"Time": "2015-10-01", "value": 151.0}, {"Time": "2016-01-01", "value": 143.0}, {"Time": "2016-04-01", "value": 222.0}, {"Time": "2016-07-01", "value": 144.0}, {"Time": "2016-10-01", "value": 175.0}]}