{
    "data": [
        {
            "Time": "2023-03-01",
            "value": 2545.80517578125
        },
        {
            "Time": "2023-03-02",
            "value": 2571.250244140625
        },
        {
            "Time": "2023-03-03",
            "value": 2613.71142578125
        },
        {
            "Time": "2023-03-06",
            "value": 2606.759033203125
        },
        {
            "Time": "2023-03-07",
            "value": 2572.317138671875
        },
        {
            "Time": "2023-03-08",
            "value": 2576.27734375
        },
        {
            "Time": "2023-03-09",
            "value": 2498.994873046875
        },
        {
            "Time": "2023-03-10",
            "value": 2474.158447265625
        },
        {
            "Time": "2023-03-13",
            "value": 2432.66455078125
        },
        {
            "Time": "2023-03-14",
            "value": 2469.4306640625
        },
        {
            "Time": "2023-03-15",
            "value": 2409.563720703125
        },
        {
            "Time": "2023-03-16",
            "value": 2433.68212890625
        },
        {
            "Time": "2023-03-17",
            "value": 2434.619873046875
        },
        {
            "Time": "2023-03-20",
            "value": 2487.36474609375
        },
        {
            "Time": "2023-03-21",
            "value": 2564.7568359375
        },
        {
            "Time": "2023-03-22",
            "value": 2551.7099609375
        },
        {
            "Time": "2023-03-23",
            "value": 2532.27978515625
        },
        {
            "Time": "2023-03-24",
            "value": 2492.950439453125
        },
        {
            "Time": "2023-03-27",
            "value": 2501.907470703125
        },
        {
            "Time": "2023-03-28",
            "value": 2538.623779296875
        },
        {
            "Time": "2023-03-29",
            "value": 2565.20556640625
        },
        {
            "Time": "2023-03-30",
            "value": 2603.0986328125
        },
        {
            "Time": "2023-03-31",
            "value": 2645.6396484375
        }
    ]
}