{
    "data": [
        {
            "Time": "2023-03-01",
            "value": 202.77000427246097
        },
        {
            "Time": "2023-03-02",
            "value": 190.8999938964844
        },
        {
            "Time": "2023-03-03",
            "value": 197.7899932861328
        },
        {
            "Time": "2023-03-06",
            "value": 193.80999755859375
        },
        {
            "Time": "2023-03-07",
            "value": 187.7100067138672
        },
        {
            "Time": "2023-03-08",
            "value": 182.0
        },
        {
            "Time": "2023-03-09",
            "value": 172.9199981689453
        },
        {
            "Time": "2023-03-10",
            "value": 173.44000244140625
        },
        {
            "Time": "2023-03-13",
            "value": 174.47999572753906
        },
        {
            "Time": "2023-03-14",
            "value": 183.2599945068359
        },
        {
            "Time": "2023-03-15",
            "value": 180.4499969482422
        },
        {
            "Time": "2023-03-16",
            "value": 184.1300048828125
        },
        {
            "Time": "2023-03-17",
            "value": 180.1300048828125
        },
        {
            "Time": "2023-03-20",
            "value": 183.25
        },
        {
            "Time": "2023-03-21",
            "value": 197.5800018310547
        },
        {
            "Time": "2023-03-22",
            "value": 191.1499938964844
        },
        {
            "Time": "2023-03-23",
            "value": 192.22000122070312
        },
        {
            "Time": "2023-03-24",
            "value": 190.41000366210935
        },
        {
            "Time": "2023-03-27",
            "value": 191.80999755859375
        },
        {
            "Time": "2023-03-28",
            "value": 189.19000244140625
        },
        {
            "Time": "2023-03-29",
            "value": 193.8800048828125
        },
        {
            "Time": "2023-03-30",
            "value": 195.27999877929688
        },
        {
            "Time": "2023-03-31",
            "value": 207.4600067138672
        }
    ]
}