{
    "data": [
        {
            "Time": "2023-03-01",
            "value": 92.16999816894533
        },
        {
            "Time": "2023-03-02",
            "value": 92.12999725341795
        },
        {
            "Time": "2023-03-03",
            "value": 94.9000015258789
        },
        {
            "Time": "2023-03-06",
            "value": 93.75
        },
        {
            "Time": "2023-03-07",
            "value": 93.5500030517578
        },
        {
            "Time": "2023-03-08",
            "value": 93.91999816894533
        },
        {
            "Time": "2023-03-09",
            "value": 92.25
        },
        {
            "Time": "2023-03-10",
            "value": 90.7300033569336
        },
        {
            "Time": "2023-03-13",
            "value": 92.43000030517578
        },
        {
            "Time": "2023-03-14",
            "value": 94.87999725341795
        },
        {
            "Time": "2023-03-15",
            "value": 96.1999969482422
        },
        {
            "Time": "2023-03-16",
            "value": 100.04000091552734
        },
        {
            "Time": "2023-03-17",
            "value": 98.9499969482422
        },
        {
            "Time": "2023-03-20",
            "value": 97.70999908447266
        },
        {
            "Time": "2023-03-21",
            "value": 100.61000061035156
        },
        {
            "Time": "2023-03-22",
            "value": 98.6999969482422
        },
        {
            "Time": "2023-03-23",
            "value": 98.70999908447266
        },
        {
            "Time": "2023-03-24",
            "value": 98.12999725341795
        },
        {
            "Time": "2023-03-27",
            "value": 98.04000091552734
        },
        {
            "Time": "2023-03-28",
            "value": 97.23999786376952
        },
        {
            "Time": "2023-03-29",
            "value": 100.25
        },
        {
            "Time": "2023-03-30",
            "value": 102.0
        },
        {
            "Time": "2023-03-31",
            "value": 103.29000091552734
        }
    ]
}