{
    "data": [
        {
            "Time": "2023-03-01",
            "value": 1484.77001953125
        },
        {
            "Time": "2023-03-02",
            "value": 1495.27001953125
        },
        {
            "Time": "2023-03-03",
            "value": 1510.0
        },
        {
            "Time": "2023-03-06",
            "value": 1505.1300048828125
        },
        {
            "Time": "2023-03-07",
            "value": 1509.6800537109375
        },
        {
            "Time": "2023-03-08",
            "value": 1533.06005859375
        },
        {
            "Time": "2023-03-09",
            "value": 1551.0999755859375
        },
        {
            "Time": "2023-03-10",
            "value": 1550.7099609375
        },
        {
            "Time": "2023-03-13",
            "value": 1566.3399658203125
        },
        {
            "Time": "2023-03-14",
            "value": 1590.760009765625
        },
        {
            "Time": "2023-03-15",
            "value": 1590.8699951171875
        },
        {
            "Time": "2023-03-16",
            "value": 1625.1400146484375
        },
        {
            "Time": "2023-03-17",
            "value": 1608.8399658203125
        },
        {
            "Time": "2023-03-20",
            "value": 1610.22998046875
        },
        {
            "Time": "2023-03-21",
            "value": 1627.9599609375
        },
        {
            "Time": "2023-03-22",
            "value": 1622.469970703125
        },
        {
            "Time": "2023-03-23",
            "value": 1632.530029296875
        },
        {
            "Time": "2023-03-24",
            "value": 1624.25
        },
        {
            "Time": "2023-03-27",
            "value": 1647.8199462890625
        },
        {
            "Time": "2023-03-28",
            "value": 1652.9000244140625
        },
        {
            "Time": "2023-03-29",
            "value": 1656.719970703125
        },
        {
            "Time": "2023-03-30",
            "value": 1672.1700439453125
        },
        {
            "Time": "2023-03-31",
            "value": 1708.2900390625
        }
    ]
}