{
    "data": [
        {
            "Time": "2023-03-01",
            "value": 116.6500473022461
        },
        {
            "Time": "2023-03-02",
            "value": 117.6337661743164
        },
        {
            "Time": "2023-03-03",
            "value": 119.31085968017578
        },
        {
            "Time": "2023-03-06",
            "value": 118.55123901367188
        },
        {
            "Time": "2023-03-07",
            "value": 117.97904205322266
        },
        {
            "Time": "2023-03-08",
            "value": 118.2454071044922
        },
        {
            "Time": "2023-03-09",
            "value": 116.28221893310548
        },
        {
            "Time": "2023-03-10",
            "value": 115.9073257446289
        },
        {
            "Time": "2023-03-13",
            "value": 115.28581237792967
        },
        {
            "Time": "2023-03-14",
            "value": 117.3969955444336
        },
        {
            "Time": "2023-03-15",
            "value": 116.5781707763672
        },
        {
            "Time": "2023-03-16",
            "value": 119.02477264404295
        },
        {
            "Time": "2023-03-17",
            "value": 118.7682647705078
        },
        {
            "Time": "2023-03-20",
            "value": 119.56735229492188
        },
        {
            "Time": "2023-03-21",
            "value": 123.91795349121094
        },
        {
            "Time": "2023-03-22",
            "value": 117.89025115966795
        },
        {
            "Time": "2023-03-23",
            "value": 119.3404541015625
        },
        {
            "Time": "2023-03-24",
            "value": 119.0839614868164
        },
        {
            "Time": "2023-03-27",
            "value": 116.2230224609375
        },
        {
            "Time": "2023-03-28",
            "value": 116.28221893310548
        },
        {
            "Time": "2023-03-29",
            "value": 118.8669204711914
        },
        {
            "Time": "2023-03-30",
            "value": 118.48217010498048
        },
        {
            "Time": "2023-03-31",
            "value": 120.98796081542967
        }
    ]
}