{
    "data": [
        {
            "Time": "2023-03-01",
            "value": 3951.389892578125
        },
        {
            "Time": "2023-03-02",
            "value": 3981.35009765625
        },
        {
            "Time": "2023-03-03",
            "value": 4045.639892578125
        },
        {
            "Time": "2023-03-06",
            "value": 4048.419921875
        },
        {
            "Time": "2023-03-07",
            "value": 3986.3701171875
        },
        {
            "Time": "2023-03-08",
            "value": 3992.010009765625
        },
        {
            "Time": "2023-03-09",
            "value": 3918.320068359375
        },
        {
            "Time": "2023-03-10",
            "value": 3861.590087890625
        },
        {
            "Time": "2023-03-13",
            "value": 3855.760009765625
        },
        {
            "Time": "2023-03-14",
            "value": 3919.2900390625
        },
        {
            "Time": "2023-03-15",
            "value": 3891.929931640625
        },
        {
            "Time": "2023-03-16",
            "value": 3960.280029296875
        },
        {
            "Time": "2023-03-17",
            "value": 3916.639892578125
        },
        {
            "Time": "2023-03-20",
            "value": 3951.570068359375
        },
        {
            "Time": "2023-03-21",
            "value": 4002.8701171875
        },
        {
            "Time": "2023-03-22",
            "value": 3936.969970703125
        },
        {
            "Time": "2023-03-23",
            "value": 3948.719970703125
        },
        {
            "Time": "2023-03-24",
            "value": 3970.989990234375
        },
        {
            "Time": "2023-03-27",
            "value": 3977.530029296875
        },
        {
            "Time": "2023-03-28",
            "value": 3971.27001953125
        },
        {
            "Time": "2023-03-29",
            "value": 4027.81005859375
        },
        {
            "Time": "2023-03-30",
            "value": 4050.830078125
        },
        {
            "Time": "2023-03-31",
            "value": 4109.31005859375
        }
    ]
}