{"data": [{"Time": "1998-01-01", "value": 1915.0}, {"Time": "1998-04-01", "value": 1541.0}, {"Time": "1998-07-01", "value": 1322.0}, {"Time": "1998-10-01", "value": 1439.0}, {"Time": "1999-01-01", "value": 1830.0}, {"Time": "1999-04-01", "value": 1503.0}, {"Time": "1999-07-01", "value": 1310.0}, {"Time": "1999-10-01", "value": 1290.0}, {"Time": "2000-01-01", "value": 1597.0}, {"Time": "2000-04-01", "value": 1281.0}, {"Time": "2000-07-01", "value": 1452.0}, {"Time": "2000-10-01", "value": 1592.0}, {"Time": "2001-01-01", "value": 1605.0}, {"Time": "2001-04-01", "value": 1446.0}, {"Time": "2001-07-01", "value": 1381.0}, {"Time": "2001-10-01", "value": 1197.0}, {"Time": "2002-01-01", "value": 1653.0}, {"Time": "2002-04-01", "value": 1345.0}, {"Time": "2002-07-01", "value": 1249.0}, {"Time": "2002-10-01", "value": 1556.0}, {"Time": "2003-01-01", "value": 1734.0}, {"Time": "2003-04-01", "value": 1608.0}, {"Time": "2003-07-01", "value": 1310.0}, {"Time": "2003-10-01", "value": 1463.0}, {"Time": "2004-01-01", "value": 2043.0}, {"Time": "2004-04-01", "value": 1624.0}, {"Time": "2004-07-01", "value": 1460.0}, {"Time": "2004-10-01", "value": 1517.0}, {"Time": "2005-01-01", "value": 1949.0}, {"Time": "2005-04-01", "value": 1448.0}, {"Time": "2005-07-01", "value": 1372.0}, {"Time": "2005-10-01", "value": 1212.0}, {"Time": "2006-01-01", "value": 1792.0}, {"Time": "2006-04-01", "value": 1739.0}, {"Time": "2006-07-01", "value": 1312.0}, {"Time": "2006-10-01", "value": 1291.0}, {"Time": "2007-01-01", "value": 1896.0}, {"Time": "2007-04-01", "value": 1664.0}, {"Time": "2007-07-01", "value": 1380.0}, {"Time": "2007-10-01", "value": 1544.0}, {"Time": "2008-01-01", "value": 1933.0}, {"Time": "2008-04-01", "value": 1481.0}, {"Time": "2008-07-01", "value": 1339.0}, {"Time": "2008-10-01", "value": 1205.0}, {"Time": "2009-01-01", "value": 1615.0}, {"Time": "2009-04-01", "value": 1590.0}, {"Time": "2009-07-01", "value": 1403.0}, {"Time": "2009-10-01", "value": 1271.0}, {"Time": "2010-01-01", "value": 1702.0}, {"Time": "2010-04-01", "value": 1493.0}, {"Time": "2010-07-01", "value": 1265.0}, {"Time": "2010-10-01", "value": 1290.0}, {"Time": "2011-01-01", "value": 1637.0}, {"Time": "2011-04-01", "value": 1231.0}, {"Time": "2011-07-01", "value": 1439.0}, {"Time": "2011-10-01", "value": 1313.0}, {"Time": "2012-01-01", "value": 1734.0}, {"Time": "2012-04-01", "value": 1281.0}, {"Time": "2012-07-01", "value": 1389.0}, {"Time": "2012-10-01", "value": 1452.0}, {"Time": "2013-01-01", "value": 1826.0}, {"Time": "2013-04-01", "value": 1524.0}, {"Time": "2013-07-01", "value": 1264.0}, {"Time": "2013-10-01", "value": 1208.0}, {"Time": "2014-01-01", "value": 1701.0}, {"Time": "2014-04-01", "value": 1891.0}, {"Time": "2014-07-01", "value": 1157.0}, {"Time": "2014-10-01", "value": 1573.0}, {"Time": "2015-01-01", "value": 2217.0}, {"Time": "2015-04-01", "value": 1661.0}, {"Time": "2015-07-01", "value": 1546.0}, {"Time": "2015-10-01", "value": 2087.0}, {"Time": "2016-01-01", "value": 2114.0}, {"Time": "2016-04-01", "value": 1629.0}, {"Time": "2016-07-01", "value": 1785.0}, {"Time": "2016-10-01", "value": 1847.0}]}