{
    "data": [
        {
            "Time": "1998-01-01",
            "value": 8040.0
        },
        {
            "Time": "1998-04-01",
            "value": 7166.0
        },
        {
            "Time": "1998-07-01",
            "value": 6748.0
        },
        {
            "Time": "1998-10-01",
            "value": 7282.0
        },
        {
            "Time": "1999-01-01",
            "value": 7585.0
        },
        {
            "Time": "1999-04-01",
            "value": 7054.0
        },
        {
            "Time": "1999-07-01",
            "value": 6724.0
        },
        {
            "Time": "1999-10-01",
            "value": 7136.0
        },
        {
            "Time": "2000-01-01",
            "value": 7296.0
        },
        {
            "Time": "2000-04-01",
            "value": 6445.0
        },
        {
            "Time": "2000-07-01",
            "value": 6919.0
        },
        {
            "Time": "2000-10-01",
            "value": 7231.0
        },
        {
            "Time": "2001-01-01",
            "value": 7237.0
        },
        {
            "Time": "2001-04-01",
            "value": 6996.0
        },
        {
            "Time": "2001-07-01",
            "value": 6676.0
        },
        {
            "Time": "2001-10-01",
            "value": 7289.0
        },
        {
            "Time": "2002-01-01",
            "value": 7381.0
        },
        {
            "Time": "2002-04-01",
            "value": 7321.0
        },
        {
            "Time": "2002-07-01",
            "value": 7250.0
        },
        {
            "Time": "2002-10-01",
            "value": 7555.0
        },
        {
            "Time": "2003-01-01",
            "value": 7544.0
        },
        {
            "Time": "2003-04-01",
            "value": 6926.0
        },
        {
            "Time": "2003-07-01",
            "value": 7162.0
        },
        {
            "Time": "2003-10-01",
            "value": 6978.0
        },
        {
            "Time": "2004-01-01",
            "value": 7697.0
        },
        {
            "Time": "2004-04-01",
            "value": 6991.0
        },
        {
            "Time": "2004-07-01",
            "value": 6401.0
        },
        {
            "Time": "2004-10-01",
            "value": 6739.0
        },
        {
            "Time": "2005-01-01",
            "value": 7373.0
        },
        {
            "Time": "2005-04-01",
            "value": 6028.0
        },
        {
            "Time": "2005-07-01",
            "value": 5893.0
        },
        {
            "Time": "2005-10-01",
            "value": 6252.0
        },
        {
            "Time": "2006-01-01",
            "value": 7303.0
        },
        {
            "Time": "2006-04-01",
            "value": 6715.0
        },
        {
            "Time": "2006-07-01",
            "value": 5945.0
        },
        {
            "Time": "2006-10-01",
            "value": 6599.0
        },
        {
            "Time": "2007-01-01",
            "value": 6862.0
        },
        {
            "Time": "2007-04-01",
            "value": 6709.0
        },
        {
            "Time": "2007-07-01",
            "value": 5989.0
        },
        {
            "Time": "2007-10-01",
            "value": 6315.0
        },
        {
            "Time": "2008-01-01",
            "value": 7515.0
        },
        {
            "Time": "2008-04-01",
            "value": 6280.0
        },
        {
            "Time": "2008-07-01",
            "value": 6016.0
        },
        {
            "Time": "2008-10-01",
            "value": 6120.0
        },
        {
            "Time": "2009-01-01",
            "value": 6538.0
        },
        {
            "Time": "2009-04-01",
            "value": 5684.0
        },
        {
            "Time": "2009-07-01",
            "value": 5719.0
        },
        {
            "Time": "2009-10-01",
            "value": 6584.0
        },
        {
            "Time": "2010-01-01",
            "value": 6718.0
        },
        {
            "Time": "2010-04-01",
            "value": 5886.0
        },
        {
            "Time": "2010-07-01",
            "value": 6530.0
        },
        {
            "Time": "2010-10-01",
            "value": 6417.0
        },
        {
            "Time": "2011-01-01",
            "value": 7221.0
        },
        {
            "Time": "2011-04-01",
            "value": 6649.0
        },
        {
            "Time": "2011-07-01",
            "value": 6375.0
        },
        {
            "Time": "2011-10-01",
            "value": 6330.0
        },
        {
            "Time": "2012-01-01",
            "value": 7029.0
        },
        {
            "Time": "2012-04-01",
            "value": 6524.0
        },
        {
            "Time": "2012-07-01",
            "value": 6262.0
        },
        {
            "Time": "2012-10-01",
            "value": 6903.0
        },
        {
            "Time": "2013-01-01",
            "value": 6971.0
        },
        {
            "Time": "2013-04-01",
            "value": 6754.0
        },
        {
            "Time": "2013-07-01",
            "value": 6762.0
        },
        {
            "Time": "2013-10-01",
            "value": 7038.0
        },
        {
            "Time": "2014-01-01",
            "value": 7632.0
        },
        {
            "Time": "2014-04-01",
            "value": 6974.0
        },
        {
            "Time": "2014-07-01",
            "value": 6693.0
        },
        {
            "Time": "2014-10-01",
            "value": 7470.0
        },
        {
            "Time": "2015-01-01",
            "value": 7831.0
        },
        {
            "Time": "2015-04-01",
            "value": 7362.0
        },
        {
            "Time": "2015-07-01",
            "value": 7024.0
        },
        {
            "Time": "2015-10-01",
            "value": 7865.0
        },
        {
            "Time": "2016-01-01",
            "value": 8407.0
        },
        {
            "Time": "2016-04-01",
            "value": 7661.0
        },
        {
            "Time": "2016-07-01",
            "value": 7321.0
        },
        {
            "Time": "2016-10-01",
            "value": 7996.0
        }
    ]
}