{"data": [{"Time": "1998-01-01", "value": 4043.0}, {"Time": "1998-04-01", "value": 3967.0}, {"Time": "1998-07-01", "value": 4599.0}, {"Time": "1998-10-01", "value": 4208.0}, {"Time": "1999-01-01", "value": 4332.0}, {"Time": "1999-04-01", "value": 4811.0}, {"Time": "1999-07-01", "value": 5021.0}, {"Time": "1999-10-01", "value": 4353.0}, {"Time": "2000-01-01", "value": 4412.0}, {"Time": "2000-04-01", "value": 4344.0}, {"Time": "2000-07-01", "value": 4611.0}, {"Time": "2000-10-01", "value": 4607.0}, {"Time": "2001-01-01", "value": 4043.0}, {"Time": "2001-04-01", "value": 4640.0}, {"Time": "2001-07-01", "value": 5118.0}, {"Time": "2001-10-01", "value": 4435.0}, {"Time": "2002-01-01", "value": 4424.0}, {"Time": "2002-04-01", "value": 4346.0}, {"Time": "2002-07-01", "value": 5269.0}, {"Time": "2002-10-01", "value": 4652.0}, {"Time": "2003-01-01", "value": 4292.0}, {"Time": "2003-04-01", "value": 4683.0}, {"Time": "2003-07-01", "value": 4836.0}, {"Time": "2003-10-01", "value": 4607.0}, {"Time": "2004-01-01", "value": 4478.0}, {"Time": "2004-04-01", "value": 4652.0}, {"Time": "2004-07-01", "value": 5363.0}, {"Time": "2004-10-01", "value": 4635.0}, {"Time": "2005-01-01", "value": 4738.0}, {"Time": "2005-04-01", "value": 4380.0}, {"Time": "2005-07-01", "value": 4728.0}, {"Time": "2005-10-01", "value": 4476.0}, {"Time": "2006-01-01", "value": 4520.0}, {"Time": "2006-04-01", "value": 4680.0}, {"Time": "2006-07-01", "value": 4712.0}, {"Time": "2006-10-01", "value": 4900.0}, {"Time": "2007-01-01", "value": 4542.0}, {"Time": "2007-04-01", "value": 5289.0}, {"Time": "2007-07-01", "value": 5403.0}, {"Time": "2007-10-01", "value": 4697.0}, {"Time": "2008-01-01", "value": 4966.0}, {"Time": "2008-04-01", "value": 4271.0}, {"Time": "2008-07-01", "value": 4750.0}, {"Time": "2008-10-01", "value": 4705.0}, {"Time": "2009-01-01", "value": 4244.0}, {"Time": "2009-04-01", "value": 4216.0}, {"Time": "2009-07-01", "value": 4946.0}, {"Time": "2009-10-01", "value": 4203.0}, {"Time": "2010-01-01", "value": 4097.0}, {"Time": "2010-04-01", "value": 4470.0}, {"Time": "2010-07-01", "value": 5284.0}, {"Time": "2010-10-01", "value": 4855.0}, {"Time": "2011-01-01", "value": 3462.0}, {"Time": "2011-04-01", "value": 4869.0}, {"Time": "2011-07-01", "value": 5658.0}, {"Time": "2011-10-01", "value": 4713.0}, {"Time": "2012-01-01", "value": 4655.0}, {"Time": "2012-04-01", "value": 4781.0}, {"Time": "2012-07-01", "value": 5105.0}, {"Time": "2012-10-01", "value": 5112.0}, {"Time": "2013-01-01", "value": 4779.0}, {"Time": "2013-04-01", "value": 4648.0}, {"Time": "2013-07-01", "value": 4989.0}, {"Time": "2013-10-01", "value": 4837.0}, {"Time": "2014-01-01", "value": 4790.0}, {"Time": "2014-04-01", "value": 5024.0}, {"Time": "2014-07-01", "value": 5199.0}, {"Time": "2014-10-01", "value": 4938.0}, {"Time": "2015-01-01", "value": 4836.0}, {"Time": "2015-04-01", "value": 5435.0}, {"Time": "2015-07-01", "value": 5895.0}, {"Time": "2015-10-01", "value": 5369.0}, {"Time": "2016-01-01", "value": 5096.0}, {"Time": "2016-04-01", "value": 5444.0}, {"Time": "2016-07-01", "value": 5942.0}, {"Time": "2016-10-01", "value": 6105.0}]}