{"data": [{"Time": "1998-01-01", "value": 1733.0}, {"Time": "1998-04-01", "value": 1395.0}, {"Time": "1998-07-01", "value": 1213.0}, {"Time": "1998-10-01", "value": 1449.0}, {"Time": "1999-01-01", "value": 1535.0}, {"Time": "1999-04-01", "value": 1633.0}, {"Time": "1999-07-01", "value": 1283.0}, {"Time": "1999-10-01", "value": 1388.0}, {"Time": "2000-01-01", "value": 1833.0}, {"Time": "2000-04-01", "value": 1415.0}, {"Time": "2000-07-01", "value": 1543.0}, {"Time": "2000-10-01", "value": 1553.0}, {"Time": "2001-01-01", "value": 1611.0}, {"Time": "2001-04-01", "value": 1419.0}, {"Time": "2001-07-01", "value": 1311.0}, {"Time": "2001-10-01", "value": 1524.0}, {"Time": "2002-01-01", "value": 1636.0}, {"Time": "2002-04-01", "value": 1429.0}, {"Time": "2002-07-01", "value": 1398.0}, {"Time": "2002-10-01", "value": 1545.0}, {"Time": "2003-01-01", "value": 1526.0}, {"Time": "2003-04-01", "value": 1423.0}, {"Time": "2003-07-01", "value": 1354.0}, {"Time": "2003-10-01", "value": 1522.0}, {"Time": "2004-01-01", "value": 1753.0}, {"Time": "2004-04-01", "value": 1621.0}, {"Time": "2004-07-01", "value": 1434.0}, {"Time": "2004-10-01", "value": 1462.0}, {"Time": "2005-01-01", "value": 1559.0}, {"Time": "2005-04-01", "value": 1209.0}, {"Time": "2005-07-01", "value": 1244.0}, {"Time": "2005-10-01", "value": 1340.0}, {"Time": "2006-01-01", "value": 1690.0}, {"Time": "2006-04-01", "value": 1496.0}, {"Time": "2006-07-01", "value": 1191.0}, {"Time": "2006-10-01", "value": 1387.0}, {"Time": "2007-01-01", "value": 1598.0}, {"Time": "2007-04-01", "value": 1525.0}, {"Time": "2007-07-01", "value": 1315.0}, {"Time": "2007-10-01", "value": 1478.0}, {"Time": "2008-01-01", "value": 1630.0}, {"Time": "2008-04-01", "value": 1296.0}, {"Time": "2008-07-01", "value": 1200.0}, {"Time": "2008-10-01", "value": 1455.0}, {"Time": "2009-01-01", "value": 1413.0}, {"Time": "2009-04-01", "value": 1305.0}, {"Time": "2009-07-01", "value": 1309.0}, {"Time": "2009-10-01", "value": 1446.0}, {"Time": "2010-01-01", "value": 1319.0}, {"Time": "2010-04-01", "value": 1322.0}, {"Time": "2010-07-01", "value": 1111.0}, {"Time": "2010-10-01", "value": 1387.0}, {"Time": "2011-01-01", "value": 1458.0}, {"Time": "2011-04-01", "value": 1505.0}, {"Time": "2011-07-01", "value": 1202.0}, {"Time": "2011-10-01", "value": 1439.0}, {"Time": "2012-01-01", "value": 1512.0}, {"Time": "2012-04-01", "value": 1359.0}, {"Time": "2012-07-01", "value": 1200.0}, {"Time": "2012-10-01", "value": 1503.0}, {"Time": "2013-01-01", "value": 1469.0}, {"Time": "2013-04-01", "value": 1457.0}, {"Time": "2013-07-01", "value": 1274.0}, {"Time": "2013-10-01", "value": 1445.0}, {"Time": "2014-01-01", "value": 1524.0}, {"Time": "2014-04-01", "value": 1428.0}, {"Time": "2014-07-01", "value": 1215.0}, {"Time": "2014-10-01", "value": 1518.0}, {"Time": "2015-01-01", "value": 1804.0}, {"Time": "2015-04-01", "value": 1543.0}, {"Time": "2015-07-01", "value": 1353.0}, {"Time": "2015-10-01", "value": 1696.0}, {"Time": "2016-01-01", "value": 1875.0}, {"Time": "2016-04-01", "value": 1661.0}, {"Time": "2016-07-01", "value": 1536.0}, {"Time": "2016-10-01", "value": 1635.0}]}