{"data": [{"Time": "1998-01-01", "value": 6010.0}, {"Time": "1998-04-01", "value": 4795.0}, {"Time": "1998-07-01", "value": 4317.0}, {"Time": "1998-10-01", "value": 4675.0}, {"Time": "1999-01-01", "value": 5304.0}, {"Time": "1999-04-01", "value": 4562.0}, {"Time": "1999-07-01", "value": 3784.0}, {"Time": "1999-10-01", "value": 4201.0}, {"Time": "2000-01-01", "value": 5567.0}, {"Time": "2000-04-01", "value": 4502.0}, {"Time": "2000-07-01", "value": 4122.0}, {"Time": "2000-10-01", "value": 4787.0}, {"Time": "2001-01-01", "value": 5600.0}, {"Time": "2001-04-01", "value": 4533.0}, {"Time": "2001-07-01", "value": 4300.0}, {"Time": "2001-10-01", "value": 4573.0}, {"Time": "2002-01-01", "value": 5514.0}, {"Time": "2002-04-01", "value": 4528.0}, {"Time": "2002-07-01", "value": 4242.0}, {"Time": "2002-10-01", "value": 4744.0}, {"Time": "2003-01-01", "value": 5458.0}, {"Time": "2003-04-01", "value": 5022.0}, {"Time": "2003-07-01", "value": 4188.0}, {"Time": "2003-10-01", "value": 4606.0}, {"Time": "2004-01-01", "value": 5423.0}, {"Time": "2004-04-01", "value": 4972.0}, {"Time": "2004-07-01", "value": 4304.0}, {"Time": "2004-10-01", "value": 4378.0}, {"Time": "2005-01-01", "value": 5449.0}, {"Time": "2005-04-01", "value": 4044.0}, {"Time": "2005-07-01", "value": 3713.0}, {"Time": "2005-10-01", "value": 4391.0}, {"Time": "2006-01-01", "value": 5620.0}, {"Time": "2006-04-01", "value": 4650.0}, {"Time": "2006-07-01", "value": 3855.0}, {"Time": "2006-10-01", "value": 4490.0}, {"Time": "2007-01-01", "value": 5210.0}, {"Time": "2007-04-01", "value": 4519.0}, {"Time": "2007-07-01", "value": 4151.0}, {"Time": "2007-10-01", "value": 4719.0}, {"Time": "2008-01-01", "value": 5681.0}, {"Time": "2008-04-01", "value": 4133.0}, {"Time": "2008-07-01", "value": 4118.0}, {"Time": "2008-10-01", "value": 4266.0}, {"Time": "2009-01-01", "value": 4797.0}, {"Time": "2009-04-01", "value": 4159.0}, {"Time": "2009-07-01", "value": 4226.0}, {"Time": "2009-10-01", "value": 4242.0}, {"Time": "2010-01-01", "value": 4955.0}, {"Time": "2010-04-01", "value": 4235.0}, {"Time": "2010-07-01", "value": 3905.0}, {"Time": "2010-10-01", "value": 4349.0}, {"Time": "2011-01-01", "value": 5244.0}, {"Time": "2011-04-01", "value": 4598.0}, {"Time": "2011-07-01", "value": 4196.0}, {"Time": "2011-10-01", "value": 4684.0}, {"Time": "2012-01-01", "value": 5481.0}, {"Time": "2012-04-01", "value": 4690.0}, {"Time": "2012-07-01", "value": 4110.0}, {"Time": "2012-10-01", "value": 4820.0}, {"Time": "2013-01-01", "value": 5329.0}, {"Time": "2013-04-01", "value": 4743.0}, {"Time": "2013-07-01", "value": 4252.0}, {"Time": "2013-10-01", "value": 5123.0}, {"Time": "2014-01-01", "value": 6206.0}, {"Time": "2014-04-01", "value": 5433.0}, {"Time": "2014-07-01", "value": 4598.0}, {"Time": "2014-10-01", "value": 5429.0}, {"Time": "2015-01-01", "value": 6303.0}, {"Time": "2015-04-01", "value": 5523.0}, {"Time": "2015-07-01", "value": 5145.0}, {"Time": "2015-10-01", "value": 5818.0}, {"Time": "2016-01-01", "value": 6576.0}, {"Time": "2016-04-01", "value": 5335.0}, {"Time": "2016-07-01", "value": 5222.0}, {"Time": "2016-10-01", "value": 6111.0}]}