{"data": [{"Time": "1998-01-01", "value": 1641.0}, {"Time": "1998-04-01", "value": 1576.0}, {"Time": "1998-07-01", "value": 1588.0}, {"Time": "1998-10-01", "value": 1840.0}, {"Time": "1999-01-01", "value": 1836.0}, {"Time": "1999-04-01", "value": 1837.0}, {"Time": "1999-07-01", "value": 1725.0}, {"Time": "1999-10-01", "value": 1519.0}, {"Time": "2000-01-01", "value": 1636.0}, {"Time": "2000-04-01", "value": 1808.0}, {"Time": "2000-07-01", "value": 1576.0}, {"Time": "2000-10-01", "value": 1713.0}, {"Time": "2001-01-01", "value": 1607.0}, {"Time": "2001-04-01", "value": 1711.0}, {"Time": "2001-07-01", "value": 1857.0}, {"Time": "2001-10-01", "value": 1906.0}, {"Time": "2002-01-01", "value": 1908.0}, {"Time": "2002-04-01", "value": 1761.0}, {"Time": "2002-07-01", "value": 1799.0}, {"Time": "2002-10-01", "value": 1792.0}, {"Time": "2003-01-01", "value": 1808.0}, {"Time": "2003-04-01", "value": 1680.0}, {"Time": "2003-07-01", "value": 1681.0}, {"Time": "2003-10-01", "value": 1805.0}, {"Time": "2004-01-01", "value": 1812.0}, {"Time": "2004-04-01", "value": 1718.0}, {"Time": "2004-07-01", "value": 1805.0}, {"Time": "2004-10-01", "value": 1684.0}, {"Time": "2005-01-01", "value": 1698.0}, {"Time": "2005-04-01", "value": 1530.0}, {"Time": "2005-07-01", "value": 1551.0}, {"Time": "2005-10-01", "value": 1641.0}, {"Time": "2006-01-01", "value": 1803.0}, {"Time": "2006-04-01", "value": 1828.0}, {"Time": "2006-07-01", "value": 1675.0}, {"Time": "2006-10-01", "value": 1865.0}, {"Time": "2007-01-01", "value": 1821.0}, {"Time": "2007-04-01", "value": 1794.0}, {"Time": "2007-07-01", "value": 1695.0}, {"Time": "2007-10-01", "value": 1668.0}, {"Time": "2008-01-01", "value": 1820.0}, {"Time": "2008-04-01", "value": 1516.0}, {"Time": "2008-07-01", "value": 1576.0}, {"Time": "2008-10-01", "value": 1520.0}, {"Time": "2009-01-01", "value": 1578.0}, {"Time": "2009-04-01", "value": 1475.0}, {"Time": "2009-07-01", "value": 1321.0}, {"Time": "2009-10-01", "value": 1387.0}, {"Time": "2010-01-01", "value": 1355.0}, {"Time": "2010-04-01", "value": 1348.0}, {"Time": "2010-07-01", "value": 1370.0}, {"Time": "2010-10-01", "value": 1458.0}, {"Time": "2011-01-01", "value": 1506.0}, {"Time": "2011-04-01", "value": 1514.0}, {"Time": "2011-07-01", "value": 1515.0}, {"Time": "2011-10-01", "value": 1642.0}, {"Time": "2012-01-01", "value": 1723.0}, {"Time": "2012-04-01", "value": 1620.0}, {"Time": "2012-07-01", "value": 1511.0}, {"Time": "2012-10-01", "value": 1801.0}, {"Time": "2013-01-01", "value": 1814.0}, {"Time": "2013-04-01", "value": 1899.0}, {"Time": "2013-07-01", "value": 1744.0}, {"Time": "2013-10-01", "value": 1584.0}, {"Time": "2014-01-01", "value": 2165.0}, {"Time": "2014-04-01", "value": 2034.0}, {"Time": "2014-07-01", "value": 1918.0}, {"Time": "2014-10-01", "value": 2044.0}, {"Time": "2015-01-01", "value": 2292.0}, {"Time": "2015-04-01", "value": 2069.0}, {"Time": "2015-07-01", "value": 2138.0}, {"Time": "2015-10-01", "value": 2382.0}, {"Time": "2016-01-01", "value": 2797.0}, {"Time": "2016-04-01", "value": 2469.0}, {"Time": "2016-07-01", "value": 2317.0}, {"Time": "2016-10-01", "value": 2656.0}]}