{
    "data": [
        {
            "Time": "2023-03-01",
            "value": 53.79839324951172
        },
        {
            "Time": "2023-03-02",
            "value": 54.20024108886719
        },
        {
            "Time": "2023-03-03",
            "value": 54.876522064208984
        },
        {
            "Time": "2023-03-06",
            "value": 54.249244689941406
        },
        {
            "Time": "2023-03-07",
            "value": 52.965301513671875
        },
        {
            "Time": "2023-03-08",
            "value": 52.475242614746094
        },
        {
            "Time": "2023-03-09",
            "value": 51.15209197998047
        },
        {
            "Time": "2023-03-10",
            "value": 49.98575592041016
        },
        {
            "Time": "2023-03-13",
            "value": 47.86871337890625
        },
        {
            "Time": "2023-03-14",
            "value": 48.37837219238281
        },
        {
            "Time": "2023-03-15",
            "value": 44.4187126159668
        },
        {
            "Time": "2023-03-16",
            "value": 45.26161193847656
        },
        {
            "Time": "2023-03-17",
            "value": 43.79144287109375
        },
        {
            "Time": "2023-03-20",
            "value": 45.300819396972656
        },
        {
            "Time": "2023-03-21",
            "value": 47.319847106933594
        },
        {
            "Time": "2023-03-22",
            "value": 46.45735168457031
        },
        {
            "Time": "2023-03-23",
            "value": 44.57553482055664
        },
        {
            "Time": "2023-03-24",
            "value": 43.683631896972656
        },
        {
            "Time": "2023-03-27",
            "value": 45.83987808227539
        },
        {
            "Time": "2023-03-28",
            "value": 46.69257354736328
        },
        {
            "Time": "2023-03-29",
            "value": 47.73149490356445
        },
        {
            "Time": "2023-03-30",
            "value": 47.77070236206055
        },
        {
            "Time": "2023-03-31",
            "value": 48.123538970947266
        }
    ]
}