{
    "data": [
        {
            "Time": "2023-03-01",
            "value": 126.35112762451172
        },
        {
            "Time": "2023-03-02",
            "value": 126.78145599365234
        },
        {
            "Time": "2023-03-03",
            "value": 130.56640625
        },
        {
            "Time": "2023-03-06",
            "value": 129.02113342285156
        },
        {
            "Time": "2023-03-07",
            "value": 127.34871673583984
        },
        {
            "Time": "2023-03-08",
            "value": 125.06014251708984
        },
        {
            "Time": "2023-03-09",
            "value": 125.55892944335938
        },
        {
            "Time": "2023-03-10",
            "value": 125.72518920898438
        },
        {
            "Time": "2023-03-13",
            "value": 121.06000518798828
        },
        {
            "Time": "2023-03-14",
            "value": 124.97210693359376
        },
        {
            "Time": "2023-03-15",
            "value": 119.99395751953124
        },
        {
            "Time": "2023-03-16",
            "value": 122.4096908569336
        },
        {
            "Time": "2023-03-17",
            "value": 120.9426498413086
        },
        {
            "Time": "2023-03-20",
            "value": 123.47573852539062
        },
        {
            "Time": "2023-03-21",
            "value": 125.47089385986328
        },
        {
            "Time": "2023-03-22",
            "value": 124.18968963623048
        },
        {
            "Time": "2023-03-23",
            "value": 123.3779296875
        },
        {
            "Time": "2023-03-24",
            "value": 121.95978546142578
        },
        {
            "Time": "2023-03-27",
            "value": 126.07727813720705
        },
        {
            "Time": "2023-03-28",
            "value": 128.6788330078125
        },
        {
            "Time": "2023-03-29",
            "value": 131.1336669921875
        },
        {
            "Time": "2023-03-30",
            "value": 130.99673461914062
        },
        {
            "Time": "2023-03-31",
            "value": 131.86720275878906
        }
    ]
}