{
    "data": [
        {
            "Time": "2023-03-01",
            "value": 102.20701599121094
        },
        {
            "Time": "2023-03-02",
            "value": 104.20787811279295
        },
        {
            "Time": "2023-03-03",
            "value": 104.50608825683594
        },
        {
            "Time": "2023-03-06",
            "value": 105.39107513427734
        },
        {
            "Time": "2023-03-07",
            "value": 103.55374908447266
        },
        {
            "Time": "2023-03-08",
            "value": 103.14974975585938
        },
        {
            "Time": "2023-03-09",
            "value": 101.78376770019533
        },
        {
            "Time": "2023-03-10",
            "value": 100.25425720214844
        },
        {
            "Time": "2023-03-13",
            "value": 96.84896850585938
        },
        {
            "Time": "2023-03-14",
            "value": 97.50309753417967
        },
        {
            "Time": "2023-03-15",
            "value": 91.615966796875
        },
        {
            "Time": "2023-03-16",
            "value": 92.73184204101562
        },
        {
            "Time": "2023-03-17",
            "value": 90.7983169555664
        },
        {
            "Time": "2023-03-20",
            "value": 92.50096893310548
        },
        {
            "Time": "2023-03-21",
            "value": 95.91588592529295
        },
        {
            "Time": "2023-03-22",
            "value": 94.62686157226562
        },
        {
            "Time": "2023-03-23",
            "value": 92.75106811523438
        },
        {
            "Time": "2023-03-24",
            "value": 91.79874420166016
        },
        {
            "Time": "2023-03-27",
            "value": 93.7707290649414
        },
        {
            "Time": "2023-03-28",
            "value": 94.78704071044922
        },
        {
            "Time": "2023-03-29",
            "value": 96.5486297607422
        },
        {
            "Time": "2023-03-30",
            "value": 96.06468963623048
        },
        {
            "Time": "2023-03-31",
            "value": 96.02596282958984
        }
    ]
}