{
    "data": [
        {
            "Time": "2023-03-01",
            "value": 112.3086929321289
        },
        {
            "Time": "2023-03-02",
            "value": 114.96390533447266
        },
        {
            "Time": "2023-03-03",
            "value": 115.88703918457033
        },
        {
            "Time": "2023-03-06",
            "value": 115.06859588623048
        },
        {
            "Time": "2023-03-07",
            "value": 112.54661560058594
        },
        {
            "Time": "2023-03-08",
            "value": 112.13739776611328
        },
        {
            "Time": "2023-03-09",
            "value": 109.44410705566406
        },
        {
            "Time": "2023-03-10",
            "value": 106.7603530883789
        },
        {
            "Time": "2023-03-13",
            "value": 103.82915496826172
        },
        {
            "Time": "2023-03-14",
            "value": 103.92432403564452
        },
        {
            "Time": "2023-03-15",
            "value": 97.4698715209961
        },
        {
            "Time": "2023-03-16",
            "value": 100.35133361816406
        },
        {
            "Time": "2023-03-17",
            "value": 98.68968963623048
        },
        {
            "Time": "2023-03-20",
            "value": 101.28299713134766
        },
        {
            "Time": "2023-03-21",
            "value": 104.3277359008789
        },
        {
            "Time": "2023-03-22",
            "value": 101.55193328857422
        },
        {
            "Time": "2023-03-23",
            "value": 100.63947296142578
        },
        {
            "Time": "2023-03-24",
            "value": 101.3214111328125
        },
        {
            "Time": "2023-03-27",
            "value": 104.09722137451172
        },
        {
            "Time": "2023-03-28",
            "value": 106.04700469970705
        },
        {
            "Time": "2023-03-29",
            "value": 108.22730255126952
        },
        {
            "Time": "2023-03-30",
            "value": 109.05331420898438
        },
        {
            "Time": "2023-03-31",
            "value": 110.10023498535156
        }
    ]
}