{
    "data": [
        {
            "Time": "2023-03-01",
            "value": 155.60409545898438
        },
        {
            "Time": "2023-03-02",
            "value": 156.09381103515625
        },
        {
            "Time": "2023-03-03",
            "value": 158.3983612060547
        },
        {
            "Time": "2023-03-06",
            "value": 159.5602264404297
        },
        {
            "Time": "2023-03-07",
            "value": 157.5053253173828
        },
        {
            "Time": "2023-03-08",
            "value": 156.5067138671875
        },
        {
            "Time": "2023-03-09",
            "value": 154.12533569335938
        },
        {
            "Time": "2023-03-10",
            "value": 153.3187713623047
        },
        {
            "Time": "2023-03-13",
            "value": 152.39695739746094
        },
        {
            "Time": "2023-03-14",
            "value": 154.3654022216797
        },
        {
            "Time": "2023-03-15",
            "value": 147.68228149414062
        },
        {
            "Time": "2023-03-16",
            "value": 148.15277099609375
        },
        {
            "Time": "2023-03-17",
            "value": 146.2803497314453
        },
        {
            "Time": "2023-03-20",
            "value": 148.4312286376953
        },
        {
            "Time": "2023-03-21",
            "value": 152.9730987548828
        },
        {
            "Time": "2023-03-22",
            "value": 149.8619842529297
        },
        {
            "Time": "2023-03-23",
            "value": 148.37362670898438
        },
        {
            "Time": "2023-03-24",
            "value": 149.8523712158203
        },
        {
            "Time": "2023-03-27",
            "value": 151.37911987304688
        },
        {
            "Time": "2023-03-28",
            "value": 153.14593505859375
        },
        {
            "Time": "2023-03-29",
            "value": 154.46144104003906
        },
        {
            "Time": "2023-03-30",
            "value": 155.93057250976562
        },
        {
            "Time": "2023-03-31",
            "value": 156.66995239257812
        }
    ]
}