{
    "data": [
        {
            "Time": "2023-03-01",
            "value": 107.05912017822266
        },
        {
            "Time": "2023-03-02",
            "value": 107.55150604248048
        },
        {
            "Time": "2023-03-03",
            "value": 108.91278839111328
        },
        {
            "Time": "2023-03-06",
            "value": 109.87824249267578
        },
        {
            "Time": "2023-03-07",
            "value": 107.7542495727539
        },
        {
            "Time": "2023-03-08",
            "value": 106.18057250976562
        },
        {
            "Time": "2023-03-09",
            "value": 105.35992431640624
        },
        {
            "Time": "2023-03-10",
            "value": 104.05656433105467
        },
        {
            "Time": "2023-03-13",
            "value": 102.85940551757812
        },
        {
            "Time": "2023-03-14",
            "value": 103.2455825805664
        },
        {
            "Time": "2023-03-15",
            "value": 98.10938262939452
        },
        {
            "Time": "2023-03-16",
            "value": 97.53975677490234
        },
        {
            "Time": "2023-03-17",
            "value": 96.39085388183594
        },
        {
            "Time": "2023-03-20",
            "value": 98.9106903076172
        },
        {
            "Time": "2023-03-21",
            "value": 103.34213256835938
        },
        {
            "Time": "2023-03-22",
            "value": 100.97676849365234
        },
        {
            "Time": "2023-03-23",
            "value": 99.83753204345705
        },
        {
            "Time": "2023-03-24",
            "value": 99.95338439941406
        },
        {
            "Time": "2023-03-27",
            "value": 102.1449737548828
        },
        {
            "Time": "2023-03-28",
            "value": 103.41937255859376
        },
        {
            "Time": "2023-03-29",
            "value": 105.19580078125
        },
        {
            "Time": "2023-03-30",
            "value": 105.70748138427734
        },
        {
            "Time": "2023-03-31",
            "value": 105.87162017822266
        }
    ]
}