{
    "data": [
        {
            "Time": "2023-03-01",
            "value": 103.3847885131836
        },
        {
            "Time": "2023-03-02",
            "value": 102.0062026977539
        },
        {
            "Time": "2023-03-03",
            "value": 102.20864868164062
        },
        {
            "Time": "2023-03-06",
            "value": 100.2419891357422
        },
        {
            "Time": "2023-03-07",
            "value": 98.1307144165039
        },
        {
            "Time": "2023-03-08",
            "value": 95.73987579345705
        },
        {
            "Time": "2023-03-09",
            "value": 97.50408935546876
        },
        {
            "Time": "2023-03-10",
            "value": 97.58120727539062
        },
        {
            "Time": "2023-03-13",
            "value": 92.08611297607422
        },
        {
            "Time": "2023-03-14",
            "value": 94.42874908447266
        },
        {
            "Time": "2023-03-15",
            "value": 90.28334045410156
        },
        {
            "Time": "2023-03-16",
            "value": 91.63301849365234
        },
        {
            "Time": "2023-03-17",
            "value": 91.31488037109376
        },
        {
            "Time": "2023-03-20",
            "value": 92.11504364013672
        },
        {
            "Time": "2023-03-21",
            "value": 92.11504364013672
        },
        {
            "Time": "2023-03-22",
            "value": 91.28594970703124
        },
        {
            "Time": "2023-03-23",
            "value": 90.17730712890624
        },
        {
            "Time": "2023-03-24",
            "value": 90.36048126220705
        },
        {
            "Time": "2023-03-27",
            "value": 92.77059936523438
        },
        {
            "Time": "2023-03-28",
            "value": 95.22891998291016
        },
        {
            "Time": "2023-03-29",
            "value": 96.67499542236328
        },
        {
            "Time": "2023-03-30",
            "value": 96.39542388916016
        },
        {
            "Time": "2023-03-31",
            "value": 97.73545837402344
        }
    ]
}