{
    "data": [
        {
            "Time": "2023-03-01",
            "value": 157.13316345214844
        },
        {
            "Time": "2023-03-02",
            "value": 160.55838012695312
        },
        {
            "Time": "2023-03-03",
            "value": 160.61642456054688
        },
        {
            "Time": "2023-03-06",
            "value": 159.8423614501953
        },
        {
            "Time": "2023-03-07",
            "value": 157.53956604003906
        },
        {
            "Time": "2023-03-08",
            "value": 158.20718383789062
        },
        {
            "Time": "2023-03-09",
            "value": 155.43026733398438
        },
        {
            "Time": "2023-03-10",
            "value": 153.05003356933594
        },
        {
            "Time": "2023-03-13",
            "value": 152.7984619140625
        },
        {
            "Time": "2023-03-14",
            "value": 153.23387145996094
        },
        {
            "Time": "2023-03-15",
            "value": 153.96922302246094
        },
        {
            "Time": "2023-03-16",
            "value": 157.76210021972656
        },
        {
            "Time": "2023-03-17",
            "value": 154.1917724609375
        },
        {
            "Time": "2023-03-20",
            "value": 157.94593811035156
        },
        {
            "Time": "2023-03-21",
            "value": 157.43313598632812
        },
        {
            "Time": "2023-03-22",
            "value": 152.36306762695312
        },
        {
            "Time": "2023-03-23",
            "value": 151.05685424804688
        },
        {
            "Time": "2023-03-24",
            "value": 151.15359497070312
        },
        {
            "Time": "2023-03-27",
            "value": 154.21112060546875
        },
        {
            "Time": "2023-03-28",
            "value": 154.58847045898438
        },
        {
            "Time": "2023-03-29",
            "value": 152.98231506347656
        },
        {
            "Time": "2023-03-30",
            "value": 155.072265625
        },
        {
            "Time": "2023-03-31",
            "value": 160.2584228515625
        }
    ]
}