{
    "data": [
        {
            "Time": "2023-03-01",
            "value": 62.74604797363281
        },
        {
            "Time": "2023-03-02",
            "value": 63.88972473144531
        },
        {
            "Time": "2023-03-03",
            "value": 64.23184967041016
        },
        {
            "Time": "2023-03-06",
            "value": 64.20252990722656
        },
        {
            "Time": "2023-03-07",
            "value": 63.352088928222656
        },
        {
            "Time": "2023-03-08",
            "value": 63.625789642333984
        },
        {
            "Time": "2023-03-09",
            "value": 63.30322265625
        },
        {
            "Time": "2023-03-10",
            "value": 63.44007110595703
        },
        {
            "Time": "2023-03-13",
            "value": 64.065673828125
        },
        {
            "Time": "2023-03-14",
            "value": 64.79879760742188
        },
        {
            "Time": "2023-03-15",
            "value": 64.90633392333984
        },
        {
            "Time": "2023-03-16",
            "value": 65.4341812133789
        },
        {
            "Time": "2023-03-17",
            "value": 64.90633392333984
        },
        {
            "Time": "2023-03-20",
            "value": 66.2064208984375
        },
        {
            "Time": "2023-03-21",
            "value": 66.30416107177734
        },
        {
            "Time": "2023-03-22",
            "value": 65.84473419189453
        },
        {
            "Time": "2023-03-23",
            "value": 65.6883316040039
        },
        {
            "Time": "2023-03-24",
            "value": 67.48694610595703
        },
        {
            "Time": "2023-03-27",
            "value": 67.604248046875
        },
        {
            "Time": "2023-03-28",
            "value": 68.02456665039062
        },
        {
            "Time": "2023-03-29",
            "value": 68.78702545166016
        },
        {
            "Time": "2023-03-30",
            "value": 68.38895416259766
        },
        {
            "Time": "2023-03-31",
            "value": 68.52655792236328
        }
    ]
}