{
    "data": [
        {
            "Time": "2023-03-01",
            "value": 45.8586311340332
        },
        {
            "Time": "2023-03-02",
            "value": 45.97315216064453
        },
        {
            "Time": "2023-03-03",
            "value": 46.02877426147461
        },
        {
            "Time": "2023-03-06",
            "value": 46.02223587036133
        },
        {
            "Time": "2023-03-07",
            "value": 45.56413269042969
        },
        {
            "Time": "2023-03-08",
            "value": 45.187843322753906
        },
        {
            "Time": "2023-03-09",
            "value": 44.88353729248047
        },
        {
            "Time": "2023-03-10",
            "value": 44.818092346191406
        },
        {
            "Time": "2023-03-13",
            "value": 44.948978424072266
        },
        {
            "Time": "2023-03-14",
            "value": 45.187843322753906
        },
        {
            "Time": "2023-03-15",
            "value": 45.691749572753906
        },
        {
            "Time": "2023-03-16",
            "value": 45.43218994140625
        },
        {
            "Time": "2023-03-17",
            "value": 45.8001708984375
        },
        {
            "Time": "2023-03-20",
            "value": 46.292999267578125
        },
        {
            "Time": "2023-03-21",
            "value": 46.13529586791992
        },
        {
            "Time": "2023-03-22",
            "value": 45.839599609375
        },
        {
            "Time": "2023-03-23",
            "value": 46.21086502075195
        },
        {
            "Time": "2023-03-24",
            "value": 46.58869552612305
        },
        {
            "Time": "2023-03-27",
            "value": 47.36737060546875
        },
        {
            "Time": "2023-03-28",
            "value": 47.183372497558594
        },
        {
            "Time": "2023-03-29",
            "value": 47.38707733154297
        },
        {
            "Time": "2023-03-30",
            "value": 47.860198974609375
        },
        {
            "Time": "2023-03-31",
            "value": 48.44501876831055
        }
    ]
}