{
    "data": [
        {
            "Time": "2023-03-01",
            "value": 91.08904266357422
        },
        {
            "Time": "2023-03-02",
            "value": 91.88307189941406
        },
        {
            "Time": "2023-03-03",
            "value": 92.66775512695312
        },
        {
            "Time": "2023-03-06",
            "value": 93.5084991455078
        },
        {
            "Time": "2023-03-07",
            "value": 92.71446228027344
        },
        {
            "Time": "2023-03-08",
            "value": 93.1815414428711
        },
        {
            "Time": "2023-03-09",
            "value": 92.4435577392578
        },
        {
            "Time": "2023-03-10",
            "value": 91.87372589111328
        },
        {
            "Time": "2023-03-13",
            "value": 90.95826721191406
        },
        {
            "Time": "2023-03-14",
            "value": 90.9395751953125
        },
        {
            "Time": "2023-03-15",
            "value": 89.84662628173828
        },
        {
            "Time": "2023-03-16",
            "value": 89.10863494873047
        },
        {
            "Time": "2023-03-17",
            "value": 88.54815673828125
        },
        {
            "Time": "2023-03-20",
            "value": 89.95872497558594
        },
        {
            "Time": "2023-03-21",
            "value": 89.39823150634766
        },
        {
            "Time": "2023-03-22",
            "value": 87.447998046875
        },
        {
            "Time": "2023-03-23",
            "value": 85.45989227294922
        },
        {
            "Time": "2023-03-24",
            "value": 85.9143295288086
        },
        {
            "Time": "2023-03-27",
            "value": 87.66574096679688
        },
        {
            "Time": "2023-03-28",
            "value": 89.2088851928711
        },
        {
            "Time": "2023-03-29",
            "value": 89.67277526855469
        },
        {
            "Time": "2023-03-30",
            "value": 91.4715347290039
        },
        {
            "Time": "2023-03-31",
            "value": 92.0679702758789
        }
    ]
}