{
    "data": [
        {
            "Time": "2023-03-01",
            "value": 56.60702133178711
        },
        {
            "Time": "2023-03-02",
            "value": 57.43410873413086
        },
        {
            "Time": "2023-03-03",
            "value": 57.16482162475586
        },
        {
            "Time": "2023-03-06",
            "value": 58.04961013793945
        },
        {
            "Time": "2023-03-07",
            "value": 57.7130012512207
        },
        {
            "Time": "2023-03-08",
            "value": 57.74185562133789
        },
        {
            "Time": "2023-03-09",
            "value": 57.184051513671875
        },
        {
            "Time": "2023-03-10",
            "value": 56.94362258911133
        },
        {
            "Time": "2023-03-13",
            "value": 57.520660400390625
        },
        {
            "Time": "2023-03-14",
            "value": 57.73223876953125
        },
        {
            "Time": "2023-03-15",
            "value": 58.11692810058594
        },
        {
            "Time": "2023-03-16",
            "value": 58.436729431152344
        },
        {
            "Time": "2023-03-17",
            "value": 58.165382385253906
        },
        {
            "Time": "2023-03-20",
            "value": 58.72745895385742
        },
        {
            "Time": "2023-03-21",
            "value": 58.456111907958984
        },
        {
            "Time": "2023-03-22",
            "value": 58.194454193115234
        },
        {
            "Time": "2023-03-23",
            "value": 58.0684700012207
        },
        {
            "Time": "2023-03-24",
            "value": 59.0181884765625
        },
        {
            "Time": "2023-03-27",
            "value": 59.45428466796875
        },
        {
            "Time": "2023-03-28",
            "value": 59.522125244140625
        },
        {
            "Time": "2023-03-29",
            "value": 59.948524475097656
        },
        {
            "Time": "2023-03-30",
            "value": 59.93883514404297
        },
        {
            "Time": "2023-03-31",
            "value": 60.1132698059082
        }
    ]
}