{
    "data": [
        {
            "Time": "2023-03-01",
            "value": 42.291954040527344
        },
        {
            "Time": "2023-03-02",
            "value": 42.57603454589844
        },
        {
            "Time": "2023-03-03",
            "value": 42.64018249511719
        },
        {
            "Time": "2023-03-06",
            "value": 43.2450065612793
        },
        {
            "Time": "2023-03-07",
            "value": 42.65850830078125
        },
        {
            "Time": "2023-03-08",
            "value": 42.88761138916016
        },
        {
            "Time": "2023-03-09",
            "value": 42.83262634277344
        },
        {
            "Time": "2023-03-10",
            "value": 42.71349334716797
        },
        {
            "Time": "2023-03-13",
            "value": 42.77764129638672
        },
        {
            "Time": "2023-03-14",
            "value": 42.83262634277344
        },
        {
            "Time": "2023-03-15",
            "value": 42.95175552368164
        },
        {
            "Time": "2023-03-16",
            "value": 42.31027603149414
        },
        {
            "Time": "2023-03-17",
            "value": 41.53133773803711
        },
        {
            "Time": "2023-03-20",
            "value": 42.2186393737793
        },
        {
            "Time": "2023-03-21",
            "value": 42.337772369384766
        },
        {
            "Time": "2023-03-22",
            "value": 41.37554931640625
        },
        {
            "Time": "2023-03-23",
            "value": 40.67362976074219
        },
        {
            "Time": "2023-03-24",
            "value": 41.15093994140625
        },
        {
            "Time": "2023-03-27",
            "value": 41.450416564941406
        },
        {
            "Time": "2023-03-28",
            "value": 41.51593017578125
        },
        {
            "Time": "2023-03-29",
            "value": 41.665672302246094
        },
        {
            "Time": "2023-03-30",
            "value": 41.64695739746094
        },
        {
            "Time": "2023-03-31",
            "value": 41.75925827026367
        }
    ]
}