{
    "data": [
        {
            "Time": "2023-03-01",
            "value": 165.2874755859375
        },
        {
            "Time": "2023-03-02",
            "value": 168.3372344970703
        },
        {
            "Time": "2023-03-03",
            "value": 168.17210388183594
        },
        {
            "Time": "2023-03-06",
            "value": 168.5120391845703
        },
        {
            "Time": "2023-03-07",
            "value": 167.6767578125
        },
        {
            "Time": "2023-03-08",
            "value": 168.1332550048828
        },
        {
            "Time": "2023-03-09",
            "value": 166.8609161376953
        },
        {
            "Time": "2023-03-10",
            "value": 167.0843048095703
        },
        {
            "Time": "2023-03-13",
            "value": 168.71600341796875
        },
        {
            "Time": "2023-03-14",
            "value": 168.5411834716797
        },
        {
            "Time": "2023-03-15",
            "value": 171.55206298828125
        },
        {
            "Time": "2023-03-16",
            "value": 171.43548583984375
        },
        {
            "Time": "2023-03-17",
            "value": 170.09518432617188
        },
        {
            "Time": "2023-03-20",
            "value": 172.4844512939453
        },
        {
            "Time": "2023-03-21",
            "value": 172.89236450195312
        },
        {
            "Time": "2023-03-22",
            "value": 171.43548583984375
        },
        {
            "Time": "2023-03-23",
            "value": 170.6002197265625
        },
        {
            "Time": "2023-03-24",
            "value": 173.94131469726562
        },
        {
            "Time": "2023-03-27",
            "value": 174.329833984375
        },
        {
            "Time": "2023-03-28",
            "value": 174.27154541015625
        },
        {
            "Time": "2023-03-29",
            "value": 175.4759063720703
        },
        {
            "Time": "2023-03-30",
            "value": 175.63131713867188
        },
        {
            "Time": "2023-03-31",
            "value": 177.05905151367188
        }
    ]
}