{
    "data": [
        {
            "Time": "2022-11-27",
            "value": 0.22029294558990192
        },
        {
            "Time": "2022-11-28",
            "value": 0.7980956574327588
        },
        {
            "Time": "2022-11-29",
            "value": 0.7998727253167324
        },
        {
            "Time": "2022-11-30",
            "value": 0.308435007134756
        },
        {
            "Time": "2022-12-01",
            "value": 0.3761176754183829
        },
        {
            "Time": "2022-12-02",
            "value": 0.41549250045958075
        },
        {
            "Time": "2022-12-03",
            "value": 0.6844292998434739
        },
        {
            "Time": "2022-12-04",
            "value": 0.5240284383833695
        },
        {
            "Time": "2022-12-05",
            "value": 0.4420122447499589
        },
        {
            "Time": "2022-12-06",
            "value": 0.6679035036891726
        },
        {
            "Time": "2022-12-07",
            "value": 0.17626977038150965
        },
        {
            "Time": "2022-12-08",
            "value": 0.9069002049145164
        },
        {
            "Time": "2022-12-09",
            "value": 0.7778378830683006
        },
        {
            "Time": "2022-12-10",
            "value": 1.482435656431942
        },
        {
            "Time": "2022-12-11",
            "value": 0.39651072933017123
        },
        {
            "Time": "2022-12-12",
            "value": 0.9961848190900273
        },
        {
            "Time": "2022-12-13",
            "value": 1.4525989872197302
        },
        {
            "Time": "2022-12-14",
            "value": 0.7004521664282288
        },
        {
            "Time": "2022-12-15",
            "value": 0.49077802499687917
        },
        {
            "Time": "2022-12-16",
            "value": 0.32116854686121715
        },
        {
            "Time": "2022-12-17",
            "value": 0.4269008345546566
        },
        {
            "Time": "2022-12-18",
            "value": 2.431012602529695
        },
        {
            "Time": "2022-12-19",
            "value": 1.8621164265557497
        },
        {
            "Time": "2022-12-20",
            "value": 1.4782190220684046
        },
        {
            "Time": "2022-12-21",
            "value": 1.5065862005078303
        },
        {
            "Time": "2022-12-22",
            "value": 2.281184652346066
        },
        {
            "Time": "2022-12-23",
            "value": 2.40111675750222
        },
        {
            "Time": "2022-12-24",
            "value": 2.407367916723411
        },
        {
            "Time": "2022-12-25",
            "value": 2.4215353980921446
        },
        {
            "Time": "2022-12-26",
            "value": 2.104289703233385
        },
        {
            "Time": "2022-12-27",
            "value": 0.8500541759352221
        },
        {
            "Time": "2022-12-28",
            "value": 0.48122902524955824
        },
        {
            "Time": "2022-12-29",
            "value": 0.30762734231115363
        },
        {
            "Time": "2022-12-30",
            "value": 0.45615137614864604
        },
        {
            "Time": "2022-12-31",
            "value": 1.201828606359026
        },
        {
            "Time": "2023-01-01",
            "value": 0.7818836357218728
        },
        {
            "Time": "2023-01-02",
            "value": 0.3775365048388416
        },
        {
            "Time": "2023-01-03",
            "value": 0.44524840113092573
        },
        {
            "Time": "2023-01-04",
            "value": 0.45861417482654215
        },
        {
            "Time": "2023-01-05",
            "value": 0.5944586251827431
        },
        {
            "Time": "2023-01-06",
            "value": 1.8048508812002397
        },
        {
            "Time": "2023-01-07",
            "value": 2.3506827008525444
        },
        {
            "Time": "2023-01-08",
            "value": 1.616736486796402
        },
        {
            "Time": "2023-01-09",
            "value": 0.5036820989191072
        },
        {
            "Time": "2023-01-10",
            "value": 0.5311750392635997
        },
        {
            "Time": "2023-01-11",
            "value": 0.7608950837105777
        },
        {
            "Time": "2023-01-12",
            "value": 1.3050761596908624
        },
        {
            "Time": "2023-01-13",
            "value": 0.3596762362803173
        },
        {
            "Time": "2023-01-14",
            "value": 1.287691069186411
        },
        {
            "Time": "2023-01-15",
            "value": 0.4175022533980382
        },
        {
            "Time": "2023-01-16",
            "value": 1.5113481234718726
        },
        {
            "Time": "2023-01-17",
            "value": 0.48910660523891875
        },
        {
            "Time": "2023-01-18",
            "value": 1.630244626753209
        },
        {
            "Time": "2023-01-19",
            "value": 1.5139080772663982
        },
        {
            "Time": "2023-01-20",
            "value": 0.8535040975209788
        },
        {
            "Time": "2023-01-21",
            "value": 0.2980623287679567
        },
        {
            "Time": "2023-01-22",
            "value": 1.6169310737232883
        },
        {
            "Time": "2023-01-23",
            "value": 0.27200406704725366
        },
        {
            "Time": "2023-01-24",
            "value": 1.3414030666677388
        },
        {
            "Time": "2023-01-25",
            "value": 1.7901459728264573
        },
        {
            "Time": "2023-01-26",
            "value": 1.1297054909160698
        },
        {
            "Time": "2023-01-27",
            "value": 1.7058250308018599
        },
        {
            "Time": "2023-01-28",
            "value": 1.8034417882858884
        },
        {
            "Time": "2023-01-29",
            "value": 1.807551957854903
        },
        {
            "Time": "2023-01-30",
            "value": 2.2455288411481518
        },
        {
            "Time": "2023-01-31",
            "value": 1.8382413201883183
        },
        {
            "Time": "2023-02-01",
            "value": 0.5280279859577318
        },
        {
            "Time": "2023-02-02",
            "value": 1.058836122779756
        },
        {
            "Time": "2023-02-03",
            "value": 0.5886552360276512
        },
        {
            "Time": "2023-02-04",
            "value": 0.2030950079785766
        },
        {
            "Time": "2023-02-05",
            "value": 0.4150955063659681
        },
        {
            "Time": "2023-02-06",
            "value": 1.5508682158798168
        },
        {
            "Time": "2023-02-07",
            "value": 0.4073995231646982
        },
        {
            "Time": "2023-02-08",
            "value": 0.22599308097858767
        },
        {
            "Time": "2023-02-09",
            "value": 0.5265130812599393
        },
        {
            "Time": "2023-02-10",
            "value": 0.2948152840752572
        },
        {
            "Time": "2023-02-11",
            "value": 0.9200072360131627
        },
        {
            "Time": "2023-02-12",
            "value": 1.313086302718933
        },
        {
            "Time": "2023-02-13",
            "value": 0.44880434416463527
        },
        {
            "Time": "2023-02-14",
            "value": 1.021163449943941
        },
        {
            "Time": "2023-02-15",
            "value": 2.6449270381357377
        },
        {
            "Time": "2023-02-16",
            "value": 3.006632664979055
        },
        {
            "Time": "2023-02-17",
            "value": 2.2044028207981357
        },
        {
            "Time": "2023-02-18",
            "value": 2.7972615153934917
        },
        {
            "Time": "2023-02-19",
            "value": 0.8677265242565984
        },
        {
            "Time": "2023-02-20",
            "value": 1.6979386433170427
        },
        {
            "Time": "2023-02-21",
            "value": 3.1484170291910574
        },
        {
            "Time": "2023-02-22",
            "value": 2.625207355150728
        },
        {
            "Time": "2023-02-23",
            "value": 2.715395500285246
        },
        {
            "Time": "2023-02-24",
            "value": 1.2009634185291975
        },
        {
            "Time": "2023-02-25",
            "value": 2.9500914508515677
        },
        {
            "Time": "2023-02-26",
            "value": 3.3084976234604375
        },
        {
            "Time": "2023-02-27",
            "value": 2.9055811878739215
        },
        {
            "Time": "2023-02-28",
            "value": 1.6536698586202758
        },
        {
            "Time": "2023-03-01",
            "value": 1.7242973223279523
        },
        {
            "Time": "2023-03-02",
            "value": 2.2431982703670563
        },
        {
            "Time": "2023-03-03",
            "value": 2.983180822800059
        },
        {
            "Time": "2023-03-04",
            "value": 3.271151448746394
        },
        {
            "Time": "2023-03-05",
            "value": 3.2934917410542948
        },
        {
            "Time": "2023-03-06",
            "value": 3.406569028290876
        },
        {
            "Time": "2023-03-07",
            "value": 3.427717608641889
        },
        {
            "Time": "2023-03-08",
            "value": 3.186826317408259
        },
        {
            "Time": "2023-03-09",
            "value": 2.4607610602155567
        },
        {
            "Time": "2023-03-10",
            "value": 3.526329795326739
        },
        {
            "Time": "2023-03-11",
            "value": 3.0015796688489584
        },
        {
            "Time": "2023-03-12",
            "value": 0.7042006522120005
        },
        {
            "Time": "2023-03-13",
            "value": 2.7669368419283225
        },
        {
            "Time": "2023-03-14",
            "value": 3.530462201533357
        },
        {
            "Time": "2023-03-15",
            "value": 2.986790311168638
        },
        {
            "Time": "2023-03-16",
            "value": 3.0219021176409866
        },
        {
            "Time": "2023-03-17",
            "value": 1.8088650900709464
        },
        {
            "Time": "2023-03-18",
            "value": 0.4746074378464403
        },
        {
            "Time": "2023-03-19",
            "value": 0.18371633506316726
        },
        {
            "Time": "2023-03-20",
            "value": 2.4835362517476205
        },
        {
            "Time": "2023-03-21",
            "value": 1.3654692294646684
        },
        {
            "Time": "2023-03-22",
            "value": 2.4638817996961615
        },
        {
            "Time": "2023-03-23",
            "value": 0.24861373909383933
        },
        {
            "Time": "2023-03-24",
            "value": 0.27809242750172375
        },
        {
            "Time": "2023-03-25",
            "value": 0.35465578715506946
        },
        {
            "Time": "2023-03-26",
            "value": 1.3241525034973536
        },
        {
            "Time": "2023-03-27",
            "value": 0.0
        }
    ]
}