{
    "data": [
        {
            "Time": "2022-11-27",
            "value": 0.2593764924109488
        },
        {
            "Time": "2022-11-28",
            "value": 1.0747324660246784
        },
        {
            "Time": "2022-11-29",
            "value": 1.0043475985417503
        },
        {
            "Time": "2022-11-30",
            "value": 0.3579632764806319
        },
        {
            "Time": "2022-12-01",
            "value": 0.42207841349422454
        },
        {
            "Time": "2022-12-02",
            "value": 0.45281883014727303
        },
        {
            "Time": "2022-12-03",
            "value": 0.7479605326446238
        },
        {
            "Time": "2022-12-04",
            "value": 0.5776863845935364
        },
        {
            "Time": "2022-12-05",
            "value": 0.4773714413925729
        },
        {
            "Time": "2022-12-06",
            "value": 0.7179847617511773
        },
        {
            "Time": "2022-12-07",
            "value": 0.20030381828721874
        },
        {
            "Time": "2022-12-08",
            "value": 1.1068600737420808
        },
        {
            "Time": "2022-12-09",
            "value": 0.8484662586857101
        },
        {
            "Time": "2022-12-10",
            "value": 2.586329204029873
        },
        {
            "Time": "2022-12-11",
            "value": 0.44407802036852745
        },
        {
            "Time": "2022-12-12",
            "value": 1.402452240389511
        },
        {
            "Time": "2022-12-13",
            "value": 1.9460581843632203
        },
        {
            "Time": "2022-12-14",
            "value": 0.7619781948300104
        },
        {
            "Time": "2022-12-15",
            "value": 0.5533686663408894
        },
        {
            "Time": "2022-12-16",
            "value": 0.34496208586584287
        },
        {
            "Time": "2022-12-17",
            "value": 0.4943924818322101
        },
        {
            "Time": "2022-12-18",
            "value": 3.447542953244818
        },
        {
            "Time": "2022-12-19",
            "value": 3.0741824366617374
        },
        {
            "Time": "2022-12-20",
            "value": 1.801185444706142
        },
        {
            "Time": "2022-12-21",
            "value": 2.979748849041386
        },
        {
            "Time": "2022-12-22",
            "value": 3.176610730675643
        },
        {
            "Time": "2022-12-23",
            "value": 3.3552164668295217
        },
        {
            "Time": "2022-12-24",
            "value": 3.388208954256125
        },
        {
            "Time": "2022-12-25",
            "value": 3.4128549921527207
        },
        {
            "Time": "2022-12-26",
            "value": 2.6577716267362304
        },
        {
            "Time": "2022-12-27",
            "value": 1.0911323719730557
        },
        {
            "Time": "2022-12-28",
            "value": 0.5384031116502811
        },
        {
            "Time": "2022-12-29",
            "value": 0.3314873541869934
        },
        {
            "Time": "2022-12-30",
            "value": 0.507656083406779
        },
        {
            "Time": "2022-12-31",
            "value": 1.6774334873222747
        },
        {
            "Time": "2023-01-01",
            "value": 0.8812732774577239
        },
        {
            "Time": "2023-01-02",
            "value": 0.4305729157824074
        },
        {
            "Time": "2023-01-03",
            "value": 0.4949525458399691
        },
        {
            "Time": "2023-01-04",
            "value": 0.49005555913582177
        },
        {
            "Time": "2023-01-05",
            "value": 0.6385285908283334
        },
        {
            "Time": "2023-01-06",
            "value": 3.0058276973404943
        },
        {
            "Time": "2023-01-07",
            "value": 3.403835461105079
        },
        {
            "Time": "2023-01-08",
            "value": 3.1227474758679845
        },
        {
            "Time": "2023-01-09",
            "value": 0.5655712965628935
        },
        {
            "Time": "2023-01-10",
            "value": 0.6212059070428887
        },
        {
            "Time": "2023-01-11",
            "value": 0.852317300310468
        },
        {
            "Time": "2023-01-12",
            "value": 1.8783006971531977
        },
        {
            "Time": "2023-01-13",
            "value": 0.3890402548964094
        },
        {
            "Time": "2023-01-14",
            "value": 2.0904271002923145
        },
        {
            "Time": "2023-01-15",
            "value": 0.44961807193149483
        },
        {
            "Time": "2023-01-16",
            "value": 2.578068571360578
        },
        {
            "Time": "2023-01-17",
            "value": 0.5275339138353272
        },
        {
            "Time": "2023-01-18",
            "value": 3.0268335728507214
        },
        {
            "Time": "2023-01-19",
            "value": 2.448732007221891
        },
        {
            "Time": "2023-01-20",
            "value": 1.0095843080007687
        },
        {
            "Time": "2023-01-21",
            "value": 0.32327013952395667
        },
        {
            "Time": "2023-01-22",
            "value": 2.45869093010469
        },
        {
            "Time": "2023-01-23",
            "value": 0.3168392822390518
        },
        {
            "Time": "2023-01-24",
            "value": 2.125122370687384
        },
        {
            "Time": "2023-01-25",
            "value": 3.3075152355355226
        },
        {
            "Time": "2023-01-26",
            "value": 1.6200546981077066
        },
        {
            "Time": "2023-01-27",
            "value": 3.0261610452835184
        },
        {
            "Time": "2023-01-28",
            "value": 3.3494522390181425
        },
        {
            "Time": "2023-01-29",
            "value": 3.3849499694497833
        },
        {
            "Time": "2023-01-30",
            "value": 3.571137115218898
        },
        {
            "Time": "2023-01-31",
            "value": 3.4230082104924526
        },
        {
            "Time": "2023-02-01",
            "value": 0.567056128927118
        },
        {
            "Time": "2023-02-02",
            "value": 1.307036177601807
        },
        {
            "Time": "2023-02-03",
            "value": 0.6531455738590888
        },
        {
            "Time": "2023-02-04",
            "value": 0.22829802923936093
        },
        {
            "Time": "2023-02-05",
            "value": 0.46437473070104346
        },
        {
            "Time": "2023-02-06",
            "value": 2.0481514614782363
        },
        {
            "Time": "2023-02-07",
            "value": 0.45874392138523074
        },
        {
            "Time": "2023-02-08",
            "value": 0.26030655395443103
        },
        {
            "Time": "2023-02-09",
            "value": 0.5826826012467572
        },
        {
            "Time": "2023-02-10",
            "value": 0.34834221341989363
        },
        {
            "Time": "2023-02-11",
            "value": 1.0505518376159158
        },
        {
            "Time": "2023-02-12",
            "value": 1.4979807235959464
        },
        {
            "Time": "2023-02-13",
            "value": 0.5266259967178741
        },
        {
            "Time": "2023-02-14",
            "value": 1.181964497065241
        },
        {
            "Time": "2023-02-15",
            "value": 3.221867528817413
        },
        {
            "Time": "2023-02-16",
            "value": 3.76504680761056
        },
        {
            "Time": "2023-02-17",
            "value": 2.720287990533092
        },
        {
            "Time": "2023-02-18",
            "value": 3.3029430192300024
        },
        {
            "Time": "2023-02-19",
            "value": 0.9592526557035973
        },
        {
            "Time": "2023-02-20",
            "value": 1.9046358396805096
        },
        {
            "Time": "2023-02-21",
            "value": 3.7072788589954815
        },
        {
            "Time": "2023-02-22",
            "value": 3.148794766648251
        },
        {
            "Time": "2023-02-23",
            "value": 2.9818191987993807
        },
        {
            "Time": "2023-02-24",
            "value": 1.336843031038136
        },
        {
            "Time": "2023-02-25",
            "value": 3.433851097378012
        },
        {
            "Time": "2023-02-26",
            "value": 3.805266259609283
        },
        {
            "Time": "2023-02-27",
            "value": 3.264556409456117
        },
        {
            "Time": "2023-02-28",
            "value": 1.8516937309531802
        },
        {
            "Time": "2023-03-01",
            "value": 1.9061011932290246
        },
        {
            "Time": "2023-03-02",
            "value": 2.5181260245028096
        },
        {
            "Time": "2023-03-03",
            "value": 3.354216715420949
        },
        {
            "Time": "2023-03-04",
            "value": 3.6928357807707397
        },
        {
            "Time": "2023-03-05",
            "value": 3.6490103782168863
        },
        {
            "Time": "2023-03-06",
            "value": 3.7726084396703294
        },
        {
            "Time": "2023-03-07",
            "value": 3.7488515931361253
        },
        {
            "Time": "2023-03-08",
            "value": 3.4464104342336475
        },
        {
            "Time": "2023-03-09",
            "value": 2.7023189963562007
        },
        {
            "Time": "2023-03-10",
            "value": 3.828804707930862
        },
        {
            "Time": "2023-03-11",
            "value": 3.3276527812391477
        },
        {
            "Time": "2023-03-12",
            "value": 0.7858314131274456
        },
        {
            "Time": "2023-03-13",
            "value": 3.0811770176238795
        },
        {
            "Time": "2023-03-14",
            "value": 3.9002343989626675
        },
        {
            "Time": "2023-03-15",
            "value": 3.3056416412514964
        },
        {
            "Time": "2023-03-16",
            "value": 3.32926589202737
        },
        {
            "Time": "2023-03-17",
            "value": 2.0288013187604013
        },
        {
            "Time": "2023-03-18",
            "value": 0.5328213595935651
        },
        {
            "Time": "2023-03-19",
            "value": 0.22605671276412037
        },
        {
            "Time": "2023-03-20",
            "value": 2.694196497589881
        },
        {
            "Time": "2023-03-21",
            "value": 1.5181821765242214
        },
        {
            "Time": "2023-03-22",
            "value": 2.628145059215805
        },
        {
            "Time": "2023-03-23",
            "value": 0.29911396992876704
        },
        {
            "Time": "2023-03-24",
            "value": 0.33173071269904264
        },
        {
            "Time": "2023-03-25",
            "value": 0.4113382535431134
        },
        {
            "Time": "2023-03-26",
            "value": 1.4525924530789271
        },
        {
            "Time": "2023-03-27",
            "value": 0.0
        }
    ]
}