{
    "data": [
        {
            "Time": "2022-11-27",
            "value": 0.21623798254548157
        },
        {
            "Time": "2022-11-28",
            "value": 0.8001357231814321
        },
        {
            "Time": "2022-11-29",
            "value": 0.6180319829479805
        },
        {
            "Time": "2022-11-30",
            "value": 0.30153497227516285
        },
        {
            "Time": "2022-12-01",
            "value": 0.0
        },
        {
            "Time": "2022-12-02",
            "value": 0.0
        },
        {
            "Time": "2022-12-03",
            "value": 0.0
        },
        {
            "Time": "2022-12-04",
            "value": 0.0
        },
        {
            "Time": "2022-12-05",
            "value": 0.0006906985971150835
        },
        {
            "Time": "2022-12-06",
            "value": 0.0022425517641353125
        },
        {
            "Time": "2022-12-07",
            "value": 0.0037969558750161414
        },
        {
            "Time": "2022-12-08",
            "value": 0.8602494991559011
        },
        {
            "Time": "2022-12-09",
            "value": 0.7350520618974828
        },
        {
            "Time": "2022-12-10",
            "value": 1.4718001346575749
        },
        {
            "Time": "2022-12-11",
            "value": 0.3787578698243602
        },
        {
            "Time": "2022-12-12",
            "value": 0.9615161898958746
        },
        {
            "Time": "2022-12-13",
            "value": 1.1201809112493306
        },
        {
            "Time": "2022-12-14",
            "value": 0.6525800536004153
        },
        {
            "Time": "2022-12-15",
            "value": 0.4567743624591415
        },
        {
            "Time": "2022-12-16",
            "value": 0.30004507854089696
        },
        {
            "Time": "2022-12-17",
            "value": 0.41554837593979077
        },
        {
            "Time": "2022-12-18",
            "value": 1.719824685573233
        },
        {
            "Time": "2022-12-19",
            "value": 1.6099996182626288
        },
        {
            "Time": "2022-12-20",
            "value": 0.955668505497322
        },
        {
            "Time": "2022-12-21",
            "value": 1.6212612874418826
        },
        {
            "Time": "2022-12-22",
            "value": 1.617216768050624
        },
        {
            "Time": "2022-12-23",
            "value": 1.6834701452173877
        },
        {
            "Time": "2022-12-24",
            "value": 1.683236402377476
        },
        {
            "Time": "2022-12-25",
            "value": 1.7066547927210207
        },
        {
            "Time": "2022-12-26",
            "value": 1.3805955326921302
        },
        {
            "Time": "2022-12-27",
            "value": 0.8113881549743168
        },
        {
            "Time": "2022-12-28",
            "value": 0.4595227357761202
        },
        {
            "Time": "2022-12-29",
            "value": 0.2865518119921476
        },
        {
            "Time": "2022-12-30",
            "value": 0.4384394606397952
        },
        {
            "Time": "2022-12-31",
            "value": 1.1934480234554834
        },
        {
            "Time": "2023-01-01",
            "value": 0.7268643316678317
        },
        {
            "Time": "2023-01-02",
            "value": 0.3581034294191982
        },
        {
            "Time": "2023-01-03",
            "value": 0.42761587777561216
        },
        {
            "Time": "2023-01-04",
            "value": 0.41665786845440234
        },
        {
            "Time": "2023-01-05",
            "value": 0.5490409739855634
        },
        {
            "Time": "2023-01-06",
            "value": 1.6519042565205673
        },
        {
            "Time": "2023-01-07",
            "value": 1.7114192960660726
        },
        {
            "Time": "2023-01-08",
            "value": 1.7135452098915016
        },
        {
            "Time": "2023-01-09",
            "value": 0.4846227649495337
        },
        {
            "Time": "2023-01-10",
            "value": 0.4969468999767905
        },
        {
            "Time": "2023-01-11",
            "value": 0.7248634517241463
        },
        {
            "Time": "2023-01-12",
            "value": 1.2518244449113727
        },
        {
            "Time": "2023-01-13",
            "value": 0.32356474592498036
        },
        {
            "Time": "2023-01-14",
            "value": 1.3169162643103722
        },
        {
            "Time": "2023-01-15",
            "value": 0.3991606963443523
        },
        {
            "Time": "2023-01-16",
            "value": 1.5079528102362558
        },
        {
            "Time": "2023-01-17",
            "value": 0.4517938811815428
        },
        {
            "Time": "2023-01-18",
            "value": 1.7163470948224908
        },
        {
            "Time": "2023-01-19",
            "value": 1.5411054939432647
        },
        {
            "Time": "2023-01-20",
            "value": 0.8015374684196124
        },
        {
            "Time": "2023-01-21",
            "value": 0.275153724079226
        },
        {
            "Time": "2023-01-22",
            "value": 1.5651124029286125
        },
        {
            "Time": "2023-01-23",
            "value": 0.2574581536218415
        },
        {
            "Time": "2023-01-24",
            "value": 1.500205471775728
        },
        {
            "Time": "2023-01-25",
            "value": 1.8630474680257711
        },
        {
            "Time": "2023-01-26",
            "value": 1.0958510367694663
        },
        {
            "Time": "2023-01-27",
            "value": 1.8341971956375946
        },
        {
            "Time": "2023-01-28",
            "value": 1.8940853269647533
        },
        {
            "Time": "2023-01-29",
            "value": 1.9249161245916466
        },
        {
            "Time": "2023-01-30",
            "value": 1.948474004438266
        },
        {
            "Time": "2023-01-31",
            "value": 1.9326698354346012
        },
        {
            "Time": "2023-02-01",
            "value": 0.4941543898168512
        },
        {
            "Time": "2023-02-02",
            "value": 0.9952288730964926
        },
        {
            "Time": "2023-02-03",
            "value": 0.556694992767227
        },
        {
            "Time": "2023-02-04",
            "value": 0.2016660190133764
        },
        {
            "Time": "2023-02-05",
            "value": 0.38758002017154936
        },
        {
            "Time": "2023-02-06",
            "value": 1.4393697744306704
        },
        {
            "Time": "2023-02-07",
            "value": 0.38492524430949554
        },
        {
            "Time": "2023-02-08",
            "value": 0.20833839141912003
        },
        {
            "Time": "2023-02-09",
            "value": 0.49304123801728267
        },
        {
            "Time": "2023-02-10",
            "value": 0.2839822517294019
        },
        {
            "Time": "2023-02-11",
            "value": 0.8515802877104599
        },
        {
            "Time": "2023-02-12",
            "value": 1.1356736226484725
        },
        {
            "Time": "2023-02-13",
            "value": 0.42257307914280645
        },
        {
            "Time": "2023-02-14",
            "value": 0.9948664163702257
        },
        {
            "Time": "2023-02-15",
            "value": 1.9995285894740815
        },
        {
            "Time": "2023-02-16",
            "value": 2.268039919579011
        },
        {
            "Time": "2023-02-17",
            "value": 1.9836567778665544
        },
        {
            "Time": "2023-02-18",
            "value": 2.243747742490958
        },
        {
            "Time": "2023-02-19",
            "value": 0.8279772287026952
        },
        {
            "Time": "2023-02-20",
            "value": 1.5419086423097579
        },
        {
            "Time": "2023-02-21",
            "value": 2.666334773321137
        },
        {
            "Time": "2023-02-22",
            "value": 2.4945616578046432
        },
        {
            "Time": "2023-02-23",
            "value": 2.3456852339231875
        },
        {
            "Time": "2023-02-24",
            "value": 1.1367116580809975
        },
        {
            "Time": "2023-02-25",
            "value": 2.6959283400152354
        },
        {
            "Time": "2023-02-26",
            "value": 3.1189643304179975
        },
        {
            "Time": "2023-02-27",
            "value": 2.946863251844577
        },
        {
            "Time": "2023-02-28",
            "value": 1.5848062637298537
        },
        {
            "Time": "2023-03-01",
            "value": 1.658380971294199
        },
        {
            "Time": "2023-03-02",
            "value": 2.182667089560978
        },
        {
            "Time": "2023-03-03",
            "value": 2.8403785904657854
        },
        {
            "Time": "2023-03-04",
            "value": 3.2632871604287246
        },
        {
            "Time": "2023-03-05",
            "value": 3.2613523230468804
        },
        {
            "Time": "2023-03-06",
            "value": 3.419745911001932
        },
        {
            "Time": "2023-03-07",
            "value": 3.408350554536187
        },
        {
            "Time": "2023-03-08",
            "value": 3.1231329589886627
        },
        {
            "Time": "2023-03-09",
            "value": 2.489020953997936
        },
        {
            "Time": "2023-03-10",
            "value": 3.586533344154279
        },
        {
            "Time": "2023-03-11",
            "value": 2.9589074479575617
        },
        {
            "Time": "2023-03-12",
            "value": 0.6704408687081282
        },
        {
            "Time": "2023-03-13",
            "value": 2.800190249526321
        },
        {
            "Time": "2023-03-14",
            "value": 3.74831090704981
        },
        {
            "Time": "2023-03-15",
            "value": 3.0132260644191864
        },
        {
            "Time": "2023-03-16",
            "value": 3.0881373807020998
        },
        {
            "Time": "2023-03-17",
            "value": 1.7884917632431732
        },
        {
            "Time": "2023-03-18",
            "value": 0.4592578931764671
        },
        {
            "Time": "2023-03-19",
            "value": 0.18032249048017543
        },
        {
            "Time": "2023-03-20",
            "value": 2.51658832945773
        },
        {
            "Time": "2023-03-21",
            "value": 1.3328706047175025
        },
        {
            "Time": "2023-03-22",
            "value": 2.400716864774161
        },
        {
            "Time": "2023-03-23",
            "value": 0.23443992086907933
        },
        {
            "Time": "2023-03-24",
            "value": 0.2726744542124476
        },
        {
            "Time": "2023-03-25",
            "value": 0.3304076420884636
        },
        {
            "Time": "2023-03-26",
            "value": 1.2596160342877272
        },
        {
            "Time": "2023-03-27",
            "value": 0.0
        }
    ]
}