{
    "data": [
        {
            "Time": "2022-11-27",
            "value": 0.21521733761775264
        },
        {
            "Time": "2022-11-28",
            "value": 0.8007542204990863
        },
        {
            "Time": "2022-11-29",
            "value": 0.853981458960857
        },
        {
            "Time": "2022-11-30",
            "value": 0.32830343954579694
        },
        {
            "Time": "2022-12-01",
            "value": 0.3890616296117824
        },
        {
            "Time": "2022-12-02",
            "value": 0.4086632376489023
        },
        {
            "Time": "2022-12-03",
            "value": 0.6650755828871836
        },
        {
            "Time": "2022-12-04",
            "value": 0.5166849371396263
        },
        {
            "Time": "2022-12-05",
            "value": 0.4297010715139204
        },
        {
            "Time": "2022-12-06",
            "value": 0.6519975164037963
        },
        {
            "Time": "2022-12-07",
            "value": 0.1811909753076435
        },
        {
            "Time": "2022-12-08",
            "value": 0.9168264857540016
        },
        {
            "Time": "2022-12-09",
            "value": 0.752965777716248
        },
        {
            "Time": "2022-12-10",
            "value": 1.5048057778247994
        },
        {
            "Time": "2022-12-11",
            "value": 0.39639881437732294
        },
        {
            "Time": "2022-12-12",
            "value": 1.0081610601743438
        },
        {
            "Time": "2022-12-13",
            "value": 1.5166958787784397
        },
        {
            "Time": "2022-12-14",
            "value": 0.6792149828615421
        },
        {
            "Time": "2022-12-15",
            "value": 0.47030647226938077
        },
        {
            "Time": "2022-12-16",
            "value": 0.31587584523284024
        },
        {
            "Time": "2022-12-17",
            "value": 0.45102775269978174
        },
        {
            "Time": "2022-12-18",
            "value": 2.1599999202509523
        },
        {
            "Time": "2022-12-19",
            "value": 2.2363959933903983
        },
        {
            "Time": "2022-12-20",
            "value": 1.4878960854892143
        },
        {
            "Time": "2022-12-21",
            "value": 2.022288153051936
        },
        {
            "Time": "2022-12-22",
            "value": 2.2575539489002217
        },
        {
            "Time": "2022-12-23",
            "value": 2.31817657597959
        },
        {
            "Time": "2022-12-24",
            "value": 1.5794126600665104
        },
        {
            "Time": "2022-12-25",
            "value": 2.233854821362695
        },
        {
            "Time": "2022-12-26",
            "value": 2.1392826638477924
        },
        {
            "Time": "2022-12-27",
            "value": 0.8412153810381072
        },
        {
            "Time": "2022-12-28",
            "value": 0.47087789407083336
        },
        {
            "Time": "2022-12-29",
            "value": 0.3022638869709491
        },
        {
            "Time": "2022-12-30",
            "value": 0.4454523804689484
        },
        {
            "Time": "2022-12-31",
            "value": 1.2257517300175158
        },
        {
            "Time": "2023-01-01",
            "value": 0.7455582563846431
        },
        {
            "Time": "2023-01-02",
            "value": 0.3781828709724537
        },
        {
            "Time": "2023-01-03",
            "value": 0.44857539508169647
        },
        {
            "Time": "2023-01-04",
            "value": 0.447954863742419
        },
        {
            "Time": "2023-01-05",
            "value": 0.5645679408419213
        },
        {
            "Time": "2023-01-06",
            "value": 1.8546284743774692
        },
        {
            "Time": "2023-01-07",
            "value": 2.146583212529496
        },
        {
            "Time": "2023-01-08",
            "value": 2.07546930807204
        },
        {
            "Time": "2023-01-09",
            "value": 0.5036445635593781
        },
        {
            "Time": "2023-01-10",
            "value": 0.5198951429966725
        },
        {
            "Time": "2023-01-11",
            "value": 0.7495719585072089
        },
        {
            "Time": "2023-01-12",
            "value": 1.2787811386088268
        },
        {
            "Time": "2023-01-13",
            "value": 0.33691211274666333
        },
        {
            "Time": "2023-01-14",
            "value": 1.2919231671735072
        },
        {
            "Time": "2023-01-15",
            "value": 0.42792007042899044
        },
        {
            "Time": "2023-01-16",
            "value": 1.5293368289809675
        },
        {
            "Time": "2023-01-17",
            "value": 0.4913218382148314
        },
        {
            "Time": "2023-01-18",
            "value": 1.629944112717078
        },
        {
            "Time": "2023-01-19",
            "value": 1.5156369491719572
        },
        {
            "Time": "2023-01-20",
            "value": 0.8372006144574337
        },
        {
            "Time": "2023-01-21",
            "value": 0.288624007139709
        },
        {
            "Time": "2023-01-22",
            "value": 1.7335799067340496
        },
        {
            "Time": "2023-01-23",
            "value": 0.278164898698211
        },
        {
            "Time": "2023-01-24",
            "value": 1.3876981402904218
        },
        {
            "Time": "2023-01-25",
            "value": 2.1962666846711425
        },
        {
            "Time": "2023-01-26",
            "value": 1.1346386304351113
        },
        {
            "Time": "2023-01-27",
            "value": 1.7141004163176492
        },
        {
            "Time": "2023-01-28",
            "value": 2.165075982172634
        },
        {
            "Time": "2023-01-29",
            "value": 2.2025007335003406
        },
        {
            "Time": "2023-01-30",
            "value": 2.299491863798634
        },
        {
            "Time": "2023-01-31",
            "value": 2.2792245632924515
        },
        {
            "Time": "2023-02-01",
            "value": 0.5144155070438773
        },
        {
            "Time": "2023-02-02",
            "value": 1.0344833721721365
        },
        {
            "Time": "2023-02-03",
            "value": 0.5840797731416904
        },
        {
            "Time": "2023-02-04",
            "value": 0.20749305642452778
        },
        {
            "Time": "2023-02-05",
            "value": 0.4034281982447465
        },
        {
            "Time": "2023-02-06",
            "value": 1.564770102676364
        },
        {
            "Time": "2023-02-07",
            "value": 0.38950031909024624
        },
        {
            "Time": "2023-02-08",
            "value": 0.2324541016076391
        },
        {
            "Time": "2023-02-09",
            "value": 0.5083133666267466
        },
        {
            "Time": "2023-02-10",
            "value": 0.2849431947311194
        },
        {
            "Time": "2023-02-11",
            "value": 0.8847044146527594
        },
        {
            "Time": "2023-02-12",
            "value": 1.28666871194464
        },
        {
            "Time": "2023-02-13",
            "value": 0.44053571588970225
        },
        {
            "Time": "2023-02-14",
            "value": 1.0092146065441392
        },
        {
            "Time": "2023-02-15",
            "value": 2.637911657216007
        },
        {
            "Time": "2023-02-16",
            "value": 3.225239322431958
        },
        {
            "Time": "2023-02-17",
            "value": 2.2166378488602496
        },
        {
            "Time": "2023-02-18",
            "value": 2.794812362973518
        },
        {
            "Time": "2023-02-19",
            "value": 0.8536594914685245
        },
        {
            "Time": "2023-02-20",
            "value": 1.6533085009402149
        },
        {
            "Time": "2023-02-21",
            "value": 3.1277794994206918
        },
        {
            "Time": "2023-02-22",
            "value": 2.633363387015761
        },
        {
            "Time": "2023-02-23",
            "value": 2.7416349487065133
        },
        {
            "Time": "2023-02-24",
            "value": 1.1831600673421112
        },
        {
            "Time": "2023-02-25",
            "value": 2.9822885870225226
        },
        {
            "Time": "2023-02-26",
            "value": 3.3324778206755505
        },
        {
            "Time": "2023-02-27",
            "value": 2.9398894437873437
        },
        {
            "Time": "2023-02-28",
            "value": 1.632889211510348
        },
        {
            "Time": "2023-03-01",
            "value": 1.704692862252282
        },
        {
            "Time": "2023-03-02",
            "value": 2.157369934886948
        },
        {
            "Time": "2023-03-03",
            "value": 2.9091214923071793
        },
        {
            "Time": "2023-03-04",
            "value": 3.186055701827163
        },
        {
            "Time": "2023-03-05",
            "value": 3.2523114292399535
        },
        {
            "Time": "2023-03-06",
            "value": 3.317415618424307
        },
        {
            "Time": "2023-03-07",
            "value": 3.2824386566744237
        },
        {
            "Time": "2023-03-08",
            "value": 3.0882307481857896
        },
        {
            "Time": "2023-03-09",
            "value": 2.4251277111529626
        },
        {
            "Time": "2023-03-10",
            "value": 3.373429577152997
        },
        {
            "Time": "2023-03-11",
            "value": 2.9335594275835497
        },
        {
            "Time": "2023-03-12",
            "value": 0.675699580356487
        },
        {
            "Time": "2023-03-13",
            "value": 2.7220653058119093
        },
        {
            "Time": "2023-03-14",
            "value": 3.5191878330694384
        },
        {
            "Time": "2023-03-15",
            "value": 2.9047198748409713
        },
        {
            "Time": "2023-03-16",
            "value": 2.9038746500983375
        },
        {
            "Time": "2023-03-17",
            "value": 1.8095776854531211
        },
        {
            "Time": "2023-03-18",
            "value": 0.47327444487247505
        },
        {
            "Time": "2023-03-19",
            "value": 0.19814099229547558
        },
        {
            "Time": "2023-03-20",
            "value": 2.447460404597511
        },
        {
            "Time": "2023-03-21",
            "value": 1.3422012904924183
        },
        {
            "Time": "2023-03-22",
            "value": 2.3873013684929036
        },
        {
            "Time": "2023-03-23",
            "value": 0.23769160390128036
        },
        {
            "Time": "2023-03-24",
            "value": 0.27145462814756943
        },
        {
            "Time": "2023-03-25",
            "value": 0.3430037850116267
        },
        {
            "Time": "2023-03-26",
            "value": 1.2932820166383527
        },
        {
            "Time": "2023-03-27",
            "value": 0.0
        }
    ]
}