{
    "data": [
        {
            "Time": "2022-11-27",
            "value": 0.28531136222123343
        },
        {
            "Time": "2022-11-28",
            "value": 0.8468701230960399
        },
        {
            "Time": "2022-11-29",
            "value": 0.8033183046520423
        },
        {
            "Time": "2022-11-30",
            "value": 0.39428524254178654
        },
        {
            "Time": "2022-12-01",
            "value": 0.0
        },
        {
            "Time": "2022-12-02",
            "value": 0.0
        },
        {
            "Time": "2022-12-03",
            "value": 0.0
        },
        {
            "Time": "2022-12-04",
            "value": 0.0
        },
        {
            "Time": "2022-12-05",
            "value": 0.013813972453419478
        },
        {
            "Time": "2022-12-06",
            "value": 0.04485103694219555
        },
        {
            "Time": "2022-12-07",
            "value": 0.0759391203100712
        },
        {
            "Time": "2022-12-08",
            "value": 0.9729068374340226
        },
        {
            "Time": "2022-12-09",
            "value": 0.8226735837473698
        },
        {
            "Time": "2022-12-10",
            "value": 2.2703216292046076
        },
        {
            "Time": "2022-12-11",
            "value": 0.47197119797933446
        },
        {
            "Time": "2022-12-12",
            "value": 1.0293324455679462
        },
        {
            "Time": "2022-12-13",
            "value": 1.9272940612444565
        },
        {
            "Time": "2022-12-14",
            "value": 0.7577567292570622
        },
        {
            "Time": "2022-12-15",
            "value": 0.56812531244905
        },
        {
            "Time": "2022-12-16",
            "value": 0.39530280235130205
        },
        {
            "Time": "2022-12-17",
            "value": 0.5104053326506709
        },
        {
            "Time": "2022-12-18",
            "value": 3.048384764801511
        },
        {
            "Time": "2022-12-19",
            "value": 2.9114009717758873
        },
        {
            "Time": "2022-12-20",
            "value": 1.7657228464445331
        },
        {
            "Time": "2022-12-21",
            "value": 2.914905608183885
        },
        {
            "Time": "2022-12-22",
            "value": 2.9266015729840755
        },
        {
            "Time": "2022-12-23",
            "value": 3.0536683917236607
        },
        {
            "Time": "2022-12-24",
            "value": 3.0256788591305135
        },
        {
            "Time": "2022-12-25",
            "value": 3.0487949813225215
        },
        {
            "Time": "2022-12-26",
            "value": 2.4323704031919178
        },
        {
            "Time": "2022-12-27",
            "value": 0.8917051389998224
        },
        {
            "Time": "2022-12-28",
            "value": 0.5563668911833333
        },
        {
            "Time": "2022-12-29",
            "value": 0.3813368037023148
        },
        {
            "Time": "2022-12-30",
            "value": 0.5270555564930556
        },
        {
            "Time": "2022-12-31",
            "value": 1.2386637643393732
        },
        {
            "Time": "2023-01-01",
            "value": 0.8212513573418153
        },
        {
            "Time": "2023-01-02",
            "value": 0.460407241598545
        },
        {
            "Time": "2023-01-03",
            "value": 0.5253788515344687
        },
        {
            "Time": "2023-01-04",
            "value": 0.5221238473605324
        },
        {
            "Time": "2023-01-05",
            "value": 0.6518282338537037
        },
        {
            "Time": "2023-01-06",
            "value": 2.755090254502802
        },
        {
            "Time": "2023-01-07",
            "value": 3.0255904566530667
        },
        {
            "Time": "2023-01-08",
            "value": 2.6474799783910363
        },
        {
            "Time": "2023-01-09",
            "value": 0.5919996922720678
        },
        {
            "Time": "2023-01-10",
            "value": 0.6069223383820834
        },
        {
            "Time": "2023-01-11",
            "value": 0.8110150291533065
        },
        {
            "Time": "2023-01-12",
            "value": 1.3111965462194066
        },
        {
            "Time": "2023-01-13",
            "value": 0.4281093730855289
        },
        {
            "Time": "2023-01-14",
            "value": 1.2926967043218833
        },
        {
            "Time": "2023-01-15",
            "value": 0.48965015576609355
        },
        {
            "Time": "2023-01-16",
            "value": 1.5326359340563374
        },
        {
            "Time": "2023-01-17",
            "value": 0.559813182466708
        },
        {
            "Time": "2023-01-18",
            "value": 2.9058240905225765
        },
        {
            "Time": "2023-01-19",
            "value": 1.5309725464312898
        },
        {
            "Time": "2023-01-20",
            "value": 0.8919650698154322
        },
        {
            "Time": "2023-01-21",
            "value": 0.3626921315822483
        },
        {
            "Time": "2023-01-22",
            "value": 1.9684443999924506
        },
        {
            "Time": "2023-01-23",
            "value": 0.3583472223660755
        },
        {
            "Time": "2023-01-24",
            "value": 1.4141334590517824
        },
        {
            "Time": "2023-01-25",
            "value": 3.1787665616143985
        },
        {
            "Time": "2023-01-26",
            "value": 1.1756678187314302
        },
        {
            "Time": "2023-01-27",
            "value": 2.9734416315110797
        },
        {
            "Time": "2023-01-28",
            "value": 2.062368236722309
        },
        {
            "Time": "2023-01-29",
            "value": 3.2794510782069564
        },
        {
            "Time": "2023-01-30",
            "value": 3.295972586623658
        },
        {
            "Time": "2023-01-31",
            "value": 3.2641333866741413
        },
        {
            "Time": "2023-02-01",
            "value": 0.6026926563554083
        },
        {
            "Time": "2023-02-02",
            "value": 1.094893840030186
        },
        {
            "Time": "2023-02-03",
            "value": 0.6669539486526946
        },
        {
            "Time": "2023-02-04",
            "value": 0.27351620190278936
        },
        {
            "Time": "2023-02-05",
            "value": 0.4989539214646247
        },
        {
            "Time": "2023-02-06",
            "value": 1.4778688279209966
        },
        {
            "Time": "2023-02-07",
            "value": 0.4962838458987327
        },
        {
            "Time": "2023-02-08",
            "value": 0.31499550569111295
        },
        {
            "Time": "2023-02-09",
            "value": 0.5930560142191
        },
        {
            "Time": "2023-02-10",
            "value": 0.38248647439907046
        },
        {
            "Time": "2023-02-11",
            "value": 0.9396995122932874
        },
        {
            "Time": "2023-02-12",
            "value": 1.2285096196023115
        },
        {
            "Time": "2023-02-13",
            "value": 0.5223956280750327
        },
        {
            "Time": "2023-02-14",
            "value": 1.109265962308788
        },
        {
            "Time": "2023-02-15",
            "value": 2.1055139371470157
        },
        {
            "Time": "2023-02-16",
            "value": 3.536581452781117
        },
        {
            "Time": "2023-02-17",
            "value": 2.0871370332015635
        },
        {
            "Time": "2023-02-18",
            "value": 1.956688298505355
        },
        {
            "Time": "2023-02-19",
            "value": 0.9259169652348364
        },
        {
            "Time": "2023-02-20",
            "value": 1.6430892770200651
        },
        {
            "Time": "2023-02-21",
            "value": 2.922869338859224
        },
        {
            "Time": "2023-02-22",
            "value": 2.443197838362369
        },
        {
            "Time": "2023-02-23",
            "value": 1.9719198880657594
        },
        {
            "Time": "2023-02-24",
            "value": 1.1870321093501957
        },
        {
            "Time": "2023-02-25",
            "value": 2.1592465152092606
        },
        {
            "Time": "2023-02-26",
            "value": 2.512557854866915
        },
        {
            "Time": "2023-02-27",
            "value": 2.515516884753126
        },
        {
            "Time": "2023-02-28",
            "value": 1.625122366034748
        },
        {
            "Time": "2023-03-01",
            "value": 1.5782284002729972
        },
        {
            "Time": "2023-03-02",
            "value": 2.1585359525406727
        },
        {
            "Time": "2023-03-03",
            "value": 2.6179262271287325
        },
        {
            "Time": "2023-03-04",
            "value": 3.0081394237622545
        },
        {
            "Time": "2023-03-05",
            "value": 3.0049520859138648
        },
        {
            "Time": "2023-03-06",
            "value": 3.151197545722038
        },
        {
            "Time": "2023-03-07",
            "value": 3.263957126082638
        },
        {
            "Time": "2023-03-08",
            "value": 3.0054531475937445
        },
        {
            "Time": "2023-03-09",
            "value": 2.4258309516506937
        },
        {
            "Time": "2023-03-10",
            "value": 3.3987875888526498
        },
        {
            "Time": "2023-03-11",
            "value": 2.899516413601891
        },
        {
            "Time": "2023-03-12",
            "value": 0.7685299616957528
        },
        {
            "Time": "2023-03-13",
            "value": 2.769697592536176
        },
        {
            "Time": "2023-03-14",
            "value": 3.6322446161975854
        },
        {
            "Time": "2023-03-15",
            "value": 3.005625060264472
        },
        {
            "Time": "2023-03-16",
            "value": 3.0729713725134626
        },
        {
            "Time": "2023-03-17",
            "value": 1.8714139178242115
        },
        {
            "Time": "2023-03-18",
            "value": 0.5821650661121859
        },
        {
            "Time": "2023-03-19",
            "value": 0.2996536023669147
        },
        {
            "Time": "2023-03-20",
            "value": 2.590995467522483
        },
        {
            "Time": "2023-03-21",
            "value": 1.438728040809208
        },
        {
            "Time": "2023-03-22",
            "value": 2.457606717442472
        },
        {
            "Time": "2023-03-23",
            "value": 0.3350957895384535
        },
        {
            "Time": "2023-03-24",
            "value": 0.3826625007348462
        },
        {
            "Time": "2023-03-25",
            "value": 0.4596064766921296
        },
        {
            "Time": "2023-03-26",
            "value": 1.3708639727756957
        },
        {
            "Time": "2023-03-27",
            "value": 0.0
        }
    ]
}