{
    "data": [
        {
            "Time": "2022-11-27",
            "value": 0.24533526939724257
        },
        {
            "Time": "2022-11-28",
            "value": 1.061738668654467
        },
        {
            "Time": "2022-11-29",
            "value": 0.9604591868606155
        },
        {
            "Time": "2022-11-30",
            "value": 0.32176374948588105
        },
        {
            "Time": "2022-12-01",
            "value": 0.38918388312848207
        },
        {
            "Time": "2022-12-02",
            "value": 0.43934878555188245
        },
        {
            "Time": "2022-12-03",
            "value": 0.7248600348588798
        },
        {
            "Time": "2022-12-04",
            "value": 0.567278127426206
        },
        {
            "Time": "2022-12-05",
            "value": 0.4692441550411246
        },
        {
            "Time": "2022-12-06",
            "value": 0.7049278146559608
        },
        {
            "Time": "2022-12-07",
            "value": 0.1980578702032454
        },
        {
            "Time": "2022-12-08",
            "value": 1.0898520261419955
        },
        {
            "Time": "2022-12-09",
            "value": 0.8460594691853528
        },
        {
            "Time": "2022-12-10",
            "value": 2.5216890607636753
        },
        {
            "Time": "2022-12-11",
            "value": 0.43071684861638876
        },
        {
            "Time": "2022-12-12",
            "value": 1.3678295356862158
        },
        {
            "Time": "2022-12-13",
            "value": 1.871599702511283
        },
        {
            "Time": "2022-12-14",
            "value": 0.7479223503066573
        },
        {
            "Time": "2022-12-15",
            "value": 0.5274497493348148
        },
        {
            "Time": "2022-12-16",
            "value": 0.3360387241336075
        },
        {
            "Time": "2022-12-17",
            "value": 0.4827508631052429
        },
        {
            "Time": "2022-12-18",
            "value": 3.2936292041602053
        },
        {
            "Time": "2022-12-19",
            "value": 3.1307157970155837
        },
        {
            "Time": "2022-12-20",
            "value": 1.6708574864256978
        },
        {
            "Time": "2022-12-21",
            "value": 2.990184573598709
        },
        {
            "Time": "2022-12-22",
            "value": 3.061717165197773
        },
        {
            "Time": "2022-12-23",
            "value": 3.2398321662910328
        },
        {
            "Time": "2022-12-24",
            "value": 3.0262911234959438
        },
        {
            "Time": "2022-12-25",
            "value": 3.2899086038304
        },
        {
            "Time": "2022-12-26",
            "value": 2.5541964093750917
        },
        {
            "Time": "2022-12-27",
            "value": 1.0509466378091932
        },
        {
            "Time": "2022-12-28",
            "value": 0.5092776950189807
        },
        {
            "Time": "2022-12-29",
            "value": 0.313501853685424
        },
        {
            "Time": "2022-12-30",
            "value": 0.4812129664634074
        },
        {
            "Time": "2022-12-31",
            "value": 1.6486564291394574
        },
        {
            "Time": "2023-01-01",
            "value": 0.8638070798141898
        },
        {
            "Time": "2023-01-02",
            "value": 0.40616319423773145
        },
        {
            "Time": "2023-01-03",
            "value": 0.46239498566950765
        },
        {
            "Time": "2023-01-04",
            "value": 0.4735865744740347
        },
        {
            "Time": "2023-01-05",
            "value": 0.6210628812895228
        },
        {
            "Time": "2023-01-06",
            "value": 2.9534891218236687
        },
        {
            "Time": "2023-01-07",
            "value": 3.207952230424279
        },
        {
            "Time": "2023-01-08",
            "value": 3.1530412330546245
        },
        {
            "Time": "2023-01-09",
            "value": 0.5522728908700743
        },
        {
            "Time": "2023-01-10",
            "value": 0.5869748625084878
        },
        {
            "Time": "2023-01-11",
            "value": 0.8267133064290951
        },
        {
            "Time": "2023-01-12",
            "value": 1.8250137677968996
        },
        {
            "Time": "2023-01-13",
            "value": 0.38516511862270264
        },
        {
            "Time": "2023-01-14",
            "value": 1.9916503103964673
        },
        {
            "Time": "2023-01-15",
            "value": 0.43516328456684317
        },
        {
            "Time": "2023-01-16",
            "value": 2.4837889058468727
        },
        {
            "Time": "2023-01-17",
            "value": 0.5036596453487683
        },
        {
            "Time": "2023-01-18",
            "value": 2.935714588510169
        },
        {
            "Time": "2023-01-19",
            "value": 2.4297107542129135
        },
        {
            "Time": "2023-01-20",
            "value": 0.9874822803632062
        },
        {
            "Time": "2023-01-21",
            "value": 0.3125775091385342
        },
        {
            "Time": "2023-01-22",
            "value": 2.428260078364341
        },
        {
            "Time": "2023-01-23",
            "value": 0.28952800307100596
        },
        {
            "Time": "2023-01-24",
            "value": 2.16542073890228
        },
        {
            "Time": "2023-01-25",
            "value": 3.384356221520259
        },
        {
            "Time": "2023-01-26",
            "value": 1.5579740385962038
        },
        {
            "Time": "2023-01-27",
            "value": 2.9634925791930855
        },
        {
            "Time": "2023-01-28",
            "value": 3.387375447734244
        },
        {
            "Time": "2023-01-29",
            "value": 3.387369464127289
        },
        {
            "Time": "2023-01-30",
            "value": 3.5057683443645122
        },
        {
            "Time": "2023-01-31",
            "value": 3.475665615305459
        },
        {
            "Time": "2023-02-01",
            "value": 0.5515437325189123
        },
        {
            "Time": "2023-02-02",
            "value": 1.3305570079841227
        },
        {
            "Time": "2023-02-03",
            "value": 0.6265758341704836
        },
        {
            "Time": "2023-02-04",
            "value": 0.20457381729895308
        },
        {
            "Time": "2023-02-05",
            "value": 0.4391939414871319
        },
        {
            "Time": "2023-02-06",
            "value": 2.003873613383588
        },
        {
            "Time": "2023-02-07",
            "value": 0.4427199050653819
        },
        {
            "Time": "2023-02-08",
            "value": 0.23297835965895844
        },
        {
            "Time": "2023-02-09",
            "value": 0.5787402360389146
        },
        {
            "Time": "2023-02-10",
            "value": 0.32426767195710116
        },
        {
            "Time": "2023-02-11",
            "value": 1.0717548027306472
        },
        {
            "Time": "2023-02-12",
            "value": 1.5228375393690707
        },
        {
            "Time": "2023-02-13",
            "value": 0.5015375728318786
        },
        {
            "Time": "2023-02-14",
            "value": 1.19539841035859
        },
        {
            "Time": "2023-02-15",
            "value": 3.1601032007104948
        },
        {
            "Time": "2023-02-16",
            "value": 3.75564637965926
        },
        {
            "Time": "2023-02-17",
            "value": 2.722657935450967
        },
        {
            "Time": "2023-02-18",
            "value": 3.2819471543669625
        },
        {
            "Time": "2023-02-19",
            "value": 0.9517771164143287
        },
        {
            "Time": "2023-02-20",
            "value": 1.9094998724963381
        },
        {
            "Time": "2023-02-21",
            "value": 3.653815351991325
        },
        {
            "Time": "2023-02-22",
            "value": 3.1203872916067743
        },
        {
            "Time": "2023-02-23",
            "value": 2.9687961552332416
        },
        {
            "Time": "2023-02-24",
            "value": 1.3230716014572688
        },
        {
            "Time": "2023-02-25",
            "value": 3.383350014676173
        },
        {
            "Time": "2023-02-26",
            "value": 3.7229864489137094
        },
        {
            "Time": "2023-02-27",
            "value": 3.258905896016246
        },
        {
            "Time": "2023-02-28",
            "value": 1.820892439722158
        },
        {
            "Time": "2023-03-01",
            "value": 1.868264285202786
        },
        {
            "Time": "2023-03-02",
            "value": 2.526101835156496
        },
        {
            "Time": "2023-03-03",
            "value": 3.2888597094782357
        },
        {
            "Time": "2023-03-04",
            "value": 3.6232860247974465
        },
        {
            "Time": "2023-03-05",
            "value": 3.59362735763804
        },
        {
            "Time": "2023-03-06",
            "value": 3.7108032233321664
        },
        {
            "Time": "2023-03-07",
            "value": 3.6869686895121676
        },
        {
            "Time": "2023-03-08",
            "value": 3.370391839083541
        },
        {
            "Time": "2023-03-09",
            "value": 2.6451573676304996
        },
        {
            "Time": "2023-03-10",
            "value": 3.759484965472862
        },
        {
            "Time": "2023-03-11",
            "value": 3.227733375400709
        },
        {
            "Time": "2023-03-12",
            "value": 0.7654237476234493
        },
        {
            "Time": "2023-03-13",
            "value": 3.0244338668553463
        },
        {
            "Time": "2023-03-14",
            "value": 3.8157745381567088
        },
        {
            "Time": "2023-03-15",
            "value": 3.234157161800084
        },
        {
            "Time": "2023-03-16",
            "value": 3.2705128884826262
        },
        {
            "Time": "2023-03-17",
            "value": 1.9526303779730998
        },
        {
            "Time": "2023-03-18",
            "value": 0.519631734739296
        },
        {
            "Time": "2023-03-19",
            "value": 0.20497299273612654
        },
        {
            "Time": "2023-03-20",
            "value": 2.665409224819348
        },
        {
            "Time": "2023-03-21",
            "value": 1.49856204772817
        },
        {
            "Time": "2023-03-22",
            "value": 2.5760348720250663
        },
        {
            "Time": "2023-03-23",
            "value": 0.2859863868951509
        },
        {
            "Time": "2023-03-24",
            "value": 0.30778246603738074
        },
        {
            "Time": "2023-03-25",
            "value": 0.3859890046944002
        },
        {
            "Time": "2023-03-26",
            "value": 1.4414745430417315
        },
        {
            "Time": "2023-03-27",
            "value": 0.0
        }
    ]
}