{
    "data": [
        {
            "Time": "2022-11-27",
            "value": 0.21661757596678513
        },
        {
            "Time": "2022-11-28",
            "value": 0.7610529725995169
        },
        {
            "Time": "2022-11-29",
            "value": 0.809922377646922
        },
        {
            "Time": "2022-11-30",
            "value": 0.3021627136787308
        },
        {
            "Time": "2022-12-01",
            "value": 0.0
        },
        {
            "Time": "2022-12-02",
            "value": 0.0
        },
        {
            "Time": "2022-12-03",
            "value": 0.0
        },
        {
            "Time": "2022-12-04",
            "value": 0.0
        },
        {
            "Time": "2022-12-05",
            "value": 0.001381397196993004
        },
        {
            "Time": "2022-12-06",
            "value": 0.004485103537240883
        },
        {
            "Time": "2022-12-07",
            "value": 0.007593911765220156
        },
        {
            "Time": "2022-12-08",
            "value": 0.8475323469073501
        },
        {
            "Time": "2022-12-09",
            "value": 0.7173558318388686
        },
        {
            "Time": "2022-12-10",
            "value": 1.6936349405043176
        },
        {
            "Time": "2022-12-11",
            "value": 0.3780896942387328
        },
        {
            "Time": "2022-12-12",
            "value": 0.9136800932796914
        },
        {
            "Time": "2022-12-13",
            "value": 1.3681191015887193
        },
        {
            "Time": "2022-12-14",
            "value": 0.6398166812756686
        },
        {
            "Time": "2022-12-15",
            "value": 0.45673182152450453
        },
        {
            "Time": "2022-12-16",
            "value": 0.30276386673617484
        },
        {
            "Time": "2022-12-17",
            "value": 0.41328115315694314
        },
        {
            "Time": "2022-12-18",
            "value": 1.576001885662521
        },
        {
            "Time": "2022-12-19",
            "value": 1.4031151085205038
        },
        {
            "Time": "2022-12-20",
            "value": 1.4068696459874879
        },
        {
            "Time": "2022-12-21",
            "value": 1.9555620482970038
        },
        {
            "Time": "2022-12-22",
            "value": 2.4065937469354086
        },
        {
            "Time": "2022-12-23",
            "value": 1.9888615264183283
        },
        {
            "Time": "2022-12-24",
            "value": 2.276958714050053
        },
        {
            "Time": "2022-12-25",
            "value": 2.4809822647561375
        },
        {
            "Time": "2022-12-26",
            "value": 2.0966120849407806
        },
        {
            "Time": "2022-12-27",
            "value": 0.7801306635638413
        },
        {
            "Time": "2022-12-28",
            "value": 0.4621080235657948
        },
        {
            "Time": "2022-12-29",
            "value": 0.2907300084618325
        },
        {
            "Time": "2022-12-30",
            "value": 0.43619539959330234
        },
        {
            "Time": "2022-12-31",
            "value": 1.1542158739127126
        },
        {
            "Time": "2023-01-01",
            "value": 0.7179713682964458
        },
        {
            "Time": "2023-01-02",
            "value": 0.36264414411712254
        },
        {
            "Time": "2023-01-03",
            "value": 0.42410092293262286
        },
        {
            "Time": "2023-01-04",
            "value": 0.43112169439382253
        },
        {
            "Time": "2023-01-05",
            "value": 0.555472846473228
        },
        {
            "Time": "2023-01-06",
            "value": 1.7762774169680569
        },
        {
            "Time": "2023-01-07",
            "value": 2.317898498116432
        },
        {
            "Time": "2023-01-08",
            "value": 1.9606841729708782
        },
        {
            "Time": "2023-01-09",
            "value": 0.4736444648539
        },
        {
            "Time": "2023-01-10",
            "value": 0.5070588388155071
        },
        {
            "Time": "2023-01-11",
            "value": 0.7052892123252935
        },
        {
            "Time": "2023-01-12",
            "value": 1.1703806440269855
        },
        {
            "Time": "2023-01-13",
            "value": 0.3323023486857173
        },
        {
            "Time": "2023-01-14",
            "value": 1.1961692021898047
        },
        {
            "Time": "2023-01-15",
            "value": 0.395617741688955
        },
        {
            "Time": "2023-01-16",
            "value": 1.387037718137445
        },
        {
            "Time": "2023-01-17",
            "value": 0.4604912134389903
        },
        {
            "Time": "2023-01-18",
            "value": 1.6078931762565942
        },
        {
            "Time": "2023-01-19",
            "value": 1.357117413432629
        },
        {
            "Time": "2023-01-20",
            "value": 0.778825898573905
        },
        {
            "Time": "2023-01-21",
            "value": 0.2854369160219363
        },
        {
            "Time": "2023-01-22",
            "value": 1.5769096947074464
        },
        {
            "Time": "2023-01-23",
            "value": 0.2619420138160137
        },
        {
            "Time": "2023-01-24",
            "value": 1.2093922808882716
        },
        {
            "Time": "2023-01-25",
            "value": 2.1967589685089033
        },
        {
            "Time": "2023-01-26",
            "value": 1.043423697264445
        },
        {
            "Time": "2023-01-27",
            "value": 1.6772597944120375
        },
        {
            "Time": "2023-01-28",
            "value": 2.105867755713372
        },
        {
            "Time": "2023-01-29",
            "value": 1.9791204011612664
        },
        {
            "Time": "2023-01-30",
            "value": 1.832151773091538
        },
        {
            "Time": "2023-01-31",
            "value": 2.2031911886585727
        },
        {
            "Time": "2023-02-01",
            "value": 0.49529792965969216
        },
        {
            "Time": "2023-02-02",
            "value": 0.9545372543344693
        },
        {
            "Time": "2023-02-03",
            "value": 0.5583339016949326
        },
        {
            "Time": "2023-02-04",
            "value": 0.2009227716164233
        },
        {
            "Time": "2023-02-05",
            "value": 0.39633844346639757
        },
        {
            "Time": "2023-02-06",
            "value": 1.3453646210007353
        },
        {
            "Time": "2023-02-07",
            "value": 0.3817841646776285
        },
        {
            "Time": "2023-02-08",
            "value": 0.21710872213013738
        },
        {
            "Time": "2023-02-09",
            "value": 0.4896333390447063
        },
        {
            "Time": "2023-02-10",
            "value": 0.2860640372072635
        },
        {
            "Time": "2023-02-11",
            "value": 0.8051977021716883
        },
        {
            "Time": "2023-02-12",
            "value": 1.0756242808639107
        },
        {
            "Time": "2023-02-13",
            "value": 0.42188668874054047
        },
        {
            "Time": "2023-02-14",
            "value": 0.9586804411250796
        },
        {
            "Time": "2023-02-15",
            "value": 1.7728042858964734
        },
        {
            "Time": "2023-02-16",
            "value": 2.050105834096603
        },
        {
            "Time": "2023-02-17",
            "value": 1.6818252044808184
        },
        {
            "Time": "2023-02-18",
            "value": 1.8809353583300412
        },
        {
            "Time": "2023-02-19",
            "value": 0.8064581117362007
        },
        {
            "Time": "2023-02-20",
            "value": 1.474520640391406
        },
        {
            "Time": "2023-02-21",
            "value": 2.0875505115210697
        },
        {
            "Time": "2023-02-22",
            "value": 1.9002891997479303
        },
        {
            "Time": "2023-02-23",
            "value": 1.8170606289590798
        },
        {
            "Time": "2023-02-24",
            "value": 1.070517714412959
        },
        {
            "Time": "2023-02-25",
            "value": 2.131577449363199
        },
        {
            "Time": "2023-02-26",
            "value": 2.5735592110848953
        },
        {
            "Time": "2023-02-27",
            "value": 2.436444037887519
        },
        {
            "Time": "2023-02-28",
            "value": 1.5042528315385442
        },
        {
            "Time": "2023-03-01",
            "value": 1.6004032003536381
        },
        {
            "Time": "2023-03-02",
            "value": 2.017939824732888
        },
        {
            "Time": "2023-03-03",
            "value": 2.721789579996025
        },
        {
            "Time": "2023-03-04",
            "value": 3.0817071299586165
        },
        {
            "Time": "2023-03-05",
            "value": 3.218686944852344
        },
        {
            "Time": "2023-03-06",
            "value": 3.3727040808564976
        },
        {
            "Time": "2023-03-07",
            "value": 3.369020524063463
        },
        {
            "Time": "2023-03-08",
            "value": 3.1169733660355967
        },
        {
            "Time": "2023-03-09",
            "value": 2.3211973770961865
        },
        {
            "Time": "2023-03-10",
            "value": 3.4929344086188614
        },
        {
            "Time": "2023-03-11",
            "value": 2.8436036422751307
        },
        {
            "Time": "2023-03-12",
            "value": 0.6602947404089795
        },
        {
            "Time": "2023-03-13",
            "value": 2.617126209507859
        },
        {
            "Time": "2023-03-14",
            "value": 3.5808141613482634
        },
        {
            "Time": "2023-03-15",
            "value": 2.938008049250152
        },
        {
            "Time": "2023-03-16",
            "value": 2.9457921248609504
        },
        {
            "Time": "2023-03-17",
            "value": 1.7448734960355017
        },
        {
            "Time": "2023-03-18",
            "value": 0.45047649399020456
        },
        {
            "Time": "2023-03-19",
            "value": 0.17864279793854265
        },
        {
            "Time": "2023-03-20",
            "value": 2.370104468500022
        },
        {
            "Time": "2023-03-21",
            "value": 1.2974949106249096
        },
        {
            "Time": "2023-03-22",
            "value": 2.3074683233322597
        },
        {
            "Time": "2023-03-23",
            "value": 0.24388382302017242
        },
        {
            "Time": "2023-03-24",
            "value": 0.2736780531694799
        },
        {
            "Time": "2023-03-25",
            "value": 0.3338468916425969
        },
        {
            "Time": "2023-03-26",
            "value": 1.2320248747362867
        },
        {
            "Time": "2023-03-27",
            "value": 0.0
        }
    ]
}