{
    "data": [
        {
            "Time": "2022-11-27",
            "value": 0.22711655446448992
        },
        {
            "Time": "2022-11-28",
            "value": 0.757545915592855
        },
        {
            "Time": "2022-11-29",
            "value": 0.6770991226961915
        },
        {
            "Time": "2022-11-30",
            "value": 0.31935918740530755
        },
        {
            "Time": "2022-12-01",
            "value": 0.3760856459941551
        },
        {
            "Time": "2022-12-02",
            "value": 0.39405116635810294
        },
        {
            "Time": "2022-12-03",
            "value": 0.6333771953442326
        },
        {
            "Time": "2022-12-04",
            "value": 0.5007604567064352
        },
        {
            "Time": "2022-12-05",
            "value": 0.4307943365178724
        },
        {
            "Time": "2022-12-06",
            "value": 0.6145272807125868
        },
        {
            "Time": "2022-12-07",
            "value": 0.19859316997042822
        },
        {
            "Time": "2022-12-08",
            "value": 0.8226575460688638
        },
        {
            "Time": "2022-12-09",
            "value": 0.6938947574100446
        },
        {
            "Time": "2022-12-10",
            "value": 2.2787408135412344
        },
        {
            "Time": "2022-12-11",
            "value": 0.39449366033783567
        },
        {
            "Time": "2022-12-12",
            "value": 0.9030948302365178
        },
        {
            "Time": "2022-12-13",
            "value": 1.7937101199520855
        },
        {
            "Time": "2022-12-14",
            "value": 0.641954243573079
        },
        {
            "Time": "2022-12-15",
            "value": 0.4849940829688932
        },
        {
            "Time": "2022-12-16",
            "value": 0.3156403346236359
        },
        {
            "Time": "2022-12-17",
            "value": 0.4080406509678656
        },
        {
            "Time": "2022-12-18",
            "value": 3.2569551364660425
        },
        {
            "Time": "2022-12-19",
            "value": 3.0395463777859275
        },
        {
            "Time": "2022-12-20",
            "value": 1.5030850411270018
        },
        {
            "Time": "2022-12-21",
            "value": 2.9659300433370372
        },
        {
            "Time": "2022-12-22",
            "value": 2.9823432402517445
        },
        {
            "Time": "2022-12-23",
            "value": 3.151128911655521
        },
        {
            "Time": "2022-12-24",
            "value": 3.1574173584067973
        },
        {
            "Time": "2022-12-25",
            "value": 3.1907258115058585
        },
        {
            "Time": "2022-12-26",
            "value": 2.3694031533220468
        },
        {
            "Time": "2022-12-27",
            "value": 0.7210743070510373
        },
        {
            "Time": "2022-12-28",
            "value": 0.46914235725231485
        },
        {
            "Time": "2022-12-29",
            "value": 0.30620370148587966
        },
        {
            "Time": "2022-12-30",
            "value": 0.4462442052800926
        },
        {
            "Time": "2022-12-31",
            "value": 1.0698837488047772
        },
        {
            "Time": "2023-01-01",
            "value": 0.6927684109776648
        },
        {
            "Time": "2023-01-02",
            "value": 0.37855324149884256
        },
        {
            "Time": "2023-01-03",
            "value": 0.4380869687989253
        },
        {
            "Time": "2023-01-04",
            "value": 0.4355885418296412
        },
        {
            "Time": "2023-01-05",
            "value": 0.547885990050382
        },
        {
            "Time": "2023-01-06",
            "value": 2.8942885100117746
        },
        {
            "Time": "2023-01-07",
            "value": 3.1409975577204623
        },
        {
            "Time": "2023-01-08",
            "value": 3.1170062659547417
        },
        {
            "Time": "2023-01-09",
            "value": 0.4864559619884728
        },
        {
            "Time": "2023-01-10",
            "value": 0.4934816160484816
        },
        {
            "Time": "2023-01-11",
            "value": 0.6904168018328781
        },
        {
            "Time": "2023-01-12",
            "value": 1.0961411702573887
        },
        {
            "Time": "2023-01-13",
            "value": 0.34782031807213126
        },
        {
            "Time": "2023-01-14",
            "value": 1.2758791615328426
        },
        {
            "Time": "2023-01-15",
            "value": 0.4094988431662051
        },
        {
            "Time": "2023-01-16",
            "value": 2.398409542365112
        },
        {
            "Time": "2023-01-17",
            "value": 0.4695925929234144
        },
        {
            "Time": "2023-01-18",
            "value": 2.8768252240329817
        },
        {
            "Time": "2023-01-19",
            "value": 1.342522823700629
        },
        {
            "Time": "2023-01-20",
            "value": 0.7590304830444743
        },
        {
            "Time": "2023-01-21",
            "value": 0.30157986123194447
        },
        {
            "Time": "2023-01-22",
            "value": 1.459314824701656
        },
        {
            "Time": "2023-01-23",
            "value": 0.28234838224626324
        },
        {
            "Time": "2023-01-24",
            "value": 1.2833776671425838
        },
        {
            "Time": "2023-01-25",
            "value": 3.221345704583157
        },
        {
            "Time": "2023-01-26",
            "value": 1.0512208819292053
        },
        {
            "Time": "2023-01-27",
            "value": 2.8303318273157725
        },
        {
            "Time": "2023-01-28",
            "value": 3.2792157689550328
        },
        {
            "Time": "2023-01-29",
            "value": 3.294505122320058
        },
        {
            "Time": "2023-01-30",
            "value": 3.3691871465882146
        },
        {
            "Time": "2023-01-31",
            "value": 3.3600634647767986
        },
        {
            "Time": "2023-02-01",
            "value": 0.4975873205880635
        },
        {
            "Time": "2023-02-02",
            "value": 0.9576494643430187
        },
        {
            "Time": "2023-02-03",
            "value": 0.5646705780699545
        },
        {
            "Time": "2023-02-04",
            "value": 0.22146990608518516
        },
        {
            "Time": "2023-02-05",
            "value": 0.40592442414928404
        },
        {
            "Time": "2023-02-06",
            "value": 1.3077536888859655
        },
        {
            "Time": "2023-02-07",
            "value": 0.40489054756763176
        },
        {
            "Time": "2023-02-08",
            "value": 0.24232386001969164
        },
        {
            "Time": "2023-02-09",
            "value": 0.49823333874030873
        },
        {
            "Time": "2023-02-10",
            "value": 0.3009998031280556
        },
        {
            "Time": "2023-02-11",
            "value": 0.8070941770311449
        },
        {
            "Time": "2023-02-12",
            "value": 1.0700847870220331
        },
        {
            "Time": "2023-02-13",
            "value": 0.4464193751253901
        },
        {
            "Time": "2023-02-14",
            "value": 0.9571211412320354
        },
        {
            "Time": "2023-02-15",
            "value": 1.9083538704246936
        },
        {
            "Time": "2023-02-16",
            "value": 3.3858570488446884
        },
        {
            "Time": "2023-02-17",
            "value": 1.889445418927259
        },
        {
            "Time": "2023-02-18",
            "value": 2.9347807556318064
        },
        {
            "Time": "2023-02-19",
            "value": 0.7947406555510226
        },
        {
            "Time": "2023-02-20",
            "value": 1.437715298156998
        },
        {
            "Time": "2023-02-21",
            "value": 3.1009425960869197
        },
        {
            "Time": "2023-02-22",
            "value": 1.9717666690525488
        },
        {
            "Time": "2023-02-23",
            "value": 1.7901445143177455
        },
        {
            "Time": "2023-02-24",
            "value": 1.0283295195750535
        },
        {
            "Time": "2023-02-25",
            "value": 2.8001409042583587
        },
        {
            "Time": "2023-02-26",
            "value": 2.1563419989372106
        },
        {
            "Time": "2023-02-27",
            "value": 2.015655471070403
        },
        {
            "Time": "2023-02-28",
            "value": 1.4023137199761049
        },
        {
            "Time": "2023-03-01",
            "value": 1.2641388057725373
        },
        {
            "Time": "2023-03-02",
            "value": 1.643290347293038
        },
        {
            "Time": "2023-03-03",
            "value": 2.018531308384786
        },
        {
            "Time": "2023-03-04",
            "value": 2.1573137744494386
        },
        {
            "Time": "2023-03-05",
            "value": 2.1303271464287676
        },
        {
            "Time": "2023-03-06",
            "value": 2.1980028589031457
        },
        {
            "Time": "2023-03-07",
            "value": 2.176733199580798
        },
        {
            "Time": "2023-03-08",
            "value": 2.035186089287396
        },
        {
            "Time": "2023-03-09",
            "value": 1.6443617687849594
        },
        {
            "Time": "2023-03-10",
            "value": 2.2446514454867725
        },
        {
            "Time": "2023-03-11",
            "value": 1.947111035744776
        },
        {
            "Time": "2023-03-12",
            "value": 0.6630085498883559
        },
        {
            "Time": "2023-03-13",
            "value": 2.0223662906827102
        },
        {
            "Time": "2023-03-14",
            "value": 3.2544671145688646
        },
        {
            "Time": "2023-03-15",
            "value": 2.252071758245933
        },
        {
            "Time": "2023-03-16",
            "value": 2.1712115528517213
        },
        {
            "Time": "2023-03-17",
            "value": 1.4310345338403845
        },
        {
            "Time": "2023-03-18",
            "value": 0.4659816731819169
        },
        {
            "Time": "2023-03-19",
            "value": 0.20904604752050263
        },
        {
            "Time": "2023-03-20",
            "value": 2.116746390512423
        },
        {
            "Time": "2023-03-21",
            "value": 1.1987481006663614
        },
        {
            "Time": "2023-03-22",
            "value": 1.9950065983687317
        },
        {
            "Time": "2023-03-23",
            "value": 0.2723912052412037
        },
        {
            "Time": "2023-03-24",
            "value": 0.28643427785421216
        },
        {
            "Time": "2023-03-25",
            "value": 0.35998842186076385
        },
        {
            "Time": "2023-03-26",
            "value": 1.1872509832601434
        },
        {
            "Time": "2023-03-27",
            "value": 0.0
        }
    ]
}