{
    "data": [
        {
            "Time": "2022-11-27",
            "value": 0.23268622677629217
        },
        {
            "Time": "2022-11-28",
            "value": 0.8059136116154183
        },
        {
            "Time": "2022-11-29",
            "value": 0.629692513012293
        },
        {
            "Time": "2022-11-30",
            "value": 0.3345327805723951
        },
        {
            "Time": "2022-12-01",
            "value": 0.4020135984441783
        },
        {
            "Time": "2022-12-02",
            "value": 0.42869993979019566
        },
        {
            "Time": "2022-12-03",
            "value": 0.6806193751408368
        },
        {
            "Time": "2022-12-04",
            "value": 0.5348294397874298
        },
        {
            "Time": "2022-12-05",
            "value": 0.45348429240594856
        },
        {
            "Time": "2022-12-06",
            "value": 0.6718208327655324
        },
        {
            "Time": "2022-12-07",
            "value": 0.20757118117911458
        },
        {
            "Time": "2022-12-08",
            "value": 0.8911997375681617
        },
        {
            "Time": "2022-12-09",
            "value": 0.7698925929338625
        },
        {
            "Time": "2022-12-10",
            "value": 1.442745925612056
        },
        {
            "Time": "2022-12-11",
            "value": 0.4173227328895519
        },
        {
            "Time": "2022-12-12",
            "value": 0.9803126211199666
        },
        {
            "Time": "2022-12-13",
            "value": 1.1304344097041548
        },
        {
            "Time": "2022-12-14",
            "value": 0.6939288319077664
        },
        {
            "Time": "2022-12-15",
            "value": 0.5096221179914129
        },
        {
            "Time": "2022-12-16",
            "value": 0.3337267932141388
        },
        {
            "Time": "2022-12-17",
            "value": 0.45037685545212913
        },
        {
            "Time": "2022-12-18",
            "value": 1.5799916208808924
        },
        {
            "Time": "2022-12-19",
            "value": 1.4873373364477496
        },
        {
            "Time": "2022-12-20",
            "value": 0.9740253076041033
        },
        {
            "Time": "2022-12-21",
            "value": 1.5083477660872773
        },
        {
            "Time": "2022-12-22",
            "value": 1.5260918284869598
        },
        {
            "Time": "2022-12-23",
            "value": 1.5709359179201705
        },
        {
            "Time": "2022-12-24",
            "value": 1.571850594656671
        },
        {
            "Time": "2022-12-25",
            "value": 1.5729484136929308
        },
        {
            "Time": "2022-12-26",
            "value": 1.4026019652359945
        },
        {
            "Time": "2022-12-27",
            "value": 0.8447421351823613
        },
        {
            "Time": "2022-12-28",
            "value": 0.491785877453588
        },
        {
            "Time": "2022-12-29",
            "value": 0.3285416636425926
        },
        {
            "Time": "2022-12-30",
            "value": 0.4741739392194775
        },
        {
            "Time": "2022-12-31",
            "value": 1.2131074677812013
        },
        {
            "Time": "2023-01-01",
            "value": 0.7664480416091279
        },
        {
            "Time": "2023-01-02",
            "value": 0.3973011377371633
        },
        {
            "Time": "2023-01-03",
            "value": 0.45919504701035607
        },
        {
            "Time": "2023-01-04",
            "value": 0.46556364997134253
        },
        {
            "Time": "2023-01-05",
            "value": 0.5875648099260764
        },
        {
            "Time": "2023-01-06",
            "value": 1.5499436411182717
        },
        {
            "Time": "2023-01-07",
            "value": 1.610059915639919
        },
        {
            "Time": "2023-01-08",
            "value": 1.608684160978894
        },
        {
            "Time": "2023-01-09",
            "value": 0.5215744958104515
        },
        {
            "Time": "2023-01-10",
            "value": 0.550337372450321
        },
        {
            "Time": "2023-01-11",
            "value": 0.7609655733480332
        },
        {
            "Time": "2023-01-12",
            "value": 1.282984954937521
        },
        {
            "Time": "2023-01-13",
            "value": 0.3703897279667911
        },
        {
            "Time": "2023-01-14",
            "value": 1.283951043623062
        },
        {
            "Time": "2023-01-15",
            "value": 0.4345268420900525
        },
        {
            "Time": "2023-01-16",
            "value": 1.4906714740124007
        },
        {
            "Time": "2023-01-17",
            "value": 0.49309540750711445
        },
        {
            "Time": "2023-01-18",
            "value": 1.6361758997752605
        },
        {
            "Time": "2023-01-19",
            "value": 1.5032029053534062
        },
        {
            "Time": "2023-01-20",
            "value": 0.8390534003515763
        },
        {
            "Time": "2023-01-21",
            "value": 0.3094528405812442
        },
        {
            "Time": "2023-01-22",
            "value": 1.4882579304117984
        },
        {
            "Time": "2023-01-23",
            "value": 0.29532616107506837
        },
        {
            "Time": "2023-01-24",
            "value": 1.3629180318441032
        },
        {
            "Time": "2023-01-25",
            "value": 1.8132376338092964
        },
        {
            "Time": "2023-01-26",
            "value": 1.1131143650274002
        },
        {
            "Time": "2023-01-27",
            "value": 1.7227518995372852
        },
        {
            "Time": "2023-01-28",
            "value": 1.8419941967520923
        },
        {
            "Time": "2023-01-29",
            "value": 1.8314140299657924
        },
        {
            "Time": "2023-01-30",
            "value": 1.8595954537893296
        },
        {
            "Time": "2023-01-31",
            "value": 1.851520624637806
        },
        {
            "Time": "2023-02-01",
            "value": 0.5311104959933381
        },
        {
            "Time": "2023-02-02",
            "value": 1.037698872076195
        },
        {
            "Time": "2023-02-03",
            "value": 0.5959126943599221
        },
        {
            "Time": "2023-02-04",
            "value": 0.21875347136508103
        },
        {
            "Time": "2023-02-05",
            "value": 0.4361531720145908
        },
        {
            "Time": "2023-02-06",
            "value": 1.4451231537277103
        },
        {
            "Time": "2023-02-07",
            "value": 0.4304894159530991
        },
        {
            "Time": "2023-02-08",
            "value": 0.26388202739675526
        },
        {
            "Time": "2023-02-09",
            "value": 0.5332994959021529
        },
        {
            "Time": "2023-02-10",
            "value": 0.31988071118430145
        },
        {
            "Time": "2023-02-11",
            "value": 0.8792380632760907
        },
        {
            "Time": "2023-02-12",
            "value": 1.1703288932419826
        },
        {
            "Time": "2023-02-13",
            "value": 0.4614644992165532
        },
        {
            "Time": "2023-02-14",
            "value": 1.0391398744370688
        },
        {
            "Time": "2023-02-15",
            "value": 1.886262916910073
        },
        {
            "Time": "2023-02-16",
            "value": 2.048455253020401
        },
        {
            "Time": "2023-02-17",
            "value": 1.7950035823831803
        },
        {
            "Time": "2023-02-18",
            "value": 1.9197051692813476
        },
        {
            "Time": "2023-02-19",
            "value": 0.868742781740331
        },
        {
            "Time": "2023-02-20",
            "value": 1.6102180072828676
        },
        {
            "Time": "2023-02-21",
            "value": 2.332993072030831
        },
        {
            "Time": "2023-02-22",
            "value": 2.322177914700053
        },
        {
            "Time": "2023-02-23",
            "value": 2.2808332457392804
        },
        {
            "Time": "2023-02-24",
            "value": 1.1699871882618416
        },
        {
            "Time": "2023-02-25",
            "value": 2.606791726931588
        },
        {
            "Time": "2023-02-26",
            "value": 2.9512976645977176
        },
        {
            "Time": "2023-02-27",
            "value": 2.8283790155554054
        },
        {
            "Time": "2023-02-28",
            "value": 1.601568851448654
        },
        {
            "Time": "2023-03-01",
            "value": 1.6815237410487474
        },
        {
            "Time": "2023-03-02",
            "value": 2.182506119783202
        },
        {
            "Time": "2023-03-03",
            "value": 2.7791589342175658
        },
        {
            "Time": "2023-03-04",
            "value": 3.112520086403015
        },
        {
            "Time": "2023-03-05",
            "value": 3.1278697385612397
        },
        {
            "Time": "2023-03-06",
            "value": 3.2499563710328676
        },
        {
            "Time": "2023-03-07",
            "value": 3.2656077281514784
        },
        {
            "Time": "2023-03-08",
            "value": 3.030584405116133
        },
        {
            "Time": "2023-03-09",
            "value": 2.4491936785991855
        },
        {
            "Time": "2023-03-10",
            "value": 3.4066450879309804
        },
        {
            "Time": "2023-03-11",
            "value": 2.8988465101558334
        },
        {
            "Time": "2023-03-12",
            "value": 0.7189304843281756
        },
        {
            "Time": "2023-03-13",
            "value": 2.6903177334892083
        },
        {
            "Time": "2023-03-14",
            "value": 3.5154613747323378
        },
        {
            "Time": "2023-03-15",
            "value": 2.9204579750816677
        },
        {
            "Time": "2023-03-16",
            "value": 2.991265436257594
        },
        {
            "Time": "2023-03-17",
            "value": 1.8020342843331352
        },
        {
            "Time": "2023-03-18",
            "value": 0.49715914105360764
        },
        {
            "Time": "2023-03-19",
            "value": 0.22186281784993384
        },
        {
            "Time": "2023-03-20",
            "value": 2.481175843913293
        },
        {
            "Time": "2023-03-21",
            "value": 1.3518172991261355
        },
        {
            "Time": "2023-03-22",
            "value": 2.3759314951314083
        },
        {
            "Time": "2023-03-23",
            "value": 0.2714062495694444
        },
        {
            "Time": "2023-03-24",
            "value": 0.3147631469292882
        },
        {
            "Time": "2023-03-25",
            "value": 0.3744548588892708
        },
        {
            "Time": "2023-03-26",
            "value": 1.3001160187843306
        },
        {
            "Time": "2023-03-27",
            "value": 0.0
        }
    ]
}