{
    "data": [
        {
            "Time": "2022-11-27",
            "value": 0.252239430149268
        },
        {
            "Time": "2022-11-28",
            "value": 0.8236559010490443
        },
        {
            "Time": "2022-11-29",
            "value": 0.8405424382967599
        },
        {
            "Time": "2022-11-30",
            "value": 0.35610192207175156
        },
        {
            "Time": "2022-12-01",
            "value": 0.0
        },
        {
            "Time": "2022-12-02",
            "value": 0.0
        },
        {
            "Time": "2022-12-03",
            "value": 0.0
        },
        {
            "Time": "2022-12-04",
            "value": 0.0
        },
        {
            "Time": "2022-12-05",
            "value": 0.008288383140516335
        },
        {
            "Time": "2022-12-06",
            "value": 0.026910621088892438
        },
        {
            "Time": "2022-12-07",
            "value": 0.04556347036350384
        },
        {
            "Time": "2022-12-08",
            "value": 0.9705718380555381
        },
        {
            "Time": "2022-12-09",
            "value": 0.7822546116666842
        },
        {
            "Time": "2022-12-10",
            "value": 1.547692205844164
        },
        {
            "Time": "2022-12-11",
            "value": 0.43313682010133187
        },
        {
            "Time": "2022-12-12",
            "value": 1.0266149056590443
        },
        {
            "Time": "2022-12-13",
            "value": 1.6291186226054346
        },
        {
            "Time": "2022-12-14",
            "value": 0.7128003401560525
        },
        {
            "Time": "2022-12-15",
            "value": 0.5406238085022764
        },
        {
            "Time": "2022-12-16",
            "value": 0.3570473727890804
        },
        {
            "Time": "2022-12-17",
            "value": 0.47601402462708625
        },
        {
            "Time": "2022-12-18",
            "value": 3.26398410705251
        },
        {
            "Time": "2022-12-19",
            "value": 3.0319105882799553
        },
        {
            "Time": "2022-12-20",
            "value": 1.6779390325225907
        },
        {
            "Time": "2022-12-21",
            "value": 2.3405855579656474
        },
        {
            "Time": "2022-12-22",
            "value": 2.938294894086159
        },
        {
            "Time": "2022-12-23",
            "value": 3.1648832623507563
        },
        {
            "Time": "2022-12-24",
            "value": 3.1647260329667013
        },
        {
            "Time": "2022-12-25",
            "value": 3.2130847307964454
        },
        {
            "Time": "2022-12-26",
            "value": 1.6134685280723304
        },
        {
            "Time": "2022-12-27",
            "value": 0.8822035903108884
        },
        {
            "Time": "2022-12-28",
            "value": 0.5238385385929398
        },
        {
            "Time": "2022-12-29",
            "value": 0.33699999973587963
        },
        {
            "Time": "2022-12-30",
            "value": 0.4938143163328704
        },
        {
            "Time": "2022-12-31",
            "value": 1.238967906837374
        },
        {
            "Time": "2023-01-01",
            "value": 0.8014749205571742
        },
        {
            "Time": "2023-01-02",
            "value": 0.422245685073548
        },
        {
            "Time": "2023-01-03",
            "value": 0.4761206436845569
        },
        {
            "Time": "2023-01-04",
            "value": 0.4830187541130555
        },
        {
            "Time": "2023-01-05",
            "value": 0.6144933997032407
        },
        {
            "Time": "2023-01-06",
            "value": 2.9764164879921347
        },
        {
            "Time": "2023-01-07",
            "value": 3.199932561975421
        },
        {
            "Time": "2023-01-08",
            "value": 3.185813325245141
        },
        {
            "Time": "2023-01-09",
            "value": 0.5425614088702065
        },
        {
            "Time": "2023-01-10",
            "value": 0.5788588326358834
        },
        {
            "Time": "2023-01-11",
            "value": 0.7845377780545532
        },
        {
            "Time": "2023-01-12",
            "value": 1.3171188497925148
        },
        {
            "Time": "2023-01-13",
            "value": 0.3940587473812868
        },
        {
            "Time": "2023-01-14",
            "value": 1.3184964635143308
        },
        {
            "Time": "2023-01-15",
            "value": 0.45106707785982236
        },
        {
            "Time": "2023-01-16",
            "value": 1.5673871018973267
        },
        {
            "Time": "2023-01-17",
            "value": 0.5258568461929894
        },
        {
            "Time": "2023-01-18",
            "value": 2.94129529745676
        },
        {
            "Time": "2023-01-19",
            "value": 1.5293644427524262
        },
        {
            "Time": "2023-01-20",
            "value": 0.8777842787409074
        },
        {
            "Time": "2023-01-21",
            "value": 0.3299912960926811
        },
        {
            "Time": "2023-01-22",
            "value": 1.5342005688182818
        },
        {
            "Time": "2023-01-23",
            "value": 0.3160263903727447
        },
        {
            "Time": "2023-01-24",
            "value": 1.4095605050741826
        },
        {
            "Time": "2023-01-25",
            "value": 3.2934181977712615
        },
        {
            "Time": "2023-01-26",
            "value": 1.1644623943304433
        },
        {
            "Time": "2023-01-27",
            "value": 1.724381215152762
        },
        {
            "Time": "2023-01-28",
            "value": 3.2663215039390256
        },
        {
            "Time": "2023-01-29",
            "value": 3.276119935449277
        },
        {
            "Time": "2023-01-30",
            "value": 3.3449825709229843
        },
        {
            "Time": "2023-01-31",
            "value": 3.285436312888741
        },
        {
            "Time": "2023-02-01",
            "value": 0.5519457641992146
        },
        {
            "Time": "2023-02-02",
            "value": 1.0660597519033446
        },
        {
            "Time": "2023-02-03",
            "value": 0.6186293572980821
        },
        {
            "Time": "2023-02-04",
            "value": 0.2345671293112847
        },
        {
            "Time": "2023-02-05",
            "value": 0.4498389281594122
        },
        {
            "Time": "2023-02-06",
            "value": 1.5452254789325446
        },
        {
            "Time": "2023-02-07",
            "value": 0.4463841472768662
        },
        {
            "Time": "2023-02-08",
            "value": 0.2684736020630233
        },
        {
            "Time": "2023-02-09",
            "value": 0.5532479073513322
        },
        {
            "Time": "2023-02-10",
            "value": 0.34156574840729786
        },
        {
            "Time": "2023-02-11",
            "value": 0.8989003995351371
        },
        {
            "Time": "2023-02-12",
            "value": 1.2386596510053547
        },
        {
            "Time": "2023-02-13",
            "value": 0.49957319362965924
        },
        {
            "Time": "2023-02-14",
            "value": 1.037918322527644
        },
        {
            "Time": "2023-02-15",
            "value": 2.481573247540859
        },
        {
            "Time": "2023-02-16",
            "value": 3.3541846791780006
        },
        {
            "Time": "2023-02-17",
            "value": 2.084426013748256
        },
        {
            "Time": "2023-02-18",
            "value": 2.6195080259805676
        },
        {
            "Time": "2023-02-19",
            "value": 0.8923713145732804
        },
        {
            "Time": "2023-02-20",
            "value": 1.678846080719923
        },
        {
            "Time": "2023-02-21",
            "value": 3.1599610222255126
        },
        {
            "Time": "2023-02-22",
            "value": 2.4695161562290395
        },
        {
            "Time": "2023-02-23",
            "value": 2.6576719002618856
        },
        {
            "Time": "2023-02-24",
            "value": 1.2160151970510578
        },
        {
            "Time": "2023-02-25",
            "value": 2.8720416536035978
        },
        {
            "Time": "2023-02-26",
            "value": 3.194385716415323
        },
        {
            "Time": "2023-02-27",
            "value": 2.8211403483440285
        },
        {
            "Time": "2023-02-28",
            "value": 1.6561534135410843
        },
        {
            "Time": "2023-03-01",
            "value": 1.7223919631370543
        },
        {
            "Time": "2023-03-02",
            "value": 2.21175650415454
        },
        {
            "Time": "2023-03-03",
            "value": 2.9120134673307416
        },
        {
            "Time": "2023-03-04",
            "value": 3.2197240826987423
        },
        {
            "Time": "2023-03-05",
            "value": 3.226671939930502
        },
        {
            "Time": "2023-03-06",
            "value": 3.310607757261263
        },
        {
            "Time": "2023-03-07",
            "value": 3.325709522431236
        },
        {
            "Time": "2023-03-08",
            "value": 3.0964047887951103
        },
        {
            "Time": "2023-03-09",
            "value": 2.482333639551531
        },
        {
            "Time": "2023-03-10",
            "value": 3.435518005543755
        },
        {
            "Time": "2023-03-11",
            "value": 2.961212056879678
        },
        {
            "Time": "2023-03-12",
            "value": 0.724180646580494
        },
        {
            "Time": "2023-03-13",
            "value": 2.7241341939055355
        },
        {
            "Time": "2023-03-14",
            "value": 3.512186637193863
        },
        {
            "Time": "2023-03-15",
            "value": 2.9071694926024962
        },
        {
            "Time": "2023-03-16",
            "value": 2.9852288582769986
        },
        {
            "Time": "2023-03-17",
            "value": 1.858559478594808
        },
        {
            "Time": "2023-03-18",
            "value": 0.5170478142882172
        },
        {
            "Time": "2023-03-19",
            "value": 0.246371205715864
        },
        {
            "Time": "2023-03-20",
            "value": 2.4589245247972644
        },
        {
            "Time": "2023-03-21",
            "value": 1.381672910683835
        },
        {
            "Time": "2023-03-22",
            "value": 2.439703128759783
        },
        {
            "Time": "2023-03-23",
            "value": 0.2908854163991898
        },
        {
            "Time": "2023-03-24",
            "value": 0.323313589158583
        },
        {
            "Time": "2023-03-25",
            "value": 0.39978125179091434
        },
        {
            "Time": "2023-03-26",
            "value": 1.330743211035333
        },
        {
            "Time": "2023-03-27",
            "value": 0.0
        }
    ]
}