{
    "data": [
        {
            "Time": "2022-11-27",
            "value": 0.22681591430805556
        },
        {
            "Time": "2022-11-28",
            "value": 0.813492552689603
        },
        {
            "Time": "2022-11-29",
            "value": 0.9319198365051433
        },
        {
            "Time": "2022-11-30",
            "value": 0.30405958910910463
        },
        {
            "Time": "2022-12-01",
            "value": 0.36726296041306133
        },
        {
            "Time": "2022-12-02",
            "value": 0.39971383014868084
        },
        {
            "Time": "2022-12-03",
            "value": 0.6497369106224424
        },
        {
            "Time": "2022-12-04",
            "value": 0.49137153405658957
        },
        {
            "Time": "2022-12-05",
            "value": 0.4210054104910729
        },
        {
            "Time": "2022-12-06",
            "value": 0.6280914346308681
        },
        {
            "Time": "2022-12-07",
            "value": 0.18301759042593055
        },
        {
            "Time": "2022-12-08",
            "value": 0.9601406019253224
        },
        {
            "Time": "2022-12-09",
            "value": 0.7144691336535689
        },
        {
            "Time": "2022-12-10",
            "value": 2.5927734925455943
        },
        {
            "Time": "2022-12-11",
            "value": 0.3845048515917191
        },
        {
            "Time": "2022-12-12",
            "value": 1.3256238331310535
        },
        {
            "Time": "2022-12-13",
            "value": 1.8742159588929057
        },
        {
            "Time": "2022-12-14",
            "value": 0.6410782594367496
        },
        {
            "Time": "2022-12-15",
            "value": 0.48531431412391207
        },
        {
            "Time": "2022-12-16",
            "value": 0.30425588388388847
        },
        {
            "Time": "2022-12-17",
            "value": 0.38934714590778696
        },
        {
            "Time": "2022-12-18",
            "value": 3.24760033699701
        },
        {
            "Time": "2022-12-19",
            "value": 3.046406149597279
        },
        {
            "Time": "2022-12-20",
            "value": 1.618789778451789
        },
        {
            "Time": "2022-12-21",
            "value": 2.9694427395253657
        },
        {
            "Time": "2022-12-22",
            "value": 2.998796737645896
        },
        {
            "Time": "2022-12-23",
            "value": 3.150087915136272
        },
        {
            "Time": "2022-12-24",
            "value": 3.178116566992739
        },
        {
            "Time": "2022-12-25",
            "value": 3.2061474858940224
        },
        {
            "Time": "2022-12-26",
            "value": 2.369531077728432
        },
        {
            "Time": "2022-12-27",
            "value": 0.9728239837614432
        },
        {
            "Time": "2022-12-28",
            "value": 0.46910879554131946
        },
        {
            "Time": "2022-12-29",
            "value": 0.29809259116509257
        },
        {
            "Time": "2022-12-30",
            "value": 0.43627645457693787
        },
        {
            "Time": "2022-12-31",
            "value": 1.429756680394061
        },
        {
            "Time": "2023-01-01",
            "value": 0.7411579560773619
        },
        {
            "Time": "2023-01-02",
            "value": 0.37215277847939815
        },
        {
            "Time": "2023-01-03",
            "value": 0.42175400686370745
        },
        {
            "Time": "2023-01-04",
            "value": 0.4408796262139005
        },
        {
            "Time": "2023-01-05",
            "value": 0.5595833338804745
        },
        {
            "Time": "2023-01-06",
            "value": 2.9822948892463126
        },
        {
            "Time": "2023-01-07",
            "value": 3.1593613340623103
        },
        {
            "Time": "2023-01-08",
            "value": 3.128343693131324
        },
        {
            "Time": "2023-01-09",
            "value": 0.4810671276171296
        },
        {
            "Time": "2023-01-10",
            "value": 0.5412696372591252
        },
        {
            "Time": "2023-01-11",
            "value": 0.7298921427945974
        },
        {
            "Time": "2023-01-12",
            "value": 1.7330443328603091
        },
        {
            "Time": "2023-01-13",
            "value": 0.3402919880387085
        },
        {
            "Time": "2023-01-14",
            "value": 1.9807194869192346
        },
        {
            "Time": "2023-01-15",
            "value": 0.39352842366606583
        },
        {
            "Time": "2023-01-16",
            "value": 2.4905686844327692
        },
        {
            "Time": "2023-01-17",
            "value": 0.46632639056481484
        },
        {
            "Time": "2023-01-18",
            "value": 3.007308009150234
        },
        {
            "Time": "2023-01-19",
            "value": 2.414691873677295
        },
        {
            "Time": "2023-01-20",
            "value": 0.860687159465082
        },
        {
            "Time": "2023-01-21",
            "value": 0.2810448493587384
        },
        {
            "Time": "2023-01-22",
            "value": 2.369695753622065
        },
        {
            "Time": "2023-01-23",
            "value": 0.26874406712460935
        },
        {
            "Time": "2023-01-24",
            "value": 2.1239250530687723
        },
        {
            "Time": "2023-01-25",
            "value": 3.3074531567709946
        },
        {
            "Time": "2023-01-26",
            "value": 1.503042292775759
        },
        {
            "Time": "2023-01-27",
            "value": 3.0018698274128877
        },
        {
            "Time": "2023-01-28",
            "value": 3.341791292506637
        },
        {
            "Time": "2023-01-29",
            "value": 3.3784267333783546
        },
        {
            "Time": "2023-01-30",
            "value": 3.4457764031762754
        },
        {
            "Time": "2023-01-31",
            "value": 3.40660238640083
        },
        {
            "Time": "2023-02-01",
            "value": 0.4959629572803819
        },
        {
            "Time": "2023-02-02",
            "value": 0.9443860252997249
        },
        {
            "Time": "2023-02-03",
            "value": 0.560276200422302
        },
        {
            "Time": "2023-02-04",
            "value": 0.20270717670610877
        },
        {
            "Time": "2023-02-05",
            "value": 0.4000969609973384
        },
        {
            "Time": "2023-02-06",
            "value": 1.856181881419443
        },
        {
            "Time": "2023-02-07",
            "value": 0.3898254136980039
        },
        {
            "Time": "2023-02-08",
            "value": 0.23271605738565973
        },
        {
            "Time": "2023-02-09",
            "value": 0.4957091628833177
        },
        {
            "Time": "2023-02-10",
            "value": 0.28744739286359056
        },
        {
            "Time": "2023-02-11",
            "value": 0.8208197874565476
        },
        {
            "Time": "2023-02-12",
            "value": 1.1113961207353833
        },
        {
            "Time": "2023-02-13",
            "value": 0.4688182527835479
        },
        {
            "Time": "2023-02-14",
            "value": 0.9628234785464489
        },
        {
            "Time": "2023-02-15",
            "value": 3.137480956188618
        },
        {
            "Time": "2023-02-16",
            "value": 3.715700015150694
        },
        {
            "Time": "2023-02-17",
            "value": 2.4999040930334235
        },
        {
            "Time": "2023-02-18",
            "value": 3.235549863733364
        },
        {
            "Time": "2023-02-19",
            "value": 0.804599948954897
        },
        {
            "Time": "2023-02-20",
            "value": 1.45608454803695
        },
        {
            "Time": "2023-02-21",
            "value": 3.6020116052603712
        },
        {
            "Time": "2023-02-22",
            "value": 2.99989809483222
        },
        {
            "Time": "2023-02-23",
            "value": 2.667371599755241
        },
        {
            "Time": "2023-02-24",
            "value": 1.11538771031473
        },
        {
            "Time": "2023-02-25",
            "value": 2.9672125994068925
        },
        {
            "Time": "2023-02-26",
            "value": 3.527468094004705
        },
        {
            "Time": "2023-02-27",
            "value": 2.974506403496968
        },
        {
            "Time": "2023-02-28",
            "value": 1.5584939126478279
        },
        {
            "Time": "2023-03-01",
            "value": 1.639288974264605
        },
        {
            "Time": "2023-03-02",
            "value": 2.0725625292216416
        },
        {
            "Time": "2023-03-03",
            "value": 2.7625771606586107
        },
        {
            "Time": "2023-03-04",
            "value": 3.1586688737149133
        },
        {
            "Time": "2023-03-05",
            "value": 3.2609013912030833
        },
        {
            "Time": "2023-03-06",
            "value": 3.3954308170396286
        },
        {
            "Time": "2023-03-07",
            "value": 3.3704572114486693
        },
        {
            "Time": "2023-03-08",
            "value": 3.092179406408597
        },
        {
            "Time": "2023-03-09",
            "value": 2.122497521093936
        },
        {
            "Time": "2023-03-10",
            "value": 3.509136386782489
        },
        {
            "Time": "2023-03-11",
            "value": 2.9803824316560235
        },
        {
            "Time": "2023-03-12",
            "value": 0.6586372093795781
        },
        {
            "Time": "2023-03-13",
            "value": 2.7588814345727646
        },
        {
            "Time": "2023-03-14",
            "value": 3.47535855867758
        },
        {
            "Time": "2023-03-15",
            "value": 3.078295098078188
        },
        {
            "Time": "2023-03-16",
            "value": 3.0180663116719333
        },
        {
            "Time": "2023-03-17",
            "value": 1.794502921213529
        },
        {
            "Time": "2023-03-18",
            "value": 0.4596307763941806
        },
        {
            "Time": "2023-03-19",
            "value": 0.18778935123981483
        },
        {
            "Time": "2023-03-20",
            "value": 2.3872293258605484
        },
        {
            "Time": "2023-03-21",
            "value": 1.3131893717164165
        },
        {
            "Time": "2023-03-22",
            "value": 2.3582965455273834
        },
        {
            "Time": "2023-03-23",
            "value": 0.2570961851262386
        },
        {
            "Time": "2023-03-24",
            "value": 0.286030094121713
        },
        {
            "Time": "2023-03-25",
            "value": 0.34781365791179397
        },
        {
            "Time": "2023-03-26",
            "value": 1.2364908546448934
        },
        {
            "Time": "2023-03-27",
            "value": 0.0
        }
    ]
}