{
    "data": [
        {
            "Time": "2022-11-27",
            "value": 0.18247077410877313
        },
        {
            "Time": "2022-11-28",
            "value": 0.7102204871294493
        },
        {
            "Time": "2022-11-29",
            "value": 0.3647565414832995
        },
        {
            "Time": "2022-11-30",
            "value": 0.23559603028181925
        },
        {
            "Time": "2022-12-01",
            "value": 0.0
        },
        {
            "Time": "2022-12-02",
            "value": 0.0
        },
        {
            "Time": "2022-12-03",
            "value": 0.0
        },
        {
            "Time": "2022-12-04",
            "value": 0.0
        },
        {
            "Time": "2022-12-05",
            "value": 0.0
        },
        {
            "Time": "2022-12-06",
            "value": 0.0
        },
        {
            "Time": "2022-12-07",
            "value": 0.0
        },
        {
            "Time": "2022-12-08",
            "value": 0.6672831634580879
        },
        {
            "Time": "2022-12-09",
            "value": 0.5828815503295817
        },
        {
            "Time": "2022-12-10",
            "value": 0.8753594926366733
        },
        {
            "Time": "2022-12-11",
            "value": 0.3013387121772685
        },
        {
            "Time": "2022-12-12",
            "value": 0.7452593618211671
        },
        {
            "Time": "2022-12-13",
            "value": 0.5930902864251836
        },
        {
            "Time": "2022-12-14",
            "value": 0.5301990847447718
        },
        {
            "Time": "2022-12-15",
            "value": 0.3731926043781377
        },
        {
            "Time": "2022-12-16",
            "value": 0.2470391944253282
        },
        {
            "Time": "2022-12-17",
            "value": 0.357413673415407
        },
        {
            "Time": "2022-12-18",
            "value": 1.3936333713181226
        },
        {
            "Time": "2022-12-19",
            "value": 1.304800777003382
        },
        {
            "Time": "2022-12-20",
            "value": 0.5348073590649033
        },
        {
            "Time": "2022-12-21",
            "value": 1.4151743995857766
        },
        {
            "Time": "2022-12-22",
            "value": 1.2695783733741541
        },
        {
            "Time": "2022-12-23",
            "value": 1.450004231902868
        },
        {
            "Time": "2022-12-24",
            "value": 1.4041024956836838
        },
        {
            "Time": "2022-12-25",
            "value": 1.3590541808257712
        },
        {
            "Time": "2022-12-26",
            "value": 0.9231724946637262
        },
        {
            "Time": "2022-12-27",
            "value": 0.5422054103670083
        },
        {
            "Time": "2022-12-28",
            "value": 0.3792418957236111
        },
        {
            "Time": "2022-12-29",
            "value": 0.24118055136782407
        },
        {
            "Time": "2022-12-30",
            "value": 0.36093402560474536
        },
        {
            "Time": "2022-12-31",
            "value": 0.7875136608375586
        },
        {
            "Time": "2023-01-01",
            "value": 0.5604917450599818
        },
        {
            "Time": "2023-01-02",
            "value": 0.3155729133657407
        },
        {
            "Time": "2023-01-03",
            "value": 0.3277458650548611
        },
        {
            "Time": "2023-01-04",
            "value": 0.35404629633885415
        },
        {
            "Time": "2023-01-05",
            "value": 0.4383376304423297
        },
        {
            "Time": "2023-01-06",
            "value": 1.4366867859632046
        },
        {
            "Time": "2023-01-07",
            "value": 1.3013561845279784
        },
        {
            "Time": "2023-01-08",
            "value": 1.30147866350405
        },
        {
            "Time": "2023-01-09",
            "value": 0.3961607125601389
        },
        {
            "Time": "2023-01-10",
            "value": 0.41480684215779373
        },
        {
            "Time": "2023-01-11",
            "value": 0.5560494386574739
        },
        {
            "Time": "2023-01-12",
            "value": 0.8410368641469289
        },
        {
            "Time": "2023-01-13",
            "value": 0.29531572505765874
        },
        {
            "Time": "2023-01-14",
            "value": 0.7422706729095876
        },
        {
            "Time": "2023-01-15",
            "value": 0.3134878978875456
        },
        {
            "Time": "2023-01-16",
            "value": 1.1580773795329256
        },
        {
            "Time": "2023-01-17",
            "value": 0.3810937482746875
        },
        {
            "Time": "2023-01-18",
            "value": 1.3271649514391888
        },
        {
            "Time": "2023-01-19",
            "value": 1.149816432903682
        },
        {
            "Time": "2023-01-20",
            "value": 0.5816945717843454
        },
        {
            "Time": "2023-01-21",
            "value": 0.24074710293310184
        },
        {
            "Time": "2023-01-22",
            "value": 1.2634790390893906
        },
        {
            "Time": "2023-01-23",
            "value": 0.2198997008887963
        },
        {
            "Time": "2023-01-24",
            "value": 1.120317322687926
        },
        {
            "Time": "2023-01-25",
            "value": 1.6024388342667435
        },
        {
            "Time": "2023-01-26",
            "value": 0.8127383770187282
        },
        {
            "Time": "2023-01-27",
            "value": 1.1349774274185311
        },
        {
            "Time": "2023-01-28",
            "value": 1.6157856951310028
        },
        {
            "Time": "2023-01-29",
            "value": 1.7641168391677284
        },
        {
            "Time": "2023-01-30",
            "value": 1.7893779147161755
        },
        {
            "Time": "2023-01-31",
            "value": 1.7536977794493376
        },
        {
            "Time": "2023-02-01",
            "value": 0.3978940139132738
        },
        {
            "Time": "2023-02-02",
            "value": 0.9706117784434138
        },
        {
            "Time": "2023-02-03",
            "value": 0.45001484568503636
        },
        {
            "Time": "2023-02-04",
            "value": 0.16518634108027777
        },
        {
            "Time": "2023-02-05",
            "value": 0.3470919957724603
        },
        {
            "Time": "2023-02-06",
            "value": 1.0862853163356596
        },
        {
            "Time": "2023-02-07",
            "value": 0.32184782215628993
        },
        {
            "Time": "2023-02-08",
            "value": 0.1915901599251196
        },
        {
            "Time": "2023-02-09",
            "value": 0.4091938674539764
        },
        {
            "Time": "2023-02-10",
            "value": 0.2397939808904398
        },
        {
            "Time": "2023-02-11",
            "value": 0.7769527401930867
        },
        {
            "Time": "2023-02-12",
            "value": 1.0596128024294298
        },
        {
            "Time": "2023-02-13",
            "value": 0.3202377391495329
        },
        {
            "Time": "2023-02-14",
            "value": 0.9264829047099287
        },
        {
            "Time": "2023-02-15",
            "value": 1.9464828472136975
        },
        {
            "Time": "2023-02-16",
            "value": 2.2546244251580863
        },
        {
            "Time": "2023-02-17",
            "value": 1.7635349892272543
        },
        {
            "Time": "2023-02-18",
            "value": 2.0217181134889937
        },
        {
            "Time": "2023-02-19",
            "value": 0.6759342040665546
        },
        {
            "Time": "2023-02-20",
            "value": 1.3556207575606234
        },
        {
            "Time": "2023-02-21",
            "value": 2.2771242854392484
        },
        {
            "Time": "2023-02-22",
            "value": 2.0562863445648327
        },
        {
            "Time": "2023-02-23",
            "value": 2.0425489393563887
        },
        {
            "Time": "2023-02-24",
            "value": 0.925762573133738
        },
        {
            "Time": "2023-02-25",
            "value": 2.1621932720114483
        },
        {
            "Time": "2023-02-26",
            "value": 2.432175529187039
        },
        {
            "Time": "2023-02-27",
            "value": 2.4703144043010066
        },
        {
            "Time": "2023-02-28",
            "value": 1.2473541377618276
        },
        {
            "Time": "2023-03-01",
            "value": 1.327811515194376
        },
        {
            "Time": "2023-03-02",
            "value": 1.8170349518676239
        },
        {
            "Time": "2023-03-03",
            "value": 2.1317625112041614
        },
        {
            "Time": "2023-03-04",
            "value": 2.5089855085709822
        },
        {
            "Time": "2023-03-05",
            "value": 2.447313181029303
        },
        {
            "Time": "2023-03-06",
            "value": 2.567374174593981
        },
        {
            "Time": "2023-03-07",
            "value": 2.551156884701727
        },
        {
            "Time": "2023-03-08",
            "value": 2.2464331927896484
        },
        {
            "Time": "2023-03-09",
            "value": 2.0845386531566006
        },
        {
            "Time": "2023-03-10",
            "value": 2.6500336146784247
        },
        {
            "Time": "2023-03-11",
            "value": 2.1509045942282725
        },
        {
            "Time": "2023-03-12",
            "value": 0.5459199592925956
        },
        {
            "Time": "2023-03-13",
            "value": 2.1446775877946567
        },
        {
            "Time": "2023-03-14",
            "value": 2.78030760605387
        },
        {
            "Time": "2023-03-15",
            "value": 2.272932714779841
        },
        {
            "Time": "2023-03-16",
            "value": 2.384939498547108
        },
        {
            "Time": "2023-03-17",
            "value": 1.3048407269872138
        },
        {
            "Time": "2023-03-18",
            "value": 0.36961374093288935
        },
        {
            "Time": "2023-03-19",
            "value": 0.16135802358333332
        },
        {
            "Time": "2023-03-20",
            "value": 2.070150271179299
        },
        {
            "Time": "2023-03-21",
            "value": 1.0443502947023395
        },
        {
            "Time": "2023-03-22",
            "value": 1.8678617728998375
        },
        {
            "Time": "2023-03-23",
            "value": 0.21625771556315587
        },
        {
            "Time": "2023-03-24",
            "value": 0.2295356471844676
        },
        {
            "Time": "2023-03-25",
            "value": 0.290592591046956
        },
        {
            "Time": "2023-03-26",
            "value": 0.9860165572371579
        },
        {
            "Time": "2023-03-27",
            "value": 0.0
        }
    ]
}