{
    "data": [
        {
            "Time": "2022-11-27",
            "value": 0.20860696038446097
        },
        {
            "Time": "2022-11-28",
            "value": 0.5946367855929361
        },
        {
            "Time": "2022-11-29",
            "value": 0.6590822944527441
        },
        {
            "Time": "2022-11-30",
            "value": 0.2941856496259385
        },
        {
            "Time": "2022-12-01",
            "value": 0.31546365852966435
        },
        {
            "Time": "2022-12-02",
            "value": 0.35259259317229164
        },
        {
            "Time": "2022-12-03",
            "value": 0.5648339109756871
        },
        {
            "Time": "2022-12-04",
            "value": 0.4527475742875481
        },
        {
            "Time": "2022-12-05",
            "value": 0.38946231220629923
        },
        {
            "Time": "2022-12-06",
            "value": 0.5568865282930795
        },
        {
            "Time": "2022-12-07",
            "value": 0.16139313319042092
        },
        {
            "Time": "2022-12-08",
            "value": 0.7190633625548762
        },
        {
            "Time": "2022-12-09",
            "value": 0.6289181285614959
        },
        {
            "Time": "2022-12-10",
            "value": 1.1496135963998013
        },
        {
            "Time": "2022-12-11",
            "value": 0.3598940423724768
        },
        {
            "Time": "2022-12-12",
            "value": 0.8639839770580587
        },
        {
            "Time": "2022-12-13",
            "value": 1.0902876138675872
        },
        {
            "Time": "2022-12-14",
            "value": 0.573182186043711
        },
        {
            "Time": "2022-12-15",
            "value": 0.45006174301833163
        },
        {
            "Time": "2022-12-16",
            "value": 0.28300610150944194
        },
        {
            "Time": "2022-12-17",
            "value": 0.3687073213431218
        },
        {
            "Time": "2022-12-18",
            "value": 1.7483827150380082
        },
        {
            "Time": "2022-12-19",
            "value": 1.4195115630689674
        },
        {
            "Time": "2022-12-20",
            "value": 0.9555360388344057
        },
        {
            "Time": "2022-12-21",
            "value": 1.2370263164625213
        },
        {
            "Time": "2022-12-22",
            "value": 1.6706805845742985
        },
        {
            "Time": "2022-12-23",
            "value": 1.3605663184332912
        },
        {
            "Time": "2022-12-24",
            "value": 1.7255026007013103
        },
        {
            "Time": "2022-12-25",
            "value": 1.711383678274421
        },
        {
            "Time": "2022-12-26",
            "value": 1.2952046919074092
        },
        {
            "Time": "2022-12-27",
            "value": 0.7245980854935923
        },
        {
            "Time": "2022-12-28",
            "value": 0.41788541520740746
        },
        {
            "Time": "2022-12-29",
            "value": 0.27325578616770835
        },
        {
            "Time": "2022-12-30",
            "value": 0.4058048929297288
        },
        {
            "Time": "2022-12-31",
            "value": 0.9461379591522275
        },
        {
            "Time": "2023-01-01",
            "value": 0.6561922101073272
        },
        {
            "Time": "2023-01-02",
            "value": 0.3431823700489749
        },
        {
            "Time": "2023-01-03",
            "value": 0.3707704458819941
        },
        {
            "Time": "2023-01-04",
            "value": 0.3966834457720602
        },
        {
            "Time": "2023-01-05",
            "value": 0.5064870174792576
        },
        {
            "Time": "2023-01-06",
            "value": 1.316286034956013
        },
        {
            "Time": "2023-01-07",
            "value": 1.362691752702176
        },
        {
            "Time": "2023-01-08",
            "value": 1.382635713045127
        },
        {
            "Time": "2023-01-09",
            "value": 0.4332048635897685
        },
        {
            "Time": "2023-01-10",
            "value": 0.49705849849576844
        },
        {
            "Time": "2023-01-11",
            "value": 0.6498125174495029
        },
        {
            "Time": "2023-01-12",
            "value": 1.064001976133358
        },
        {
            "Time": "2023-01-13",
            "value": 0.3324685017366435
        },
        {
            "Time": "2023-01-14",
            "value": 1.0778358777009365
        },
        {
            "Time": "2023-01-15",
            "value": 0.3730613208916779
        },
        {
            "Time": "2023-01-16",
            "value": 1.363169126133975
        },
        {
            "Time": "2023-01-17",
            "value": 0.42183770575639046
        },
        {
            "Time": "2023-01-18",
            "value": 1.5446218878726918
        },
        {
            "Time": "2023-01-19",
            "value": 1.4041513675969979
        },
        {
            "Time": "2023-01-20",
            "value": 0.7241402974590792
        },
        {
            "Time": "2023-01-21",
            "value": 0.2802543409805845
        },
        {
            "Time": "2023-01-22",
            "value": 1.3469681084149747
        },
        {
            "Time": "2023-01-23",
            "value": 0.26546156669283566
        },
        {
            "Time": "2023-01-24",
            "value": 0.9622939517835996
        },
        {
            "Time": "2023-01-25",
            "value": 1.8258691783560215
        },
        {
            "Time": "2023-01-26",
            "value": 1.106904104588322
        },
        {
            "Time": "2023-01-27",
            "value": 1.6934048323426862
        },
        {
            "Time": "2023-01-28",
            "value": 2.081798874600581
        },
        {
            "Time": "2023-01-29",
            "value": 2.1403377494729665
        },
        {
            "Time": "2023-01-30",
            "value": 2.3295666026176685
        },
        {
            "Time": "2023-01-31",
            "value": 2.2321016745908375
        },
        {
            "Time": "2023-02-01",
            "value": 0.4558255179079716
        },
        {
            "Time": "2023-02-02",
            "value": 0.7484100637090618
        },
        {
            "Time": "2023-02-03",
            "value": 0.5053151364869831
        },
        {
            "Time": "2023-02-04",
            "value": 0.2113025792087632
        },
        {
            "Time": "2023-02-05",
            "value": 0.3899635403868981
        },
        {
            "Time": "2023-02-06",
            "value": 1.457668983811668
        },
        {
            "Time": "2023-02-07",
            "value": 0.37743684210045064
        },
        {
            "Time": "2023-02-08",
            "value": 0.2363304242006548
        },
        {
            "Time": "2023-02-09",
            "value": 0.43958142725738
        },
        {
            "Time": "2023-02-10",
            "value": 0.27897650054359185
        },
        {
            "Time": "2023-02-11",
            "value": 0.681618600220647
        },
        {
            "Time": "2023-02-12",
            "value": 0.9155097068045559
        },
        {
            "Time": "2023-02-13",
            "value": 0.44290284658586154
        },
        {
            "Time": "2023-02-14",
            "value": 0.7848583599922081
        },
        {
            "Time": "2023-02-15",
            "value": 2.2316511964135963
        },
        {
            "Time": "2023-02-16",
            "value": 2.701942362750156
        },
        {
            "Time": "2023-02-17",
            "value": 1.8231926253511792
        },
        {
            "Time": "2023-02-18",
            "value": 2.247795429996284
        },
        {
            "Time": "2023-02-19",
            "value": 0.7256625035509988
        },
        {
            "Time": "2023-02-20",
            "value": 1.2818861470845133
        },
        {
            "Time": "2023-02-21",
            "value": 2.673867501259664
        },
        {
            "Time": "2023-02-22",
            "value": 2.1245086171955117
        },
        {
            "Time": "2023-02-23",
            "value": 1.949678161938349
        },
        {
            "Time": "2023-02-24",
            "value": 1.0027033005306913
        },
        {
            "Time": "2023-02-25",
            "value": 2.260881865353201
        },
        {
            "Time": "2023-02-26",
            "value": 2.5669374050464646
        },
        {
            "Time": "2023-02-27",
            "value": 2.2238441554827433
        },
        {
            "Time": "2023-02-28",
            "value": 1.3343900482979267
        },
        {
            "Time": "2023-03-01",
            "value": 1.3428976522894622
        },
        {
            "Time": "2023-03-02",
            "value": 1.5739199708459337
        },
        {
            "Time": "2023-03-03",
            "value": 2.3374082263761102
        },
        {
            "Time": "2023-03-04",
            "value": 2.57251601001586
        },
        {
            "Time": "2023-03-05",
            "value": 2.531403570281952
        },
        {
            "Time": "2023-03-06",
            "value": 2.6447445121610316
        },
        {
            "Time": "2023-03-07",
            "value": 2.6640741399234455
        },
        {
            "Time": "2023-03-08",
            "value": 2.509076453001527
        },
        {
            "Time": "2023-03-09",
            "value": 1.897992456565219
        },
        {
            "Time": "2023-03-10",
            "value": 2.8105132983196106
        },
        {
            "Time": "2023-03-11",
            "value": 2.421181370118749
        },
        {
            "Time": "2023-03-12",
            "value": 0.5891253057715198
        },
        {
            "Time": "2023-03-13",
            "value": 2.1990891763449953
        },
        {
            "Time": "2023-03-14",
            "value": 2.903975394370262
        },
        {
            "Time": "2023-03-15",
            "value": 2.331626781042857
        },
        {
            "Time": "2023-03-16",
            "value": 2.381937254580931
        },
        {
            "Time": "2023-03-17",
            "value": 1.5724170368171757
        },
        {
            "Time": "2023-03-18",
            "value": 0.42346224377141756
        },
        {
            "Time": "2023-03-19",
            "value": 0.19820568780892855
        },
        {
            "Time": "2023-03-20",
            "value": 1.891761587647853
        },
        {
            "Time": "2023-03-21",
            "value": 1.1435886035621363
        },
        {
            "Time": "2023-03-22",
            "value": 1.9413370442081272
        },
        {
            "Time": "2023-03-23",
            "value": 0.2497843910600529
        },
        {
            "Time": "2023-03-24",
            "value": 0.2846460171914517
        },
        {
            "Time": "2023-03-25",
            "value": 0.334428532489375
        },
        {
            "Time": "2023-03-26",
            "value": 1.0880945281898526
        },
        {
            "Time": "2023-03-27",
            "value": 0.0
        }
    ]
}