{
    "data": [
        {
            "Time": "2022-11-27",
            "value": 0.25185849977022734
        },
        {
            "Time": "2022-11-28",
            "value": 0.751116576415419
        },
        {
            "Time": "2022-11-29",
            "value": 0.6366449588570668
        },
        {
            "Time": "2022-11-30",
            "value": 0.3167346144936967
        },
        {
            "Time": "2022-12-01",
            "value": 0.33821851690060184
        },
        {
            "Time": "2022-12-02",
            "value": 0.39811979320271995
        },
        {
            "Time": "2022-12-03",
            "value": 0.6286601917959586
        },
        {
            "Time": "2022-12-04",
            "value": 0.47958478306031826
        },
        {
            "Time": "2022-12-05",
            "value": 0.4196590295835944
        },
        {
            "Time": "2022-12-06",
            "value": 0.5973531230387731
        },
        {
            "Time": "2022-12-07",
            "value": 0.2057411006227286
        },
        {
            "Time": "2022-12-08",
            "value": 0.8150401055133033
        },
        {
            "Time": "2022-12-09",
            "value": 0.6861906120059892
        },
        {
            "Time": "2022-12-10",
            "value": 1.427516289170863
        },
        {
            "Time": "2022-12-11",
            "value": 0.38337426769423777
        },
        {
            "Time": "2022-12-12",
            "value": 0.9609805638939197
        },
        {
            "Time": "2022-12-13",
            "value": 1.0512246637837823
        },
        {
            "Time": "2022-12-14",
            "value": 0.6306812431088519
        },
        {
            "Time": "2022-12-15",
            "value": 0.47132811270896574
        },
        {
            "Time": "2022-12-16",
            "value": 0.314860167994162
        },
        {
            "Time": "2022-12-17",
            "value": 0.43442982805962765
        },
        {
            "Time": "2022-12-18",
            "value": 1.8848252818489042
        },
        {
            "Time": "2022-12-19",
            "value": 1.4480896235468523
        },
        {
            "Time": "2022-12-20",
            "value": 0.9094504554469744
        },
        {
            "Time": "2022-12-21",
            "value": 1.4289065595694177
        },
        {
            "Time": "2022-12-22",
            "value": 1.72644720429986
        },
        {
            "Time": "2022-12-23",
            "value": 1.4318219861980446
        },
        {
            "Time": "2022-12-24",
            "value": 1.4343542736625106
        },
        {
            "Time": "2022-12-25",
            "value": 1.73797355089794
        },
        {
            "Time": "2022-12-26",
            "value": 1.2894563587701195
        },
        {
            "Time": "2022-12-27",
            "value": 0.7654974328398026
        },
        {
            "Time": "2022-12-28",
            "value": 0.44752430534837967
        },
        {
            "Time": "2022-12-29",
            "value": 0.30123611256724536
        },
        {
            "Time": "2022-12-30",
            "value": 0.4374367952291667
        },
        {
            "Time": "2022-12-31",
            "value": 1.08575702842376
        },
        {
            "Time": "2023-01-01",
            "value": 0.69377040566312
        },
        {
            "Time": "2023-01-02",
            "value": 0.3853645835
        },
        {
            "Time": "2023-01-03",
            "value": 0.40553350386027337
        },
        {
            "Time": "2023-01-04",
            "value": 0.42877893861521993
        },
        {
            "Time": "2023-01-05",
            "value": 0.5387803090677579
        },
        {
            "Time": "2023-01-06",
            "value": 1.658170834564166
        },
        {
            "Time": "2023-01-07",
            "value": 1.7716533641352628
        },
        {
            "Time": "2023-01-08",
            "value": 1.8641587873323997
        },
        {
            "Time": "2023-01-09",
            "value": 0.49741125440013995
        },
        {
            "Time": "2023-01-10",
            "value": 0.5119044471827864
        },
        {
            "Time": "2023-01-11",
            "value": 0.6926802055686333
        },
        {
            "Time": "2023-01-12",
            "value": 1.297528048862187
        },
        {
            "Time": "2023-01-13",
            "value": 0.37182610500648494
        },
        {
            "Time": "2023-01-14",
            "value": 1.3040588198967304
        },
        {
            "Time": "2023-01-15",
            "value": 0.39724612380313573
        },
        {
            "Time": "2023-01-16",
            "value": 1.7158453295136074
        },
        {
            "Time": "2023-01-17",
            "value": 0.4780326045449735
        },
        {
            "Time": "2023-01-18",
            "value": 1.8813577155325327
        },
        {
            "Time": "2023-01-19",
            "value": 1.7682192328171418
        },
        {
            "Time": "2023-01-20",
            "value": 0.786698050820327
        },
        {
            "Time": "2023-01-21",
            "value": 0.3153634267212847
        },
        {
            "Time": "2023-01-22",
            "value": 1.6291347523090653
        },
        {
            "Time": "2023-01-23",
            "value": 0.30076006652231757
        },
        {
            "Time": "2023-01-24",
            "value": 1.5401723086081212
        },
        {
            "Time": "2023-01-25",
            "value": 2.6211457510849883
        },
        {
            "Time": "2023-01-26",
            "value": 1.2708084878633936
        },
        {
            "Time": "2023-01-27",
            "value": 2.1117981626398086
        },
        {
            "Time": "2023-01-28",
            "value": 2.470929236002715
        },
        {
            "Time": "2023-01-29",
            "value": 2.7035471766709596
        },
        {
            "Time": "2023-01-30",
            "value": 2.664249940221229
        },
        {
            "Time": "2023-01-31",
            "value": 2.8115352881647935
        },
        {
            "Time": "2023-02-01",
            "value": 0.49815885189149306
        },
        {
            "Time": "2023-02-02",
            "value": 1.0737771978205801
        },
        {
            "Time": "2023-02-03",
            "value": 0.546861062143052
        },
        {
            "Time": "2023-02-04",
            "value": 0.24101273049386573
        },
        {
            "Time": "2023-02-05",
            "value": 0.42605836306969247
        },
        {
            "Time": "2023-02-06",
            "value": 1.686151210099683
        },
        {
            "Time": "2023-02-07",
            "value": 0.4215300640768126
        },
        {
            "Time": "2023-02-08",
            "value": 0.2689581990487532
        },
        {
            "Time": "2023-02-09",
            "value": 0.5043278191534168
        },
        {
            "Time": "2023-02-10",
            "value": 0.3077728863070775
        },
        {
            "Time": "2023-02-11",
            "value": 0.8620689306166792
        },
        {
            "Time": "2023-02-12",
            "value": 1.1848397575386118
        },
        {
            "Time": "2023-02-13",
            "value": 0.43470769908313805
        },
        {
            "Time": "2023-02-14",
            "value": 0.9934571882082552
        },
        {
            "Time": "2023-02-15",
            "value": 2.51716460595395
        },
        {
            "Time": "2023-02-16",
            "value": 3.0952423147699037
        },
        {
            "Time": "2023-02-17",
            "value": 2.20513271837482
        },
        {
            "Time": "2023-02-18",
            "value": 2.6492686004016894
        },
        {
            "Time": "2023-02-19",
            "value": 0.7903355500383455
        },
        {
            "Time": "2023-02-20",
            "value": 1.496568188068831
        },
        {
            "Time": "2023-02-21",
            "value": 3.02029717183082
        },
        {
            "Time": "2023-02-22",
            "value": 2.540377790779596
        },
        {
            "Time": "2023-02-23",
            "value": 2.4067197157811253
        },
        {
            "Time": "2023-02-24",
            "value": 1.0807333383634754
        },
        {
            "Time": "2023-02-25",
            "value": 2.704068731192834
        },
        {
            "Time": "2023-02-26",
            "value": 3.100001161500163
        },
        {
            "Time": "2023-02-27",
            "value": 2.717743384887057
        },
        {
            "Time": "2023-02-28",
            "value": 1.4626429279792628
        },
        {
            "Time": "2023-03-01",
            "value": 1.499212662470949
        },
        {
            "Time": "2023-03-02",
            "value": 1.9836499986479768
        },
        {
            "Time": "2023-03-03",
            "value": 2.657805915680977
        },
        {
            "Time": "2023-03-04",
            "value": 2.9954814741666698
        },
        {
            "Time": "2023-03-05",
            "value": 2.9417329738220657
        },
        {
            "Time": "2023-03-06",
            "value": 3.050897041439471
        },
        {
            "Time": "2023-03-07",
            "value": 3.040132436853621
        },
        {
            "Time": "2023-03-08",
            "value": 2.7316742234676843
        },
        {
            "Time": "2023-03-09",
            "value": 2.2722717815391826
        },
        {
            "Time": "2023-03-10",
            "value": 3.1239258521671336
        },
        {
            "Time": "2023-03-11",
            "value": 2.626116056608921
        },
        {
            "Time": "2023-03-12",
            "value": 0.6326882663910732
        },
        {
            "Time": "2023-03-13",
            "value": 2.4856764096342783
        },
        {
            "Time": "2023-03-14",
            "value": 3.2414891813840963
        },
        {
            "Time": "2023-03-15",
            "value": 2.6374570128267365
        },
        {
            "Time": "2023-03-16",
            "value": 2.6625314951454255
        },
        {
            "Time": "2023-03-17",
            "value": 1.5740010216466074
        },
        {
            "Time": "2023-03-18",
            "value": 0.46288325331250846
        },
        {
            "Time": "2023-03-19",
            "value": 0.23829146399237816
        },
        {
            "Time": "2023-03-20",
            "value": 2.2299941175720117
        },
        {
            "Time": "2023-03-21",
            "value": 1.2374374385571778
        },
        {
            "Time": "2023-03-22",
            "value": 2.0780028035664007
        },
        {
            "Time": "2023-03-23",
            "value": 0.27803124913935184
        },
        {
            "Time": "2023-03-24",
            "value": 0.3309290483305787
        },
        {
            "Time": "2023-03-25",
            "value": 0.37498610953000583
        },
        {
            "Time": "2023-03-26",
            "value": 1.156799650131519
        },
        {
            "Time": "2023-03-27",
            "value": 0.0
        }
    ]
}