{
    "data": [
        {
            "Time": "2022-11-27",
            "value": 0.15942031314936422
        },
        {
            "Time": "2022-11-28",
            "value": 0.4513321350451476
        },
        {
            "Time": "2022-11-29",
            "value": 0.42978583414728105
        },
        {
            "Time": "2022-11-30",
            "value": 0.21785619146172613
        },
        {
            "Time": "2022-12-01",
            "value": 0.0
        },
        {
            "Time": "2022-12-02",
            "value": 0.0
        },
        {
            "Time": "2022-12-03",
            "value": 0.0
        },
        {
            "Time": "2022-12-04",
            "value": 0.0
        },
        {
            "Time": "2022-12-05",
            "value": 0.0
        },
        {
            "Time": "2022-12-06",
            "value": 0.0
        },
        {
            "Time": "2022-12-07",
            "value": 0.0
        },
        {
            "Time": "2022-12-08",
            "value": 0.5527364620395093
        },
        {
            "Time": "2022-12-09",
            "value": 0.5067530399630591
        },
        {
            "Time": "2022-12-10",
            "value": 1.1145985002801846
        },
        {
            "Time": "2022-12-11",
            "value": 0.2873694975546007
        },
        {
            "Time": "2022-12-12",
            "value": 0.7142177469736876
        },
        {
            "Time": "2022-12-13",
            "value": 0.7140288316148724
        },
        {
            "Time": "2022-12-14",
            "value": 0.45883929184268124
        },
        {
            "Time": "2022-12-15",
            "value": 0.3496381628806316
        },
        {
            "Time": "2022-12-16",
            "value": 0.220584763827116
        },
        {
            "Time": "2022-12-17",
            "value": 0.2831020677939969
        },
        {
            "Time": "2022-12-18",
            "value": 1.3811850156433594
        },
        {
            "Time": "2022-12-19",
            "value": 1.2906373488060086
        },
        {
            "Time": "2022-12-20",
            "value": 1.0278851791029497
        },
        {
            "Time": "2022-12-21",
            "value": 0.7252732721526582
        },
        {
            "Time": "2022-12-22",
            "value": 1.103505384547796
        },
        {
            "Time": "2022-12-23",
            "value": 1.01128361592883
        },
        {
            "Time": "2022-12-24",
            "value": 1.3901549768233554
        },
        {
            "Time": "2022-12-25",
            "value": 1.3912678570268902
        },
        {
            "Time": "2022-12-26",
            "value": 1.3314836907660483
        },
        {
            "Time": "2022-12-27",
            "value": 0.5003648772457621
        },
        {
            "Time": "2022-12-28",
            "value": 0.3311783505662219
        },
        {
            "Time": "2022-12-29",
            "value": 0.20922222437800003
        },
        {
            "Time": "2022-12-30",
            "value": 0.3162896423871001
        },
        {
            "Time": "2022-12-31",
            "value": 0.5816107571596287
        },
        {
            "Time": "2023-01-01",
            "value": 0.5084380360777915
        },
        {
            "Time": "2023-01-02",
            "value": 0.26791666613175924
        },
        {
            "Time": "2023-01-03",
            "value": 0.29561513630707115
        },
        {
            "Time": "2023-01-04",
            "value": 0.3084928779121129
        },
        {
            "Time": "2023-01-05",
            "value": 0.40579635075816056
        },
        {
            "Time": "2023-01-06",
            "value": 1.3237873768520596
        },
        {
            "Time": "2023-01-07",
            "value": 1.3761905917837332
        },
        {
            "Time": "2023-01-08",
            "value": 1.1498046797583439
        },
        {
            "Time": "2023-01-09",
            "value": 0.34383823723889323
        },
        {
            "Time": "2023-01-10",
            "value": 0.38682289456436264
        },
        {
            "Time": "2023-01-11",
            "value": 0.5264006117256277
        },
        {
            "Time": "2023-01-12",
            "value": 0.8408698270596833
        },
        {
            "Time": "2023-01-13",
            "value": 0.25038965859661766
        },
        {
            "Time": "2023-01-14",
            "value": 0.8668113093742715
        },
        {
            "Time": "2023-01-15",
            "value": 0.2826657871075023
        },
        {
            "Time": "2023-01-16",
            "value": 1.1439094957259366
        },
        {
            "Time": "2023-01-17",
            "value": 0.33112909475558944
        },
        {
            "Time": "2023-01-18",
            "value": 1.2135735305929014
        },
        {
            "Time": "2023-01-19",
            "value": 1.047749394025512
        },
        {
            "Time": "2023-01-20",
            "value": 0.5275070973080057
        },
        {
            "Time": "2023-01-21",
            "value": 0.19210316898486512
        },
        {
            "Time": "2023-01-22",
            "value": 0.9609258164673741
        },
        {
            "Time": "2023-01-23",
            "value": 0.1985909701860729
        },
        {
            "Time": "2023-01-24",
            "value": 0.47139696550622534
        },
        {
            "Time": "2023-01-25",
            "value": 1.3152047930566773
        },
        {
            "Time": "2023-01-26",
            "value": 0.7850188425848057
        },
        {
            "Time": "2023-01-27",
            "value": 1.185181145845436
        },
        {
            "Time": "2023-01-28",
            "value": 1.415215267668568
        },
        {
            "Time": "2023-01-29",
            "value": 1.4193276814877358
        },
        {
            "Time": "2023-01-30",
            "value": 1.584750265546406
        },
        {
            "Time": "2023-01-31",
            "value": 1.4634629283271936
        },
        {
            "Time": "2023-02-01",
            "value": 0.3586537038669954
        },
        {
            "Time": "2023-02-02",
            "value": 0.64817415081086
        },
        {
            "Time": "2023-02-03",
            "value": 0.4010760754757475
        },
        {
            "Time": "2023-02-04",
            "value": 0.1410604413601908
        },
        {
            "Time": "2023-02-05",
            "value": 0.29321364523637605
        },
        {
            "Time": "2023-02-06",
            "value": 0.9071912961493918
        },
        {
            "Time": "2023-02-07",
            "value": 0.2966608388980593
        },
        {
            "Time": "2023-02-08",
            "value": 0.16166867466515494
        },
        {
            "Time": "2023-02-09",
            "value": 0.33534102539693833
        },
        {
            "Time": "2023-02-10",
            "value": 0.21493497463157046
        },
        {
            "Time": "2023-02-11",
            "value": 0.49897486983756606
        },
        {
            "Time": "2023-02-12",
            "value": 0.6726329903896369
        },
        {
            "Time": "2023-02-13",
            "value": 0.3424863605244379
        },
        {
            "Time": "2023-02-14",
            "value": 0.628864571191946
        },
        {
            "Time": "2023-02-15",
            "value": 1.3981283731582406
        },
        {
            "Time": "2023-02-16",
            "value": 1.956968773783702
        },
        {
            "Time": "2023-02-17",
            "value": 1.3790505678257134
        },
        {
            "Time": "2023-02-18",
            "value": 1.5647957209139867
        },
        {
            "Time": "2023-02-19",
            "value": 0.5750856021851317
        },
        {
            "Time": "2023-02-20",
            "value": 0.9894935546536416
        },
        {
            "Time": "2023-02-21",
            "value": 2.1345918134872823
        },
        {
            "Time": "2023-02-22",
            "value": 1.6816379499602305
        },
        {
            "Time": "2023-02-23",
            "value": 1.3086059882054584
        },
        {
            "Time": "2023-02-24",
            "value": 0.7782498714317967
        },
        {
            "Time": "2023-02-25",
            "value": 1.7929337233519334
        },
        {
            "Time": "2023-02-26",
            "value": 2.3437278049289247
        },
        {
            "Time": "2023-02-27",
            "value": 1.6395224136555666
        },
        {
            "Time": "2023-02-28",
            "value": 1.0607769763275456
        },
        {
            "Time": "2023-03-01",
            "value": 0.9581885782153315
        },
        {
            "Time": "2023-03-02",
            "value": 1.1868116302946738
        },
        {
            "Time": "2023-03-03",
            "value": 2.1155459411472655
        },
        {
            "Time": "2023-03-04",
            "value": 2.400718151680037
        },
        {
            "Time": "2023-03-05",
            "value": 2.303644150061331
        },
        {
            "Time": "2023-03-06",
            "value": 2.481886311299653
        },
        {
            "Time": "2023-03-07",
            "value": 2.4250623074324364
        },
        {
            "Time": "2023-03-08",
            "value": 2.2879987627615446
        },
        {
            "Time": "2023-03-09",
            "value": 1.5459727878916778
        },
        {
            "Time": "2023-03-10",
            "value": 2.6069281623590674
        },
        {
            "Time": "2023-03-11",
            "value": 2.260505102993332
        },
        {
            "Time": "2023-03-12",
            "value": 0.48659065039227156
        },
        {
            "Time": "2023-03-13",
            "value": 1.9170846738918894
        },
        {
            "Time": "2023-03-14",
            "value": 2.7260664630497575
        },
        {
            "Time": "2023-03-15",
            "value": 2.1359816422768496
        },
        {
            "Time": "2023-03-16",
            "value": 2.1146609844778075
        },
        {
            "Time": "2023-03-17",
            "value": 1.379173097924156
        },
        {
            "Time": "2023-03-18",
            "value": 0.32865046152084193
        },
        {
            "Time": "2023-03-19",
            "value": 0.1160911217119164
        },
        {
            "Time": "2023-03-20",
            "value": 1.7377064647898348
        },
        {
            "Time": "2023-03-21",
            "value": 0.9818310568659776
        },
        {
            "Time": "2023-03-22",
            "value": 1.7161422950264347
        },
        {
            "Time": "2023-03-23",
            "value": 0.16746759187414198
        },
        {
            "Time": "2023-03-24",
            "value": 0.19833036412608682
        },
        {
            "Time": "2023-03-25",
            "value": 0.25898726853444215
        },
        {
            "Time": "2023-03-26",
            "value": 0.9233315058601507
        },
        {
            "Time": "2023-03-27",
            "value": 0.0
        }
    ]
}