{
    "data": [
        {
            "Time": "2023-03-01",
            "value": 226.8686981201172
        },
        {
            "Time": "2023-03-02",
            "value": 233.0256805419922
        },
        {
            "Time": "2023-03-03",
            "value": 238.78285217285156
        },
        {
            "Time": "2023-03-06",
            "value": 235.4244842529297
        },
        {
            "Time": "2023-03-07",
            "value": 232.80532836914065
        },
        {
            "Time": "2023-03-08",
            "value": 241.7324676513672
        },
        {
            "Time": "2023-03-09",
            "value": 234.2848663330078
        },
        {
            "Time": "2023-03-10",
            "value": 229.57635498046875
        },
        {
            "Time": "2023-03-13",
            "value": 229.58636474609375
        },
        {
            "Time": "2023-03-14",
            "value": 240.55284118652344
        },
        {
            "Time": "2023-03-15",
            "value": 242.20230102539065
        },
        {
            "Time": "2023-03-16",
            "value": 255.32809448242188
        },
        {
            "Time": "2023-03-17",
            "value": 257.16754150390625
        },
        {
            "Time": "2023-03-20",
            "value": 258.9169616699219
        },
        {
            "Time": "2023-03-21",
            "value": 261.9059753417969
        },
        {
            "Time": "2023-03-22",
            "value": 264.5951232910156
        },
        {
            "Time": "2023-03-23",
            "value": 271.82281494140625
        },
        {
            "Time": "2023-03-24",
            "value": 267.7041320800781
        },
        {
            "Time": "2023-03-27",
            "value": 265.2249450683594
        },
        {
            "Time": "2023-03-28",
            "value": 264.01531982421875
        },
        {
            "Time": "2023-03-29",
            "value": 269.75347900390625
        },
        {
            "Time": "2023-03-30",
            "value": 273.7421875
        },
        {
            "Time": "2023-03-31",
            "value": 277.680908203125
        }
    ]
}