{
    "data": [
        {
            "Time": "2023-03-01",
            "value": 259.5810852050781
        },
        {
            "Time": "2023-03-02",
            "value": 261.2256774902344
        },
        {
            "Time": "2023-03-03",
            "value": 265.10577392578125
        },
        {
            "Time": "2023-03-06",
            "value": 265.5292053222656
        },
        {
            "Time": "2023-03-07",
            "value": 260.18182373046875
        },
        {
            "Time": "2023-03-08",
            "value": 259.6499938964844
        },
        {
            "Time": "2023-03-09",
            "value": 255.809326171875
        },
        {
            "Time": "2023-03-10",
            "value": 249.10289001464844
        },
        {
            "Time": "2023-03-13",
            "value": 247.48782348632812
        },
        {
            "Time": "2023-03-14",
            "value": 248.64002990722656
        },
        {
            "Time": "2023-03-15",
            "value": 242.42599487304688
        },
        {
            "Time": "2023-03-16",
            "value": 249.0733337402344
        },
        {
            "Time": "2023-03-17",
            "value": 246.19775390625
        },
        {
            "Time": "2023-03-20",
            "value": 248.708984375
        },
        {
            "Time": "2023-03-21",
            "value": 253.70184326171875
        },
        {
            "Time": "2023-03-22",
            "value": 249.41802978515625
        },
        {
            "Time": "2023-03-23",
            "value": 267.5283508300781
        },
        {
            "Time": "2023-03-24",
            "value": 267.8631591796875
        },
        {
            "Time": "2023-03-27",
            "value": 269.7933349609375
        },
        {
            "Time": "2023-03-28",
            "value": 270.8175354003906
        },
        {
            "Time": "2023-03-29",
            "value": 275.6824035644531
        },
        {
            "Time": "2023-03-30",
            "value": 278.36102294921875
        },
        {
            "Time": "2023-03-31",
            "value": 281.463134765625
        }
    ]
}