{
    "data": [
        {
            "Time": "2023-03-01",
            "value": 398.5694274902344
        },
        {
            "Time": "2023-03-02",
            "value": 397.6754760742187
        },
        {
            "Time": "2023-03-03",
            "value": 405.7706298828125
        },
        {
            "Time": "2023-03-06",
            "value": 409.9324340820313
        },
        {
            "Time": "2023-03-07",
            "value": 406.5354614257813
        },
        {
            "Time": "2023-03-08",
            "value": 413.8658142089844
        },
        {
            "Time": "2023-03-09",
            "value": 401.8571166992187
        },
        {
            "Time": "2023-03-10",
            "value": 389.9676818847656
        },
        {
            "Time": "2023-03-13",
            "value": 388.9247741699219
        },
        {
            "Time": "2023-03-14",
            "value": 405.5520935058594
        },
        {
            "Time": "2023-03-15",
            "value": 403.58544921875
        },
        {
            "Time": "2023-03-16",
            "value": 415.3358154296875
        },
        {
            "Time": "2023-03-17",
            "value": 410.9058532714844
        },
        {
            "Time": "2023-03-20",
            "value": 409.06829833984375
        },
        {
            "Time": "2023-03-21",
            "value": 419.1897277832031
        },
        {
            "Time": "2023-03-22",
            "value": 411.4223327636719
        },
        {
            "Time": "2023-03-23",
            "value": 429.579345703125
        },
        {
            "Time": "2023-03-24",
            "value": 426.6789855957031
        },
        {
            "Time": "2023-03-27",
            "value": 424.0666809082031
        },
        {
            "Time": "2023-03-28",
            "value": 416.50787353515625
        },
        {
            "Time": "2023-03-29",
            "value": 430.3739318847656
        },
        {
            "Time": "2023-03-30",
            "value": 437.128173828125
        },
        {
            "Time": "2023-03-31",
            "value": 442.82952880859375
        }
    ]
}