{
    "data": [
        {
            "Time": "2023-03-01",
            "value": 244.26524353027344
        },
        {
            "Time": "2023-03-02",
            "value": 249.0658416748047
        },
        {
            "Time": "2023-03-03",
            "value": 253.2118225097656
        },
        {
            "Time": "2023-03-06",
            "value": 254.7789306640625
        },
        {
            "Time": "2023-03-07",
            "value": 252.0811004638672
        },
        {
            "Time": "2023-03-08",
            "value": 251.634765625
        },
        {
            "Time": "2023-03-09",
            "value": 250.26600646972656
        },
        {
            "Time": "2023-03-10",
            "value": 246.56634521484375
        },
        {
            "Time": "2023-03-13",
            "value": 251.85296630859375
        },
        {
            "Time": "2023-03-14",
            "value": 258.66705322265625
        },
        {
            "Time": "2023-03-15",
            "value": 263.2791748046875
        },
        {
            "Time": "2023-03-16",
            "value": 273.95159912109375
        },
        {
            "Time": "2023-03-17",
            "value": 277.1553039550781
        },
        {
            "Time": "2023-03-20",
            "value": 270.013916015625
        },
        {
            "Time": "2023-03-21",
            "value": 271.5513000488281
        },
        {
            "Time": "2023-03-22",
            "value": 270.0734558105469
        },
        {
            "Time": "2023-03-23",
            "value": 275.39971923828125
        },
        {
            "Time": "2023-03-24",
            "value": 278.2860412597656
        },
        {
            "Time": "2023-03-27",
            "value": 274.130126953125
        },
        {
            "Time": "2023-03-28",
            "value": 272.989501953125
        },
        {
            "Time": "2023-03-29",
            "value": 278.2265319824219
        },
        {
            "Time": "2023-03-30",
            "value": 281.7376708984375
        },
        {
            "Time": "2023-03-31",
            "value": 285.95306396484375
        }
    ]
}