{
    "data": [
        {
            "Time": "2023-03-01",
            "value": 144.53851318359375
        },
        {
            "Time": "2023-03-02",
            "value": 145.1353302001953
        },
        {
            "Time": "2023-03-03",
            "value": 150.22813415527344
        },
        {
            "Time": "2023-03-06",
            "value": 153.01327514648438
        },
        {
            "Time": "2023-03-07",
            "value": 150.7950897216797
        },
        {
            "Time": "2023-03-08",
            "value": 152.05833435058594
        },
        {
            "Time": "2023-03-09",
            "value": 149.7904510498047
        },
        {
            "Time": "2023-03-10",
            "value": 147.71156311035156
        },
        {
            "Time": "2023-03-13",
            "value": 149.6710968017578
        },
        {
            "Time": "2023-03-14",
            "value": 151.77984619140625
        },
        {
            "Time": "2023-03-15",
            "value": 152.17771911621094
        },
        {
            "Time": "2023-03-16",
            "value": 155.0225372314453
        },
        {
            "Time": "2023-03-17",
            "value": 154.1770477294922
        },
        {
            "Time": "2023-03-20",
            "value": 156.56430053710938
        },
        {
            "Time": "2023-03-21",
            "value": 158.434326171875
        },
        {
            "Time": "2023-03-22",
            "value": 156.9920196533203
        },
        {
            "Time": "2023-03-23",
            "value": 158.08616638183594
        },
        {
            "Time": "2023-03-24",
            "value": 159.399169921875
        },
        {
            "Time": "2023-03-27",
            "value": 157.4396514892578
        },
        {
            "Time": "2023-03-28",
            "value": 156.81297302246094
        },
        {
            "Time": "2023-03-29",
            "value": 159.9164276123047
        },
        {
            "Time": "2023-03-30",
            "value": 161.4979705810547
        },
        {
            "Time": "2023-03-31",
            "value": 164.0244903564453
        }
    ]
}