{
    "data": [
        {
            "Time": "2023-03-01",
            "value": 78.29000091552734
        },
        {
            "Time": "2023-03-02",
            "value": 80.44000244140625
        },
        {
            "Time": "2023-03-03",
            "value": 81.5199966430664
        },
        {
            "Time": "2023-03-06",
            "value": 81.16000366210938
        },
        {
            "Time": "2023-03-07",
            "value": 82.11000061035156
        },
        {
            "Time": "2023-03-08",
            "value": 85.37000274658203
        },
        {
            "Time": "2023-03-09",
            "value": 84.02999877929688
        },
        {
            "Time": "2023-03-10",
            "value": 82.66999816894531
        },
        {
            "Time": "2023-03-13",
            "value": 82.01000213623047
        },
        {
            "Time": "2023-03-14",
            "value": 87.44999694824219
        },
        {
            "Time": "2023-03-15",
            "value": 89.68000030517578
        },
        {
            "Time": "2023-03-16",
            "value": 96.5999984741211
        },
        {
            "Time": "2023-03-17",
            "value": 97.83999633789062
        },
        {
            "Time": "2023-03-20",
            "value": 96.80999755859376
        },
        {
            "Time": "2023-03-21",
            "value": 95.93000030517578
        },
        {
            "Time": "2023-03-22",
            "value": 97.58000183105467
        },
        {
            "Time": "2023-03-23",
            "value": 100.27999877929688
        },
        {
            "Time": "2023-03-24",
            "value": 97.9499969482422
        },
        {
            "Time": "2023-03-27",
            "value": 96.61000061035156
        },
        {
            "Time": "2023-03-28",
            "value": 94.55999755859376
        },
        {
            "Time": "2023-03-29",
            "value": 96.08999633789062
        },
        {
            "Time": "2023-03-30",
            "value": 97.87999725341795
        },
        {
            "Time": "2023-03-31",
            "value": 98.01000213623048
        }
    ]
}