{
    "data": [
        {
            "Time": "2023-03-01",
            "value": 577.9002075195312
        },
        {
            "Time": "2023-03-02",
            "value": 582.8460693359375
        },
        {
            "Time": "2023-03-03",
            "value": 616.0555419921875
        },
        {
            "Time": "2023-03-06",
            "value": 616.2113037109375
        },
        {
            "Time": "2023-03-07",
            "value": 608.6464233398438
        },
        {
            "Time": "2023-03-08",
            "value": 615.5687255859375
        },
        {
            "Time": "2023-03-09",
            "value": 606.0858764648438
        },
        {
            "Time": "2023-03-10",
            "value": 598.598876953125
        },
        {
            "Time": "2023-03-13",
            "value": 600.1954956054688
        },
        {
            "Time": "2023-03-14",
            "value": 615.7634887695312
        },
        {
            "Time": "2023-03-15",
            "value": 609.5128784179688
        },
        {
            "Time": "2023-03-16",
            "value": 619.69677734375
        },
        {
            "Time": "2023-03-17",
            "value": 614.3126831054688
        },
        {
            "Time": "2023-03-20",
            "value": 626.716552734375
        },
        {
            "Time": "2023-03-21",
            "value": 624.4021606445312
        },
        {
            "Time": "2023-03-22",
            "value": 618.6852416992188
        },
        {
            "Time": "2023-03-23",
            "value": 626.8340454101562
        },
        {
            "Time": "2023-03-24",
            "value": 623.83349609375
        },
        {
            "Time": "2023-03-27",
            "value": 614.6844482421875
        },
        {
            "Time": "2023-03-28",
            "value": 612.5859375
        },
        {
            "Time": "2023-03-29",
            "value": 613.370361328125
        },
        {
            "Time": "2023-03-30",
            "value": 621.4603881835938
        },
        {
            "Time": "2023-03-31",
            "value": 629.0992431640625
        }
    ]
}