{
    "data": [
        {
            "Time": "2023-03-01",
            "value": 167.13168334960938
        },
        {
            "Time": "2023-03-02",
            "value": 186.34657287597656
        },
        {
            "Time": "2023-03-03",
            "value": 186.1867828369141
        },
        {
            "Time": "2023-03-06",
            "value": 183.5602264404297
        },
        {
            "Time": "2023-03-07",
            "value": 183.0808563232422
        },
        {
            "Time": "2023-03-08",
            "value": 182.71131896972656
        },
        {
            "Time": "2023-03-09",
            "value": 178.48684692382812
        },
        {
            "Time": "2023-03-10",
            "value": 172.95407104492188
        },
        {
            "Time": "2023-03-13",
            "value": 175.28103637695312
        },
        {
            "Time": "2023-03-14",
            "value": 182.6514129638672
        },
        {
            "Time": "2023-03-15",
            "value": 182.67138671875
        },
        {
            "Time": "2023-03-16",
            "value": 187.0556640625
        },
        {
            "Time": "2023-03-17",
            "value": 184.60885620117188
        },
        {
            "Time": "2023-03-20",
            "value": 185.00833129882812
        },
        {
            "Time": "2023-03-21",
            "value": 188.4338531494141
        },
        {
            "Time": "2023-03-22",
            "value": 186.2666778564453
        },
        {
            "Time": "2023-03-23",
            "value": 187.1954803466797
        },
        {
            "Time": "2023-03-24",
            "value": 189.8120574951172
        },
        {
            "Time": "2023-03-27",
            "value": 191.0104827880859
        },
        {
            "Time": "2023-03-28",
            "value": 192.04913330078125
        },
        {
            "Time": "2023-03-29",
            "value": 196.3834686279297
        },
        {
            "Time": "2023-03-30",
            "value": 196.3435211181641
        },
        {
            "Time": "2023-03-31",
            "value": 199.51937866210935
        }
    ]
}