{
    "data": [
        {
            "Time": "2023-03-01",
            "value": 140.11766052246094
        },
        {
            "Time": "2023-03-02",
            "value": 139.97882080078125
        },
        {
            "Time": "2023-03-03",
            "value": 140.72259521484375
        },
        {
            "Time": "2023-03-06",
            "value": 142.5275115966797
        },
        {
            "Time": "2023-03-07",
            "value": 141.68455505371094
        },
        {
            "Time": "2023-03-08",
            "value": 141.99197387695312
        },
        {
            "Time": "2023-03-09",
            "value": 139.91932678222656
        },
        {
            "Time": "2023-03-10",
            "value": 138.35243225097656
        },
        {
            "Time": "2023-03-13",
            "value": 138.5706024169922
        },
        {
            "Time": "2023-03-14",
            "value": 141.82337951660156
        },
        {
            "Time": "2023-03-15",
            "value": 143.22169494628906
        },
        {
            "Time": "2023-03-16",
            "value": 140.33584594726562
        },
        {
            "Time": "2023-03-17",
            "value": 141.26803588867188
        },
        {
            "Time": "2023-03-20",
            "value": 144.4018096923828
        },
        {
            "Time": "2023-03-21",
            "value": 143.46961975097656
        },
        {
            "Time": "2023-03-22",
            "value": 142.2696533203125
        },
        {
            "Time": "2023-03-23",
            "value": 141.11929321289062
        },
        {
            "Time": "2023-03-24",
            "value": 141.35728454589844
        },
        {
            "Time": "2023-03-27",
            "value": 142.7060089111328
        },
        {
            "Time": "2023-03-28",
            "value": 141.605224609375
        },
        {
            "Time": "2023-03-29",
            "value": 142.6167449951172
        },
        {
            "Time": "2023-03-30",
            "value": 143.37046813964844
        },
        {
            "Time": "2023-03-31",
            "value": 143.63821411132812
        }
    ]
}