{
    "data": [
        {
            "Time": "2023-03-01",
            "value": 90.36000061035156
        },
        {
            "Time": "2023-03-02",
            "value": 92.0
        },
        {
            "Time": "2023-03-03",
            "value": 93.6500015258789
        },
        {
            "Time": "2023-03-06",
            "value": 95.12999725341795
        },
        {
            "Time": "2023-03-07",
            "value": 93.86000061035156
        },
        {
            "Time": "2023-03-08",
            "value": 94.25
        },
        {
            "Time": "2023-03-09",
            "value": 92.31999969482422
        },
        {
            "Time": "2023-03-10",
            "value": 90.62999725341795
        },
        {
            "Time": "2023-03-13",
            "value": 91.11000061035156
        },
        {
            "Time": "2023-03-14",
            "value": 93.97000122070312
        },
        {
            "Time": "2023-03-15",
            "value": 96.11000061035156
        },
        {
            "Time": "2023-03-16",
            "value": 100.31999969482422
        },
        {
            "Time": "2023-03-17",
            "value": 101.62000274658205
        },
        {
            "Time": "2023-03-20",
            "value": 101.22000122070312
        },
        {
            "Time": "2023-03-21",
            "value": 104.91999816894533
        },
        {
            "Time": "2023-03-22",
            "value": 103.37000274658205
        },
        {
            "Time": "2023-03-23",
            "value": 105.5999984741211
        },
        {
            "Time": "2023-03-24",
            "value": 105.44000244140624
        },
        {
            "Time": "2023-03-27",
            "value": 102.45999908447266
        },
        {
            "Time": "2023-03-28",
            "value": 101.02999877929688
        },
        {
            "Time": "2023-03-29",
            "value": 101.38999938964844
        },
        {
            "Time": "2023-03-30",
            "value": 100.88999938964844
        },
        {
            "Time": "2023-03-31",
            "value": 103.7300033569336
        }
    ]
}