{
    "data": [
        {
            "Time": "2023-03-01",
            "value": 90.51000213623048
        },
        {
            "Time": "2023-03-02",
            "value": 92.30999755859376
        },
        {
            "Time": "2023-03-03",
            "value": 94.0199966430664
        },
        {
            "Time": "2023-03-06",
            "value": 95.58000183105467
        },
        {
            "Time": "2023-03-07",
            "value": 94.16999816894533
        },
        {
            "Time": "2023-03-08",
            "value": 94.6500015258789
        },
        {
            "Time": "2023-03-09",
            "value": 92.66000366210938
        },
        {
            "Time": "2023-03-10",
            "value": 91.01000213623048
        },
        {
            "Time": "2023-03-13",
            "value": 91.66000366210938
        },
        {
            "Time": "2023-03-14",
            "value": 94.25
        },
        {
            "Time": "2023-03-15",
            "value": 96.5500030517578
        },
        {
            "Time": "2023-03-16",
            "value": 101.06999969482422
        },
        {
            "Time": "2023-03-17",
            "value": 102.45999908447266
        },
        {
            "Time": "2023-03-20",
            "value": 101.93000030517578
        },
        {
            "Time": "2023-03-21",
            "value": 105.83999633789062
        },
        {
            "Time": "2023-03-22",
            "value": 104.22000122070312
        },
        {
            "Time": "2023-03-23",
            "value": 106.26000213623048
        },
        {
            "Time": "2023-03-24",
            "value": 106.05999755859376
        },
        {
            "Time": "2023-03-27",
            "value": 103.05999755859376
        },
        {
            "Time": "2023-03-28",
            "value": 101.36000061035156
        },
        {
            "Time": "2023-03-29",
            "value": 101.9000015258789
        },
        {
            "Time": "2023-03-30",
            "value": 101.31999969482422
        },
        {
            "Time": "2023-03-31",
            "value": 104.0
        }
    ]
}