{
    "data": [
        {
            "Time": "2023-03-01",
            "value": 98.21989440917967
        },
        {
            "Time": "2023-03-02",
            "value": 98.5986557006836
        },
        {
            "Time": "2023-03-03",
            "value": 100.81144714355467
        },
        {
            "Time": "2023-03-06",
            "value": 100.3330078125
        },
        {
            "Time": "2023-03-07",
            "value": 98.73819732666016
        },
        {
            "Time": "2023-03-08",
            "value": 98.97742462158205
        },
        {
            "Time": "2023-03-09",
            "value": 95.82769012451172
        },
        {
            "Time": "2023-03-10",
            "value": 93.26603698730467
        },
        {
            "Time": "2023-03-13",
            "value": 92.29918670654295
        },
        {
            "Time": "2023-03-14",
            "value": 93.05671691894533
        },
        {
            "Time": "2023-03-15",
            "value": 92.7975616455078
        },
        {
            "Time": "2023-03-16",
            "value": 93.98369598388672
        },
        {
            "Time": "2023-03-17",
            "value": 92.89723205566406
        },
        {
            "Time": "2023-03-20",
            "value": 93.91392517089844
        },
        {
            "Time": "2023-03-21",
            "value": 96.22638702392578
        },
        {
            "Time": "2023-03-22",
            "value": 94.59172058105467
        },
        {
            "Time": "2023-03-23",
            "value": 95.5186996459961
        },
        {
            "Time": "2023-03-24",
            "value": 93.77438354492188
        },
        {
            "Time": "2023-03-27",
            "value": 95.30937957763672
        },
        {
            "Time": "2023-03-28",
            "value": 94.51197814941406
        },
        {
            "Time": "2023-03-29",
            "value": 96.5553207397461
        },
        {
            "Time": "2023-03-30",
            "value": 97.78131866455078
        },
        {
            "Time": "2023-03-31",
            "value": 99.80472564697266
        }
    ]
}