{
    "data": [
        {
            "Time": "2023-03-01",
            "value": 17.453187942504883
        },
        {
            "Time": "2023-03-02",
            "value": 17.453187942504883
        },
        {
            "Time": "2023-03-03",
            "value": 17.59348487854004
        },
        {
            "Time": "2023-03-06",
            "value": 17.556076049804688
        },
        {
            "Time": "2023-03-07",
            "value": 17.499954223632812
        },
        {
            "Time": "2023-03-08",
            "value": 17.406421661376953
        },
        {
            "Time": "2023-03-09",
            "value": 17.135175704956055
        },
        {
            "Time": "2023-03-10",
            "value": 17.23806381225586
        },
        {
            "Time": "2023-03-13",
            "value": 17.116470336914062
        },
        {
            "Time": "2023-03-14",
            "value": 17.247417449951172
        },
        {
            "Time": "2023-03-15",
            "value": 17.125823974609375
        },
        {
            "Time": "2023-03-16",
            "value": 17.200647354125977
        },
        {
            "Time": "2023-03-17",
            "value": 16.95746421813965
        },
        {
            "Time": "2023-03-20",
            "value": 17.2941837310791
        },
        {
            "Time": "2023-03-21",
            "value": 17.3409481048584
        },
        {
            "Time": "2023-03-22",
            "value": 17.200647354125977
        },
        {
            "Time": "2023-03-23",
            "value": 17.266122817993164
        },
        {
            "Time": "2023-03-24",
            "value": 17.406421661376953
        },
        {
            "Time": "2023-03-27",
            "value": 17.649606704711914
        },
        {
            "Time": "2023-03-28",
            "value": 17.509305953979492
        },
        {
            "Time": "2023-03-29",
            "value": 17.771198272705078
        },
        {
            "Time": "2023-03-30",
            "value": 17.846025466918945
        },
        {
            "Time": "2023-03-31",
            "value": 18.005029678344727
        }
    ]
}