{
    "data": [
        {
            "Time": "2023-03-01",
            "value": 313.4800109863281
        },
        {
            "Time": "2023-03-02",
            "value": 311.8800048828125
        },
        {
            "Time": "2023-03-03",
            "value": 315.17999267578125
        },
        {
            "Time": "2023-03-06",
            "value": 312.0299987792969
        },
        {
            "Time": "2023-03-07",
            "value": 308.4700012207031
        },
        {
            "Time": "2023-03-08",
            "value": 311.7900085449219
        },
        {
            "Time": "2023-03-09",
            "value": 297.7799987792969
        },
        {
            "Time": "2023-03-10",
            "value": 292.760009765625
        },
        {
            "Time": "2023-03-13",
            "value": 293.510009765625
        },
        {
            "Time": "2023-03-14",
            "value": 294.94000244140625
        },
        {
            "Time": "2023-03-15",
            "value": 303.7900085449219
        },
        {
            "Time": "2023-03-16",
            "value": 310.05999755859375
        },
        {
            "Time": "2023-03-17",
            "value": 303.5
        },
        {
            "Time": "2023-03-20",
            "value": 305.1300048828125
        },
        {
            "Time": "2023-03-21",
            "value": 305.7900085449219
        },
        {
            "Time": "2023-03-22",
            "value": 293.8999938964844
        },
        {
            "Time": "2023-03-23",
            "value": 320.3699951171875
        },
        {
            "Time": "2023-03-24",
            "value": 328.3900146484375
        },
        {
            "Time": "2023-03-27",
            "value": 327.6600036621094
        },
        {
            "Time": "2023-03-28",
            "value": 323.5199890136719
        },
        {
            "Time": "2023-03-29",
            "value": 332.0299987792969
        },
        {
            "Time": "2023-03-30",
            "value": 338.42999267578125
        },
        {
            "Time": "2023-03-31",
            "value": 345.4800109863281
        }
    ]
}