{
    "data": [
        {
            "Time": "2023-03-01",
            "value": 109.77178192138672
        },
        {
            "Time": "2023-03-02",
            "value": 111.64090728759766
        },
        {
            "Time": "2023-03-03",
            "value": 112.49592590332033
        },
        {
            "Time": "2023-03-06",
            "value": 112.53569793701172
        },
        {
            "Time": "2023-03-07",
            "value": 111.49176788330078
        },
        {
            "Time": "2023-03-08",
            "value": 111.6309585571289
        },
        {
            "Time": "2023-03-09",
            "value": 109.82147979736328
        },
        {
            "Time": "2023-03-10",
            "value": 108.55882263183594
        },
        {
            "Time": "2023-03-13",
            "value": 109.43373107910156
        },
        {
            "Time": "2023-03-14",
            "value": 110.83558654785156
        },
        {
            "Time": "2023-03-15",
            "value": 110.73616790771484
        },
        {
            "Time": "2023-03-16",
            "value": 112.87374114990234
        },
        {
            "Time": "2023-03-17",
            "value": 112.69477081298828
        },
        {
            "Time": "2023-03-20",
            "value": 112.8637924194336
        },
        {
            "Time": "2023-03-21",
            "value": 114.27559661865234
        },
        {
            "Time": "2023-03-22",
            "value": 112.50587463378906
        },
        {
            "Time": "2023-03-23",
            "value": 115.36922454833984
        },
        {
            "Time": "2023-03-24",
            "value": 118.3419418334961
        },
        {
            "Time": "2023-03-27",
            "value": 117.9542007446289
        },
        {
            "Time": "2023-03-28",
            "value": 117.33777618408205
        },
        {
            "Time": "2023-03-29",
            "value": 118.50101470947266
        },
        {
            "Time": "2023-03-30",
            "value": 118.41153717041016
        },
        {
            "Time": "2023-03-31",
            "value": 119.75373077392578
        }
    ]
}