{
    "data": [
        {
            "Time": "2022-11-27",
            "value": 0.15768127862818693
        },
        {
            "Time": "2022-11-28",
            "value": 0.6695527189133069
        },
        {
            "Time": "2022-11-29",
            "value": 0.6057159533906824
        },
        {
            "Time": "2022-11-30",
            "value": 0.25151624947778795
        },
        {
            "Time": "2022-12-01",
            "value": 0.3210748449834877
        },
        {
            "Time": "2022-12-02",
            "value": 0.3408762168472126
        },
        {
            "Time": "2022-12-03",
            "value": 0.5472816046179276
        },
        {
            "Time": "2022-12-04",
            "value": 0.42645491743462177
        },
        {
            "Time": "2022-12-05",
            "value": 0.3591858458890988
        },
        {
            "Time": "2022-12-06",
            "value": 0.5391058197698066
        },
        {
            "Time": "2022-12-07",
            "value": 0.14688305371085406
        },
        {
            "Time": "2022-12-08",
            "value": 0.7399765092068732
        },
        {
            "Time": "2022-12-09",
            "value": 0.6307967891730751
        },
        {
            "Time": "2022-12-10",
            "value": 1.7310632415684624
        },
        {
            "Time": "2022-12-11",
            "value": 0.3216748800878183
        },
        {
            "Time": "2022-12-12",
            "value": 1.0516874001178023
        },
        {
            "Time": "2022-12-13",
            "value": 1.2135091928326125
        },
        {
            "Time": "2022-12-14",
            "value": 0.5648209487972687
        },
        {
            "Time": "2022-12-15",
            "value": 0.40634881072902695
        },
        {
            "Time": "2022-12-16",
            "value": 0.25224202078513763
        },
        {
            "Time": "2022-12-17",
            "value": 0.3582787518764873
        },
        {
            "Time": "2022-12-18",
            "value": 2.2106154932967006
        },
        {
            "Time": "2022-12-19",
            "value": 2.0765391124876578
        },
        {
            "Time": "2022-12-20",
            "value": 1.0773086008359458
        },
        {
            "Time": "2022-12-21",
            "value": 1.8679422490356548
        },
        {
            "Time": "2022-12-22",
            "value": 2.0247533146087076
        },
        {
            "Time": "2022-12-23",
            "value": 2.134284061207604
        },
        {
            "Time": "2022-12-24",
            "value": 2.1315324665200146
        },
        {
            "Time": "2022-12-25",
            "value": 2.1447164246962007
        },
        {
            "Time": "2022-12-26",
            "value": 1.667298609259388
        },
        {
            "Time": "2022-12-27",
            "value": 0.7556253846196271
        },
        {
            "Time": "2022-12-28",
            "value": 0.39314814798423614
        },
        {
            "Time": "2022-12-29",
            "value": 0.24133467361555555
        },
        {
            "Time": "2022-12-30",
            "value": 0.38429615461525807
        },
        {
            "Time": "2022-12-31",
            "value": 1.115684519257979
        },
        {
            "Time": "2023-01-01",
            "value": 0.6371886840361007
        },
        {
            "Time": "2023-01-02",
            "value": 0.3219231232250274
        },
        {
            "Time": "2023-01-03",
            "value": 0.36759203330723766
        },
        {
            "Time": "2023-01-04",
            "value": 0.37582562069852726
        },
        {
            "Time": "2023-01-05",
            "value": 0.4831471561746726
        },
        {
            "Time": "2023-01-06",
            "value": 2.0571350231038816
        },
        {
            "Time": "2023-01-07",
            "value": 2.1801597395159056
        },
        {
            "Time": "2023-01-08",
            "value": 2.171035741858607
        },
        {
            "Time": "2023-01-09",
            "value": 0.414816671629608
        },
        {
            "Time": "2023-01-10",
            "value": 0.4574337490047739
        },
        {
            "Time": "2023-01-11",
            "value": 0.6260299616035931
        },
        {
            "Time": "2023-01-12",
            "value": 1.2666077575170775
        },
        {
            "Time": "2023-01-13",
            "value": 0.2793251952173896
        },
        {
            "Time": "2023-01-14",
            "value": 1.2398151732114255
        },
        {
            "Time": "2023-01-15",
            "value": 0.34214042589838045
        },
        {
            "Time": "2023-01-16",
            "value": 1.8096841360875968
        },
        {
            "Time": "2023-01-17",
            "value": 0.40666031438015116
        },
        {
            "Time": "2023-01-18",
            "value": 2.1802372118655953
        },
        {
            "Time": "2023-01-19",
            "value": 1.8424347887078003
        },
        {
            "Time": "2023-01-20",
            "value": 0.710652896634654
        },
        {
            "Time": "2023-01-21",
            "value": 0.24484852499948698
        },
        {
            "Time": "2023-01-22",
            "value": 1.611796146150632
        },
        {
            "Time": "2023-01-23",
            "value": 0.2142257125997122
        },
        {
            "Time": "2023-01-24",
            "value": 1.4777104638044396
        },
        {
            "Time": "2023-01-25",
            "value": 2.457298032143335
        },
        {
            "Time": "2023-01-26",
            "value": 1.1625833451532637
        },
        {
            "Time": "2023-01-27",
            "value": 2.235073616728971
        },
        {
            "Time": "2023-01-28",
            "value": 2.51763199142903
        },
        {
            "Time": "2023-01-29",
            "value": 2.5208662491683542
        },
        {
            "Time": "2023-01-30",
            "value": 2.549024166105847
        },
        {
            "Time": "2023-01-31",
            "value": 2.536631639981473
        },
        {
            "Time": "2023-02-01",
            "value": 0.4242847157879279
        },
        {
            "Time": "2023-02-02",
            "value": 1.0297956520433482
        },
        {
            "Time": "2023-02-03",
            "value": 0.4769452895174245
        },
        {
            "Time": "2023-02-04",
            "value": 0.17041319501522223
        },
        {
            "Time": "2023-02-05",
            "value": 0.33028846764162206
        },
        {
            "Time": "2023-02-06",
            "value": 1.3694043969727596
        },
        {
            "Time": "2023-02-07",
            "value": 0.3047007709241585
        },
        {
            "Time": "2023-02-08",
            "value": 0.1975574791128631
        },
        {
            "Time": "2023-02-09",
            "value": 0.41628599169635866
        },
        {
            "Time": "2023-02-10",
            "value": 0.2274727153603534
        },
        {
            "Time": "2023-02-11",
            "value": 0.7455345968381658
        },
        {
            "Time": "2023-02-12",
            "value": 1.015053663807507
        },
        {
            "Time": "2023-02-13",
            "value": 0.3715401698354122
        },
        {
            "Time": "2023-02-14",
            "value": 0.8464024767037245
        },
        {
            "Time": "2023-02-15",
            "value": 2.443770626689361
        },
        {
            "Time": "2023-02-16",
            "value": 2.799529867681369
        },
        {
            "Time": "2023-02-17",
            "value": 2.0019898926786297
        },
        {
            "Time": "2023-02-18",
            "value": 2.492036583381108
        },
        {
            "Time": "2023-02-19",
            "value": 0.7160918575836267
        },
        {
            "Time": "2023-02-20",
            "value": 1.3467584632926834
        },
        {
            "Time": "2023-02-21",
            "value": 2.7798772492228534
        },
        {
            "Time": "2023-02-22",
            "value": 2.369917310184891
        },
        {
            "Time": "2023-02-23",
            "value": 2.2153863568647205
        },
        {
            "Time": "2023-02-24",
            "value": 0.977013959652947
        },
        {
            "Time": "2023-02-25",
            "value": 2.575438039772504
        },
        {
            "Time": "2023-02-26",
            "value": 2.8754593010378446
        },
        {
            "Time": "2023-02-27",
            "value": 2.5789344548133406
        },
        {
            "Time": "2023-02-28",
            "value": 1.3240542150468184
        },
        {
            "Time": "2023-03-01",
            "value": 1.3952633529575542
        },
        {
            "Time": "2023-03-02",
            "value": 1.9006308869999682
        },
        {
            "Time": "2023-03-03",
            "value": 2.497060417897716
        },
        {
            "Time": "2023-03-04",
            "value": 2.817648941923443
        },
        {
            "Time": "2023-03-05",
            "value": 2.759436014408473
        },
        {
            "Time": "2023-03-06",
            "value": 2.866805774980676
        },
        {
            "Time": "2023-03-07",
            "value": 2.84262641479463
        },
        {
            "Time": "2023-03-08",
            "value": 2.5032174518337316
        },
        {
            "Time": "2023-03-09",
            "value": 2.0827367225101634
        },
        {
            "Time": "2023-03-10",
            "value": 2.9138022187057113
        },
        {
            "Time": "2023-03-11",
            "value": 2.323422955733997
        },
        {
            "Time": "2023-03-12",
            "value": 0.5746696944129654
        },
        {
            "Time": "2023-03-13",
            "value": 2.197775011850319
        },
        {
            "Time": "2023-03-14",
            "value": 3.0289176924529184
        },
        {
            "Time": "2023-03-15",
            "value": 2.4858531870604144
        },
        {
            "Time": "2023-03-16",
            "value": 2.589121204037064
        },
        {
            "Time": "2023-03-17",
            "value": 1.4315826886473042
        },
        {
            "Time": "2023-03-18",
            "value": 0.3871000926505258
        },
        {
            "Time": "2023-03-19",
            "value": 0.13636004740465502
        },
        {
            "Time": "2023-03-20",
            "value": 2.0543220720525204
        },
        {
            "Time": "2023-03-21",
            "value": 1.114202009724078
        },
        {
            "Time": "2023-03-22",
            "value": 1.911799978432838
        },
        {
            "Time": "2023-03-23",
            "value": 0.16850987899251263
        },
        {
            "Time": "2023-03-24",
            "value": 0.19595457652269682
        },
        {
            "Time": "2023-03-25",
            "value": 0.2685269143760369
        },
        {
            "Time": "2023-03-26",
            "value": 1.0641918064800222
        },
        {
            "Time": "2023-03-27",
            "value": 0.0
        }
    ]
}