{
    "data": [
        {
            "Time": "2022-11-27",
            "value": 0.18548357500847965
        },
        {
            "Time": "2022-11-28",
            "value": 0.572436223782468
        },
        {
            "Time": "2022-11-29",
            "value": 0.5352264149649113
        },
        {
            "Time": "2022-11-30",
            "value": 0.2528824382423669
        },
        {
            "Time": "2022-12-01",
            "value": 0.0
        },
        {
            "Time": "2022-12-02",
            "value": 0.0
        },
        {
            "Time": "2022-12-03",
            "value": 0.0
        },
        {
            "Time": "2022-12-04",
            "value": 0.0
        },
        {
            "Time": "2022-12-05",
            "value": 0.0
        },
        {
            "Time": "2022-12-06",
            "value": 0.0
        },
        {
            "Time": "2022-12-07",
            "value": 0.0
        },
        {
            "Time": "2022-12-08",
            "value": 0.6060565162645043
        },
        {
            "Time": "2022-12-09",
            "value": 0.5698626812410734
        },
        {
            "Time": "2022-12-10",
            "value": 1.3758818794983634
        },
        {
            "Time": "2022-12-11",
            "value": 0.30762557626009257
        },
        {
            "Time": "2022-12-12",
            "value": 0.7820871253318229
        },
        {
            "Time": "2022-12-13",
            "value": 0.9820694888089829
        },
        {
            "Time": "2022-12-14",
            "value": 0.5192774310140239
        },
        {
            "Time": "2022-12-15",
            "value": 0.3881493829714141
        },
        {
            "Time": "2022-12-16",
            "value": 0.24954315503025215
        },
        {
            "Time": "2022-12-17",
            "value": 0.33251284457492186
        },
        {
            "Time": "2022-12-18",
            "value": 1.5146666211111899
        },
        {
            "Time": "2022-12-19",
            "value": 1.3797049412035207
        },
        {
            "Time": "2022-12-20",
            "value": 0.9533861080089692
        },
        {
            "Time": "2022-12-21",
            "value": 1.3150548370782933
        },
        {
            "Time": "2022-12-22",
            "value": 1.4569351340371026
        },
        {
            "Time": "2022-12-23",
            "value": 1.4781157192321428
        },
        {
            "Time": "2022-12-24",
            "value": 1.4886860770191994
        },
        {
            "Time": "2022-12-25",
            "value": 1.4956206800975251
        },
        {
            "Time": "2022-12-26",
            "value": 1.345427431427544
        },
        {
            "Time": "2022-12-27",
            "value": 0.6374254493823184
        },
        {
            "Time": "2022-12-28",
            "value": 0.3700601814302083
        },
        {
            "Time": "2022-12-29",
            "value": 0.24116567422791005
        },
        {
            "Time": "2022-12-30",
            "value": 0.36690394127673615
        },
        {
            "Time": "2022-12-31",
            "value": 0.8456379167011856
        },
        {
            "Time": "2023-01-01",
            "value": 0.5710350920442825
        },
        {
            "Time": "2023-01-02",
            "value": 0.30953125146099536
        },
        {
            "Time": "2023-01-03",
            "value": 0.35709464058575935
        },
        {
            "Time": "2023-01-04",
            "value": 0.34978819610478007
        },
        {
            "Time": "2023-01-05",
            "value": 0.4493946766275463
        },
        {
            "Time": "2023-01-06",
            "value": 1.4486595266116862
        },
        {
            "Time": "2023-01-07",
            "value": 1.5206189201457783
        },
        {
            "Time": "2023-01-08",
            "value": 1.5127257630528794
        },
        {
            "Time": "2023-01-09",
            "value": 0.39089804967918923
        },
        {
            "Time": "2023-01-10",
            "value": 0.43624066074100704
        },
        {
            "Time": "2023-01-11",
            "value": 0.561831841035089
        },
        {
            "Time": "2023-01-12",
            "value": 0.9907893822536192
        },
        {
            "Time": "2023-01-13",
            "value": 0.28130463518213644
        },
        {
            "Time": "2023-01-14",
            "value": 0.9426071966992798
        },
        {
            "Time": "2023-01-15",
            "value": 0.32583425314028364
        },
        {
            "Time": "2023-01-16",
            "value": 1.4419366646844354
        },
        {
            "Time": "2023-01-17",
            "value": 0.37956597525625
        },
        {
            "Time": "2023-01-18",
            "value": 1.6005711744834978
        },
        {
            "Time": "2023-01-19",
            "value": 1.419525986129838
        },
        {
            "Time": "2023-01-20",
            "value": 0.6264940008410426
        },
        {
            "Time": "2023-01-21",
            "value": 0.24409837673150464
        },
        {
            "Time": "2023-01-22",
            "value": 1.292157779734413
        },
        {
            "Time": "2023-01-23",
            "value": 0.21425462709160878
        },
        {
            "Time": "2023-01-24",
            "value": 0.7769612080694656
        },
        {
            "Time": "2023-01-25",
            "value": 1.8497501031960828
        },
        {
            "Time": "2023-01-26",
            "value": 0.9577327484084176
        },
        {
            "Time": "2023-01-27",
            "value": 1.6935719378995406
        },
        {
            "Time": "2023-01-28",
            "value": 1.8829329074893986
        },
        {
            "Time": "2023-01-29",
            "value": 1.84761752134329
        },
        {
            "Time": "2023-01-30",
            "value": 1.8994513881868231
        },
        {
            "Time": "2023-01-31",
            "value": 1.8841490867283748
        },
        {
            "Time": "2023-02-01",
            "value": 0.4007864593284144
        },
        {
            "Time": "2023-02-02",
            "value": 0.9177440860366072
        },
        {
            "Time": "2023-02-03",
            "value": 0.44562213694044367
        },
        {
            "Time": "2023-02-04",
            "value": 0.16403125128967594
        },
        {
            "Time": "2023-02-05",
            "value": 0.32648784716150464
        },
        {
            "Time": "2023-02-06",
            "value": 1.1769763310297445
        },
        {
            "Time": "2023-02-07",
            "value": 0.29217716463918597
        },
        {
            "Time": "2023-02-08",
            "value": 0.19236394747636573
        },
        {
            "Time": "2023-02-09",
            "value": 0.38529628506108826
        },
        {
            "Time": "2023-02-10",
            "value": 0.23266187103644345
        },
        {
            "Time": "2023-02-11",
            "value": 0.6145922088149731
        },
        {
            "Time": "2023-02-12",
            "value": 0.7810061039647134
        },
        {
            "Time": "2023-02-13",
            "value": 0.36151082576558513
        },
        {
            "Time": "2023-02-14",
            "value": 0.7168015335778877
        },
        {
            "Time": "2023-02-15",
            "value": 1.9074368025936097
        },
        {
            "Time": "2023-02-16",
            "value": 2.1853229143159254
        },
        {
            "Time": "2023-02-17",
            "value": 1.57214094917065
        },
        {
            "Time": "2023-02-18",
            "value": 1.961453563491499
        },
        {
            "Time": "2023-02-19",
            "value": 0.656329860469483
        },
        {
            "Time": "2023-02-20",
            "value": 1.1494007377554694
        },
        {
            "Time": "2023-02-21",
            "value": 2.247528466270672
        },
        {
            "Time": "2023-02-22",
            "value": 1.7839912691947852
        },
        {
            "Time": "2023-02-23",
            "value": 1.7159068525996728
        },
        {
            "Time": "2023-02-24",
            "value": 0.862829471745531
        },
        {
            "Time": "2023-02-25",
            "value": 2.1441532605646616
        },
        {
            "Time": "2023-02-26",
            "value": 2.325921939175562
        },
        {
            "Time": "2023-02-27",
            "value": 2.0266379911697636
        },
        {
            "Time": "2023-02-28",
            "value": 1.1616423962001843
        },
        {
            "Time": "2023-03-01",
            "value": 1.2516500963480468
        },
        {
            "Time": "2023-03-02",
            "value": 1.5644449559816502
        },
        {
            "Time": "2023-03-03",
            "value": 2.1183240414747178
        },
        {
            "Time": "2023-03-04",
            "value": 2.383443058289809
        },
        {
            "Time": "2023-03-05",
            "value": 2.355597432107895
        },
        {
            "Time": "2023-03-06",
            "value": 2.456885265872381
        },
        {
            "Time": "2023-03-07",
            "value": 2.4457645080215595
        },
        {
            "Time": "2023-03-08",
            "value": 2.256047433783177
        },
        {
            "Time": "2023-03-09",
            "value": 1.570947072544576
        },
        {
            "Time": "2023-03-10",
            "value": 2.5027667836400522
        },
        {
            "Time": "2023-03-11",
            "value": 2.0519162898961167
        },
        {
            "Time": "2023-03-12",
            "value": 0.5246890485698524
        },
        {
            "Time": "2023-03-13",
            "value": 1.902023040936362
        },
        {
            "Time": "2023-03-14",
            "value": 2.6134442940671287
        },
        {
            "Time": "2023-03-15",
            "value": 2.0644851009719485
        },
        {
            "Time": "2023-03-16",
            "value": 2.2910783270992154
        },
        {
            "Time": "2023-03-17",
            "value": 1.3020500338143413
        },
        {
            "Time": "2023-03-18",
            "value": 0.36829621265950174
        },
        {
            "Time": "2023-03-19",
            "value": 0.14349431866771883
        },
        {
            "Time": "2023-03-20",
            "value": 1.7610578106605561
        },
        {
            "Time": "2023-03-21",
            "value": 0.9924506862835947
        },
        {
            "Time": "2023-03-22",
            "value": 1.6652149932113143
        },
        {
            "Time": "2023-03-23",
            "value": 0.19160325681919643
        },
        {
            "Time": "2023-03-24",
            "value": 0.20191770998382524
        },
        {
            "Time": "2023-03-25",
            "value": 0.268804397016713
        },
        {
            "Time": "2023-03-26",
            "value": 0.9683872972141995
        },
        {
            "Time": "2023-03-27",
            "value": 0.0
        }
    ]
}