{
    "data": [
        {
            "Time": "2022-11-27",
            "value": 0.24159523841542407
        },
        {
            "Time": "2022-11-28",
            "value": 0.6010433161295697
        },
        {
            "Time": "2022-11-29",
            "value": 0.5537739145628634
        },
        {
            "Time": "2022-11-30",
            "value": 0.3002617242780379
        },
        {
            "Time": "2022-12-01",
            "value": 0.36682542225899883
        },
        {
            "Time": "2022-12-02",
            "value": 0.37610650179270894
        },
        {
            "Time": "2022-12-03",
            "value": 0.5657562717473449
        },
        {
            "Time": "2022-12-04",
            "value": 0.4519577728014661
        },
        {
            "Time": "2022-12-05",
            "value": 0.39898998986425777
        },
        {
            "Time": "2022-12-06",
            "value": 0.5594611769936425
        },
        {
            "Time": "2022-12-07",
            "value": 0.20155555438125
        },
        {
            "Time": "2022-12-08",
            "value": 0.7219696009911337
        },
        {
            "Time": "2022-12-09",
            "value": 0.6250353519756917
        },
        {
            "Time": "2022-12-10",
            "value": 1.2574207547785519
        },
        {
            "Time": "2022-12-11",
            "value": 0.36436788321227354
        },
        {
            "Time": "2022-12-12",
            "value": 0.8483456542583597
        },
        {
            "Time": "2022-12-13",
            "value": 1.0377774135708446
        },
        {
            "Time": "2022-12-14",
            "value": 0.5767907218028092
        },
        {
            "Time": "2022-12-15",
            "value": 0.43935230639208717
        },
        {
            "Time": "2022-12-16",
            "value": 0.2976078576594833
        },
        {
            "Time": "2022-12-17",
            "value": 0.3750968308803656
        },
        {
            "Time": "2022-12-18",
            "value": 1.4095861540795944
        },
        {
            "Time": "2022-12-19",
            "value": 1.3215324858009665
        },
        {
            "Time": "2022-12-20",
            "value": 0.8961459795344999
        },
        {
            "Time": "2022-12-21",
            "value": 1.3152174830242545
        },
        {
            "Time": "2022-12-22",
            "value": 1.3278478688343358
        },
        {
            "Time": "2022-12-23",
            "value": 1.372721830588914
        },
        {
            "Time": "2022-12-24",
            "value": 1.3806720596830209
        },
        {
            "Time": "2022-12-25",
            "value": 1.3872441190481444
        },
        {
            "Time": "2022-12-26",
            "value": 1.2325032688946616
        },
        {
            "Time": "2022-12-27",
            "value": 0.7406846658919027
        },
        {
            "Time": "2022-12-28",
            "value": 0.44468634797453704
        },
        {
            "Time": "2022-12-29",
            "value": 0.2949479163729167
        },
        {
            "Time": "2022-12-30",
            "value": 0.41944212247164353
        },
        {
            "Time": "2022-12-31",
            "value": 1.0069776738520113
        },
        {
            "Time": "2023-01-01",
            "value": 0.6271556923687261
        },
        {
            "Time": "2023-01-02",
            "value": 0.36514467488599534
        },
        {
            "Time": "2023-01-03",
            "value": 0.4050820606050896
        },
        {
            "Time": "2023-01-04",
            "value": 0.40902661825879627
        },
        {
            "Time": "2023-01-05",
            "value": 0.4917453688678241
        },
        {
            "Time": "2023-01-06",
            "value": 1.3310381726255234
        },
        {
            "Time": "2023-01-07",
            "value": 1.4127845958305838
        },
        {
            "Time": "2023-01-08",
            "value": 1.4230398223165628
        },
        {
            "Time": "2023-01-09",
            "value": 0.44466071413036873
        },
        {
            "Time": "2023-01-10",
            "value": 0.4835877430584718
        },
        {
            "Time": "2023-01-11",
            "value": 0.6121968711259538
        },
        {
            "Time": "2023-01-12",
            "value": 1.1181480414899128
        },
        {
            "Time": "2023-01-13",
            "value": 0.34947787331478875
        },
        {
            "Time": "2023-01-14",
            "value": 1.0666761087788459
        },
        {
            "Time": "2023-01-15",
            "value": 0.3722801989822783
        },
        {
            "Time": "2023-01-16",
            "value": 1.3296232035411382
        },
        {
            "Time": "2023-01-17",
            "value": 0.4402760344508102
        },
        {
            "Time": "2023-01-18",
            "value": 1.4439126546502077
        },
        {
            "Time": "2023-01-19",
            "value": 1.369381845840548
        },
        {
            "Time": "2023-01-20",
            "value": 0.7111701392591064
        },
        {
            "Time": "2023-01-21",
            "value": 0.2890608463308432
        },
        {
            "Time": "2023-01-22",
            "value": 1.2033011590253475
        },
        {
            "Time": "2023-01-23",
            "value": 0.26151707029075233
        },
        {
            "Time": "2023-01-24",
            "value": 1.047743817956104
        },
        {
            "Time": "2023-01-25",
            "value": 1.695435404642101
        },
        {
            "Time": "2023-01-26",
            "value": 1.0303383637867964
        },
        {
            "Time": "2023-01-27",
            "value": 1.5346410285348138
        },
        {
            "Time": "2023-01-28",
            "value": 1.7296802093462842
        },
        {
            "Time": "2023-01-29",
            "value": 1.7208662922215927
        },
        {
            "Time": "2023-01-30",
            "value": 1.7443361974121854
        },
        {
            "Time": "2023-01-31",
            "value": 1.7457796435975332
        },
        {
            "Time": "2023-02-01",
            "value": 0.45414319167331346
        },
        {
            "Time": "2023-02-02",
            "value": 0.881517351736277
        },
        {
            "Time": "2023-02-03",
            "value": 0.49380059845838153
        },
        {
            "Time": "2023-02-04",
            "value": 0.2124988457730324
        },
        {
            "Time": "2023-02-05",
            "value": 0.38309647192068175
        },
        {
            "Time": "2023-02-06",
            "value": 1.283179240209938
        },
        {
            "Time": "2023-02-07",
            "value": 0.354067488180463
        },
        {
            "Time": "2023-02-08",
            "value": 0.25427954488867505
        },
        {
            "Time": "2023-02-09",
            "value": 0.4475861167375986
        },
        {
            "Time": "2023-02-10",
            "value": 0.2989122668215509
        },
        {
            "Time": "2023-02-11",
            "value": 0.7143518763681085
        },
        {
            "Time": "2023-02-12",
            "value": 0.9021450608634793
        },
        {
            "Time": "2023-02-13",
            "value": 0.40211147692947075
        },
        {
            "Time": "2023-02-14",
            "value": 0.7816220420535275
        },
        {
            "Time": "2023-02-15",
            "value": 1.8408363676337238
        },
        {
            "Time": "2023-02-16",
            "value": 1.9477094370019539
        },
        {
            "Time": "2023-02-17",
            "value": 1.4362689652298832
        },
        {
            "Time": "2023-02-18",
            "value": 1.865555097619444
        },
        {
            "Time": "2023-02-19",
            "value": 0.7211383279368931
        },
        {
            "Time": "2023-02-20",
            "value": 1.2432028598441884
        },
        {
            "Time": "2023-02-21",
            "value": 2.0760073120681386
        },
        {
            "Time": "2023-02-22",
            "value": 1.6959646848858023
        },
        {
            "Time": "2023-02-23",
            "value": 1.6861715674390114
        },
        {
            "Time": "2023-02-24",
            "value": 0.9377988991802326
        },
        {
            "Time": "2023-02-25",
            "value": 1.9214551261679755
        },
        {
            "Time": "2023-02-26",
            "value": 2.076573408423006
        },
        {
            "Time": "2023-02-27",
            "value": 1.9906261197465893
        },
        {
            "Time": "2023-02-28",
            "value": 1.2209003981673003
        },
        {
            "Time": "2023-03-01",
            "value": 1.2699139441839147
        },
        {
            "Time": "2023-03-02",
            "value": 1.4953981278858448
        },
        {
            "Time": "2023-03-03",
            "value": 1.914297504829013
        },
        {
            "Time": "2023-03-04",
            "value": 2.217434326536143
        },
        {
            "Time": "2023-03-05",
            "value": 2.197416640671719
        },
        {
            "Time": "2023-03-06",
            "value": 2.2875917344114756
        },
        {
            "Time": "2023-03-07",
            "value": 2.2521462509127166
        },
        {
            "Time": "2023-03-08",
            "value": 2.15007247997545
        },
        {
            "Time": "2023-03-09",
            "value": 1.620213114514473
        },
        {
            "Time": "2023-03-10",
            "value": 2.304767838266548
        },
        {
            "Time": "2023-03-11",
            "value": 1.8929293206179882
        },
        {
            "Time": "2023-03-12",
            "value": 0.5915456933932179
        },
        {
            "Time": "2023-03-13",
            "value": 1.9162223081913097
        },
        {
            "Time": "2023-03-14",
            "value": 2.418884414265644
        },
        {
            "Time": "2023-03-15",
            "value": 2.0153716863133675
        },
        {
            "Time": "2023-03-16",
            "value": 2.1709189355360277
        },
        {
            "Time": "2023-03-17",
            "value": 1.2885885968457111
        },
        {
            "Time": "2023-03-18",
            "value": 0.4349253617265551
        },
        {
            "Time": "2023-03-19",
            "value": 0.21203880389217022
        },
        {
            "Time": "2023-03-20",
            "value": 1.790111999729986
        },
        {
            "Time": "2023-03-21",
            "value": 1.0506816025050076
        },
        {
            "Time": "2023-03-22",
            "value": 1.633499464255992
        },
        {
            "Time": "2023-03-23",
            "value": 0.2593160546144841
        },
        {
            "Time": "2023-03-24",
            "value": 0.2702011044412037
        },
        {
            "Time": "2023-03-25",
            "value": 0.3310821809938079
        },
        {
            "Time": "2023-03-26",
            "value": 1.0230303366480769
        },
        {
            "Time": "2023-03-27",
            "value": 0.0
        }
    ]
}