{
    "data": [
        {
            "Time": "2022-11-27",
            "value": 0.08332315848772494
        },
        {
            "Time": "2022-11-28",
            "value": 0.5293955521396687
        },
        {
            "Time": "2022-11-29",
            "value": 0.3546525776326768
        },
        {
            "Time": "2022-11-30",
            "value": 0.14631584728871935
        },
        {
            "Time": "2022-12-01",
            "value": 0.0
        },
        {
            "Time": "2022-12-02",
            "value": 0.0
        },
        {
            "Time": "2022-12-03",
            "value": 0.0
        },
        {
            "Time": "2022-12-04",
            "value": 0.0
        },
        {
            "Time": "2022-12-05",
            "value": 0.0
        },
        {
            "Time": "2022-12-06",
            "value": 0.0
        },
        {
            "Time": "2022-12-07",
            "value": 0.0
        },
        {
            "Time": "2022-12-08",
            "value": 0.5610224250900553
        },
        {
            "Time": "2022-12-09",
            "value": 0.47213429518783084
        },
        {
            "Time": "2022-12-10",
            "value": 1.0058443856463686
        },
        {
            "Time": "2022-12-11",
            "value": 0.207992792847616
        },
        {
            "Time": "2022-12-12",
            "value": 0.6845759971752309
        },
        {
            "Time": "2022-12-13",
            "value": 0.6833503463228328
        },
        {
            "Time": "2022-12-14",
            "value": 0.42247980821199105
        },
        {
            "Time": "2022-12-15",
            "value": 0.28803602744656326
        },
        {
            "Time": "2022-12-16",
            "value": 0.16194154061654853
        },
        {
            "Time": "2022-12-17",
            "value": 0.2534421556295633
        },
        {
            "Time": "2022-12-18",
            "value": 1.2935543091569688
        },
        {
            "Time": "2022-12-19",
            "value": 1.1535254182155723
        },
        {
            "Time": "2022-12-20",
            "value": 0.5825994412242321
        },
        {
            "Time": "2022-12-21",
            "value": 1.2447429117122366
        },
        {
            "Time": "2022-12-22",
            "value": 1.1705799175075193
        },
        {
            "Time": "2022-12-23",
            "value": 1.295504021117301
        },
        {
            "Time": "2022-12-24",
            "value": 1.2238466330601911
        },
        {
            "Time": "2022-12-25",
            "value": 1.2156158101570045
        },
        {
            "Time": "2022-12-26",
            "value": 0.8766355587664811
        },
        {
            "Time": "2022-12-27",
            "value": 0.5122625029436058
        },
        {
            "Time": "2022-12-28",
            "value": 0.27135995331437035
        },
        {
            "Time": "2022-12-29",
            "value": 0.15067702103029987
        },
        {
            "Time": "2022-12-30",
            "value": 0.27978072424546546
        },
        {
            "Time": "2022-12-31",
            "value": 0.7499493898856238
        },
        {
            "Time": "2023-01-01",
            "value": 0.46960347046051143
        },
        {
            "Time": "2023-01-02",
            "value": 0.23021952397656736
        },
        {
            "Time": "2023-01-03",
            "value": 0.23742329094619707
        },
        {
            "Time": "2023-01-04",
            "value": 0.27089756846595925
        },
        {
            "Time": "2023-01-05",
            "value": 0.3715646569734777
        },
        {
            "Time": "2023-01-06",
            "value": 1.2007626958323228
        },
        {
            "Time": "2023-01-07",
            "value": 1.2290821968783834
        },
        {
            "Time": "2023-01-08",
            "value": 1.239451204709578
        },
        {
            "Time": "2023-01-09",
            "value": 0.2945281063526316
        },
        {
            "Time": "2023-01-10",
            "value": 0.32308926094454293
        },
        {
            "Time": "2023-01-11",
            "value": 0.47354835930908873
        },
        {
            "Time": "2023-01-12",
            "value": 0.7871931569298894
        },
        {
            "Time": "2023-01-13",
            "value": 0.1930068161057113
        },
        {
            "Time": "2023-01-14",
            "value": 0.7290297202212616
        },
        {
            "Time": "2023-01-15",
            "value": 0.2202446433641493
        },
        {
            "Time": "2023-01-16",
            "value": 1.0877019061940323
        },
        {
            "Time": "2023-01-17",
            "value": 0.2960006040831128
        },
        {
            "Time": "2023-01-18",
            "value": 1.2874355673243374
        },
        {
            "Time": "2023-01-19",
            "value": 1.1032821619221935
        },
        {
            "Time": "2023-01-20",
            "value": 0.5164434473373891
        },
        {
            "Time": "2023-01-21",
            "value": 0.14731018409181018
        },
        {
            "Time": "2023-01-22",
            "value": 1.0926487409124312
        },
        {
            "Time": "2023-01-23",
            "value": 0.11657796823284734
        },
        {
            "Time": "2023-01-24",
            "value": 0.8793801014506787
        },
        {
            "Time": "2023-01-25",
            "value": 1.6474800605768243
        },
        {
            "Time": "2023-01-26",
            "value": 0.7251846675443363
        },
        {
            "Time": "2023-01-27",
            "value": 1.3656086461103896
        },
        {
            "Time": "2023-01-28",
            "value": 1.7046708465021476
        },
        {
            "Time": "2023-01-29",
            "value": 1.7041276383879245
        },
        {
            "Time": "2023-01-30",
            "value": 1.7043989258169174
        },
        {
            "Time": "2023-01-31",
            "value": 1.7126993089389912
        },
        {
            "Time": "2023-02-01",
            "value": 0.3181402746273194
        },
        {
            "Time": "2023-02-02",
            "value": 0.825216066152898
        },
        {
            "Time": "2023-02-03",
            "value": 0.35056574936199486
        },
        {
            "Time": "2023-02-04",
            "value": 0.09214021034641237
        },
        {
            "Time": "2023-02-05",
            "value": 0.21400514786613115
        },
        {
            "Time": "2023-02-06",
            "value": 0.9683555764625975
        },
        {
            "Time": "2023-02-07",
            "value": 0.19128022527522506
        },
        {
            "Time": "2023-02-08",
            "value": 0.09709510796473758
        },
        {
            "Time": "2023-02-09",
            "value": 0.2914380929607982
        },
        {
            "Time": "2023-02-10",
            "value": 0.12127248228058707
        },
        {
            "Time": "2023-02-11",
            "value": 0.5598923963506658
        },
        {
            "Time": "2023-02-12",
            "value": 0.7929248234573789
        },
        {
            "Time": "2023-02-13",
            "value": 0.23659709029311857
        },
        {
            "Time": "2023-02-14",
            "value": 0.6519043186318515
        },
        {
            "Time": "2023-02-15",
            "value": 1.8782384247169435
        },
        {
            "Time": "2023-02-16",
            "value": 1.9176575153982958
        },
        {
            "Time": "2023-02-17",
            "value": 1.538540170198876
        },
        {
            "Time": "2023-02-18",
            "value": 1.9729379673843295
        },
        {
            "Time": "2023-02-19",
            "value": 0.5360448897836068
        },
        {
            "Time": "2023-02-20",
            "value": 1.054502502332908
        },
        {
            "Time": "2023-02-21",
            "value": 2.115331448614001
        },
        {
            "Time": "2023-02-22",
            "value": 1.7985705502458376
        },
        {
            "Time": "2023-02-23",
            "value": 1.521360076971868
        },
        {
            "Time": "2023-02-24",
            "value": 0.7319189534097222
        },
        {
            "Time": "2023-02-25",
            "value": 1.8500079050816323
        },
        {
            "Time": "2023-02-26",
            "value": 2.072562776273617
        },
        {
            "Time": "2023-02-27",
            "value": 2.143339776327794
        },
        {
            "Time": "2023-02-28",
            "value": 1.0460570732807712
        },
        {
            "Time": "2023-03-01",
            "value": 1.0024779222271338
        },
        {
            "Time": "2023-03-02",
            "value": 1.4132076852040447
        },
        {
            "Time": "2023-03-03",
            "value": 1.7761553794840192
        },
        {
            "Time": "2023-03-04",
            "value": 2.347200375978083
        },
        {
            "Time": "2023-03-05",
            "value": 2.22775119189854
        },
        {
            "Time": "2023-03-06",
            "value": 2.386423671268844
        },
        {
            "Time": "2023-03-07",
            "value": 2.338977378553822
        },
        {
            "Time": "2023-03-08",
            "value": 1.9967596241842867
        },
        {
            "Time": "2023-03-09",
            "value": 1.7095695022352506
        },
        {
            "Time": "2023-03-10",
            "value": 2.4567294049080655
        },
        {
            "Time": "2023-03-11",
            "value": 1.7820800793871314
        },
        {
            "Time": "2023-03-12",
            "value": 0.43854323688768854
        },
        {
            "Time": "2023-03-13",
            "value": 1.8175458988029416
        },
        {
            "Time": "2023-03-14",
            "value": 2.618848431409987
        },
        {
            "Time": "2023-03-15",
            "value": 2.1204918052166324
        },
        {
            "Time": "2023-03-16",
            "value": 2.138268057321633
        },
        {
            "Time": "2023-03-17",
            "value": 1.146772949764479
        },
        {
            "Time": "2023-03-18",
            "value": 0.2700128689706458
        },
        {
            "Time": "2023-03-19",
            "value": 0.0427023080726591
        },
        {
            "Time": "2023-03-20",
            "value": 1.729320274819796
        },
        {
            "Time": "2023-03-21",
            "value": 0.9235832864412242
        },
        {
            "Time": "2023-03-22",
            "value": 1.5602305058427173
        },
        {
            "Time": "2023-03-23",
            "value": 0.08564834151656911
        },
        {
            "Time": "2023-03-24",
            "value": 0.0928711642192496
        },
        {
            "Time": "2023-03-25",
            "value": 0.14436302068213755
        },
        {
            "Time": "2023-03-26",
            "value": 0.8365899335863483
        },
        {
            "Time": "2023-03-27",
            "value": 0.0
        }
    ]
}