{
    "data": [
        {
            "Time": "2022-11-27",
            "value": 0.33860057162222984
        },
        {
            "Time": "2022-11-28",
            "value": 1.134484777040484
        },
        {
            "Time": "2022-11-29",
            "value": 1.1957931222293754
        },
        {
            "Time": "2022-11-30",
            "value": 0.4663197995023285
        },
        {
            "Time": "2022-12-01",
            "value": 0.0
        },
        {
            "Time": "2022-12-02",
            "value": 0.0
        },
        {
            "Time": "2022-12-03",
            "value": 0.0
        },
        {
            "Time": "2022-12-04",
            "value": 0.0
        },
        {
            "Time": "2022-12-05",
            "value": 0.0
        },
        {
            "Time": "2022-12-06",
            "value": 0.0
        },
        {
            "Time": "2022-12-07",
            "value": 0.0
        },
        {
            "Time": "2022-12-08",
            "value": 1.2650470324543654
        },
        {
            "Time": "2022-12-09",
            "value": 1.1079307939725869
        },
        {
            "Time": "2022-12-10",
            "value": 2.8378492922830225
        },
        {
            "Time": "2022-12-11",
            "value": 0.5767387263137689
        },
        {
            "Time": "2022-12-12",
            "value": 1.7005695649117427
        },
        {
            "Time": "2022-12-13",
            "value": 2.274527328730106
        },
        {
            "Time": "2022-12-14",
            "value": 1.0026529804826587
        },
        {
            "Time": "2022-12-15",
            "value": 0.7399367905029371
        },
        {
            "Time": "2022-12-16",
            "value": 0.4759557169452888
        },
        {
            "Time": "2022-12-17",
            "value": 0.6101044701925669
        },
        {
            "Time": "2022-12-18",
            "value": 3.479152338968377
        },
        {
            "Time": "2022-12-19",
            "value": 3.2738906561083656
        },
        {
            "Time": "2022-12-20",
            "value": 2.0842369798065032
        },
        {
            "Time": "2022-12-21",
            "value": 3.049553898808096
        },
        {
            "Time": "2022-12-22",
            "value": 3.309619676268203
        },
        {
            "Time": "2022-12-23",
            "value": 3.428204623882912
        },
        {
            "Time": "2022-12-24",
            "value": 3.4718376303058642
        },
        {
            "Time": "2022-12-25",
            "value": 3.468288449896522
        },
        {
            "Time": "2022-12-26",
            "value": 2.860204785048447
        },
        {
            "Time": "2022-12-27",
            "value": 1.3547276636292396
        },
        {
            "Time": "2022-12-28",
            "value": 0.7158365607419147
        },
        {
            "Time": "2022-12-29",
            "value": 0.4434683604701389
        },
        {
            "Time": "2022-12-30",
            "value": 0.6893014234332231
        },
        {
            "Time": "2022-12-31",
            "value": 1.8697834450199053
        },
        {
            "Time": "2023-01-01",
            "value": 1.1368781842079152
        },
        {
            "Time": "2023-01-02",
            "value": 0.5816713011116899
        },
        {
            "Time": "2023-01-03",
            "value": 0.6547975220856095
        },
        {
            "Time": "2023-01-04",
            "value": 0.675099472267634
        },
        {
            "Time": "2023-01-05",
            "value": 0.8686490439588856
        },
        {
            "Time": "2023-01-06",
            "value": 3.286306447712579
        },
        {
            "Time": "2023-01-07",
            "value": 3.432831828508088
        },
        {
            "Time": "2023-01-08",
            "value": 3.432743769897645
        },
        {
            "Time": "2023-01-09",
            "value": 0.7431709665580242
        },
        {
            "Time": "2023-01-10",
            "value": 0.8483878638645369
        },
        {
            "Time": "2023-01-11",
            "value": 1.1137557465666803
        },
        {
            "Time": "2023-01-12",
            "value": 2.222450549934111
        },
        {
            "Time": "2023-01-13",
            "value": 0.5236587275330042
        },
        {
            "Time": "2023-01-14",
            "value": 2.171141964927402
        },
        {
            "Time": "2023-01-15",
            "value": 0.5974744807532328
        },
        {
            "Time": "2023-01-16",
            "value": 2.93735125849667
        },
        {
            "Time": "2023-01-17",
            "value": 0.7313949659486496
        },
        {
            "Time": "2023-01-18",
            "value": 3.396558407768478
        },
        {
            "Time": "2023-01-19",
            "value": 2.9042957990106504
        },
        {
            "Time": "2023-01-20",
            "value": 1.27002794806972
        },
        {
            "Time": "2023-01-21",
            "value": 0.4427948717118841
        },
        {
            "Time": "2023-01-22",
            "value": 2.4862287618725722
        },
        {
            "Time": "2023-01-23",
            "value": 0.39531881134578095
        },
        {
            "Time": "2023-01-24",
            "value": 2.11850236192984
        },
        {
            "Time": "2023-01-25",
            "value": 3.75095319067511
        },
        {
            "Time": "2023-01-26",
            "value": 2.035787843631693
        },
        {
            "Time": "2023-01-27",
            "value": 3.5668634791205704
        },
        {
            "Time": "2023-01-28",
            "value": 3.804339795596694
        },
        {
            "Time": "2023-01-29",
            "value": 3.826800107699328
        },
        {
            "Time": "2023-01-30",
            "value": 3.9457815076535017
        },
        {
            "Time": "2023-01-31",
            "value": 3.874725211126675
        },
        {
            "Time": "2023-02-01",
            "value": 0.7739500368241994
        },
        {
            "Time": "2023-02-02",
            "value": 1.600806015782514
        },
        {
            "Time": "2023-02-03",
            "value": 0.8704066191859314
        },
        {
            "Time": "2023-02-04",
            "value": 0.2943859107006217
        },
        {
            "Time": "2023-02-05",
            "value": 0.5993386259632574
        },
        {
            "Time": "2023-02-06",
            "value": 2.4356909334933436
        },
        {
            "Time": "2023-02-07",
            "value": 0.5600014236871625
        },
        {
            "Time": "2023-02-08",
            "value": 0.34280026474766334
        },
        {
            "Time": "2023-02-09",
            "value": 0.7552955208193864
        },
        {
            "Time": "2023-02-10",
            "value": 0.4176475118467438
        },
        {
            "Time": "2023-02-11",
            "value": 1.2238447578240594
        },
        {
            "Time": "2023-02-12",
            "value": 1.5896436966956438
        },
        {
            "Time": "2023-02-13",
            "value": 0.6755650119228839
        },
        {
            "Time": "2023-02-14",
            "value": 1.3777798737293476
        },
        {
            "Time": "2023-02-15",
            "value": 3.7715467959135784
        },
        {
            "Time": "2023-02-16",
            "value": 4.347379610521149
        },
        {
            "Time": "2023-02-17",
            "value": 3.053968733664988
        },
        {
            "Time": "2023-02-18",
            "value": 3.860012637233699
        },
        {
            "Time": "2023-02-19",
            "value": 1.2470404366552037
        },
        {
            "Time": "2023-02-20",
            "value": 2.27263656327464
        },
        {
            "Time": "2023-02-21",
            "value": 4.45977105480925
        },
        {
            "Time": "2023-02-22",
            "value": 3.6161058571723674
        },
        {
            "Time": "2023-02-23",
            "value": 3.585528282222761
        },
        {
            "Time": "2023-02-24",
            "value": 1.6877854623930033
        },
        {
            "Time": "2023-02-25",
            "value": 4.288533942410422
        },
        {
            "Time": "2023-02-26",
            "value": 4.590485508767948
        },
        {
            "Time": "2023-02-27",
            "value": 3.850759020019123
        },
        {
            "Time": "2023-02-28",
            "value": 2.311185985474831
        },
        {
            "Time": "2023-03-01",
            "value": 2.467495544430122
        },
        {
            "Time": "2023-03-02",
            "value": 3.1040412089488507
        },
        {
            "Time": "2023-03-03",
            "value": 4.313046921169904
        },
        {
            "Time": "2023-03-04",
            "value": 4.646148358761883
        },
        {
            "Time": "2023-03-05",
            "value": 4.618306808192903
        },
        {
            "Time": "2023-03-06",
            "value": 4.735597272298532
        },
        {
            "Time": "2023-03-07",
            "value": 4.713269968938402
        },
        {
            "Time": "2023-03-08",
            "value": 4.4349840740839435
        },
        {
            "Time": "2023-03-09",
            "value": 3.368953922905999
        },
        {
            "Time": "2023-03-10",
            "value": 4.851610837802189
        },
        {
            "Time": "2023-03-11",
            "value": 4.228854778704243
        },
        {
            "Time": "2023-03-12",
            "value": 1.0155658109331784
        },
        {
            "Time": "2023-03-13",
            "value": 3.823954781884945
        },
        {
            "Time": "2023-03-14",
            "value": 5.018109036647341
        },
        {
            "Time": "2023-03-15",
            "value": 4.221887610816221
        },
        {
            "Time": "2023-03-16",
            "value": 4.45426964046991
        },
        {
            "Time": "2023-03-17",
            "value": 2.6805206058057482
        },
        {
            "Time": "2023-03-18",
            "value": 0.7149086854263111
        },
        {
            "Time": "2023-03-19",
            "value": 0.26983630793134916
        },
        {
            "Time": "2023-03-20",
            "value": 3.4861805770049363
        },
        {
            "Time": "2023-03-21",
            "value": 2.009009496610294
        },
        {
            "Time": "2023-03-22",
            "value": 3.435134783889749
        },
        {
            "Time": "2023-03-23",
            "value": 0.3385955972987734
        },
        {
            "Time": "2023-03-24",
            "value": 0.3692382515510359
        },
        {
            "Time": "2023-03-25",
            "value": 0.4716064784887153
        },
        {
            "Time": "2023-03-26",
            "value": 1.9106522968826267
        },
        {
            "Time": "2023-03-27",
            "value": 0.0
        }
    ]
}