{
    "data": [
        {
            "Time": "2022-11-27",
            "value": 0.10719838528835675
        },
        {
            "Time": "2022-11-28",
            "value": 0.4483349993513268
        },
        {
            "Time": "2022-11-29",
            "value": 0.4533325918972596
        },
        {
            "Time": "2022-11-30",
            "value": 0.16978967195618982
        },
        {
            "Time": "2022-12-01",
            "value": 0.0
        },
        {
            "Time": "2022-12-02",
            "value": 0.0
        },
        {
            "Time": "2022-12-03",
            "value": 0.0
        },
        {
            "Time": "2022-12-04",
            "value": 0.0
        },
        {
            "Time": "2022-12-05",
            "value": 0.0
        },
        {
            "Time": "2022-12-06",
            "value": 0.0
        },
        {
            "Time": "2022-12-07",
            "value": 0.0
        },
        {
            "Time": "2022-12-08",
            "value": 0.5178592566475204
        },
        {
            "Time": "2022-12-09",
            "value": 0.48011669467489293
        },
        {
            "Time": "2022-12-10",
            "value": 1.2634975638336299
        },
        {
            "Time": "2022-12-11",
            "value": 0.23233854296285936
        },
        {
            "Time": "2022-12-12",
            "value": 0.7104870205682302
        },
        {
            "Time": "2022-12-13",
            "value": 0.847355886339603
        },
        {
            "Time": "2022-12-14",
            "value": 0.42755902995462086
        },
        {
            "Time": "2022-12-15",
            "value": 0.31996406816158157
        },
        {
            "Time": "2022-12-16",
            "value": 0.1932881153783361
        },
        {
            "Time": "2022-12-17",
            "value": 0.25684936210733983
        },
        {
            "Time": "2022-12-18",
            "value": 1.4400394762713233
        },
        {
            "Time": "2022-12-19",
            "value": 1.3279862190038234
        },
        {
            "Time": "2022-12-20",
            "value": 0.8979485947409944
        },
        {
            "Time": "2022-12-21",
            "value": 1.250469601025534
        },
        {
            "Time": "2022-12-22",
            "value": 1.3680792010884661
        },
        {
            "Time": "2022-12-23",
            "value": 1.4198906035487104
        },
        {
            "Time": "2022-12-24",
            "value": 1.4174865671752388
        },
        {
            "Time": "2022-12-25",
            "value": 1.4254789257412745
        },
        {
            "Time": "2022-12-26",
            "value": 1.2617047424241223
        },
        {
            "Time": "2022-12-27",
            "value": 0.5516633978784033
        },
        {
            "Time": "2022-12-28",
            "value": 0.3119907240966206
        },
        {
            "Time": "2022-12-29",
            "value": 0.17796990564538193
        },
        {
            "Time": "2022-12-30",
            "value": 0.29916396073001467
        },
        {
            "Time": "2022-12-31",
            "value": 0.7170076517638211
        },
        {
            "Time": "2023-01-01",
            "value": 0.4881852192412412
        },
        {
            "Time": "2023-01-02",
            "value": 0.25408233487501064
        },
        {
            "Time": "2023-01-03",
            "value": 0.26886871615527547
        },
        {
            "Time": "2023-01-04",
            "value": 0.2931622689064972
        },
        {
            "Time": "2023-01-05",
            "value": 0.39198947937997425
        },
        {
            "Time": "2023-01-06",
            "value": 1.3451587060614716
        },
        {
            "Time": "2023-01-07",
            "value": 1.412409826717885
        },
        {
            "Time": "2023-01-08",
            "value": 1.3946499161054793
        },
        {
            "Time": "2023-01-09",
            "value": 0.3176478937584159
        },
        {
            "Time": "2023-01-10",
            "value": 0.3635411715753324
        },
        {
            "Time": "2023-01-11",
            "value": 0.4898976939156551
        },
        {
            "Time": "2023-01-12",
            "value": 0.8819320274204132
        },
        {
            "Time": "2023-01-13",
            "value": 0.20581278185565124
        },
        {
            "Time": "2023-01-14",
            "value": 0.8368562686090205
        },
        {
            "Time": "2023-01-15",
            "value": 0.2542787273337489
        },
        {
            "Time": "2023-01-16",
            "value": 1.2448143318067877
        },
        {
            "Time": "2023-01-17",
            "value": 0.3244386428810864
        },
        {
            "Time": "2023-01-18",
            "value": 1.4984341113586908
        },
        {
            "Time": "2023-01-19",
            "value": 1.331440809234795
        },
        {
            "Time": "2023-01-20",
            "value": 0.5297342385646939
        },
        {
            "Time": "2023-01-21",
            "value": 0.18402750440155322
        },
        {
            "Time": "2023-01-22",
            "value": 1.0813625599652783
        },
        {
            "Time": "2023-01-23",
            "value": 0.14969942904686218
        },
        {
            "Time": "2023-01-24",
            "value": 0.6073516434677767
        },
        {
            "Time": "2023-01-25",
            "value": 1.6736734030095821
        },
        {
            "Time": "2023-01-26",
            "value": 0.9454243379435234
        },
        {
            "Time": "2023-01-27",
            "value": 1.5473943335136033
        },
        {
            "Time": "2023-01-28",
            "value": 1.74559940307068
        },
        {
            "Time": "2023-01-29",
            "value": 1.746106477875893
        },
        {
            "Time": "2023-01-30",
            "value": 1.7973728764535926
        },
        {
            "Time": "2023-01-31",
            "value": 1.7891235773243863
        },
        {
            "Time": "2023-02-01",
            "value": 0.3333334218110764
        },
        {
            "Time": "2023-02-02",
            "value": 0.7594227175290595
        },
        {
            "Time": "2023-02-03",
            "value": 0.37783912116674173
        },
        {
            "Time": "2023-02-04",
            "value": 0.11857708444516296
        },
        {
            "Time": "2023-02-05",
            "value": 0.24595988629520982
        },
        {
            "Time": "2023-02-06",
            "value": 1.015707100384814
        },
        {
            "Time": "2023-02-07",
            "value": 0.21455693708023157
        },
        {
            "Time": "2023-02-08",
            "value": 0.1308171514543772
        },
        {
            "Time": "2023-02-09",
            "value": 0.2927801298098078
        },
        {
            "Time": "2023-02-10",
            "value": 0.15867953065524892
        },
        {
            "Time": "2023-02-11",
            "value": 0.49301183071027455
        },
        {
            "Time": "2023-02-12",
            "value": 0.6415369573934216
        },
        {
            "Time": "2023-02-13",
            "value": 0.2681835274666087
        },
        {
            "Time": "2023-02-14",
            "value": 0.5954293519577877
        },
        {
            "Time": "2023-02-15",
            "value": 1.7822862472825014
        },
        {
            "Time": "2023-02-16",
            "value": 2.090013498872698
        },
        {
            "Time": "2023-02-17",
            "value": 1.3312954270006747
        },
        {
            "Time": "2023-02-18",
            "value": 1.8500719852042968
        },
        {
            "Time": "2023-02-19",
            "value": 0.5314880922483846
        },
        {
            "Time": "2023-02-20",
            "value": 0.9390966369940343
        },
        {
            "Time": "2023-02-21",
            "value": 2.100182736597014
        },
        {
            "Time": "2023-02-22",
            "value": 1.574003811056906
        },
        {
            "Time": "2023-02-23",
            "value": 1.6519140655746545
        },
        {
            "Time": "2023-02-24",
            "value": 0.7147573019977705
        },
        {
            "Time": "2023-02-25",
            "value": 2.0063587481774547
        },
        {
            "Time": "2023-02-26",
            "value": 2.196971075880966
        },
        {
            "Time": "2023-02-27",
            "value": 1.9060708202575818
        },
        {
            "Time": "2023-02-28",
            "value": 1.0101229416268653
        },
        {
            "Time": "2023-03-01",
            "value": 1.1089030178920793
        },
        {
            "Time": "2023-03-02",
            "value": 1.3257269016408229
        },
        {
            "Time": "2023-03-03",
            "value": 2.031486207843931
        },
        {
            "Time": "2023-03-04",
            "value": 2.218020411136666
        },
        {
            "Time": "2023-03-05",
            "value": 2.1947236958244978
        },
        {
            "Time": "2023-03-06",
            "value": 2.273346597776208
        },
        {
            "Time": "2023-03-07",
            "value": 2.2561609529067863
        },
        {
            "Time": "2023-03-08",
            "value": 2.1661250930827816
        },
        {
            "Time": "2023-03-09",
            "value": 1.4518721337861664
        },
        {
            "Time": "2023-03-10",
            "value": 2.321424174490457
        },
        {
            "Time": "2023-03-11",
            "value": 1.9085925198644755
        },
        {
            "Time": "2023-03-12",
            "value": 0.4347193272173569
        },
        {
            "Time": "2023-03-13",
            "value": 1.6947434583983583
        },
        {
            "Time": "2023-03-14",
            "value": 2.4332796831419716
        },
        {
            "Time": "2023-03-15",
            "value": 1.8053561366155877
        },
        {
            "Time": "2023-03-16",
            "value": 2.16143387223831
        },
        {
            "Time": "2023-03-17",
            "value": 1.1865582154755117
        },
        {
            "Time": "2023-03-18",
            "value": 0.2892382264507848
        },
        {
            "Time": "2023-03-19",
            "value": 0.06722716084793606
        },
        {
            "Time": "2023-03-20",
            "value": 1.6282592058017764
        },
        {
            "Time": "2023-03-21",
            "value": 0.9053164684601239
        },
        {
            "Time": "2023-03-22",
            "value": 1.5506129310563561
        },
        {
            "Time": "2023-03-23",
            "value": 0.10590720399979409
        },
        {
            "Time": "2023-03-24",
            "value": 0.12798854331807175
        },
        {
            "Time": "2023-03-25",
            "value": 0.1851070592882294
        },
        {
            "Time": "2023-03-26",
            "value": 0.8486350263604794
        },
        {
            "Time": "2023-03-27",
            "value": 0.0
        }
    ]
}