{
    "data": [
        {
            "Time": "2022-11-27",
            "value": 0.12102257919079668
        },
        {
            "Time": "2022-11-28",
            "value": 0.407410270577864
        },
        {
            "Time": "2022-11-29",
            "value": 0.3529798133972341
        },
        {
            "Time": "2022-11-30",
            "value": 0.15342774283627822
        },
        {
            "Time": "2022-12-01",
            "value": 0.0
        },
        {
            "Time": "2022-12-02",
            "value": 0.0
        },
        {
            "Time": "2022-12-03",
            "value": 0.0
        },
        {
            "Time": "2022-12-04",
            "value": 0.0
        },
        {
            "Time": "2022-12-05",
            "value": 0.0
        },
        {
            "Time": "2022-12-06",
            "value": 0.0
        },
        {
            "Time": "2022-12-07",
            "value": 0.0
        },
        {
            "Time": "2022-12-08",
            "value": 0.5236467328115773
        },
        {
            "Time": "2022-12-09",
            "value": 0.48345920072004284
        },
        {
            "Time": "2022-12-10",
            "value": 1.120436923452315
        },
        {
            "Time": "2022-12-11",
            "value": 0.23108571070662132
        },
        {
            "Time": "2022-12-12",
            "value": 0.7072021532788941
        },
        {
            "Time": "2022-12-13",
            "value": 0.6950236655947422
        },
        {
            "Time": "2022-12-14",
            "value": 0.33533331615208817
        },
        {
            "Time": "2022-12-15",
            "value": 0.2537950242436632
        },
        {
            "Time": "2022-12-16",
            "value": 0.20073721116812615
        },
        {
            "Time": "2022-12-17",
            "value": 0.23247809223150162
        },
        {
            "Time": "2022-12-18",
            "value": 1.2864733945981455
        },
        {
            "Time": "2022-12-19",
            "value": 1.2456907119605136
        },
        {
            "Time": "2022-12-20",
            "value": 0.6514890962667018
        },
        {
            "Time": "2022-12-21",
            "value": 1.148452043856763
        },
        {
            "Time": "2022-12-22",
            "value": 1.260471781057751
        },
        {
            "Time": "2022-12-23",
            "value": 1.2940100673832164
        },
        {
            "Time": "2022-12-24",
            "value": 1.2927399555762271
        },
        {
            "Time": "2022-12-25",
            "value": 1.3039716488613033
        },
        {
            "Time": "2022-12-26",
            "value": 1.1414595236200547
        },
        {
            "Time": "2022-12-27",
            "value": 0.5349830806724467
        },
        {
            "Time": "2022-12-28",
            "value": 0.25749487313460645
        },
        {
            "Time": "2022-12-29",
            "value": 0.1962667689326312
        },
        {
            "Time": "2022-12-30",
            "value": 0.2380787007934028
        },
        {
            "Time": "2022-12-31",
            "value": 0.6769105943737218
        },
        {
            "Time": "2023-01-01",
            "value": 0.3776299657974801
        },
        {
            "Time": "2023-01-02",
            "value": 0.2598489067619718
        },
        {
            "Time": "2023-01-03",
            "value": 0.2737874087655455
        },
        {
            "Time": "2023-01-04",
            "value": 0.24152314263561342
        },
        {
            "Time": "2023-01-05",
            "value": 0.3918240165057407
        },
        {
            "Time": "2023-01-06",
            "value": 1.243548541523285
        },
        {
            "Time": "2023-01-07",
            "value": 1.3392637462522061
        },
        {
            "Time": "2023-01-08",
            "value": 1.3403900774212614
        },
        {
            "Time": "2023-01-09",
            "value": 0.325849277636603
        },
        {
            "Time": "2023-01-10",
            "value": 0.3278534078490298
        },
        {
            "Time": "2023-01-11",
            "value": 0.3762306484098349
        },
        {
            "Time": "2023-01-12",
            "value": 0.8998335826168067
        },
        {
            "Time": "2023-01-13",
            "value": 0.23918971466071592
        },
        {
            "Time": "2023-01-14",
            "value": 0.8246902613530788
        },
        {
            "Time": "2023-01-15",
            "value": 0.20264996173713504
        },
        {
            "Time": "2023-01-16",
            "value": 1.2065393586802284
        },
        {
            "Time": "2023-01-17",
            "value": 0.25141550565758103
        },
        {
            "Time": "2023-01-18",
            "value": 1.3335619703435808
        },
        {
            "Time": "2023-01-19",
            "value": 1.2888008180893906
        },
        {
            "Time": "2023-01-20",
            "value": 0.44052530527928896
        },
        {
            "Time": "2023-01-21",
            "value": 0.18869444433972224
        },
        {
            "Time": "2023-01-22",
            "value": 0.9997723749597985
        },
        {
            "Time": "2023-01-23",
            "value": 0.14716944465558562
        },
        {
            "Time": "2023-01-24",
            "value": 0.8742931231508493
        },
        {
            "Time": "2023-01-25",
            "value": 1.4771725380311096
        },
        {
            "Time": "2023-01-26",
            "value": 0.8612331554340018
        },
        {
            "Time": "2023-01-27",
            "value": 1.4010807242749477
        },
        {
            "Time": "2023-01-28",
            "value": 1.5303226558469627
        },
        {
            "Time": "2023-01-29",
            "value": 1.549552225211097
        },
        {
            "Time": "2023-01-30",
            "value": 1.59691188576947
        },
        {
            "Time": "2023-01-31",
            "value": 1.590173679693171
        },
        {
            "Time": "2023-02-01",
            "value": 0.3464970704612307
        },
        {
            "Time": "2023-02-02",
            "value": 0.6803219892064797
        },
        {
            "Time": "2023-02-03",
            "value": 0.3070595375985728
        },
        {
            "Time": "2023-02-04",
            "value": 0.12365277911782407
        },
        {
            "Time": "2023-02-05",
            "value": 0.26208746570432206
        },
        {
            "Time": "2023-02-06",
            "value": 0.939131736269245
        },
        {
            "Time": "2023-02-07",
            "value": 0.2413529126556735
        },
        {
            "Time": "2023-02-08",
            "value": 0.13138311269648342
        },
        {
            "Time": "2023-02-09",
            "value": 0.30831953391961636
        },
        {
            "Time": "2023-02-10",
            "value": 0.18162449072311873
        },
        {
            "Time": "2023-02-11",
            "value": 0.5210453566068952
        },
        {
            "Time": "2023-02-12",
            "value": 0.6196743771604115
        },
        {
            "Time": "2023-02-13",
            "value": 0.26325112543420826
        },
        {
            "Time": "2023-02-14",
            "value": 0.44531182988755125
        },
        {
            "Time": "2023-02-15",
            "value": 1.5933505845645344
        },
        {
            "Time": "2023-02-16",
            "value": 1.7797845540187975
        },
        {
            "Time": "2023-02-17",
            "value": 1.1169770179331415
        },
        {
            "Time": "2023-02-18",
            "value": 1.6643402521332642
        },
        {
            "Time": "2023-02-19",
            "value": 0.5140800829827497
        },
        {
            "Time": "2023-02-20",
            "value": 0.7429318726014136
        },
        {
            "Time": "2023-02-21",
            "value": 1.8036214944951743
        },
        {
            "Time": "2023-02-22",
            "value": 1.456172287997798
        },
        {
            "Time": "2023-02-23",
            "value": 1.6263438704275113
        },
        {
            "Time": "2023-02-24",
            "value": 0.5756798417274781
        },
        {
            "Time": "2023-02-25",
            "value": 1.7043520298848933
        },
        {
            "Time": "2023-02-26",
            "value": 1.9040999366670877
        },
        {
            "Time": "2023-02-27",
            "value": 1.7797614125795067
        },
        {
            "Time": "2023-02-28",
            "value": 0.8206858035015573
        },
        {
            "Time": "2023-03-01",
            "value": 0.9717662429440939
        },
        {
            "Time": "2023-03-02",
            "value": 1.220823329308368
        },
        {
            "Time": "2023-03-03",
            "value": 1.7830894433106985
        },
        {
            "Time": "2023-03-04",
            "value": 1.9103248833053195
        },
        {
            "Time": "2023-03-05",
            "value": 1.8995208814272908
        },
        {
            "Time": "2023-03-06",
            "value": 2.0155762445569416
        },
        {
            "Time": "2023-03-07",
            "value": 1.982380943580211
        },
        {
            "Time": "2023-03-08",
            "value": 1.8873159753406974
        },
        {
            "Time": "2023-03-09",
            "value": 1.395033980743674
        },
        {
            "Time": "2023-03-10",
            "value": 2.0291527930033895
        },
        {
            "Time": "2023-03-11",
            "value": 1.5402231560736324
        },
        {
            "Time": "2023-03-12",
            "value": 0.4379804117925694
        },
        {
            "Time": "2023-03-13",
            "value": 1.4605827441841295
        },
        {
            "Time": "2023-03-14",
            "value": 2.1032241634426487
        },
        {
            "Time": "2023-03-15",
            "value": 1.7487078168613974
        },
        {
            "Time": "2023-03-16",
            "value": 1.7132840379233605
        },
        {
            "Time": "2023-03-17",
            "value": 1.0272736945860272
        },
        {
            "Time": "2023-03-18",
            "value": 0.2989368388462434
        },
        {
            "Time": "2023-03-19",
            "value": 0.09563200542238855
        },
        {
            "Time": "2023-03-20",
            "value": 1.504139035530786
        },
        {
            "Time": "2023-03-21",
            "value": 0.8461055279808646
        },
        {
            "Time": "2023-03-22",
            "value": 1.3728842186788262
        },
        {
            "Time": "2023-03-23",
            "value": 0.14734249455994775
        },
        {
            "Time": "2023-03-24",
            "value": 0.13533882828642937
        },
        {
            "Time": "2023-03-25",
            "value": 0.20524763918331065
        },
        {
            "Time": "2023-03-26",
            "value": 0.631620275641497
        },
        {
            "Time": "2023-03-27",
            "value": 0.0
        }
    ]
}