{
    "data": [
        {
            "Time": "2022-11-27",
            "value": 0.12612093669193541
        },
        {
            "Time": "2022-11-28",
            "value": 0.4223459403999617
        },
        {
            "Time": "2022-11-29",
            "value": 0.4419388578438505
        },
        {
            "Time": "2022-11-30",
            "value": 0.1997570888380382
        },
        {
            "Time": "2022-12-01",
            "value": 0.245665085881615
        },
        {
            "Time": "2022-12-02",
            "value": 0.2716124256129188
        },
        {
            "Time": "2022-12-03",
            "value": 0.43393327562082207
        },
        {
            "Time": "2022-12-04",
            "value": 0.33382983546861555
        },
        {
            "Time": "2022-12-05",
            "value": 0.2839409703392259
        },
        {
            "Time": "2022-12-06",
            "value": 0.42258761690760027
        },
        {
            "Time": "2022-12-07",
            "value": 0.11792968607890797
        },
        {
            "Time": "2022-12-08",
            "value": 0.5004404569312179
        },
        {
            "Time": "2022-12-09",
            "value": 0.47317116780246105
        },
        {
            "Time": "2022-12-10",
            "value": 1.2462730501815449
        },
        {
            "Time": "2022-12-11",
            "value": 0.2513971000577487
        },
        {
            "Time": "2022-12-12",
            "value": 0.7483558307576949
        },
        {
            "Time": "2022-12-13",
            "value": 0.8200615173194243
        },
        {
            "Time": "2022-12-14",
            "value": 0.4240912532110801
        },
        {
            "Time": "2022-12-15",
            "value": 0.31733840354772397
        },
        {
            "Time": "2022-12-16",
            "value": 0.20406208050182167
        },
        {
            "Time": "2022-12-17",
            "value": 0.26751390269083614
        },
        {
            "Time": "2022-12-18",
            "value": 1.5341695875247394
        },
        {
            "Time": "2022-12-19",
            "value": 1.3758339898186303
        },
        {
            "Time": "2022-12-20",
            "value": 0.9037649032649436
        },
        {
            "Time": "2022-12-21",
            "value": 1.3609997488568437
        },
        {
            "Time": "2022-12-22",
            "value": 1.4385093954716754
        },
        {
            "Time": "2022-12-23",
            "value": 1.4893970094650817
        },
        {
            "Time": "2022-12-24",
            "value": 1.492972215484431
        },
        {
            "Time": "2022-12-25",
            "value": 1.5016034991311442
        },
        {
            "Time": "2022-12-26",
            "value": 1.3758140419243063
        },
        {
            "Time": "2022-12-27",
            "value": 0.5183463423261235
        },
        {
            "Time": "2022-12-28",
            "value": 0.3220312493231829
        },
        {
            "Time": "2022-12-29",
            "value": 0.19169091546620148
        },
        {
            "Time": "2022-12-30",
            "value": 0.30418320047781416
        },
        {
            "Time": "2022-12-31",
            "value": 0.9513408504997116
        },
        {
            "Time": "2023-01-01",
            "value": 0.47082351894382474
        },
        {
            "Time": "2023-01-02",
            "value": 0.2561604477220932
        },
        {
            "Time": "2023-01-03",
            "value": 0.2797963123021681
        },
        {
            "Time": "2023-01-04",
            "value": 0.294168800793231
        },
        {
            "Time": "2023-01-05",
            "value": 0.3815206649861333
        },
        {
            "Time": "2023-01-06",
            "value": 1.417245112006407
        },
        {
            "Time": "2023-01-07",
            "value": 1.5184863275796967
        },
        {
            "Time": "2023-01-08",
            "value": 1.5260535819492476
        },
        {
            "Time": "2023-01-09",
            "value": 0.3188649149325608
        },
        {
            "Time": "2023-01-10",
            "value": 0.3697404915892196
        },
        {
            "Time": "2023-01-11",
            "value": 0.478614979522357
        },
        {
            "Time": "2023-01-12",
            "value": 0.9956445062555154
        },
        {
            "Time": "2023-01-13",
            "value": 0.2243236429092445
        },
        {
            "Time": "2023-01-14",
            "value": 1.0060786765963319
        },
        {
            "Time": "2023-01-15",
            "value": 0.2641371063217732
        },
        {
            "Time": "2023-01-16",
            "value": 1.201540826680517
        },
        {
            "Time": "2023-01-17",
            "value": 0.32467650550608446
        },
        {
            "Time": "2023-01-18",
            "value": 1.3505326752700944
        },
        {
            "Time": "2023-01-19",
            "value": 1.2721515538447994
        },
        {
            "Time": "2023-01-20",
            "value": 0.5044703717259852
        },
        {
            "Time": "2023-01-21",
            "value": 0.18953067147538427
        },
        {
            "Time": "2023-01-22",
            "value": 0.6442217648466683
        },
        {
            "Time": "2023-01-23",
            "value": 0.16848147957888038
        },
        {
            "Time": "2023-01-24",
            "value": 0.7319121519441226
        },
        {
            "Time": "2023-01-25",
            "value": 1.5180692219166751
        },
        {
            "Time": "2023-01-26",
            "value": 0.9683982635356748
        },
        {
            "Time": "2023-01-27",
            "value": 1.4329937992704982
        },
        {
            "Time": "2023-01-28",
            "value": 1.786896099656701
        },
        {
            "Time": "2023-01-29",
            "value": 1.7953679167205658
        },
        {
            "Time": "2023-01-30",
            "value": 1.8518489149228108
        },
        {
            "Time": "2023-01-31",
            "value": 1.8228460331410303
        },
        {
            "Time": "2023-02-01",
            "value": 0.3337151444778633
        },
        {
            "Time": "2023-02-02",
            "value": 0.6817107079877327
        },
        {
            "Time": "2023-02-03",
            "value": 0.37340583962608126
        },
        {
            "Time": "2023-02-04",
            "value": 0.13669675654153934
        },
        {
            "Time": "2023-02-05",
            "value": 0.2532793595175602
        },
        {
            "Time": "2023-02-06",
            "value": 0.9035007052199883
        },
        {
            "Time": "2023-02-07",
            "value": 0.2344039111985921
        },
        {
            "Time": "2023-02-08",
            "value": 0.15944662627224018
        },
        {
            "Time": "2023-02-09",
            "value": 0.309730034638926
        },
        {
            "Time": "2023-02-10",
            "value": 0.18960071580106272
        },
        {
            "Time": "2023-02-11",
            "value": 0.47298206445375307
        },
        {
            "Time": "2023-02-12",
            "value": 0.6791808289378023
        },
        {
            "Time": "2023-02-13",
            "value": 0.29825702841543006
        },
        {
            "Time": "2023-02-14",
            "value": 0.5804497590259565
        },
        {
            "Time": "2023-02-15",
            "value": 1.8363149784785748
        },
        {
            "Time": "2023-02-16",
            "value": 2.1615494017834256
        },
        {
            "Time": "2023-02-17",
            "value": 1.2572487994607071
        },
        {
            "Time": "2023-02-18",
            "value": 1.9028545385830047
        },
        {
            "Time": "2023-02-19",
            "value": 0.537148965694464
        },
        {
            "Time": "2023-02-20",
            "value": 0.8856370704708016
        },
        {
            "Time": "2023-02-21",
            "value": 2.202540218215064
        },
        {
            "Time": "2023-02-22",
            "value": 1.7152864770186016
        },
        {
            "Time": "2023-02-23",
            "value": 1.8953715680090406
        },
        {
            "Time": "2023-02-24",
            "value": 0.6994046822810693
        },
        {
            "Time": "2023-02-25",
            "value": 2.0679828069494977
        },
        {
            "Time": "2023-02-26",
            "value": 2.2926820940820134
        },
        {
            "Time": "2023-02-27",
            "value": 1.9936366612203678
        },
        {
            "Time": "2023-02-28",
            "value": 0.9557874274838699
        },
        {
            "Time": "2023-03-01",
            "value": 1.134736028063256
        },
        {
            "Time": "2023-03-02",
            "value": 1.3938055226476584
        },
        {
            "Time": "2023-03-03",
            "value": 2.0994861929464825
        },
        {
            "Time": "2023-03-04",
            "value": 2.314222708345599
        },
        {
            "Time": "2023-03-05",
            "value": 2.293296239329901
        },
        {
            "Time": "2023-03-06",
            "value": 2.384130242636885
        },
        {
            "Time": "2023-03-07",
            "value": 2.366686350467144
        },
        {
            "Time": "2023-03-08",
            "value": 2.214176469412424
        },
        {
            "Time": "2023-03-09",
            "value": 1.5277684194796892
        },
        {
            "Time": "2023-03-10",
            "value": 2.4490425642588507
        },
        {
            "Time": "2023-03-11",
            "value": 2.0551479627924656
        },
        {
            "Time": "2023-03-12",
            "value": 0.43773883735516694
        },
        {
            "Time": "2023-03-13",
            "value": 1.9907528063195992
        },
        {
            "Time": "2023-03-14",
            "value": 2.5589437530956864
        },
        {
            "Time": "2023-03-15",
            "value": 2.092341841968061
        },
        {
            "Time": "2023-03-16",
            "value": 2.2655787851518077
        },
        {
            "Time": "2023-03-17",
            "value": 1.1423919673956708
        },
        {
            "Time": "2023-03-18",
            "value": 0.301696766298592
        },
        {
            "Time": "2023-03-19",
            "value": 0.09213376377361605
        },
        {
            "Time": "2023-03-20",
            "value": 1.776776528338367
        },
        {
            "Time": "2023-03-21",
            "value": 0.8615184545339201
        },
        {
            "Time": "2023-03-22",
            "value": 1.6099023412722444
        },
        {
            "Time": "2023-03-23",
            "value": 0.15740740781331017
        },
        {
            "Time": "2023-03-24",
            "value": 0.1503626178257986
        },
        {
            "Time": "2023-03-25",
            "value": 0.21314655908703328
        },
        {
            "Time": "2023-03-26",
            "value": 0.829867613177874
        },
        {
            "Time": "2023-03-27",
            "value": 0.0
        }
    ]
}