{
    "data": [
        {
            "Time": "2022-11-27",
            "value": 0.14919379761738374
        },
        {
            "Time": "2022-11-28",
            "value": 0.5178149954543279
        },
        {
            "Time": "2022-11-29",
            "value": 0.5153864230145844
        },
        {
            "Time": "2022-11-30",
            "value": 0.22661967727592744
        },
        {
            "Time": "2022-12-01",
            "value": 0.0
        },
        {
            "Time": "2022-12-02",
            "value": 0.0
        },
        {
            "Time": "2022-12-03",
            "value": 0.0
        },
        {
            "Time": "2022-12-04",
            "value": 0.0
        },
        {
            "Time": "2022-12-05",
            "value": 0.0
        },
        {
            "Time": "2022-12-06",
            "value": 0.0
        },
        {
            "Time": "2022-12-07",
            "value": 0.0
        },
        {
            "Time": "2022-12-08",
            "value": 0.567173843091539
        },
        {
            "Time": "2022-12-09",
            "value": 0.5210435162715249
        },
        {
            "Time": "2022-12-10",
            "value": 1.2384872184969453
        },
        {
            "Time": "2022-12-11",
            "value": 0.2753674803299414
        },
        {
            "Time": "2022-12-12",
            "value": 0.853063901752336
        },
        {
            "Time": "2022-12-13",
            "value": 0.8840344265146036
        },
        {
            "Time": "2022-12-14",
            "value": 0.474756478938464
        },
        {
            "Time": "2022-12-15",
            "value": 0.35640911972675804
        },
        {
            "Time": "2022-12-16",
            "value": 0.22098323785847845
        },
        {
            "Time": "2022-12-17",
            "value": 0.3062033909054256
        },
        {
            "Time": "2022-12-18",
            "value": 1.6868667109586235
        },
        {
            "Time": "2022-12-19",
            "value": 1.3277094183684979
        },
        {
            "Time": "2022-12-20",
            "value": 0.9828422697909128
        },
        {
            "Time": "2022-12-21",
            "value": 1.2459929083921037
        },
        {
            "Time": "2022-12-22",
            "value": 1.4265187904429697
        },
        {
            "Time": "2022-12-23",
            "value": 1.379309199342628
        },
        {
            "Time": "2022-12-24",
            "value": 1.3836134530815294
        },
        {
            "Time": "2022-12-25",
            "value": 1.3976158461642278
        },
        {
            "Time": "2022-12-26",
            "value": 1.5155700214374541
        },
        {
            "Time": "2022-12-27",
            "value": 0.6066936769408542
        },
        {
            "Time": "2022-12-28",
            "value": 0.35192112029846273
        },
        {
            "Time": "2022-12-29",
            "value": 0.21835416526536108
        },
        {
            "Time": "2022-12-30",
            "value": 0.34450810223748846
        },
        {
            "Time": "2022-12-31",
            "value": 0.7903323640098533
        },
        {
            "Time": "2023-01-01",
            "value": 0.5384569148393995
        },
        {
            "Time": "2023-01-02",
            "value": 0.28639140753689313
        },
        {
            "Time": "2023-01-03",
            "value": 0.32526190383543985
        },
        {
            "Time": "2023-01-04",
            "value": 0.33418099332496976
        },
        {
            "Time": "2023-01-05",
            "value": 0.42488941508318584
        },
        {
            "Time": "2023-01-06",
            "value": 1.3608887487881385
        },
        {
            "Time": "2023-01-07",
            "value": 1.6228701927451317
        },
        {
            "Time": "2023-01-08",
            "value": 1.6310740920526503
        },
        {
            "Time": "2023-01-09",
            "value": 0.3546319991124519
        },
        {
            "Time": "2023-01-10",
            "value": 0.41563033428908674
        },
        {
            "Time": "2023-01-11",
            "value": 0.5352371808029404
        },
        {
            "Time": "2023-01-12",
            "value": 0.895564465711258
        },
        {
            "Time": "2023-01-13",
            "value": 0.26121371559061807
        },
        {
            "Time": "2023-01-14",
            "value": 0.7841001836414166
        },
        {
            "Time": "2023-01-15",
            "value": 0.30144365605976176
        },
        {
            "Time": "2023-01-16",
            "value": 1.344391760120398
        },
        {
            "Time": "2023-01-17",
            "value": 0.3533995708184378
        },
        {
            "Time": "2023-01-18",
            "value": 1.3976350515280764
        },
        {
            "Time": "2023-01-19",
            "value": 1.1779366562339035
        },
        {
            "Time": "2023-01-20",
            "value": 0.5805567344907304
        },
        {
            "Time": "2023-01-21",
            "value": 0.21082701869916626
        },
        {
            "Time": "2023-01-22",
            "value": 0.7799180534298675
        },
        {
            "Time": "2023-01-23",
            "value": 0.1803467439442044
        },
        {
            "Time": "2023-01-24",
            "value": 0.6568635420574943
        },
        {
            "Time": "2023-01-25",
            "value": 1.6298656107153755
        },
        {
            "Time": "2023-01-26",
            "value": 0.8377321906450116
        },
        {
            "Time": "2023-01-27",
            "value": 1.5691445872999648
        },
        {
            "Time": "2023-01-28",
            "value": 1.6562177380246448
        },
        {
            "Time": "2023-01-29",
            "value": 1.7862360084269973
        },
        {
            "Time": "2023-01-30",
            "value": 1.8507929917891188
        },
        {
            "Time": "2023-01-31",
            "value": 1.7397692085112222
        },
        {
            "Time": "2023-02-01",
            "value": 0.3652297619325911
        },
        {
            "Time": "2023-02-02",
            "value": 0.8616052547503467
        },
        {
            "Time": "2023-02-03",
            "value": 0.4130994676129364
        },
        {
            "Time": "2023-02-04",
            "value": 0.1432196517075011
        },
        {
            "Time": "2023-02-05",
            "value": 0.2883489963761221
        },
        {
            "Time": "2023-02-06",
            "value": 1.0186969413460758
        },
        {
            "Time": "2023-02-07",
            "value": 0.25853320344925806
        },
        {
            "Time": "2023-02-08",
            "value": 0.1699011487292351
        },
        {
            "Time": "2023-02-09",
            "value": 0.3544240646144463
        },
        {
            "Time": "2023-02-10",
            "value": 0.19335298617938965
        },
        {
            "Time": "2023-02-11",
            "value": 0.5467163655530723
        },
        {
            "Time": "2023-02-12",
            "value": 0.7049892712970476
        },
        {
            "Time": "2023-02-13",
            "value": 0.33129690860988104
        },
        {
            "Time": "2023-02-14",
            "value": 0.6690739841095198
        },
        {
            "Time": "2023-02-15",
            "value": 1.784846878451413
        },
        {
            "Time": "2023-02-16",
            "value": 2.0070257807042235
        },
        {
            "Time": "2023-02-17",
            "value": 1.5100263904399833
        },
        {
            "Time": "2023-02-18",
            "value": 1.782357969397414
        },
        {
            "Time": "2023-02-19",
            "value": 0.6023632307540047
        },
        {
            "Time": "2023-02-20",
            "value": 1.030522307881935
        },
        {
            "Time": "2023-02-21",
            "value": 2.1469472386089854
        },
        {
            "Time": "2023-02-22",
            "value": 1.7395561716480545
        },
        {
            "Time": "2023-02-23",
            "value": 1.7239124096904934
        },
        {
            "Time": "2023-02-24",
            "value": 0.7794742698823273
        },
        {
            "Time": "2023-02-25",
            "value": 2.109747151973486
        },
        {
            "Time": "2023-02-26",
            "value": 2.2428529633519356
        },
        {
            "Time": "2023-02-27",
            "value": 1.879279118792358
        },
        {
            "Time": "2023-02-28",
            "value": 1.0754466406157241
        },
        {
            "Time": "2023-03-01",
            "value": 1.0794828159333727
        },
        {
            "Time": "2023-03-02",
            "value": 1.3738075011658735
        },
        {
            "Time": "2023-03-03",
            "value": 2.1063107125810103
        },
        {
            "Time": "2023-03-04",
            "value": 2.302422713018775
        },
        {
            "Time": "2023-03-05",
            "value": 2.2333334713781126
        },
        {
            "Time": "2023-03-06",
            "value": 2.300390570703915
        },
        {
            "Time": "2023-03-07",
            "value": 2.296673910127619
        },
        {
            "Time": "2023-03-08",
            "value": 2.156664672130784
        },
        {
            "Time": "2023-03-09",
            "value": 1.782373182724238
        },
        {
            "Time": "2023-03-10",
            "value": 2.430198023145531
        },
        {
            "Time": "2023-03-11",
            "value": 2.1287944638559906
        },
        {
            "Time": "2023-03-12",
            "value": 0.4812262809438936
        },
        {
            "Time": "2023-03-13",
            "value": 1.9657137865716354
        },
        {
            "Time": "2023-03-14",
            "value": 2.5630332676255545
        },
        {
            "Time": "2023-03-15",
            "value": 2.1028465146169197
        },
        {
            "Time": "2023-03-16",
            "value": 2.21712363273873
        },
        {
            "Time": "2023-03-17",
            "value": 1.2458980572611642
        },
        {
            "Time": "2023-03-18",
            "value": 0.32861196637989315
        },
        {
            "Time": "2023-03-19",
            "value": 0.11147318761123842
        },
        {
            "Time": "2023-03-20",
            "value": 1.6955392211575568
        },
        {
            "Time": "2023-03-21",
            "value": 0.9518776836100462
        },
        {
            "Time": "2023-03-22",
            "value": 1.5761474168131413
        },
        {
            "Time": "2023-03-23",
            "value": 0.15990056859369212
        },
        {
            "Time": "2023-03-24",
            "value": 0.16628347291987963
        },
        {
            "Time": "2023-03-25",
            "value": 0.22778634374182544
        },
        {
            "Time": "2023-03-26",
            "value": 0.9257262077079587
        },
        {
            "Time": "2023-03-27",
            "value": 0.0
        }
    ]
}