{
    "data": [
        {
            "Time": "2022-11-27",
            "value": 0.2770238854902779
        },
        {
            "Time": "2022-11-28",
            "value": 0.9881797885997696
        },
        {
            "Time": "2022-11-29",
            "value": 1.1183850015193821
        },
        {
            "Time": "2022-11-30",
            "value": 0.397931394676168
        },
        {
            "Time": "2022-12-01",
            "value": 0.4877847000459199
        },
        {
            "Time": "2022-12-02",
            "value": 0.5464862181604543
        },
        {
            "Time": "2022-12-03",
            "value": 0.8976840223674516
        },
        {
            "Time": "2022-12-04",
            "value": 0.6708580180834562
        },
        {
            "Time": "2022-12-05",
            "value": 0.5596707741283153
        },
        {
            "Time": "2022-12-06",
            "value": 0.8765983156946385
        },
        {
            "Time": "2022-12-07",
            "value": 0.23328842467833358
        },
        {
            "Time": "2022-12-08",
            "value": 1.1380154209150488
        },
        {
            "Time": "2022-12-09",
            "value": 0.9933506168860027
        },
        {
            "Time": "2022-12-10",
            "value": 2.4926876178050814
        },
        {
            "Time": "2022-12-11",
            "value": 0.5054435183063943
        },
        {
            "Time": "2022-12-12",
            "value": 1.3378373692715197
        },
        {
            "Time": "2022-12-13",
            "value": 2.1828072896508823
        },
        {
            "Time": "2022-12-14",
            "value": 0.9011927212632261
        },
        {
            "Time": "2022-12-15",
            "value": 0.6635772254894963
        },
        {
            "Time": "2022-12-16",
            "value": 0.3992385177488513
        },
        {
            "Time": "2022-12-17",
            "value": 0.5439667783007771
        },
        {
            "Time": "2022-12-18",
            "value": 3.116484538383312
        },
        {
            "Time": "2022-12-19",
            "value": 2.9397773241898006
        },
        {
            "Time": "2022-12-20",
            "value": 2.0474104539659987
        },
        {
            "Time": "2022-12-21",
            "value": 2.75864096807745
        },
        {
            "Time": "2022-12-22",
            "value": 2.918233811025468
        },
        {
            "Time": "2022-12-23",
            "value": 3.0468405935441845
        },
        {
            "Time": "2022-12-24",
            "value": 3.0759984553756126
        },
        {
            "Time": "2022-12-25",
            "value": 3.0671991437133053
        },
        {
            "Time": "2022-12-26",
            "value": 2.6810753353821757
        },
        {
            "Time": "2022-12-27",
            "value": 1.2516863589300309
        },
        {
            "Time": "2022-12-28",
            "value": 0.6424634847054159
        },
        {
            "Time": "2022-12-29",
            "value": 0.381376156867868
        },
        {
            "Time": "2022-12-30",
            "value": 0.612442211032075
        },
        {
            "Time": "2022-12-31",
            "value": 1.7339773448601563
        },
        {
            "Time": "2023-01-01",
            "value": 1.0381248027258276
        },
        {
            "Time": "2023-01-02",
            "value": 0.5135872116509387
        },
        {
            "Time": "2023-01-03",
            "value": 0.5795102063920733
        },
        {
            "Time": "2023-01-04",
            "value": 0.5982576765676936
        },
        {
            "Time": "2023-01-05",
            "value": 0.7926085726078834
        },
        {
            "Time": "2023-01-06",
            "value": 2.9090633519377445
        },
        {
            "Time": "2023-01-07",
            "value": 3.1114265226526645
        },
        {
            "Time": "2023-01-08",
            "value": 3.0922633905834527
        },
        {
            "Time": "2023-01-09",
            "value": 0.6549563848050771
        },
        {
            "Time": "2023-01-10",
            "value": 0.7840126646576637
        },
        {
            "Time": "2023-01-11",
            "value": 1.0223037456254462
        },
        {
            "Time": "2023-01-12",
            "value": 2.088054790642981
        },
        {
            "Time": "2023-01-13",
            "value": 0.45248029064468565
        },
        {
            "Time": "2023-01-14",
            "value": 2.038913010655747
        },
        {
            "Time": "2023-01-15",
            "value": 0.5309894283275944
        },
        {
            "Time": "2023-01-16",
            "value": 2.636434410889665
        },
        {
            "Time": "2023-01-17",
            "value": 0.6645513719195133
        },
        {
            "Time": "2023-01-18",
            "value": 3.0841380270184
        },
        {
            "Time": "2023-01-19",
            "value": 2.614855835206174
        },
        {
            "Time": "2023-01-20",
            "value": 1.157281841015838
        },
        {
            "Time": "2023-01-21",
            "value": 0.37810370375223135
        },
        {
            "Time": "2023-01-22",
            "value": 2.1940367763644564
        },
        {
            "Time": "2023-01-23",
            "value": 0.3278384403543356
        },
        {
            "Time": "2023-01-24",
            "value": 1.7736244220688409
        },
        {
            "Time": "2023-01-25",
            "value": 3.3641691813569974
        },
        {
            "Time": "2023-01-26",
            "value": 1.9330607578113987
        },
        {
            "Time": "2023-01-27",
            "value": 3.182345026454853
        },
        {
            "Time": "2023-01-28",
            "value": 3.4560556746498126
        },
        {
            "Time": "2023-01-29",
            "value": 3.5270322990264384
        },
        {
            "Time": "2023-01-30",
            "value": 3.65225101923766
        },
        {
            "Time": "2023-01-31",
            "value": 3.575089530486571
        },
        {
            "Time": "2023-02-01",
            "value": 0.694828933976797
        },
        {
            "Time": "2023-02-02",
            "value": 1.384735330511727
        },
        {
            "Time": "2023-02-03",
            "value": 0.7847194235612286
        },
        {
            "Time": "2023-02-04",
            "value": 0.26253621315950204
        },
        {
            "Time": "2023-02-05",
            "value": 0.5227955804296435
        },
        {
            "Time": "2023-02-06",
            "value": 2.2119927403443915
        },
        {
            "Time": "2023-02-07",
            "value": 0.489156320486448
        },
        {
            "Time": "2023-02-08",
            "value": 0.28568452513485104
        },
        {
            "Time": "2023-02-09",
            "value": 0.6537011196100134
        },
        {
            "Time": "2023-02-10",
            "value": 0.35440019243348775
        },
        {
            "Time": "2023-02-11",
            "value": 1.070202975475013
        },
        {
            "Time": "2023-02-12",
            "value": 1.3695071358592545
        },
        {
            "Time": "2023-02-13",
            "value": 0.6093558218666638
        },
        {
            "Time": "2023-02-14",
            "value": 1.238226354011778
        },
        {
            "Time": "2023-02-15",
            "value": 3.4150823105694057
        },
        {
            "Time": "2023-02-16",
            "value": 4.100764063681215
        },
        {
            "Time": "2023-02-17",
            "value": 2.6301134210932426
        },
        {
            "Time": "2023-02-18",
            "value": 3.530245918483461
        },
        {
            "Time": "2023-02-19",
            "value": 1.1204526875228216
        },
        {
            "Time": "2023-02-20",
            "value": 1.9850356649398488
        },
        {
            "Time": "2023-02-21",
            "value": 4.145090432815046
        },
        {
            "Time": "2023-02-22",
            "value": 3.2912746380708637
        },
        {
            "Time": "2023-02-23",
            "value": 3.2777529130286136
        },
        {
            "Time": "2023-02-24",
            "value": 1.521343284386327
        },
        {
            "Time": "2023-02-25",
            "value": 3.9428382873206878
        },
        {
            "Time": "2023-02-26",
            "value": 4.281561260353291
        },
        {
            "Time": "2023-02-27",
            "value": 3.467744608938548
        },
        {
            "Time": "2023-02-28",
            "value": 2.092516205245609
        },
        {
            "Time": "2023-03-01",
            "value": 2.1491835159423966
        },
        {
            "Time": "2023-03-02",
            "value": 2.7518286621842547
        },
        {
            "Time": "2023-03-03",
            "value": 3.9915229793364744
        },
        {
            "Time": "2023-03-04",
            "value": 4.312927643295828
        },
        {
            "Time": "2023-03-05",
            "value": 4.289933653992799
        },
        {
            "Time": "2023-03-06",
            "value": 4.466465496029145
        },
        {
            "Time": "2023-03-07",
            "value": 4.437818174121686
        },
        {
            "Time": "2023-03-08",
            "value": 4.286155393036183
        },
        {
            "Time": "2023-03-09",
            "value": 3.070860576033078
        },
        {
            "Time": "2023-03-10",
            "value": 4.56223805734099
        },
        {
            "Time": "2023-03-11",
            "value": 3.972364656994864
        },
        {
            "Time": "2023-03-12",
            "value": 0.9016840864829339
        },
        {
            "Time": "2023-03-13",
            "value": 3.623964639227441
        },
        {
            "Time": "2023-03-14",
            "value": 4.7338230767283465
        },
        {
            "Time": "2023-03-15",
            "value": 3.9731116408602247
        },
        {
            "Time": "2023-03-16",
            "value": 4.170995175815216
        },
        {
            "Time": "2023-03-17",
            "value": 2.5389594732577483
        },
        {
            "Time": "2023-03-18",
            "value": 0.6321879668557122
        },
        {
            "Time": "2023-03-19",
            "value": 0.20533291995205427
        },
        {
            "Time": "2023-03-20",
            "value": 3.243106803185752
        },
        {
            "Time": "2023-03-21",
            "value": 1.8489845261115874
        },
        {
            "Time": "2023-03-22",
            "value": 3.1807505907732017
        },
        {
            "Time": "2023-03-23",
            "value": 0.282369548550274
        },
        {
            "Time": "2023-03-24",
            "value": 0.3125721213251297
        },
        {
            "Time": "2023-03-25",
            "value": 0.40280255478480187
        },
        {
            "Time": "2023-03-26",
            "value": 1.741371063088786
        },
        {
            "Time": "2023-03-27",
            "value": 0.0
        }
    ]
}