{
    "data": [
        {
            "Time": "2023-03-01",
            "value": 32.87750244140625
        },
        {
            "Time": "2023-03-02",
            "value": 32.460723876953125
        },
        {
            "Time": "2023-03-03",
            "value": 33.11012649536133
        },
        {
            "Time": "2023-03-06",
            "value": 33.042274475097656
        },
        {
            "Time": "2023-03-07",
            "value": 31.985780715942383
        },
        {
            "Time": "2023-03-08",
            "value": 31.559303283691406
        },
        {
            "Time": "2023-03-09",
            "value": 29.60138511657715
        },
        {
            "Time": "2023-03-10",
            "value": 29.339683532714844
        },
        {
            "Time": "2023-03-13",
            "value": 27.633773803710938
        },
        {
            "Time": "2023-03-14",
            "value": 27.8760929107666
        },
        {
            "Time": "2023-03-15",
            "value": 27.614389419555664
        },
        {
            "Time": "2023-03-16",
            "value": 28.07963752746582
        },
        {
            "Time": "2023-03-17",
            "value": 26.964982986450195
        },
        {
            "Time": "2023-03-20",
            "value": 26.897132873535156
        },
        {
            "Time": "2023-03-21",
            "value": 27.711315155029297
        },
        {
            "Time": "2023-03-22",
            "value": 26.79051399230957
        },
        {
            "Time": "2023-03-23",
            "value": 26.1411075592041
        },
        {
            "Time": "2023-03-24",
            "value": 26.30588150024414
        },
        {
            "Time": "2023-03-27",
            "value": 27.614389419555664
        },
        {
            "Time": "2023-03-28",
            "value": 27.255762100219727
        },
        {
            "Time": "2023-03-29",
            "value": 27.788856506347656
        },
        {
            "Time": "2023-03-30",
            "value": 27.43022918701172
        },
        {
            "Time": "2023-03-31",
            "value": 27.721012115478516
        }
    ]
}