{
    "data": [
        {
            "Time": "2023-03-01",
            "value": 173.3869171142578
        },
        {
            "Time": "2023-03-02",
            "value": 172.82510375976562
        },
        {
            "Time": "2023-03-03",
            "value": 176.52130126953125
        },
        {
            "Time": "2023-03-06",
            "value": 176.4917449951172
        },
        {
            "Time": "2023-03-07",
            "value": 172.80538940429688
        },
        {
            "Time": "2023-03-08",
            "value": 172.32240295410156
        },
        {
            "Time": "2023-03-09",
            "value": 169.6512908935547
        },
        {
            "Time": "2023-03-10",
            "value": 163.3233642578125
        },
        {
            "Time": "2023-03-13",
            "value": 155.36911010742188
        },
        {
            "Time": "2023-03-14",
            "value": 161.55905151367188
        },
        {
            "Time": "2023-03-15",
            "value": 157.51783752441406
        },
        {
            "Time": "2023-03-16",
            "value": 158.42465209960938
        },
        {
            "Time": "2023-03-17",
            "value": 154.27505493164062
        },
        {
            "Time": "2023-03-20",
            "value": 156.46319580078125
        },
        {
            "Time": "2023-03-21",
            "value": 162.19970703125
        },
        {
            "Time": "2023-03-22",
            "value": 160.41567993164062
        },
        {
            "Time": "2023-03-23",
            "value": 160.42555236816406
        },
        {
            "Time": "2023-03-24",
            "value": 157.48828125
        },
        {
            "Time": "2023-03-27",
            "value": 160.78038024902344
        },
        {
            "Time": "2023-03-28",
            "value": 156.92645263671875
        },
        {
            "Time": "2023-03-29",
            "value": 161.24362182617188
        },
        {
            "Time": "2023-03-30",
            "value": 160.08056640625
        },
        {
            "Time": "2023-03-31",
            "value": 162.58412170410156
        }
    ]
}