{
    "data": [
        {
            "Time": "2023-03-01",
            "value": 304.6199951171875
        },
        {
            "Time": "2023-03-02",
            "value": 307.75
        },
        {
            "Time": "2023-03-03",
            "value": 312.45001220703125
        },
        {
            "Time": "2023-03-06",
            "value": 316.9700012207031
        },
        {
            "Time": "2023-03-07",
            "value": 311.1199951171875
        },
        {
            "Time": "2023-03-08",
            "value": 311.3699951171875
        },
        {
            "Time": "2023-03-09",
            "value": 304.82000732421875
        },
        {
            "Time": "2023-03-10",
            "value": 303.6300048828125
        },
        {
            "Time": "2023-03-13",
            "value": 302.8800048828125
        },
        {
            "Time": "2023-03-14",
            "value": 305.3299865722656
        },
        {
            "Time": "2023-03-15",
            "value": 297.8800048828125
        },
        {
            "Time": "2023-03-16",
            "value": 302.010009765625
        },
        {
            "Time": "2023-03-17",
            "value": 293.510009765625
        },
        {
            "Time": "2023-03-20",
            "value": 301.05999755859375
        },
        {
            "Time": "2023-03-21",
            "value": 303.8500061035156
        },
        {
            "Time": "2023-03-22",
            "value": 299.7300109863281
        },
        {
            "Time": "2023-03-23",
            "value": 298.3699951171875
        },
        {
            "Time": "2023-03-24",
            "value": 298.9200134277344
        },
        {
            "Time": "2023-03-27",
            "value": 302.1400146484375
        },
        {
            "Time": "2023-03-28",
            "value": 302.32000732421875
        },
        {
            "Time": "2023-03-29",
            "value": 305.29998779296875
        },
        {
            "Time": "2023-03-30",
            "value": 305.0799865722656
        },
        {
            "Time": "2023-03-31",
            "value": 308.7699890136719
        }
    ]
}