{
    "data": [
        {
            "Time": "2023-03-01",
            "value": 335.6183166503906
        },
        {
            "Time": "2023-03-02",
            "value": 338.400390625
        },
        {
            "Time": "2023-03-03",
            "value": 346.1454772949219
        },
        {
            "Time": "2023-03-06",
            "value": 346.1067199707031
        },
        {
            "Time": "2023-03-07",
            "value": 335.472900390625
        },
        {
            "Time": "2023-03-08",
            "value": 338.58453369140625
        },
        {
            "Time": "2023-03-09",
            "value": 331.605224609375
        },
        {
            "Time": "2023-03-10",
            "value": 317.627197265625
        },
        {
            "Time": "2023-03-13",
            "value": 305.8398742675781
        },
        {
            "Time": "2023-03-14",
            "value": 312.2763366699219
        },
        {
            "Time": "2023-03-15",
            "value": 302.6216125488281
        },
        {
            "Time": "2023-03-16",
            "value": 305.4327697753906
        },
        {
            "Time": "2023-03-17",
            "value": 294.2367248535156
        },
        {
            "Time": "2023-03-20",
            "value": 300.04315185546875
        },
        {
            "Time": "2023-03-21",
            "value": 307.5556335449219
        },
        {
            "Time": "2023-03-22",
            "value": 304.0562744140625
        },
        {
            "Time": "2023-03-23",
            "value": 305.20013427734375
        },
        {
            "Time": "2023-03-24",
            "value": 302.9899597167969
        },
        {
            "Time": "2023-03-27",
            "value": 308.7673034667969
        },
        {
            "Time": "2023-03-28",
            "value": 308.6800842285156
        },
        {
            "Time": "2023-03-29",
            "value": 310.89019775390625
        },
        {
            "Time": "2023-03-30",
            "value": 311.2973327636719
        },
        {
            "Time": "2023-03-31",
            "value": 317.0843200683594
        }
    ]
}