{
    "data": [
        {
            "Time": "2023-03-01",
            "value": 216.6599578857422
        },
        {
            "Time": "2023-03-02",
            "value": 217.35450744628903
        },
        {
            "Time": "2023-03-03",
            "value": 222.02783203125
        },
        {
            "Time": "2023-03-06",
            "value": 224.9846343994141
        },
        {
            "Time": "2023-03-07",
            "value": 221.4324951171875
        },
        {
            "Time": "2023-03-08",
            "value": 220.46014404296875
        },
        {
            "Time": "2023-03-09",
            "value": 218.297119140625
        },
        {
            "Time": "2023-03-10",
            "value": 214.4572296142578
        },
        {
            "Time": "2023-03-13",
            "value": 212.8002471923828
        },
        {
            "Time": "2023-03-14",
            "value": 216.9576110839844
        },
        {
            "Time": "2023-03-15",
            "value": 214.68544006347656
        },
        {
            "Time": "2023-03-16",
            "value": 215.7570343017578
        },
        {
            "Time": "2023-03-17",
            "value": 215.697509765625
        },
        {
            "Time": "2023-03-20",
            "value": 216.4515838623047
        },
        {
            "Time": "2023-03-21",
            "value": 220.2220001220703
        },
        {
            "Time": "2023-03-22",
            "value": 218.3268585205078
        },
        {
            "Time": "2023-03-23",
            "value": 220.8570098876953
        },
        {
            "Time": "2023-03-24",
            "value": 219.319091796875
        },
        {
            "Time": "2023-03-27",
            "value": 220.0830841064453
        },
        {
            "Time": "2023-03-28",
            "value": 218.6146240234375
        },
        {
            "Time": "2023-03-29",
            "value": 221.56150817871097
        },
        {
            "Time": "2023-03-30",
            "value": 220.6288146972656
        },
        {
            "Time": "2023-03-31",
            "value": 223.7046813964844
        }
    ]
}