{"data": [{"Time": "1998-01-01", "value": 475.0}, {"Time": "1998-04-01", "value": 412.0}, {"Time": "1998-07-01", "value": 360.0}, {"Time": "1998-10-01", "value": 463.0}, {"Time": "1999-01-01", "value": 563.0}, {"Time": "1999-04-01", "value": 468.0}, {"Time": "1999-07-01", "value": 393.0}, {"Time": "1999-10-01", "value": 479.0}, {"Time": "2000-01-01", "value": 482.0}, {"Time": "2000-04-01", "value": 554.0}, {"Time": "2000-07-01", "value": 424.0}, {"Time": "2000-10-01", "value": 493.0}, {"Time": "2001-01-01", "value": 454.0}, {"Time": "2001-04-01", "value": 456.0}, {"Time": "2001-07-01", "value": 420.0}, {"Time": "2001-10-01", "value": 491.0}, {"Time": "2002-01-01", "value": 608.0}, {"Time": "2002-04-01", "value": 477.0}, {"Time": "2002-07-01", "value": 490.0}, {"Time": "2002-10-01", "value": 440.0}, {"Time": "2003-01-01", "value": 579.0}, {"Time": "2003-04-01", "value": 483.0}, {"Time": "2003-07-01", "value": 474.0}, {"Time": "2003-10-01", "value": 534.0}, {"Time": "2004-01-01", "value": 592.0}, {"Time": "2004-04-01", "value": 525.0}, {"Time": "2004-07-01", "value": 427.0}, {"Time": "2004-10-01", "value": 485.0}, {"Time": "2005-01-01", "value": 612.0}, {"Time": "2005-04-01", "value": 419.0}, {"Time": "2005-07-01", "value": 352.0}, {"Time": "2005-10-01", "value": 508.0}, {"Time": "2006-01-01", "value": 609.0}, {"Time": "2006-04-01", "value": 520.0}, {"Time": "2006-07-01", "value": 373.0}, {"Time": "2006-10-01", "value": 484.0}, {"Time": "2007-01-01", "value": 640.0}, {"Time": "2007-04-01", "value": 485.0}, {"Time": "2007-07-01", "value": 383.0}, {"Time": "2007-10-01", "value": 464.0}, {"Time": "2008-01-01", "value": 626.0}, {"Time": "2008-04-01", "value": 404.0}, {"Time": "2008-07-01", "value": 381.0}, {"Time": "2008-10-01", "value": 423.0}, {"Time": "2009-01-01", "value": 530.0}, {"Time": "2009-04-01", "value": 433.0}, {"Time": "2009-07-01", "value": 330.0}, {"Time": "2009-10-01", "value": 386.0}, {"Time": "2010-01-01", "value": 439.0}, {"Time": "2010-04-01", "value": 401.0}, {"Time": "2010-07-01", "value": 289.0}, {"Time": "2010-10-01", "value": 427.0}, {"Time": "2011-01-01", "value": 536.0}, {"Time": "2011-04-01", "value": 453.0}, {"Time": "2011-07-01", "value": 323.0}, {"Time": "2011-10-01", "value": 492.0}, {"Time": "2012-01-01", "value": 601.0}, {"Time": "2012-04-01", "value": 414.0}, {"Time": "2012-07-01", "value": 321.0}, {"Time": "2012-10-01", "value": 548.0}, {"Time": "2013-01-01", "value": 584.0}, {"Time": "2013-04-01", "value": 539.0}, {"Time": "2013-07-01", "value": 420.0}, {"Time": "2013-10-01", "value": 438.0}, {"Time": "2014-01-01", "value": 717.0}, {"Time": "2014-04-01", "value": 569.0}, {"Time": "2014-07-01", "value": 463.0}, {"Time": "2014-10-01", "value": 492.0}, {"Time": "2015-01-01", "value": 679.0}, {"Time": "2015-04-01", "value": 631.0}, {"Time": "2015-07-01", "value": 466.0}, {"Time": "2015-10-01", "value": 648.0}, {"Time": "2016-01-01", "value": 967.0}, {"Time": "2016-04-01", "value": 650.0}, {"Time": "2016-07-01", "value": 531.0}, {"Time": "2016-10-01", "value": 755.0}]}