{"data": [{"Time": "1998-01-01", "value": 751.0}, {"Time": "1998-04-01", "value": 669.0}, {"Time": "1998-07-01", "value": 663.0}, {"Time": "1998-10-01", "value": 833.0}, {"Time": "1999-01-01", "value": 830.0}, {"Time": "1999-04-01", "value": 754.0}, {"Time": "1999-07-01", "value": 690.0}, {"Time": "1999-10-01", "value": 608.0}, {"Time": "2000-01-01", "value": 756.0}, {"Time": "2000-04-01", "value": 818.0}, {"Time": "2000-07-01", "value": 660.0}, {"Time": "2000-10-01", "value": 778.0}, {"Time": "2001-01-01", "value": 765.0}, {"Time": "2001-04-01", "value": 709.0}, {"Time": "2001-07-01", "value": 884.0}, {"Time": "2001-10-01", "value": 842.0}, {"Time": "2002-01-01", "value": 943.0}, {"Time": "2002-04-01", "value": 698.0}, {"Time": "2002-07-01", "value": 747.0}, {"Time": "2002-10-01", "value": 830.0}, {"Time": "2003-01-01", "value": 766.0}, {"Time": "2003-04-01", "value": 727.0}, {"Time": "2003-07-01", "value": 625.0}, {"Time": "2003-10-01", "value": 763.0}, {"Time": "2004-01-01", "value": 765.0}, {"Time": "2004-04-01", "value": 778.0}, {"Time": "2004-07-01", "value": 771.0}, {"Time": "2004-10-01", "value": 725.0}, {"Time": "2005-01-01", "value": 705.0}, {"Time": "2005-04-01", "value": 652.0}, {"Time": "2005-07-01", "value": 692.0}, {"Time": "2005-10-01", "value": 685.0}, {"Time": "2006-01-01", "value": 744.0}, {"Time": "2006-04-01", "value": 751.0}, {"Time": "2006-07-01", "value": 735.0}, {"Time": "2006-10-01", "value": 869.0}, {"Time": "2007-01-01", "value": 751.0}, {"Time": "2007-04-01", "value": 812.0}, {"Time": "2007-07-01", "value": 760.0}, {"Time": "2007-10-01", "value": 758.0}, {"Time": "2008-01-01", "value": 803.0}, {"Time": "2008-04-01", "value": 680.0}, {"Time": "2008-07-01", "value": 702.0}, {"Time": "2008-10-01", "value": 674.0}, {"Time": "2009-01-01", "value": 670.0}, {"Time": "2009-04-01", "value": 641.0}, {"Time": "2009-07-01", "value": 547.0}, {"Time": "2009-10-01", "value": 638.0}, {"Time": "2010-01-01", "value": 631.0}, {"Time": "2010-04-01", "value": 592.0}, {"Time": "2010-07-01", "value": 615.0}, {"Time": "2010-10-01", "value": 675.0}, {"Time": "2011-01-01", "value": 676.0}, {"Time": "2011-04-01", "value": 649.0}, {"Time": "2011-07-01", "value": 713.0}, {"Time": "2011-10-01", "value": 755.0}, {"Time": "2012-01-01", "value": 735.0}, {"Time": "2012-04-01", "value": 657.0}, {"Time": "2012-07-01", "value": 652.0}, {"Time": "2012-10-01", "value": 779.0}, {"Time": "2013-01-01", "value": 817.0}, {"Time": "2013-04-01", "value": 836.0}, {"Time": "2013-07-01", "value": 750.0}, {"Time": "2013-10-01", "value": 765.0}, {"Time": "2014-01-01", "value": 860.0}, {"Time": "2014-04-01", "value": 869.0}, {"Time": "2014-07-01", "value": 758.0}, {"Time": "2014-10-01", "value": 814.0}, {"Time": "2015-01-01", "value": 981.0}, {"Time": "2015-04-01", "value": 733.0}, {"Time": "2015-07-01", "value": 906.0}, {"Time": "2015-10-01", "value": 938.0}, {"Time": "2016-01-01", "value": 1086.0}, {"Time": "2016-04-01", "value": 961.0}, {"Time": "2016-07-01", "value": 836.0}, {"Time": "2016-10-01", "value": 1058.0}]}