{"data": [{"Time": "1998-01-01", "value": 121.0}, {"Time": "1998-04-01", "value": 158.0}, {"Time": "1998-07-01", "value": 185.0}, {"Time": "1998-10-01", "value": 139.0}, {"Time": "1999-01-01", "value": 103.0}, {"Time": "1999-04-01", "value": 224.0}, {"Time": "1999-07-01", "value": 245.0}, {"Time": "1999-10-01", "value": 75.0}, {"Time": "2000-01-01", "value": 61.0}, {"Time": "2000-04-01", "value": 100.0}, {"Time": "2000-07-01", "value": 137.0}, {"Time": "2000-10-01", "value": 93.0}, {"Time": "2001-01-01", "value": 101.0}, {"Time": "2001-04-01", "value": 190.0}, {"Time": "2001-07-01", "value": 138.0}, {"Time": "2001-10-01", "value": 109.0}, {"Time": "2002-01-01", "value": 54.0}, {"Time": "2002-04-01", "value": 112.0}, {"Time": "2002-07-01", "value": 181.0}, {"Time": "2002-10-01", "value": 131.0}, {"Time": "2003-01-01", "value": 86.0}, {"Time": "2003-04-01", "value": 108.0}, {"Time": "2003-07-01", "value": 147.0}, {"Time": "2003-10-01", "value": 109.0}, {"Time": "2004-01-01", "value": 77.0}, {"Time": "2004-04-01", "value": 117.0}, {"Time": "2004-07-01", "value": 200.0}, {"Time": "2004-10-01", "value": 104.0}, {"Time": "2005-01-01", "value": 77.0}, {"Time": "2005-04-01", "value": 135.0}, {"Time": "2005-07-01", "value": 147.0}, {"Time": "2005-10-01", "value": 143.0}, {"Time": "2006-01-01", "value": 119.0}, {"Time": "2006-04-01", "value": 179.0}, {"Time": "2006-07-01", "value": 223.0}, {"Time": "2006-10-01", "value": 138.0}, {"Time": "2007-01-01", "value": 91.0}, {"Time": "2007-04-01", "value": 127.0}, {"Time": "2007-07-01", "value": 168.0}, {"Time": "2007-10-01", "value": 118.0}, {"Time": "2008-01-01", "value": 79.0}, {"Time": "2008-04-01", "value": 133.0}, {"Time": "2008-07-01", "value": 172.0}, {"Time": "2008-10-01", "value": 99.0}, {"Time": "2009-01-01", "value": 80.0}, {"Time": "2009-04-01", "value": 114.0}, {"Time": "2009-07-01", "value": 171.0}, {"Time": "2009-10-01", "value": 95.0}, {"Time": "2010-01-01", "value": 75.0}, {"Time": "2010-04-01", "value": 121.0}, {"Time": "2010-07-01", "value": 182.0}, {"Time": "2010-10-01", "value": 95.0}, {"Time": "2011-01-01", "value": 55.0}, {"Time": "2011-04-01", "value": 131.0}, {"Time": "2011-07-01", "value": 155.0}, {"Time": "2011-10-01", "value": 150.0}, {"Time": "2012-01-01", "value": 81.0}, {"Time": "2012-04-01", "value": 190.0}, {"Time": "2012-07-01", "value": 184.0}, {"Time": "2012-10-01", "value": 137.0}, {"Time": "2013-01-01", "value": 86.0}, {"Time": "2013-04-01", "value": 161.0}, {"Time": "2013-07-01", "value": 227.0}, {"Time": "2013-10-01", "value": 118.0}, {"Time": "2014-01-01", "value": 242.0}, {"Time": "2014-04-01", "value": 279.0}, {"Time": "2014-07-01", "value": 286.0}, {"Time": "2014-10-01", "value": 307.0}, {"Time": "2015-01-01", "value": 234.0}, {"Time": "2015-04-01", "value": 318.0}, {"Time": "2015-07-01", "value": 384.0}, {"Time": "2015-10-01", "value": 368.0}, {"Time": "2016-01-01", "value": 207.0}, {"Time": "2016-04-01", "value": 290.0}, {"Time": "2016-07-01", "value": 425.0}, {"Time": "2016-10-01", "value": 316.0}]}