{"data": [{"Time": "1998-01-01", "value": 133.0}, {"Time": "1998-04-01", "value": 173.0}, {"Time": "1998-07-01", "value": 174.0}, {"Time": "1998-10-01", "value": 207.0}, {"Time": "1999-01-01", "value": 199.0}, {"Time": "1999-04-01", "value": 253.0}, {"Time": "1999-07-01", "value": 201.0}, {"Time": "1999-10-01", "value": 179.0}, {"Time": "2000-01-01", "value": 177.0}, {"Time": "2000-04-01", "value": 162.0}, {"Time": "2000-07-01", "value": 174.0}, {"Time": "2000-10-01", "value": 182.0}, {"Time": "2001-01-01", "value": 110.0}, {"Time": "2001-04-01", "value": 205.0}, {"Time": "2001-07-01", "value": 207.0}, {"Time": "2001-10-01", "value": 222.0}, {"Time": "2002-01-01", "value": 132.0}, {"Time": "2002-04-01", "value": 241.0}, {"Time": "2002-07-01", "value": 188.0}, {"Time": "2002-10-01", "value": 179.0}, {"Time": "2003-01-01", "value": 209.0}, {"Time": "2003-04-01", "value": 193.0}, {"Time": "2003-07-01", "value": 218.0}, {"Time": "2003-10-01", "value": 190.0}, {"Time": "2004-01-01", "value": 171.0}, {"Time": "2004-04-01", "value": 171.0}, {"Time": "2004-07-01", "value": 189.0}, {"Time": "2004-10-01", "value": 180.0}, {"Time": "2005-01-01", "value": 160.0}, {"Time": "2005-04-01", "value": 166.0}, {"Time": "2005-07-01", "value": 204.0}, {"Time": "2005-10-01", "value": 148.0}, {"Time": "2006-01-01", "value": 150.0}, {"Time": "2006-04-01", "value": 171.0}, {"Time": "2006-07-01", "value": 172.0}, {"Time": "2006-10-01", "value": 196.0}, {"Time": "2007-01-01", "value": 166.0}, {"Time": "2007-04-01", "value": 197.0}, {"Time": "2007-07-01", "value": 172.0}, {"Time": "2007-10-01", "value": 167.0}, {"Time": "2008-01-01", "value": 149.0}, {"Time": "2008-04-01", "value": 162.0}, {"Time": "2008-07-01", "value": 163.0}, {"Time": "2008-10-01", "value": 151.0}, {"Time": "2009-01-01", "value": 126.0}, {"Time": "2009-04-01", "value": 141.0}, {"Time": "2009-07-01", "value": 127.0}, {"Time": "2009-10-01", "value": 133.0}, {"Time": "2010-01-01", "value": 98.0}, {"Time": "2010-04-01", "value": 117.0}, {"Time": "2010-07-01", "value": 165.0}, {"Time": "2010-10-01", "value": 149.0}, {"Time": "2011-01-01", "value": 109.0}, {"Time": "2011-04-01", "value": 191.0}, {"Time": "2011-07-01", "value": 166.0}, {"Time": "2011-10-01", "value": 109.0}, {"Time": "2012-01-01", "value": 168.0}, {"Time": "2012-04-01", "value": 187.0}, {"Time": "2012-07-01", "value": 166.0}, {"Time": "2012-10-01", "value": 152.0}, {"Time": "2013-01-01", "value": 171.0}, {"Time": "2013-04-01", "value": 168.0}, {"Time": "2013-07-01", "value": 180.0}, {"Time": "2013-10-01", "value": 132.0}, {"Time": "2014-01-01", "value": 195.0}, {"Time": "2014-04-01", "value": 186.0}, {"Time": "2014-07-01", "value": 231.0}, {"Time": "2014-10-01", "value": 197.0}, {"Time": "2015-01-01", "value": 175.0}, {"Time": "2015-04-01", "value": 220.0}, {"Time": "2015-07-01", "value": 168.0}, {"Time": "2015-10-01", "value": 218.0}, {"Time": "2016-01-01", "value": 275.0}, {"Time": "2016-04-01", "value": 280.0}, {"Time": "2016-07-01", "value": 254.0}, {"Time": "2016-10-01", "value": 257.0}]}