{
    "data": [
        {
            "Time": "2023-03-01",
            "value": 59.86012268066406
        },
        {
            "Time": "2023-03-02",
            "value": 61.15683364868164
        },
        {
            "Time": "2023-03-03",
            "value": 62.25183868408203
        },
        {
            "Time": "2023-03-06",
            "value": 62.6552619934082
        },
        {
            "Time": "2023-03-07",
            "value": 61.79078674316406
        },
        {
            "Time": "2023-03-08",
            "value": 62.17499923706055
        },
        {
            "Time": "2023-03-09",
            "value": 62.00210189819336
        },
        {
            "Time": "2023-03-10",
            "value": 61.41617965698242
        },
        {
            "Time": "2023-03-13",
            "value": 62.57842254638672
        },
        {
            "Time": "2023-03-14",
            "value": 63.5677604675293
        },
        {
            "Time": "2023-03-15",
            "value": 64.97974395751953
        },
        {
            "Time": "2023-03-16",
            "value": 65.43119049072266
        },
        {
            "Time": "2023-03-17",
            "value": 65.21987915039062
        },
        {
            "Time": "2023-03-20",
            "value": 65.8442153930664
        },
        {
            "Time": "2023-03-21",
            "value": 64.48026275634766
        },
        {
            "Time": "2023-03-22",
            "value": 64.07683563232422
        },
        {
            "Time": "2023-03-23",
            "value": 63.72144317626953
        },
        {
            "Time": "2023-03-24",
            "value": 65.88262939453125
        },
        {
            "Time": "2023-03-27",
            "value": 65.54644775390625
        },
        {
            "Time": "2023-03-28",
            "value": 65.6905288696289
        },
        {
            "Time": "2023-03-29",
            "value": 66.60302734375
        },
        {
            "Time": "2023-03-30",
            "value": 66.33407592773438
        },
        {
            "Time": "2023-03-31",
            "value": 66.83356475830078
        }
    ]
}