{
    "data": [
        {
            "Time": "2023-03-01",
            "value": 73.57311248779297
        },
        {
            "Time": "2023-03-02",
            "value": 75.38397979736328
        },
        {
            "Time": "2023-03-03",
            "value": 78.15473937988281
        },
        {
            "Time": "2023-03-06",
            "value": 77.97661590576172
        },
        {
            "Time": "2023-03-07",
            "value": 77.08602142333984
        },
        {
            "Time": "2023-03-08",
            "value": 77.25423431396484
        },
        {
            "Time": "2023-03-09",
            "value": 77.81829071044922
        },
        {
            "Time": "2023-03-10",
            "value": 76.73966979980469
        },
        {
            "Time": "2023-03-13",
            "value": 76.29436492919922
        },
        {
            "Time": "2023-03-14",
            "value": 77.1156997680664
        },
        {
            "Time": "2023-03-15",
            "value": 76.52197265625
        },
        {
            "Time": "2023-03-16",
            "value": 77.6104736328125
        },
        {
            "Time": "2023-03-17",
            "value": 75.96782684326172
        },
        {
            "Time": "2023-03-20",
            "value": 76.19542694091797
        },
        {
            "Time": "2023-03-21",
            "value": 75.7204360961914
        },
        {
            "Time": "2023-03-22",
            "value": 73.64237213134766
        },
        {
            "Time": "2023-03-23",
            "value": 72.63304138183594
        },
        {
            "Time": "2023-03-24",
            "value": 72.67262268066406
        },
        {
            "Time": "2023-03-27",
            "value": 74.4834976196289
        },
        {
            "Time": "2023-03-28",
            "value": 74.72099304199219
        },
        {
            "Time": "2023-03-29",
            "value": 75.08712005615234
        },
        {
            "Time": "2023-03-30",
            "value": 76.01729583740234
        },
        {
            "Time": "2023-03-31",
            "value": 77.67974853515625
        }
    ]
}