{
    "data": [
        {
            "Time": "2023-03-01",
            "value": 38.29011535644531
        },
        {
            "Time": "2023-03-02",
            "value": 38.896976470947266
        },
        {
            "Time": "2023-03-03",
            "value": 39.860252380371094
        },
        {
            "Time": "2023-03-06",
            "value": 39.96621322631836
        },
        {
            "Time": "2023-03-07",
            "value": 39.49420928955078
        },
        {
            "Time": "2023-03-08",
            "value": 39.73502731323242
        },
        {
            "Time": "2023-03-09",
            "value": 39.099266052246094
        },
        {
            "Time": "2023-03-10",
            "value": 38.70432662963867
        },
        {
            "Time": "2023-03-13",
            "value": 39.8698844909668
        },
        {
            "Time": "2023-03-14",
            "value": 39.82172393798828
        },
        {
            "Time": "2023-03-15",
            "value": 40.30335998535156
        },
        {
            "Time": "2023-03-16",
            "value": 40.60197448730469
        },
        {
            "Time": "2023-03-17",
            "value": 40.59233856201172
        },
        {
            "Time": "2023-03-20",
            "value": 40.28409194946289
        },
        {
            "Time": "2023-03-21",
            "value": 39.18596267700195
        },
        {
            "Time": "2023-03-22",
            "value": 38.22269058227539
        },
        {
            "Time": "2023-03-23",
            "value": 37.76031494140625
        },
        {
            "Time": "2023-03-24",
            "value": 38.76211929321289
        },
        {
            "Time": "2023-03-27",
            "value": 39.03183364868164
        },
        {
            "Time": "2023-03-28",
            "value": 39.32081985473633
        },
        {
            "Time": "2023-03-29",
            "value": 39.638702392578125
        },
        {
            "Time": "2023-03-30",
            "value": 39.92768096923828
        },
        {
            "Time": "2023-03-31",
            "value": 40.35152053833008
        }
    ]
}