{
    "data": [
        {
            "Time": "2023-03-01",
            "value": 51.1644401550293
        },
        {
            "Time": "2023-03-02",
            "value": 52.03307342529297
        },
        {
            "Time": "2023-03-03",
            "value": 52.93199157714844
        },
        {
            "Time": "2023-03-06",
            "value": 52.96038055419922
        },
        {
            "Time": "2023-03-07",
            "value": 51.720821380615234
        },
        {
            "Time": "2023-03-08",
            "value": 52.00468826293945
        },
        {
            "Time": "2023-03-09",
            "value": 51.35179138183594
        },
        {
            "Time": "2023-03-10",
            "value": 50.34879302978515
        },
        {
            "Time": "2023-03-13",
            "value": 51.28555679321289
        },
        {
            "Time": "2023-03-14",
            "value": 51.76813125610352
        },
        {
            "Time": "2023-03-15",
            "value": 52.903602600097656
        },
        {
            "Time": "2023-03-16",
            "value": 52.875221252441406
        },
        {
            "Time": "2023-03-17",
            "value": 52.4210319519043
        },
        {
            "Time": "2023-03-20",
            "value": 52.62919616699219
        },
        {
            "Time": "2023-03-21",
            "value": 51.18147277832031
        },
        {
            "Time": "2023-03-22",
            "value": 50.34879302978515
        },
        {
            "Time": "2023-03-23",
            "value": 49.41202926635742
        },
        {
            "Time": "2023-03-24",
            "value": 50.93545150756836
        },
        {
            "Time": "2023-03-27",
            "value": 51.21932220458984
        },
        {
            "Time": "2023-03-28",
            "value": 51.7775993347168
        },
        {
            "Time": "2023-03-29",
            "value": 52.59135437011719
        },
        {
            "Time": "2023-03-30",
            "value": 52.695438385009766
        },
        {
            "Time": "2023-03-31",
            "value": 52.903602600097656
        }
    ]
}