{
    "data": [
        {
            "Time": "2023-03-01",
            "value": 55.860557556152344
        },
        {
            "Time": "2023-03-02",
            "value": 57.12967300415039
        },
        {
            "Time": "2023-03-03",
            "value": 57.606788635253906
        },
        {
            "Time": "2023-03-06",
            "value": 57.349143981933594
        },
        {
            "Time": "2023-03-07",
            "value": 55.87009811401367
        },
        {
            "Time": "2023-03-08",
            "value": 56.328125
        },
        {
            "Time": "2023-03-09",
            "value": 55.65364837646485
        },
        {
            "Time": "2023-03-10",
            "value": 54.30470657348633
        },
        {
            "Time": "2023-03-13",
            "value": 54.98881912231445
        },
        {
            "Time": "2023-03-14",
            "value": 56.38593673706055
        },
        {
            "Time": "2023-03-15",
            "value": 56.48229217529297
        },
        {
            "Time": "2023-03-16",
            "value": 57.02186965942383
        },
        {
            "Time": "2023-03-17",
            "value": 56.39557266235352
        },
        {
            "Time": "2023-03-20",
            "value": 57.156761169433594
        },
        {
            "Time": "2023-03-21",
            "value": 56.39557266235352
        },
        {
            "Time": "2023-03-22",
            "value": 55.046630859375
        },
        {
            "Time": "2023-03-23",
            "value": 54.67085266113281
        },
        {
            "Time": "2023-03-24",
            "value": 56.636451721191406
        },
        {
            "Time": "2023-03-27",
            "value": 57.06040954589844
        },
        {
            "Time": "2023-03-28",
            "value": 57.69634246826172
        },
        {
            "Time": "2023-03-29",
            "value": 59.10309600830078
        },
        {
            "Time": "2023-03-30",
            "value": 59.61377716064453
        },
        {
            "Time": "2023-03-31",
            "value": 60.17262268066406
        }
    ]
}