{
    "data": [
        {
            "Time": "2023-03-01",
            "value": 87.93435668945312
        },
        {
            "Time": "2023-03-02",
            "value": 89.71389770507812
        },
        {
            "Time": "2023-03-03",
            "value": 91.26383209228516
        },
        {
            "Time": "2023-03-06",
            "value": 91.82830810546876
        },
        {
            "Time": "2023-03-07",
            "value": 89.47471618652344
        },
        {
            "Time": "2023-03-08",
            "value": 90.57496643066406
        },
        {
            "Time": "2023-03-09",
            "value": 90.14443969726562
        },
        {
            "Time": "2023-03-10",
            "value": 88.81455993652344
        },
        {
            "Time": "2023-03-13",
            "value": 90.09659576416016
        },
        {
            "Time": "2023-03-14",
            "value": 90.976806640625
        },
        {
            "Time": "2023-03-15",
            "value": 92.64154052734376
        },
        {
            "Time": "2023-03-16",
            "value": 92.99552917480467
        },
        {
            "Time": "2023-03-17",
            "value": 92.22056579589844
        },
        {
            "Time": "2023-03-20",
            "value": 93.10076904296876
        },
        {
            "Time": "2023-03-21",
            "value": 90.67064666748048
        },
        {
            "Time": "2023-03-22",
            "value": 88.92936706542969
        },
        {
            "Time": "2023-03-23",
            "value": 87.58992767333984
        },
        {
            "Time": "2023-03-24",
            "value": 90.2879409790039
        },
        {
            "Time": "2023-03-27",
            "value": 90.59410095214844
        },
        {
            "Time": "2023-03-28",
            "value": 90.65149688720705
        },
        {
            "Time": "2023-03-29",
            "value": 92.1057586669922
        },
        {
            "Time": "2023-03-30",
            "value": 92.00052642822266
        },
        {
            "Time": "2023-03-31",
            "value": 92.29710388183594
        }
    ]
}