{
    "data": [
        {
            "Time": "2023-03-01",
            "value": 170.1967010498047
        },
        {
            "Time": "2023-03-02",
            "value": 171.4890899658203
        },
        {
            "Time": "2023-03-03",
            "value": 174.69671630859375
        },
        {
            "Time": "2023-03-06",
            "value": 174.30313110351562
        },
        {
            "Time": "2023-03-07",
            "value": 172.67965698242188
        },
        {
            "Time": "2023-03-08",
            "value": 174.36219787597656
        },
        {
            "Time": "2023-03-09",
            "value": 171.56781005859375
        },
        {
            "Time": "2023-03-10",
            "value": 167.563232421875
        },
        {
            "Time": "2023-03-13",
            "value": 166.4513702392578
        },
        {
            "Time": "2023-03-14",
            "value": 169.06861877441406
        },
        {
            "Time": "2023-03-15",
            "value": 156.71047973632812
        },
        {
            "Time": "2023-03-16",
            "value": 161.73834228515625
        },
        {
            "Time": "2023-03-17",
            "value": 157.5763397216797
        },
        {
            "Time": "2023-03-20",
            "value": 160.9315185546875
        },
        {
            "Time": "2023-03-21",
            "value": 164.25723266601562
        },
        {
            "Time": "2023-03-22",
            "value": 163.48976135253906
        },
        {
            "Time": "2023-03-23",
            "value": 161.89578247070312
        },
        {
            "Time": "2023-03-24",
            "value": 161.01025390625
        },
        {
            "Time": "2023-03-27",
            "value": 161.24639892578125
        },
        {
            "Time": "2023-03-28",
            "value": 162.9289093017578
        },
        {
            "Time": "2023-03-29",
            "value": 164.93614196777344
        },
        {
            "Time": "2023-03-30",
            "value": 166.3726806640625
        },
        {
            "Time": "2023-03-31",
            "value": 168.5865020751953
        }
    ]
}