{
    "data": [
        {
            "Time": "2023-03-01",
            "value": 32.9900016784668
        },
        {
            "Time": "2023-03-02",
            "value": 33.689998626708984
        },
        {
            "Time": "2023-03-03",
            "value": 34.56999969482422
        },
        {
            "Time": "2023-03-06",
            "value": 33.880001068115234
        },
        {
            "Time": "2023-03-07",
            "value": 34.13999938964844
        },
        {
            "Time": "2023-03-08",
            "value": 34.0099983215332
        },
        {
            "Time": "2023-03-09",
            "value": 32.31999969482422
        },
        {
            "Time": "2023-03-10",
            "value": 31.11000061035156
        },
        {
            "Time": "2023-03-13",
            "value": 30.81999969482422
        },
        {
            "Time": "2023-03-14",
            "value": 32.36000061035156
        },
        {
            "Time": "2023-03-15",
            "value": 31.969999313354492
        },
        {
            "Time": "2023-03-16",
            "value": 32.72999954223633
        },
        {
            "Time": "2023-03-17",
            "value": 31.780000686645508
        },
        {
            "Time": "2023-03-20",
            "value": 31.93000030517578
        },
        {
            "Time": "2023-03-21",
            "value": 32.86000061035156
        },
        {
            "Time": "2023-03-22",
            "value": 31.520000457763672
        },
        {
            "Time": "2023-03-23",
            "value": 31.18000030517578
        },
        {
            "Time": "2023-03-24",
            "value": 30.75
        },
        {
            "Time": "2023-03-27",
            "value": 30.6200008392334
        },
        {
            "Time": "2023-03-28",
            "value": 30.06999969482422
        },
        {
            "Time": "2023-03-29",
            "value": 30.8700008392334
        },
        {
            "Time": "2023-03-30",
            "value": 31.190000534057617
        },
        {
            "Time": "2023-03-31",
            "value": 31.700000762939453
        }
    ]
}