{
    "data": [
        {
            "Time": "2023-03-01",
            "value": 95.42945861816406
        },
        {
            "Time": "2023-03-02",
            "value": 96.3638916015625
        },
        {
            "Time": "2023-03-03",
            "value": 96.38336181640624
        },
        {
            "Time": "2023-03-06",
            "value": 96.8603286743164
        },
        {
            "Time": "2023-03-07",
            "value": 95.56573486328124
        },
        {
            "Time": "2023-03-08",
            "value": 94.80651092529295
        },
        {
            "Time": "2023-03-09",
            "value": 93.37564086914062
        },
        {
            "Time": "2023-03-10",
            "value": 93.44377899169922
        },
        {
            "Time": "2023-03-13",
            "value": 94.86490631103516
        },
        {
            "Time": "2023-03-14",
            "value": 95.70201110839844
        },
        {
            "Time": "2023-03-15",
            "value": 93.27831268310548
        },
        {
            "Time": "2023-03-16",
            "value": 95.46839904785156
        },
        {
            "Time": "2023-03-17",
            "value": 93.200439453125
        },
        {
            "Time": "2023-03-20",
            "value": 94.93303680419922
        },
        {
            "Time": "2023-03-21",
            "value": 95.40026092529295
        },
        {
            "Time": "2023-03-22",
            "value": 94.1251449584961
        },
        {
            "Time": "2023-03-23",
            "value": 93.44377899169922
        },
        {
            "Time": "2023-03-24",
            "value": 93.8720703125
        },
        {
            "Time": "2023-03-27",
            "value": 94.32955932617188
        },
        {
            "Time": "2023-03-28",
            "value": 94.22248077392578
        },
        {
            "Time": "2023-03-29",
            "value": 95.09851837158205
        },
        {
            "Time": "2023-03-30",
            "value": 94.7772979736328
        },
        {
            "Time": "2023-03-31",
            "value": 95.32239532470705
        }
    ]
}