{
    "data": [
        {
            "Time": "2023-03-01",
            "value": 536.729736328125
        },
        {
            "Time": "2023-03-02",
            "value": 546.9257202148438
        },
        {
            "Time": "2023-03-03",
            "value": 557.5801391601562
        },
        {
            "Time": "2023-03-06",
            "value": 556.6632080078125
        },
        {
            "Time": "2023-03-07",
            "value": 547.0054321289062
        },
        {
            "Time": "2023-03-08",
            "value": 552.90576171875
        },
        {
            "Time": "2023-03-09",
            "value": 551.370849609375
        },
        {
            "Time": "2023-03-10",
            "value": 542.0220336914062
        },
        {
            "Time": "2023-03-13",
            "value": 539.7595825195312
        },
        {
            "Time": "2023-03-14",
            "value": 554.4700927734375
        },
        {
            "Time": "2023-03-15",
            "value": 541.24560546875
        },
        {
            "Time": "2023-03-16",
            "value": 555.5971069335938
        },
        {
            "Time": "2023-03-17",
            "value": 545.8731689453125
        },
        {
            "Time": "2023-03-20",
            "value": 549.0946044921875
        },
        {
            "Time": "2023-03-21",
            "value": 555.2081298828125
        },
        {
            "Time": "2023-03-22",
            "value": 552.83447265625
        },
        {
            "Time": "2023-03-23",
            "value": 553.7021484375
        },
        {
            "Time": "2023-03-24",
            "value": 556.763916015625
        },
        {
            "Time": "2023-03-27",
            "value": 560.1847534179688
        },
        {
            "Time": "2023-03-28",
            "value": 552.7446899414062
        },
        {
            "Time": "2023-03-29",
            "value": 553.6622314453125
        },
        {
            "Time": "2023-03-30",
            "value": 561.4612426757812
        },
        {
            "Time": "2023-03-31",
            "value": 574.8253784179688
        }
    ]
}