{
    "data": [
        {
            "Time": "2023-03-01",
            "value": 103.09315490722656
        },
        {
            "Time": "2023-03-02",
            "value": 103.4411392211914
        },
        {
            "Time": "2023-03-03",
            "value": 103.31546783447266
        },
        {
            "Time": "2023-03-06",
            "value": 107.39473724365234
        },
        {
            "Time": "2023-03-07",
            "value": 107.55906677246094
        },
        {
            "Time": "2023-03-08",
            "value": 104.66878509521484
        },
        {
            "Time": "2023-03-09",
            "value": 104.01146697998048
        },
        {
            "Time": "2023-03-10",
            "value": 104.09844970703124
        },
        {
            "Time": "2023-03-13",
            "value": 102.2038345336914
        },
        {
            "Time": "2023-03-14",
            "value": 104.1213607788086
        },
        {
            "Time": "2023-03-15",
            "value": 104.76378631591795
        },
        {
            "Time": "2023-03-16",
            "value": 104.48150634765624
        },
        {
            "Time": "2023-03-17",
            "value": 101.32778930664062
        },
        {
            "Time": "2023-03-20",
            "value": 103.03118133544922
        },
        {
            "Time": "2023-03-21",
            "value": 102.72943878173828
        },
        {
            "Time": "2023-03-22",
            "value": 101.61980438232422
        },
        {
            "Time": "2023-03-23",
            "value": 101.45433044433594
        },
        {
            "Time": "2023-03-24",
            "value": 102.0091552734375
        },
        {
            "Time": "2023-03-27",
            "value": 104.08242797851562
        },
        {
            "Time": "2023-03-28",
            "value": 102.71971130371094
        },
        {
            "Time": "2023-03-29",
            "value": 102.12596130371094
        },
        {
            "Time": "2023-03-30",
            "value": 103.0993194580078
        },
        {
            "Time": "2023-03-31",
            "value": 103.55680847167967
        }
    ]
}