{
    "data": [
        {
            "Time": "2023-03-01",
            "value": 38.213871002197266
        },
        {
            "Time": "2023-03-02",
            "value": 38.63233947753906
        },
        {
            "Time": "2023-03-03",
            "value": 39.13640594482422
        },
        {
            "Time": "2023-03-06",
            "value": 39.098358154296875
        },
        {
            "Time": "2023-03-07",
            "value": 38.36603546142578
        },
        {
            "Time": "2023-03-08",
            "value": 38.15679931640625
        },
        {
            "Time": "2023-03-09",
            "value": 37.52909851074219
        },
        {
            "Time": "2023-03-10",
            "value": 37.462520599365234
        },
        {
            "Time": "2023-03-13",
            "value": 37.90952682495117
        },
        {
            "Time": "2023-03-14",
            "value": 37.94757080078125
        },
        {
            "Time": "2023-03-15",
            "value": 38.3089714050293
        },
        {
            "Time": "2023-03-16",
            "value": 38.394569396972656
        },
        {
            "Time": "2023-03-17",
            "value": 38.13778305053711
        },
        {
            "Time": "2023-03-20",
            "value": 38.81303787231445
        },
        {
            "Time": "2023-03-21",
            "value": 38.670379638671875
        },
        {
            "Time": "2023-03-22",
            "value": 38.05218505859375
        },
        {
            "Time": "2023-03-23",
            "value": 38.213871002197266
        },
        {
            "Time": "2023-03-24",
            "value": 38.41358947753906
        },
        {
            "Time": "2023-03-27",
            "value": 38.25191116333008
        },
        {
            "Time": "2023-03-28",
            "value": 38.03316116333008
        },
        {
            "Time": "2023-03-29",
            "value": 38.28044128417969
        },
        {
            "Time": "2023-03-30",
            "value": 38.40407943725586
        },
        {
            "Time": "2023-03-31",
            "value": 38.80352783203125
        }
    ]
}