{
    "data": [
        {
            "Time": "2023-03-01",
            "value": 228.5047607421875
        },
        {
            "Time": "2023-03-02",
            "value": 227.10194396972656
        },
        {
            "Time": "2023-03-03",
            "value": 227.16964721679688
        },
        {
            "Time": "2023-03-06",
            "value": 227.4598846435547
        },
        {
            "Time": "2023-03-07",
            "value": 221.27781677246097
        },
        {
            "Time": "2023-03-08",
            "value": 220.99725341796875
        },
        {
            "Time": "2023-03-09",
            "value": 218.44314575195312
        },
        {
            "Time": "2023-03-10",
            "value": 220.45545959472656
        },
        {
            "Time": "2023-03-13",
            "value": 225.5926818847656
        },
        {
            "Time": "2023-03-14",
            "value": 223.07728576660156
        },
        {
            "Time": "2023-03-15",
            "value": 227.25672912597656
        },
        {
            "Time": "2023-03-16",
            "value": 226.93746948242188
        },
        {
            "Time": "2023-03-17",
            "value": 222.31298828125
        },
        {
            "Time": "2023-03-20",
            "value": 227.08258056640625
        },
        {
            "Time": "2023-03-21",
            "value": 225.37017822265625
        },
        {
            "Time": "2023-03-22",
            "value": 222.3516845703125
        },
        {
            "Time": "2023-03-23",
            "value": 225.51531982421875
        },
        {
            "Time": "2023-03-24",
            "value": 230.28488159179688
        },
        {
            "Time": "2023-03-27",
            "value": 229.0561981201172
        },
        {
            "Time": "2023-03-28",
            "value": 230.72023010253903
        },
        {
            "Time": "2023-03-29",
            "value": 233.1872711181641
        },
        {
            "Time": "2023-03-30",
            "value": 233.64195251464844
        },
        {
            "Time": "2023-03-31",
            "value": 233.8838348388672
        }
    ]
}