{
    "data": [
        {
            "Time": "2023-03-01",
            "value": 148.01780700683594
        },
        {
            "Time": "2023-03-02",
            "value": 147.90135192871094
        },
        {
            "Time": "2023-03-03",
            "value": 149.42453002929688
        },
        {
            "Time": "2023-03-06",
            "value": 150.91856384277344
        },
        {
            "Time": "2023-03-07",
            "value": 149.49241638183594
        },
        {
            "Time": "2023-03-08",
            "value": 148.39614868164062
        },
        {
            "Time": "2023-03-09",
            "value": 146.7274627685547
        },
        {
            "Time": "2023-03-10",
            "value": 147.08641052246094
        },
        {
            "Time": "2023-03-13",
            "value": 148.49314880371094
        },
        {
            "Time": "2023-03-14",
            "value": 149.32748413085938
        },
        {
            "Time": "2023-03-15",
            "value": 149.7446746826172
        },
        {
            "Time": "2023-03-16",
            "value": 149.43423461914062
        },
        {
            "Time": "2023-03-17",
            "value": 147.8334503173828
        },
        {
            "Time": "2023-03-20",
            "value": 149.2983856201172
        },
        {
            "Time": "2023-03-21",
            "value": 149.2983856201172
        },
        {
            "Time": "2023-03-22",
            "value": 146.5431365966797
        },
        {
            "Time": "2023-03-23",
            "value": 146.62074279785156
        },
        {
            "Time": "2023-03-24",
            "value": 148.09539794921875
        },
        {
            "Time": "2023-03-27",
            "value": 148.72601318359375
        },
        {
            "Time": "2023-03-28",
            "value": 147.2901611328125
        },
        {
            "Time": "2023-03-29",
            "value": 148.73568725585938
        },
        {
            "Time": "2023-03-30",
            "value": 148.85211181640625
        },
        {
            "Time": "2023-03-31",
            "value": 150.37527465820312
        }
    ]
}