{
    "data": [
        {
            "Time": "2023-03-01",
            "value": 464.6349487304687
        },
        {
            "Time": "2023-03-02",
            "value": 471.4491271972656
        },
        {
            "Time": "2023-03-03",
            "value": 461.3249206542969
        },
        {
            "Time": "2023-03-06",
            "value": 468.9156188964844
        },
        {
            "Time": "2023-03-07",
            "value": 470.9249267578125
        },
        {
            "Time": "2023-03-08",
            "value": 471.7888488769531
        },
        {
            "Time": "2023-03-09",
            "value": 465.4599914550781
        },
        {
            "Time": "2023-03-10",
            "value": 457.3257141113281
        },
        {
            "Time": "2023-03-13",
            "value": 458.1604919433594
        },
        {
            "Time": "2023-03-14",
            "value": 467.7896728515625
        },
        {
            "Time": "2023-03-15",
            "value": 471.41998291015625
        },
        {
            "Time": "2023-03-16",
            "value": 472.97308349609375
        },
        {
            "Time": "2023-03-17",
            "value": 472.7692260742187
        },
        {
            "Time": "2023-03-20",
            "value": 474.9435424804687
        },
        {
            "Time": "2023-03-21",
            "value": 476.4578247070313
        },
        {
            "Time": "2023-03-22",
            "value": 473.2254638671875
        },
        {
            "Time": "2023-03-23",
            "value": 473.4584045410156
        },
        {
            "Time": "2023-03-24",
            "value": 480.7481994628906
        },
        {
            "Time": "2023-03-27",
            "value": 478.75830078125
        },
        {
            "Time": "2023-03-28",
            "value": 472.4974060058594
        },
        {
            "Time": "2023-03-29",
            "value": 476.4772338867187
        },
        {
            "Time": "2023-03-30",
            "value": 477.0693359375
        },
        {
            "Time": "2023-03-31",
            "value": 482.30126953125
        }
    ]
}