{
    "data": [
        {
            "Time": "2023-03-01",
            "value": 134.24644470214844
        },
        {
            "Time": "2023-03-02",
            "value": 136.4601287841797
        },
        {
            "Time": "2023-03-03",
            "value": 137.45486450195312
        },
        {
            "Time": "2023-03-06",
            "value": 136.86973571777344
        },
        {
            "Time": "2023-03-07",
            "value": 134.14891052246094
        },
        {
            "Time": "2023-03-08",
            "value": 134.16842651367188
        },
        {
            "Time": "2023-03-09",
            "value": 133.18348693847656
        },
        {
            "Time": "2023-03-10",
            "value": 133.7880859375
        },
        {
            "Time": "2023-03-13",
            "value": 134.71453857421875
        },
        {
            "Time": "2023-03-14",
            "value": 136.38214111328125
        },
        {
            "Time": "2023-03-15",
            "value": 138.31304931640625
        },
        {
            "Time": "2023-03-16",
            "value": 139.34674072265625
        },
        {
            "Time": "2023-03-17",
            "value": 139.38575744628906
        },
        {
            "Time": "2023-03-20",
            "value": 141.5312042236328
        },
        {
            "Time": "2023-03-21",
            "value": 140.50723266601562
        },
        {
            "Time": "2023-03-22",
            "value": 140.4194793701172
        },
        {
            "Time": "2023-03-23",
            "value": 140.22442626953125
        },
        {
            "Time": "2023-03-24",
            "value": 143.081787109375
        },
        {
            "Time": "2023-03-27",
            "value": 142.33087158203125
        },
        {
            "Time": "2023-03-28",
            "value": 142.730712890625
        },
        {
            "Time": "2023-03-29",
            "value": 143.16952514648438
        },
        {
            "Time": "2023-03-30",
            "value": 143.7936553955078
        },
        {
            "Time": "2023-03-31",
            "value": 145.0029296875
        }
    ]
}