{
    "data": [
        {
            "Time": "2023-03-01",
            "value": 70.74407958984375
        },
        {
            "Time": "2023-03-02",
            "value": 71.93370819091797
        },
        {
            "Time": "2023-03-03",
            "value": 72.10922241210938
        },
        {
            "Time": "2023-03-06",
            "value": 71.46565246582031
        },
        {
            "Time": "2023-03-07",
            "value": 69.72020721435547
        },
        {
            "Time": "2023-03-08",
            "value": 70.16876983642578
        },
        {
            "Time": "2023-03-09",
            "value": 69.5641860961914
        },
        {
            "Time": "2023-03-10",
            "value": 69.5349349975586
        },
        {
            "Time": "2023-03-13",
            "value": 69.72020721435547
        },
        {
            "Time": "2023-03-14",
            "value": 70.4417953491211
        },
        {
            "Time": "2023-03-15",
            "value": 71.1146240234375
        },
        {
            "Time": "2023-03-16",
            "value": 71.13410949707031
        },
        {
            "Time": "2023-03-17",
            "value": 70.40278625488281
        },
        {
            "Time": "2023-03-20",
            "value": 71.2608871459961
        },
        {
            "Time": "2023-03-21",
            "value": 70.57829284667969
        },
        {
            "Time": "2023-03-22",
            "value": 70.33451843261719
        },
        {
            "Time": "2023-03-23",
            "value": 70.04199981689453
        },
        {
            "Time": "2023-03-24",
            "value": 71.5924072265625
        },
        {
            "Time": "2023-03-27",
            "value": 72.30425262451172
        },
        {
            "Time": "2023-03-28",
            "value": 72.6455307006836
        },
        {
            "Time": "2023-03-29",
            "value": 72.61627960205078
        },
        {
            "Time": "2023-03-30",
            "value": 73.37686157226562
        },
        {
            "Time": "2023-03-31",
            "value": 73.27935791015625
        }
    ]
}