{
    "data": [
        {
            "Time": "2022-11-27",
            "value": 0.19754999688692337
        },
        {
            "Time": "2022-11-28",
            "value": 0.5830545164937403
        },
        {
            "Time": "2022-11-29",
            "value": 0.5948734677713149
        },
        {
            "Time": "2022-11-30",
            "value": 0.2713696182850637
        },
        {
            "Time": "2022-12-01",
            "value": 0.3137455455774884
        },
        {
            "Time": "2022-12-02",
            "value": 0.3372164518689791
        },
        {
            "Time": "2022-12-03",
            "value": 0.5398823157743655
        },
        {
            "Time": "2022-12-04",
            "value": 0.4154857744560559
        },
        {
            "Time": "2022-12-05",
            "value": 0.3501854387562717
        },
        {
            "Time": "2022-12-06",
            "value": 0.5234494591474455
        },
        {
            "Time": "2022-12-07",
            "value": 0.1563437506566111
        },
        {
            "Time": "2022-12-08",
            "value": 0.6411650167459796
        },
        {
            "Time": "2022-12-09",
            "value": 0.5807649461754171
        },
        {
            "Time": "2022-12-10",
            "value": 1.3026687885294932
        },
        {
            "Time": "2022-12-11",
            "value": 0.329763100228292
        },
        {
            "Time": "2022-12-12",
            "value": 0.6504938681471342
        },
        {
            "Time": "2022-12-13",
            "value": 1.1210861579618694
        },
        {
            "Time": "2022-12-14",
            "value": 0.5377600002049537
        },
        {
            "Time": "2022-12-15",
            "value": 0.4095065934060953
        },
        {
            "Time": "2022-12-16",
            "value": 0.265339412496584
        },
        {
            "Time": "2022-12-17",
            "value": 0.3366336814456271
        },
        {
            "Time": "2022-12-18",
            "value": 1.7840234372030055
        },
        {
            "Time": "2022-12-19",
            "value": 1.4239179238806434
        },
        {
            "Time": "2022-12-20",
            "value": 1.0596856381089452
        },
        {
            "Time": "2022-12-21",
            "value": 1.283852080856872
        },
        {
            "Time": "2022-12-22",
            "value": 1.5959792611854975
        },
        {
            "Time": "2022-12-23",
            "value": 1.60707992497753
        },
        {
            "Time": "2022-12-24",
            "value": 1.5998586191456443
        },
        {
            "Time": "2022-12-25",
            "value": 1.7505774986148086
        },
        {
            "Time": "2022-12-26",
            "value": 1.5902415742709284
        },
        {
            "Time": "2022-12-27",
            "value": 0.6841225410777749
        },
        {
            "Time": "2022-12-28",
            "value": 0.3958773169265046
        },
        {
            "Time": "2022-12-29",
            "value": 0.24909606384456018
        },
        {
            "Time": "2022-12-30",
            "value": 0.37237210823310185
        },
        {
            "Time": "2022-12-31",
            "value": 0.8724931611419682
        },
        {
            "Time": "2023-01-01",
            "value": 0.6009280501694417
        },
        {
            "Time": "2023-01-02",
            "value": 0.3166203663090278
        },
        {
            "Time": "2023-01-03",
            "value": 0.35447181025636687
        },
        {
            "Time": "2023-01-04",
            "value": 0.368285876791632
        },
        {
            "Time": "2023-01-05",
            "value": 0.468990162549456
        },
        {
            "Time": "2023-01-06",
            "value": 1.472809032600801
        },
        {
            "Time": "2023-01-07",
            "value": 1.7472881306012287
        },
        {
            "Time": "2023-01-08",
            "value": 1.3943297257227723
        },
        {
            "Time": "2023-01-09",
            "value": 0.4083917766262153
        },
        {
            "Time": "2023-01-10",
            "value": 0.45460482528364804
        },
        {
            "Time": "2023-01-11",
            "value": 0.6014279922921731
        },
        {
            "Time": "2023-01-12",
            "value": 0.9969933983367112
        },
        {
            "Time": "2023-01-13",
            "value": 0.30529082331355567
        },
        {
            "Time": "2023-01-14",
            "value": 0.9404044583526747
        },
        {
            "Time": "2023-01-15",
            "value": 0.34142923391260976
        },
        {
            "Time": "2023-01-16",
            "value": 1.0323517142288219
        },
        {
            "Time": "2023-01-17",
            "value": 0.39221753169254625
        },
        {
            "Time": "2023-01-18",
            "value": 1.4349746673805055
        },
        {
            "Time": "2023-01-19",
            "value": 1.285406672616777
        },
        {
            "Time": "2023-01-20",
            "value": 0.6508273854932016
        },
        {
            "Time": "2023-01-21",
            "value": 0.25984837793375
        },
        {
            "Time": "2023-01-22",
            "value": 1.2919531831344488
        },
        {
            "Time": "2023-01-23",
            "value": 0.24100856839377316
        },
        {
            "Time": "2023-01-24",
            "value": 0.8122240840813111
        },
        {
            "Time": "2023-01-25",
            "value": 1.5846971920238233
        },
        {
            "Time": "2023-01-26",
            "value": 0.8960672424524907
        },
        {
            "Time": "2023-01-27",
            "value": 1.1851829177962603
        },
        {
            "Time": "2023-01-28",
            "value": 1.5637331966842278
        },
        {
            "Time": "2023-01-29",
            "value": 1.5638417713534425
        },
        {
            "Time": "2023-01-30",
            "value": 1.5863830507247285
        },
        {
            "Time": "2023-01-31",
            "value": 1.5681241246095434
        },
        {
            "Time": "2023-02-01",
            "value": 0.4131312527464236
        },
        {
            "Time": "2023-02-02",
            "value": 0.8576140538596547
        },
        {
            "Time": "2023-02-03",
            "value": 0.4709586005441602
        },
        {
            "Time": "2023-02-04",
            "value": 0.18115139715324075
        },
        {
            "Time": "2023-02-05",
            "value": 0.3601980127831506
        },
        {
            "Time": "2023-02-06",
            "value": 1.1329450709633633
        },
        {
            "Time": "2023-02-07",
            "value": 0.35620550928360506
        },
        {
            "Time": "2023-02-08",
            "value": 0.22058807936364583
        },
        {
            "Time": "2023-02-09",
            "value": 0.4047857936451831
        },
        {
            "Time": "2023-02-10",
            "value": 0.25346790369663086
        },
        {
            "Time": "2023-02-11",
            "value": 0.6299069004057526
        },
        {
            "Time": "2023-02-12",
            "value": 0.7796530543277074
        },
        {
            "Time": "2023-02-13",
            "value": 0.395502790992559
        },
        {
            "Time": "2023-02-14",
            "value": 0.7292180510549768
        },
        {
            "Time": "2023-02-15",
            "value": 1.6446472552117295
        },
        {
            "Time": "2023-02-16",
            "value": 2.0824304511821605
        },
        {
            "Time": "2023-02-17",
            "value": 1.6351210737842485
        },
        {
            "Time": "2023-02-18",
            "value": 1.8245088746813585
        },
        {
            "Time": "2023-02-19",
            "value": 0.6700685371997189
        },
        {
            "Time": "2023-02-20",
            "value": 1.1735017433751735
        },
        {
            "Time": "2023-02-21",
            "value": 2.3938938837421952
        },
        {
            "Time": "2023-02-22",
            "value": 1.884336294879567
        },
        {
            "Time": "2023-02-23",
            "value": 1.6638441362265306
        },
        {
            "Time": "2023-02-24",
            "value": 0.905371331313414
        },
        {
            "Time": "2023-02-25",
            "value": 2.156301805747939
        },
        {
            "Time": "2023-02-26",
            "value": 2.5402306245113904
        },
        {
            "Time": "2023-02-27",
            "value": 2.080540113810488
        },
        {
            "Time": "2023-02-28",
            "value": 1.2378784154707099
        },
        {
            "Time": "2023-03-01",
            "value": 1.255956436370786
        },
        {
            "Time": "2023-03-02",
            "value": 1.491558061268792
        },
        {
            "Time": "2023-03-03",
            "value": 2.25178201521778
        },
        {
            "Time": "2023-03-04",
            "value": 2.4744864868465806
        },
        {
            "Time": "2023-03-05",
            "value": 2.5085842914701093
        },
        {
            "Time": "2023-03-06",
            "value": 2.61864173935988
        },
        {
            "Time": "2023-03-07",
            "value": 2.6210702118423397
        },
        {
            "Time": "2023-03-08",
            "value": 2.4699430331521293
        },
        {
            "Time": "2023-03-09",
            "value": 1.7598551068274717
        },
        {
            "Time": "2023-03-10",
            "value": 2.750261887206904
        },
        {
            "Time": "2023-03-11",
            "value": 2.394848199420869
        },
        {
            "Time": "2023-03-12",
            "value": 0.5556967880451315
        },
        {
            "Time": "2023-03-13",
            "value": 2.174237032122954
        },
        {
            "Time": "2023-03-14",
            "value": 2.8857968972314993
        },
        {
            "Time": "2023-03-15",
            "value": 2.3195751105649096
        },
        {
            "Time": "2023-03-16",
            "value": 2.3287719159167297
        },
        {
            "Time": "2023-03-17",
            "value": 1.4720199390040778
        },
        {
            "Time": "2023-03-18",
            "value": 0.3842609961282408
        },
        {
            "Time": "2023-03-19",
            "value": 0.1819414674396825
        },
        {
            "Time": "2023-03-20",
            "value": 1.8909241958861593
        },
        {
            "Time": "2023-03-21",
            "value": 1.0709747592947432
        },
        {
            "Time": "2023-03-22",
            "value": 1.811648286083196
        },
        {
            "Time": "2023-03-23",
            "value": 0.2263583844900463
        },
        {
            "Time": "2023-03-24",
            "value": 0.2642286738481647
        },
        {
            "Time": "2023-03-25",
            "value": 0.3098935172365162
        },
        {
            "Time": "2023-03-26",
            "value": 1.0311222980962447
        },
        {
            "Time": "2023-03-27",
            "value": 0.0
        }
    ]
}