{
    "data": [
        {
            "Time": "2022-11-27",
            "value": 0.10078616863831757
        },
        {
            "Time": "2022-11-28",
            "value": 0.6206899016105794
        },
        {
            "Time": "2022-11-29",
            "value": 0.44298932308423616
        },
        {
            "Time": "2022-11-30",
            "value": 0.16895294303483238
        },
        {
            "Time": "2022-12-01",
            "value": 0.20662238289596369
        },
        {
            "Time": "2022-12-02",
            "value": 0.2619825314246671
        },
        {
            "Time": "2022-12-03",
            "value": 0.4585999159786207
        },
        {
            "Time": "2022-12-04",
            "value": 0.31034650597727037
        },
        {
            "Time": "2022-12-05",
            "value": 0.2519889221872539
        },
        {
            "Time": "2022-12-06",
            "value": 0.43439153145576476
        },
        {
            "Time": "2022-12-07",
            "value": 0.08196555279587475
        },
        {
            "Time": "2022-12-08",
            "value": 0.6221120170790124
        },
        {
            "Time": "2022-12-09",
            "value": 0.5204391979789786
        },
        {
            "Time": "2022-12-10",
            "value": 1.2894216846764996
        },
        {
            "Time": "2022-12-11",
            "value": 0.23000257494450432
        },
        {
            "Time": "2022-12-12",
            "value": 0.7371507050228683
        },
        {
            "Time": "2022-12-13",
            "value": 0.8869127815985999
        },
        {
            "Time": "2022-12-14",
            "value": 0.4594267986423465
        },
        {
            "Time": "2022-12-15",
            "value": 0.3112722002909721
        },
        {
            "Time": "2022-12-16",
            "value": 0.17154731677620097
        },
        {
            "Time": "2022-12-17",
            "value": 0.27221744126833247
        },
        {
            "Time": "2022-12-18",
            "value": 1.9802962079501798
        },
        {
            "Time": "2022-12-19",
            "value": 1.7812210579437953
        },
        {
            "Time": "2022-12-20",
            "value": 0.7297360163140209
        },
        {
            "Time": "2022-12-21",
            "value": 2.0176376996467944
        },
        {
            "Time": "2022-12-22",
            "value": 2.0174957518630423
        },
        {
            "Time": "2022-12-23",
            "value": 1.9927189210535283
        },
        {
            "Time": "2022-12-24",
            "value": 1.9674799606422775
        },
        {
            "Time": "2022-12-25",
            "value": 1.933762732015557
        },
        {
            "Time": "2022-12-26",
            "value": 1.4742017913230407
        },
        {
            "Time": "2022-12-27",
            "value": 0.5831706076896382
        },
        {
            "Time": "2022-12-28",
            "value": 0.284963210414399
        },
        {
            "Time": "2022-12-29",
            "value": 0.16721816990307292
        },
        {
            "Time": "2022-12-30",
            "value": 0.26828385007083616
        },
        {
            "Time": "2022-12-31",
            "value": 0.934796044618578
        },
        {
            "Time": "2023-01-01",
            "value": 0.5038425622054524
        },
        {
            "Time": "2023-01-02",
            "value": 0.23490914183463185
        },
        {
            "Time": "2023-01-03",
            "value": 0.24628876050874138
        },
        {
            "Time": "2023-01-04",
            "value": 0.2750723541436568
        },
        {
            "Time": "2023-01-05",
            "value": 0.3639565921022535
        },
        {
            "Time": "2023-01-06",
            "value": 1.8322322227525742
        },
        {
            "Time": "2023-01-07",
            "value": 2.0443971708839177
        },
        {
            "Time": "2023-01-08",
            "value": 1.9345400458419657
        },
        {
            "Time": "2023-01-09",
            "value": 0.3320074760221177
        },
        {
            "Time": "2023-01-10",
            "value": 0.33780124836770753
        },
        {
            "Time": "2023-01-11",
            "value": 0.5045730592773491
        },
        {
            "Time": "2023-01-12",
            "value": 1.0443256206623905
        },
        {
            "Time": "2023-01-13",
            "value": 0.21082174629463898
        },
        {
            "Time": "2023-01-14",
            "value": 0.9589666168859662
        },
        {
            "Time": "2023-01-15",
            "value": 0.23178623549117033
        },
        {
            "Time": "2023-01-16",
            "value": 1.6900391968809212
        },
        {
            "Time": "2023-01-17",
            "value": 0.3098680544858236
        },
        {
            "Time": "2023-01-18",
            "value": 1.8112952188849911
        },
        {
            "Time": "2023-01-19",
            "value": 1.52128343249225
        },
        {
            "Time": "2023-01-20",
            "value": 0.5740159361929655
        },
        {
            "Time": "2023-01-21",
            "value": 0.15382029061799268
        },
        {
            "Time": "2023-01-22",
            "value": 1.4454364553677992
        },
        {
            "Time": "2023-01-23",
            "value": 0.16007617252618536
        },
        {
            "Time": "2023-01-24",
            "value": 1.1384799469845175
        },
        {
            "Time": "2023-01-25",
            "value": 1.941764749917565
        },
        {
            "Time": "2023-01-26",
            "value": 0.8116984282593507
        },
        {
            "Time": "2023-01-27",
            "value": 1.3714434338069819
        },
        {
            "Time": "2023-01-28",
            "value": 1.9778459596966491
        },
        {
            "Time": "2023-01-29",
            "value": 2.108533685436446
        },
        {
            "Time": "2023-01-30",
            "value": 2.004454977531691
        },
        {
            "Time": "2023-01-31",
            "value": 2.1513749156175
        },
        {
            "Time": "2023-02-01",
            "value": 0.33420695550394797
        },
        {
            "Time": "2023-02-02",
            "value": 0.7920471434428303
        },
        {
            "Time": "2023-02-03",
            "value": 0.3772733357665937
        },
        {
            "Time": "2023-02-04",
            "value": 0.07532120997630291
        },
        {
            "Time": "2023-02-05",
            "value": 0.26444452925203726
        },
        {
            "Time": "2023-02-06",
            "value": 1.1701202758331581
        },
        {
            "Time": "2023-02-07",
            "value": 0.2729965200105723
        },
        {
            "Time": "2023-02-08",
            "value": 0.12015633092522719
        },
        {
            "Time": "2023-02-09",
            "value": 0.3198127432377147
        },
        {
            "Time": "2023-02-10",
            "value": 0.1571448067758944
        },
        {
            "Time": "2023-02-11",
            "value": 0.6686836807723807
        },
        {
            "Time": "2023-02-12",
            "value": 0.9017749614912968
        },
        {
            "Time": "2023-02-13",
            "value": 0.25564649857744354
        },
        {
            "Time": "2023-02-14",
            "value": 0.7817276034366729
        },
        {
            "Time": "2023-02-15",
            "value": 1.8474482211289358
        },
        {
            "Time": "2023-02-16",
            "value": 2.670088035673915
        },
        {
            "Time": "2023-02-17",
            "value": 1.7981071368334427
        },
        {
            "Time": "2023-02-18",
            "value": 1.8819663582120034
        },
        {
            "Time": "2023-02-19",
            "value": 0.595017559678182
        },
        {
            "Time": "2023-02-20",
            "value": 1.2406953009045225
        },
        {
            "Time": "2023-02-21",
            "value": 2.463530975582514
        },
        {
            "Time": "2023-02-22",
            "value": 2.035646901496082
        },
        {
            "Time": "2023-02-23",
            "value": 2.048138479447635
        },
        {
            "Time": "2023-02-24",
            "value": 0.8259427099589426
        },
        {
            "Time": "2023-02-25",
            "value": 2.04727203458238
        },
        {
            "Time": "2023-02-26",
            "value": 2.5245642831260233
        },
        {
            "Time": "2023-02-27",
            "value": 2.3751685441829804
        },
        {
            "Time": "2023-02-28",
            "value": 1.1893604941539493
        },
        {
            "Time": "2023-03-01",
            "value": 1.2921833013872523
        },
        {
            "Time": "2023-03-02",
            "value": 1.7573141800242211
        },
        {
            "Time": "2023-03-03",
            "value": 2.1681102216551995
        },
        {
            "Time": "2023-03-04",
            "value": 2.554481890576262
        },
        {
            "Time": "2023-03-05",
            "value": 2.510196859864346
        },
        {
            "Time": "2023-03-06",
            "value": 2.6480844577673914
        },
        {
            "Time": "2023-03-07",
            "value": 2.6258337633446267
        },
        {
            "Time": "2023-03-08",
            "value": 2.3290205691157917
        },
        {
            "Time": "2023-03-09",
            "value": 2.105351303101859
        },
        {
            "Time": "2023-03-10",
            "value": 2.76501650228279
        },
        {
            "Time": "2023-03-11",
            "value": 2.2496537281867752
        },
        {
            "Time": "2023-03-12",
            "value": 0.4563562324906349
        },
        {
            "Time": "2023-03-13",
            "value": 2.1777344421115616
        },
        {
            "Time": "2023-03-14",
            "value": 2.9536982492369095
        },
        {
            "Time": "2023-03-15",
            "value": 2.3515928998729403
        },
        {
            "Time": "2023-03-16",
            "value": 2.422796463689376
        },
        {
            "Time": "2023-03-17",
            "value": 1.3239034981075153
        },
        {
            "Time": "2023-03-18",
            "value": 0.2932745710116006
        },
        {
            "Time": "2023-03-19",
            "value": 0.08326806807191293
        },
        {
            "Time": "2023-03-20",
            "value": 2.037204976256494
        },
        {
            "Time": "2023-03-21",
            "value": 1.0015469570301634
        },
        {
            "Time": "2023-03-22",
            "value": 1.8647075106654
        },
        {
            "Time": "2023-03-23",
            "value": 0.12814294421514633
        },
        {
            "Time": "2023-03-24",
            "value": 0.15120447367463574
        },
        {
            "Time": "2023-03-25",
            "value": 0.20921932848987904
        },
        {
            "Time": "2023-03-26",
            "value": 0.915524864869357
        },
        {
            "Time": "2023-03-27",
            "value": 0.0
        }
    ]
}