{
    "data": [
        {
            "Time": "2022-11-27",
            "value": 0.19218654542101882
        },
        {
            "Time": "2022-11-28",
            "value": 0.7318007980888321
        },
        {
            "Time": "2022-11-29",
            "value": 0.8384998405265172
        },
        {
            "Time": "2022-11-30",
            "value": 0.27556704410228167
        },
        {
            "Time": "2022-12-01",
            "value": 0.0
        },
        {
            "Time": "2022-12-02",
            "value": 0.0
        },
        {
            "Time": "2022-12-03",
            "value": 0.0
        },
        {
            "Time": "2022-12-04",
            "value": 0.0
        },
        {
            "Time": "2022-12-05",
            "value": 0.0
        },
        {
            "Time": "2022-12-06",
            "value": 0.0
        },
        {
            "Time": "2022-12-07",
            "value": 0.0
        },
        {
            "Time": "2022-12-08",
            "value": 0.8203115549208031
        },
        {
            "Time": "2022-12-09",
            "value": 0.6582675384600039
        },
        {
            "Time": "2022-12-10",
            "value": 1.9174590570716719
        },
        {
            "Time": "2022-12-11",
            "value": 0.33761814189744377
        },
        {
            "Time": "2022-12-12",
            "value": 1.0123063380181248
        },
        {
            "Time": "2022-12-13",
            "value": 1.5574843585289058
        },
        {
            "Time": "2022-12-14",
            "value": 0.5772112719854662
        },
        {
            "Time": "2022-12-15",
            "value": 0.45014813355302336
        },
        {
            "Time": "2022-12-16",
            "value": 0.27500228988630343
        },
        {
            "Time": "2022-12-17",
            "value": 0.3652790190262396
        },
        {
            "Time": "2022-12-18",
            "value": 2.459848885001617
        },
        {
            "Time": "2022-12-19",
            "value": 2.312576098163476
        },
        {
            "Time": "2022-12-20",
            "value": 1.3972252278572428
        },
        {
            "Time": "2022-12-21",
            "value": 2.220308036983075
        },
        {
            "Time": "2022-12-22",
            "value": 2.2539695682149095
        },
        {
            "Time": "2022-12-23",
            "value": 2.370358733764271
        },
        {
            "Time": "2022-12-24",
            "value": 2.4044583993211606
        },
        {
            "Time": "2022-12-25",
            "value": 2.376549818504311
        },
        {
            "Time": "2022-12-26",
            "value": 1.9828010561969298
        },
        {
            "Time": "2022-12-27",
            "value": 0.8457797618630722
        },
        {
            "Time": "2022-12-28",
            "value": 0.4105615335425521
        },
        {
            "Time": "2022-12-29",
            "value": 0.24608584703492803
        },
        {
            "Time": "2022-12-30",
            "value": 0.3829339375352475
        },
        {
            "Time": "2022-12-31",
            "value": 1.2271255706070983
        },
        {
            "Time": "2023-01-01",
            "value": 0.6768313012924935
        },
        {
            "Time": "2023-01-02",
            "value": 0.3265558587041981
        },
        {
            "Time": "2023-01-03",
            "value": 0.35904158445090184
        },
        {
            "Time": "2023-01-04",
            "value": 0.38078289058291237
        },
        {
            "Time": "2023-01-05",
            "value": 0.4926712971629806
        },
        {
            "Time": "2023-01-06",
            "value": 2.249657206576442
        },
        {
            "Time": "2023-01-07",
            "value": 2.40963215233847
        },
        {
            "Time": "2023-01-08",
            "value": 2.392802399239048
        },
        {
            "Time": "2023-01-09",
            "value": 0.42888356297538804
        },
        {
            "Time": "2023-01-10",
            "value": 0.49338551255427954
        },
        {
            "Time": "2023-01-11",
            "value": 0.6629493583144316
        },
        {
            "Time": "2023-01-12",
            "value": 1.4997353197348313
        },
        {
            "Time": "2023-01-13",
            "value": 0.3231306698819116
        },
        {
            "Time": "2023-01-14",
            "value": 1.6294148763487533
        },
        {
            "Time": "2023-01-15",
            "value": 0.3412072899787416
        },
        {
            "Time": "2023-01-16",
            "value": 1.8731258165749138
        },
        {
            "Time": "2023-01-17",
            "value": 0.41946565244373707
        },
        {
            "Time": "2023-01-18",
            "value": 2.340578945164407
        },
        {
            "Time": "2023-01-19",
            "value": 1.9107435443474672
        },
        {
            "Time": "2023-01-20",
            "value": 0.7865545017136126
        },
        {
            "Time": "2023-01-21",
            "value": 0.25675810407031824
        },
        {
            "Time": "2023-01-22",
            "value": 1.7947025152621403
        },
        {
            "Time": "2023-01-23",
            "value": 0.2494113427278993
        },
        {
            "Time": "2023-01-24",
            "value": 1.4969878160688808
        },
        {
            "Time": "2023-01-25",
            "value": 2.59594014493733
        },
        {
            "Time": "2023-01-26",
            "value": 1.279346344017408
        },
        {
            "Time": "2023-01-27",
            "value": 2.331968017466878
        },
        {
            "Time": "2023-01-28",
            "value": 2.6365055193681695
        },
        {
            "Time": "2023-01-29",
            "value": 2.705218939623037
        },
        {
            "Time": "2023-01-30",
            "value": 2.7510080973640623
        },
        {
            "Time": "2023-01-31",
            "value": 2.703628589588839
        },
        {
            "Time": "2023-02-01",
            "value": 0.43739307559873114
        },
        {
            "Time": "2023-02-02",
            "value": 0.9769677216935335
        },
        {
            "Time": "2023-02-03",
            "value": 0.4966658774736139
        },
        {
            "Time": "2023-02-04",
            "value": 0.17568960939317943
        },
        {
            "Time": "2023-02-05",
            "value": 0.3729370759747295
        },
        {
            "Time": "2023-02-06",
            "value": 1.7076519137792086
        },
        {
            "Time": "2023-02-07",
            "value": 0.3752808962322232
        },
        {
            "Time": "2023-02-08",
            "value": 0.2119597697769436
        },
        {
            "Time": "2023-02-09",
            "value": 0.44049866371532
        },
        {
            "Time": "2023-02-10",
            "value": 0.24778954765013436
        },
        {
            "Time": "2023-02-11",
            "value": 0.7930976007322086
        },
        {
            "Time": "2023-02-12",
            "value": 1.1104047219162412
        },
        {
            "Time": "2023-02-13",
            "value": 0.42086370867705614
        },
        {
            "Time": "2023-02-14",
            "value": 0.8512631411176628
        },
        {
            "Time": "2023-02-15",
            "value": 2.4016089822185047
        },
        {
            "Time": "2023-02-16",
            "value": 2.966908788029255
        },
        {
            "Time": "2023-02-17",
            "value": 2.0902431124862066
        },
        {
            "Time": "2023-02-18",
            "value": 2.5318037786098477
        },
        {
            "Time": "2023-02-19",
            "value": 0.7358092822811325
        },
        {
            "Time": "2023-02-20",
            "value": 1.4615908420587005
        },
        {
            "Time": "2023-02-21",
            "value": 2.9124302643437727
        },
        {
            "Time": "2023-02-22",
            "value": 2.4097484084604335
        },
        {
            "Time": "2023-02-23",
            "value": 2.2971513583441534
        },
        {
            "Time": "2023-02-24",
            "value": 1.0454418798898455
        },
        {
            "Time": "2023-02-25",
            "value": 2.6166514632468822
        },
        {
            "Time": "2023-02-26",
            "value": 2.947916243109803
        },
        {
            "Time": "2023-02-27",
            "value": 2.5244972885653825
        },
        {
            "Time": "2023-02-28",
            "value": 1.4475588306111014
        },
        {
            "Time": "2023-03-01",
            "value": 1.495294819756308
        },
        {
            "Time": "2023-03-02",
            "value": 1.8652007873881145
        },
        {
            "Time": "2023-03-03",
            "value": 2.631655244793883
        },
        {
            "Time": "2023-03-04",
            "value": 2.901421026040948
        },
        {
            "Time": "2023-03-05",
            "value": 2.8501784840021793
        },
        {
            "Time": "2023-03-06",
            "value": 2.98919013598202
        },
        {
            "Time": "2023-03-07",
            "value": 2.9338696140835925
        },
        {
            "Time": "2023-03-08",
            "value": 2.786070498065971
        },
        {
            "Time": "2023-03-09",
            "value": 2.1488878469209913
        },
        {
            "Time": "2023-03-10",
            "value": 3.011551739232634
        },
        {
            "Time": "2023-03-11",
            "value": 2.621125061309057
        },
        {
            "Time": "2023-03-12",
            "value": 0.5813843295577418
        },
        {
            "Time": "2023-03-13",
            "value": 2.464144410719628
        },
        {
            "Time": "2023-03-14",
            "value": 3.084821019434993
        },
        {
            "Time": "2023-03-15",
            "value": 2.5497558322079334
        },
        {
            "Time": "2023-03-16",
            "value": 2.5670735595759018
        },
        {
            "Time": "2023-03-17",
            "value": 1.6274027834304614
        },
        {
            "Time": "2023-03-18",
            "value": 0.39900326070186265
        },
        {
            "Time": "2023-03-19",
            "value": 0.1838163387337651
        },
        {
            "Time": "2023-03-20",
            "value": 2.126080942108463
        },
        {
            "Time": "2023-03-21",
            "value": 1.2185508858793517
        },
        {
            "Time": "2023-03-22",
            "value": 2.0331860955886794
        },
        {
            "Time": "2023-03-23",
            "value": 0.22971290863311764
        },
        {
            "Time": "2023-03-24",
            "value": 0.2671979128872477
        },
        {
            "Time": "2023-03-25",
            "value": 0.3212900340205531
        },
        {
            "Time": "2023-03-26",
            "value": 1.1240702688367856
        },
        {
            "Time": "2023-03-27",
            "value": 0.0
        }
    ]
}