{
    "data": [
        {
            "Time": "2022-11-27",
            "value": 0.13991790658304729
        },
        {
            "Time": "2022-11-28",
            "value": 0.6272614794813614
        },
        {
            "Time": "2022-11-29",
            "value": 0.4096205561771831
        },
        {
            "Time": "2022-11-30",
            "value": 0.21653368576862894
        },
        {
            "Time": "2022-12-01",
            "value": 0.0
        },
        {
            "Time": "2022-12-02",
            "value": 0.0
        },
        {
            "Time": "2022-12-03",
            "value": 0.0
        },
        {
            "Time": "2022-12-04",
            "value": 0.0
        },
        {
            "Time": "2022-12-05",
            "value": 0.0
        },
        {
            "Time": "2022-12-06",
            "value": 0.0
        },
        {
            "Time": "2022-12-07",
            "value": 0.0
        },
        {
            "Time": "2022-12-08",
            "value": 0.6284543796958327
        },
        {
            "Time": "2022-12-09",
            "value": 0.5304601686209828
        },
        {
            "Time": "2022-12-10",
            "value": 1.0084826061544667
        },
        {
            "Time": "2022-12-11",
            "value": 0.27565890834032986
        },
        {
            "Time": "2022-12-12",
            "value": 0.7073837631348673
        },
        {
            "Time": "2022-12-13",
            "value": 0.7474742910122608
        },
        {
            "Time": "2022-12-14",
            "value": 0.4789423765028538
        },
        {
            "Time": "2022-12-15",
            "value": 0.337142865419506
        },
        {
            "Time": "2022-12-16",
            "value": 0.22378033646165343
        },
        {
            "Time": "2022-12-17",
            "value": 0.3011787846096078
        },
        {
            "Time": "2022-12-18",
            "value": 1.1085224416667154
        },
        {
            "Time": "2022-12-19",
            "value": 1.1696624666807545
        },
        {
            "Time": "2022-12-20",
            "value": 0.6174897950972796
        },
        {
            "Time": "2022-12-21",
            "value": 1.0727989738928063
        },
        {
            "Time": "2022-12-22",
            "value": 1.103744469897182
        },
        {
            "Time": "2022-12-23",
            "value": 1.2297172070365296
        },
        {
            "Time": "2022-12-24",
            "value": 1.14141889259932
        },
        {
            "Time": "2022-12-25",
            "value": 1.1536680570503086
        },
        {
            "Time": "2022-12-26",
            "value": 0.9857684168211599
        },
        {
            "Time": "2022-12-27",
            "value": 0.589607170782044
        },
        {
            "Time": "2022-12-28",
            "value": 0.3310231449849411
        },
        {
            "Time": "2022-12-29",
            "value": 0.20273065345423774
        },
        {
            "Time": "2022-12-30",
            "value": 0.30668086836161507
        },
        {
            "Time": "2022-12-31",
            "value": 0.8569735995292965
        },
        {
            "Time": "2023-01-01",
            "value": 0.5255344794358835
        },
        {
            "Time": "2023-01-02",
            "value": 0.2738333316761574
        },
        {
            "Time": "2023-01-03",
            "value": 0.2840826054280192
        },
        {
            "Time": "2023-01-04",
            "value": 0.3092615729148958
        },
        {
            "Time": "2023-01-05",
            "value": 0.4029158378686328
        },
        {
            "Time": "2023-01-06",
            "value": 1.2343702240503074
        },
        {
            "Time": "2023-01-07",
            "value": 1.2464322263012428
        },
        {
            "Time": "2023-01-08",
            "value": 1.2326922432069056
        },
        {
            "Time": "2023-01-09",
            "value": 0.36546362035112434
        },
        {
            "Time": "2023-01-10",
            "value": 0.37306148776576964
        },
        {
            "Time": "2023-01-11",
            "value": 0.5237248626623607
        },
        {
            "Time": "2023-01-12",
            "value": 0.9336027970277602
        },
        {
            "Time": "2023-01-13",
            "value": 0.2610911967486583
        },
        {
            "Time": "2023-01-14",
            "value": 0.9336770117961115
        },
        {
            "Time": "2023-01-15",
            "value": 0.2799231486025706
        },
        {
            "Time": "2023-01-16",
            "value": 1.0448147016272091
        },
        {
            "Time": "2023-01-17",
            "value": 0.34443865579171296
        },
        {
            "Time": "2023-01-18",
            "value": 1.2510754876744783
        },
        {
            "Time": "2023-01-19",
            "value": 1.1358797585649085
        },
        {
            "Time": "2023-01-20",
            "value": 0.5881176655393496
        },
        {
            "Time": "2023-01-21",
            "value": 0.20319820332991897
        },
        {
            "Time": "2023-01-22",
            "value": 1.0771885843690723
        },
        {
            "Time": "2023-01-23",
            "value": 0.2026597248083449
        },
        {
            "Time": "2023-01-24",
            "value": 1.0128420086762486
        },
        {
            "Time": "2023-01-25",
            "value": 1.3072004840883562
        },
        {
            "Time": "2023-01-26",
            "value": 0.8076477634582455
        },
        {
            "Time": "2023-01-27",
            "value": 1.2862562240587847
        },
        {
            "Time": "2023-01-28",
            "value": 1.3156695831343908
        },
        {
            "Time": "2023-01-29",
            "value": 1.3942515129349893
        },
        {
            "Time": "2023-01-30",
            "value": 1.4135466722498071
        },
        {
            "Time": "2023-01-31",
            "value": 1.4560541887684006
        },
        {
            "Time": "2023-02-01",
            "value": 0.35951630750992847
        },
        {
            "Time": "2023-02-02",
            "value": 0.7634081396777063
        },
        {
            "Time": "2023-02-03",
            "value": 0.400596119435526
        },
        {
            "Time": "2023-02-04",
            "value": 0.15560999540003562
        },
        {
            "Time": "2023-02-05",
            "value": 0.3163940943425926
        },
        {
            "Time": "2023-02-06",
            "value": 1.088671670995587
        },
        {
            "Time": "2023-02-07",
            "value": 0.31885009564407196
        },
        {
            "Time": "2023-02-08",
            "value": 0.17584149632701926
        },
        {
            "Time": "2023-02-09",
            "value": 0.364175297100668
        },
        {
            "Time": "2023-02-10",
            "value": 0.21926281463284142
        },
        {
            "Time": "2023-02-11",
            "value": 0.6418749021588375
        },
        {
            "Time": "2023-02-12",
            "value": 0.848099365841363
        },
        {
            "Time": "2023-02-13",
            "value": 0.3024078198984777
        },
        {
            "Time": "2023-02-14",
            "value": 0.7410732814999881
        },
        {
            "Time": "2023-02-15",
            "value": 1.402107991151636
        },
        {
            "Time": "2023-02-16",
            "value": 1.496217024253768
        },
        {
            "Time": "2023-02-17",
            "value": 1.275202830869637
        },
        {
            "Time": "2023-02-18",
            "value": 1.431020586337849
        },
        {
            "Time": "2023-02-19",
            "value": 0.5987956061550452
        },
        {
            "Time": "2023-02-20",
            "value": 1.1393431675491146
        },
        {
            "Time": "2023-02-21",
            "value": 1.4502452732273812
        },
        {
            "Time": "2023-02-22",
            "value": 1.3991923347415598
        },
        {
            "Time": "2023-02-23",
            "value": 1.4240872182008522
        },
        {
            "Time": "2023-02-24",
            "value": 0.7991775574228658
        },
        {
            "Time": "2023-02-25",
            "value": 1.4740370820559316
        },
        {
            "Time": "2023-02-26",
            "value": 1.4767579758438927
        },
        {
            "Time": "2023-02-27",
            "value": 1.5232931277570192
        },
        {
            "Time": "2023-02-28",
            "value": 1.0936082554158957
        },
        {
            "Time": "2023-03-01",
            "value": 0.981818663495397
        },
        {
            "Time": "2023-03-02",
            "value": 1.3071377633081611
        },
        {
            "Time": "2023-03-03",
            "value": 1.4377659729661225
        },
        {
            "Time": "2023-03-04",
            "value": 1.5847380798976833
        },
        {
            "Time": "2023-03-05",
            "value": 1.6171805142315034
        },
        {
            "Time": "2023-03-06",
            "value": 1.746383097365592
        },
        {
            "Time": "2023-03-07",
            "value": 1.8064391572755594
        },
        {
            "Time": "2023-03-08",
            "value": 1.7100172437411643
        },
        {
            "Time": "2023-03-09",
            "value": 1.606337138240624
        },
        {
            "Time": "2023-03-10",
            "value": 2.172890374032867
        },
        {
            "Time": "2023-03-11",
            "value": 1.7411203463627893
        },
        {
            "Time": "2023-03-12",
            "value": 0.49564257693486996
        },
        {
            "Time": "2023-03-13",
            "value": 1.9375303792536762
        },
        {
            "Time": "2023-03-14",
            "value": 2.493823521333821
        },
        {
            "Time": "2023-03-15",
            "value": 2.0986195185845733
        },
        {
            "Time": "2023-03-16",
            "value": 2.2011787999781185
        },
        {
            "Time": "2023-03-17",
            "value": 1.1700200839683212
        },
        {
            "Time": "2023-03-18",
            "value": 0.3371709924029596
        },
        {
            "Time": "2023-03-19",
            "value": 0.1518634261697751
        },
        {
            "Time": "2023-03-20",
            "value": 1.8935021119176716
        },
        {
            "Time": "2023-03-21",
            "value": 0.9889296168711007
        },
        {
            "Time": "2023-03-22",
            "value": 1.7568301988317256
        },
        {
            "Time": "2023-03-23",
            "value": 0.19371373462561728
        },
        {
            "Time": "2023-03-24",
            "value": 0.21895155250493054
        },
        {
            "Time": "2023-03-25",
            "value": 0.26889435986073545
        },
        {
            "Time": "2023-03-26",
            "value": 0.9061935526745817
        },
        {
            "Time": "2023-03-27",
            "value": 0.0
        }
    ]
}