{
    "data": [
        {
            "Time": "2022-11-27",
            "value": 0.11339413579518523
        },
        {
            "Time": "2022-11-28",
            "value": 0.5738968093310225
        },
        {
            "Time": "2022-11-29",
            "value": 0.609396493112184
        },
        {
            "Time": "2022-11-30",
            "value": 0.19057417942720395
        },
        {
            "Time": "2022-12-01",
            "value": 0.23406710718204415
        },
        {
            "Time": "2022-12-02",
            "value": 0.2737285220213354
        },
        {
            "Time": "2022-12-03",
            "value": 0.4739947639035586
        },
        {
            "Time": "2022-12-04",
            "value": 0.34548245046260495
        },
        {
            "Time": "2022-12-05",
            "value": 0.2746369882118106
        },
        {
            "Time": "2022-12-06",
            "value": 0.4407756464727929
        },
        {
            "Time": "2022-12-07",
            "value": 0.10728457522937172
        },
        {
            "Time": "2022-12-08",
            "value": 0.6475109878266393
        },
        {
            "Time": "2022-12-09",
            "value": 0.5245012917978745
        },
        {
            "Time": "2022-12-10",
            "value": 1.1520754512852724
        },
        {
            "Time": "2022-12-11",
            "value": 0.2598867534872575
        },
        {
            "Time": "2022-12-12",
            "value": 0.7123349716212287
        },
        {
            "Time": "2022-12-13",
            "value": 1.0811514434913774
        },
        {
            "Time": "2022-12-14",
            "value": 0.4674266334755489
        },
        {
            "Time": "2022-12-15",
            "value": 0.35546099830059613
        },
        {
            "Time": "2022-12-16",
            "value": 0.20466138029438904
        },
        {
            "Time": "2022-12-17",
            "value": 0.2777910680187584
        },
        {
            "Time": "2022-12-18",
            "value": 1.4402849652211573
        },
        {
            "Time": "2022-12-19",
            "value": 1.3533148707509293
        },
        {
            "Time": "2022-12-20",
            "value": 0.9436090359899703
        },
        {
            "Time": "2022-12-21",
            "value": 1.369233124534665
        },
        {
            "Time": "2022-12-22",
            "value": 1.4121647852075783
        },
        {
            "Time": "2022-12-23",
            "value": 1.4502065453089008
        },
        {
            "Time": "2022-12-24",
            "value": 1.4426884132709972
        },
        {
            "Time": "2022-12-25",
            "value": 1.4545866714788291
        },
        {
            "Time": "2022-12-26",
            "value": 1.1863708721576427
        },
        {
            "Time": "2022-12-27",
            "value": 0.6355725090008965
        },
        {
            "Time": "2022-12-28",
            "value": 0.3191174767951794
        },
        {
            "Time": "2022-12-29",
            "value": 0.17430336225298262
        },
        {
            "Time": "2022-12-30",
            "value": 0.2898318039015327
        },
        {
            "Time": "2022-12-31",
            "value": 0.8884440001669758
        },
        {
            "Time": "2023-01-01",
            "value": 0.5375952145843106
        },
        {
            "Time": "2023-01-02",
            "value": 0.24728802985231052
        },
        {
            "Time": "2023-01-03",
            "value": 0.2885489621811316
        },
        {
            "Time": "2023-01-04",
            "value": 0.2952130452357949
        },
        {
            "Time": "2023-01-05",
            "value": 0.4014860525518536
        },
        {
            "Time": "2023-01-06",
            "value": 1.4412948895019155
        },
        {
            "Time": "2023-01-07",
            "value": 1.416552040911604
        },
        {
            "Time": "2023-01-08",
            "value": 1.3877342084354995
        },
        {
            "Time": "2023-01-09",
            "value": 0.3457842474384995
        },
        {
            "Time": "2023-01-10",
            "value": 0.38781167486661594
        },
        {
            "Time": "2023-01-11",
            "value": 0.5499269309758523
        },
        {
            "Time": "2023-01-12",
            "value": 1.1045578334995727
        },
        {
            "Time": "2023-01-13",
            "value": 0.23719386846180726
        },
        {
            "Time": "2023-01-14",
            "value": 1.1754129633523407
        },
        {
            "Time": "2023-01-15",
            "value": 0.26645354375662106
        },
        {
            "Time": "2023-01-16",
            "value": 1.3205913192436263
        },
        {
            "Time": "2023-01-17",
            "value": 0.3238015131544935
        },
        {
            "Time": "2023-01-18",
            "value": 1.6864458693042568
        },
        {
            "Time": "2023-01-19",
            "value": 1.3675198876988885
        },
        {
            "Time": "2023-01-20",
            "value": 0.6357264529494124
        },
        {
            "Time": "2023-01-21",
            "value": 0.18045480250407983
        },
        {
            "Time": "2023-01-22",
            "value": 1.4034144767051644
        },
        {
            "Time": "2023-01-23",
            "value": 0.16711712791958913
        },
        {
            "Time": "2023-01-24",
            "value": 0.9694396140118358
        },
        {
            "Time": "2023-01-25",
            "value": 2.00316529344817
        },
        {
            "Time": "2023-01-26",
            "value": 1.0390907397812885
        },
        {
            "Time": "2023-01-27",
            "value": 1.6679386727317531
        },
        {
            "Time": "2023-01-28",
            "value": 1.9108795344474063
        },
        {
            "Time": "2023-01-29",
            "value": 2.2261556783857737
        },
        {
            "Time": "2023-01-30",
            "value": 2.306665376657583
        },
        {
            "Time": "2023-01-31",
            "value": 2.239768799205435
        },
        {
            "Time": "2023-02-01",
            "value": 0.344304695521686
        },
        {
            "Time": "2023-02-02",
            "value": 0.6883823125729767
        },
        {
            "Time": "2023-02-03",
            "value": 0.40353629782102785
        },
        {
            "Time": "2023-02-04",
            "value": 0.09061280142992949
        },
        {
            "Time": "2023-02-05",
            "value": 0.2714038166691551
        },
        {
            "Time": "2023-02-06",
            "value": 1.421899781706959
        },
        {
            "Time": "2023-02-07",
            "value": 0.27819448788291085
        },
        {
            "Time": "2023-02-08",
            "value": 0.1449919805910135
        },
        {
            "Time": "2023-02-09",
            "value": 0.3442603326427664
        },
        {
            "Time": "2023-02-10",
            "value": 0.18025525552723995
        },
        {
            "Time": "2023-02-11",
            "value": 0.6175125425121257
        },
        {
            "Time": "2023-02-12",
            "value": 0.8626605135951796
        },
        {
            "Time": "2023-02-13",
            "value": 0.33905671044729296
        },
        {
            "Time": "2023-02-14",
            "value": 0.6587202700873754
        },
        {
            "Time": "2023-02-15",
            "value": 1.9941677305868581
        },
        {
            "Time": "2023-02-16",
            "value": 2.6437766530761495
        },
        {
            "Time": "2023-02-17",
            "value": 1.7898907487124116
        },
        {
            "Time": "2023-02-18",
            "value": 2.2399842388031947
        },
        {
            "Time": "2023-02-19",
            "value": 0.601812599868685
        },
        {
            "Time": "2023-02-20",
            "value": 1.2152830248556328
        },
        {
            "Time": "2023-02-21",
            "value": 2.6505556065049554
        },
        {
            "Time": "2023-02-22",
            "value": 2.1042724164198523
        },
        {
            "Time": "2023-02-23",
            "value": 2.00910068470061
        },
        {
            "Time": "2023-02-24",
            "value": 0.8696228423901966
        },
        {
            "Time": "2023-02-25",
            "value": 2.307824310978162
        },
        {
            "Time": "2023-02-26",
            "value": 2.7077512439788687
        },
        {
            "Time": "2023-02-27",
            "value": 2.2583445858985094
        },
        {
            "Time": "2023-02-28",
            "value": 1.2590372442979458
        },
        {
            "Time": "2023-03-01",
            "value": 1.3247225042505484
        },
        {
            "Time": "2023-03-02",
            "value": 1.6110938844074907
        },
        {
            "Time": "2023-03-03",
            "value": 2.401454286048735
        },
        {
            "Time": "2023-03-04",
            "value": 2.6726333824865938
        },
        {
            "Time": "2023-03-05",
            "value": 2.653733717692401
        },
        {
            "Time": "2023-03-06",
            "value": 2.7861329092882214
        },
        {
            "Time": "2023-03-07",
            "value": 2.7585070620240755
        },
        {
            "Time": "2023-03-08",
            "value": 2.6006081273769106
        },
        {
            "Time": "2023-03-09",
            "value": 1.9042218412153675
        },
        {
            "Time": "2023-03-10",
            "value": 2.846820833404974
        },
        {
            "Time": "2023-03-11",
            "value": 2.4689295289421125
        },
        {
            "Time": "2023-03-12",
            "value": 0.4795638197778132
        },
        {
            "Time": "2023-03-13",
            "value": 2.249872144034518
        },
        {
            "Time": "2023-03-14",
            "value": 2.9527807455862356
        },
        {
            "Time": "2023-03-15",
            "value": 2.399898566047152
        },
        {
            "Time": "2023-03-16",
            "value": 2.3938323623840967
        },
        {
            "Time": "2023-03-17",
            "value": 1.483259684667572
        },
        {
            "Time": "2023-03-18",
            "value": 0.3126184143146149
        },
        {
            "Time": "2023-03-19",
            "value": 0.09589117587249917
        },
        {
            "Time": "2023-03-20",
            "value": 1.9294910079451424
        },
        {
            "Time": "2023-03-21",
            "value": 1.0643193578212617
        },
        {
            "Time": "2023-03-22",
            "value": 1.8859812219295413
        },
        {
            "Time": "2023-03-23",
            "value": 0.1591366304121419
        },
        {
            "Time": "2023-03-24",
            "value": 0.15614387284579057
        },
        {
            "Time": "2023-03-25",
            "value": 0.23161344254836322
        },
        {
            "Time": "2023-03-26",
            "value": 0.9494422539584036
        },
        {
            "Time": "2023-03-27",
            "value": 0.0
        }
    ]
}