{
    "data": [
        {
            "Time": "2022-11-27",
            "value": 0.25570221300916374
        },
        {
            "Time": "2022-11-28",
            "value": 0.8437965696610222
        },
        {
            "Time": "2022-11-29",
            "value": 1.0764313970682347
        },
        {
            "Time": "2022-11-30",
            "value": 0.38191165767898666
        },
        {
            "Time": "2022-12-01",
            "value": 0.0
        },
        {
            "Time": "2022-12-02",
            "value": 0.0
        },
        {
            "Time": "2022-12-03",
            "value": 0.0
        },
        {
            "Time": "2022-12-04",
            "value": 0.0
        },
        {
            "Time": "2022-12-05",
            "value": 0.0
        },
        {
            "Time": "2022-12-06",
            "value": 0.0
        },
        {
            "Time": "2022-12-07",
            "value": 0.0
        },
        {
            "Time": "2022-12-08",
            "value": 0.9805858776655114
        },
        {
            "Time": "2022-12-09",
            "value": 0.9015883058058024
        },
        {
            "Time": "2022-12-10",
            "value": 1.6811056705720284
        },
        {
            "Time": "2022-12-11",
            "value": 0.48316339938786057
        },
        {
            "Time": "2022-12-12",
            "value": 0.7731639811745198
        },
        {
            "Time": "2022-12-13",
            "value": 1.7218723577857566
        },
        {
            "Time": "2022-12-14",
            "value": 0.8209642267925421
        },
        {
            "Time": "2022-12-15",
            "value": 0.6131177822083428
        },
        {
            "Time": "2022-12-16",
            "value": 0.38726644271380817
        },
        {
            "Time": "2022-12-17",
            "value": 0.492020496443357
        },
        {
            "Time": "2022-12-18",
            "value": 2.0401216367059494
        },
        {
            "Time": "2022-12-19",
            "value": 2.0106339703386746
        },
        {
            "Time": "2022-12-20",
            "value": 1.481284699985302
        },
        {
            "Time": "2022-12-21",
            "value": 1.8373707260534593
        },
        {
            "Time": "2022-12-22",
            "value": 2.093813069776209
        },
        {
            "Time": "2022-12-23",
            "value": 2.0346699302315296
        },
        {
            "Time": "2022-12-24",
            "value": 2.0669462210561163
        },
        {
            "Time": "2022-12-25",
            "value": 2.0717061366853504
        },
        {
            "Time": "2022-12-26",
            "value": 2.0156040320361113
        },
        {
            "Time": "2022-12-27",
            "value": 0.8714233147565348
        },
        {
            "Time": "2022-12-28",
            "value": 0.5941102852557301
        },
        {
            "Time": "2022-12-29",
            "value": 0.364556135924103
        },
        {
            "Time": "2022-12-30",
            "value": 0.5596827030036607
        },
        {
            "Time": "2022-12-31",
            "value": 1.0303462816216042
        },
        {
            "Time": "2023-01-01",
            "value": 0.9054780947445958
        },
        {
            "Time": "2023-01-02",
            "value": 0.47676819003497845
        },
        {
            "Time": "2023-01-03",
            "value": 0.527228780071995
        },
        {
            "Time": "2023-01-04",
            "value": 0.560170809666833
        },
        {
            "Time": "2023-01-05",
            "value": 0.7345952202231846
        },
        {
            "Time": "2023-01-06",
            "value": 1.9832530868854354
        },
        {
            "Time": "2023-01-07",
            "value": 2.0719508632415433
        },
        {
            "Time": "2023-01-08",
            "value": 2.0367485956003346
        },
        {
            "Time": "2023-01-09",
            "value": 0.6326761190165108
        },
        {
            "Time": "2023-01-10",
            "value": 0.6875398292165886
        },
        {
            "Time": "2023-01-11",
            "value": 0.9321491810231144
        },
        {
            "Time": "2023-01-12",
            "value": 1.3872413826174446
        },
        {
            "Time": "2023-01-13",
            "value": 0.4551727541427952
        },
        {
            "Time": "2023-01-14",
            "value": 1.4706991608409246
        },
        {
            "Time": "2023-01-15",
            "value": 0.49567429960659853
        },
        {
            "Time": "2023-01-16",
            "value": 1.8638208302307322
        },
        {
            "Time": "2023-01-17",
            "value": 0.6148853462490995
        },
        {
            "Time": "2023-01-18",
            "value": 2.265950736247024
        },
        {
            "Time": "2023-01-19",
            "value": 1.732556788949269
        },
        {
            "Time": "2023-01-20",
            "value": 0.9348200715013117
        },
        {
            "Time": "2023-01-21",
            "value": 0.3597922038054539
        },
        {
            "Time": "2023-01-22",
            "value": 1.887889746409087
        },
        {
            "Time": "2023-01-23",
            "value": 0.35703264267779894
        },
        {
            "Time": "2023-01-24",
            "value": 1.0393887989867332
        },
        {
            "Time": "2023-01-25",
            "value": 2.3500909625976223
        },
        {
            "Time": "2023-01-26",
            "value": 1.245558994743715
        },
        {
            "Time": "2023-01-27",
            "value": 2.3832753624317826
        },
        {
            "Time": "2023-01-28",
            "value": 2.4079795541750424
        },
        {
            "Time": "2023-01-29",
            "value": 2.316373281695315
        },
        {
            "Time": "2023-01-30",
            "value": 2.4538710327141886
        },
        {
            "Time": "2023-01-31",
            "value": 2.4377540314240798
        },
        {
            "Time": "2023-02-01",
            "value": 0.6494956345790452
        },
        {
            "Time": "2023-02-02",
            "value": 0.9626522436998559
        },
        {
            "Time": "2023-02-03",
            "value": 0.7282609152332277
        },
        {
            "Time": "2023-02-04",
            "value": 0.25543733631915055
        },
        {
            "Time": "2023-02-05",
            "value": 0.5481474756750526
        },
        {
            "Time": "2023-02-06",
            "value": 1.6939991170960607
        },
        {
            "Time": "2023-02-07",
            "value": 0.5528708485695962
        },
        {
            "Time": "2023-02-08",
            "value": 0.3045499282225844
        },
        {
            "Time": "2023-02-09",
            "value": 0.6204547143949047
        },
        {
            "Time": "2023-02-10",
            "value": 0.3667818298275189
        },
        {
            "Time": "2023-02-11",
            "value": 0.89096197914253
        },
        {
            "Time": "2023-02-12",
            "value": 1.1223760378132508
        },
        {
            "Time": "2023-02-13",
            "value": 0.5869467335329853
        },
        {
            "Time": "2023-02-14",
            "value": 1.1384685388876146
        },
        {
            "Time": "2023-02-15",
            "value": 1.5547270809787064
        },
        {
            "Time": "2023-02-16",
            "value": 2.8000794052364
        },
        {
            "Time": "2023-02-17",
            "value": 2.036532769757848
        },
        {
            "Time": "2023-02-18",
            "value": 2.6002270138817902
        },
        {
            "Time": "2023-02-19",
            "value": 1.0301706176903667
        },
        {
            "Time": "2023-02-20",
            "value": 1.6765252930699703
        },
        {
            "Time": "2023-02-21",
            "value": 3.113382242404057
        },
        {
            "Time": "2023-02-22",
            "value": 2.534146838806128
        },
        {
            "Time": "2023-02-23",
            "value": 2.275067420011373
        },
        {
            "Time": "2023-02-24",
            "value": 1.3041166802851727
        },
        {
            "Time": "2023-02-25",
            "value": 1.8487876725783288
        },
        {
            "Time": "2023-02-26",
            "value": 3.2149607277240344
        },
        {
            "Time": "2023-02-27",
            "value": 2.7500918537914147
        },
        {
            "Time": "2023-02-28",
            "value": 1.7640679438267686
        },
        {
            "Time": "2023-03-01",
            "value": 1.6408598626731459
        },
        {
            "Time": "2023-03-02",
            "value": 1.861797433909125
        },
        {
            "Time": "2023-03-03",
            "value": 3.3266335466170163
        },
        {
            "Time": "2023-03-04",
            "value": 3.6450358549891138
        },
        {
            "Time": "2023-03-05",
            "value": 3.637284198003848
        },
        {
            "Time": "2023-03-06",
            "value": 3.880679488912359
        },
        {
            "Time": "2023-03-07",
            "value": 3.9573458760912135
        },
        {
            "Time": "2023-03-08",
            "value": 3.7807884158649476
        },
        {
            "Time": "2023-03-09",
            "value": 2.4088498956418345
        },
        {
            "Time": "2023-03-10",
            "value": 4.331881428618453
        },
        {
            "Time": "2023-03-11",
            "value": 3.7423603997161887
        },
        {
            "Time": "2023-03-12",
            "value": 0.8447601233585544
        },
        {
            "Time": "2023-03-13",
            "value": 3.1650280511631737
        },
        {
            "Time": "2023-03-14",
            "value": 4.44812783618978
        },
        {
            "Time": "2023-03-15",
            "value": 3.6057829014190546
        },
        {
            "Time": "2023-03-16",
            "value": 3.315752927472423
        },
        {
            "Time": "2023-03-17",
            "value": 2.2838617399249057
        },
        {
            "Time": "2023-03-18",
            "value": 0.5870054221348392
        },
        {
            "Time": "2023-03-19",
            "value": 0.2418588732193587
        },
        {
            "Time": "2023-03-20",
            "value": 2.7985197613289174
        },
        {
            "Time": "2023-03-21",
            "value": 1.661882133074744
        },
        {
            "Time": "2023-03-22",
            "value": 2.667483948879113
        },
        {
            "Time": "2023-03-23",
            "value": 0.31345775982589613
        },
        {
            "Time": "2023-03-24",
            "value": 0.36273053010026945
        },
        {
            "Time": "2023-03-25",
            "value": 0.47147019260298123
        },
        {
            "Time": "2023-03-26",
            "value": 1.6335757311320003
        },
        {
            "Time": "2023-03-27",
            "value": 0.0
        }
    ]
}