{
    "data": [
        {
            "Time": "2022-11-27",
            "value": 0.18096324751148876
        },
        {
            "Time": "2022-11-28",
            "value": 0.8944043474607928
        },
        {
            "Time": "2022-11-29",
            "value": 0.728910158054443
        },
        {
            "Time": "2022-11-30",
            "value": 0.27017431451904045
        },
        {
            "Time": "2022-12-01",
            "value": 0.0
        },
        {
            "Time": "2022-12-02",
            "value": 0.0
        },
        {
            "Time": "2022-12-03",
            "value": 0.0
        },
        {
            "Time": "2022-12-04",
            "value": 0.0
        },
        {
            "Time": "2022-12-05",
            "value": 0.0
        },
        {
            "Time": "2022-12-06",
            "value": 0.0
        },
        {
            "Time": "2022-12-07",
            "value": 0.0
        },
        {
            "Time": "2022-12-08",
            "value": 0.8735646977384549
        },
        {
            "Time": "2022-12-09",
            "value": 0.683175116130178
        },
        {
            "Time": "2022-12-10",
            "value": 2.1498856104735222
        },
        {
            "Time": "2022-12-11",
            "value": 0.3346876904230492
        },
        {
            "Time": "2022-12-12",
            "value": 1.2041304675461102
        },
        {
            "Time": "2022-12-13",
            "value": 1.5181619919485863
        },
        {
            "Time": "2022-12-14",
            "value": 0.61158375791701
        },
        {
            "Time": "2022-12-15",
            "value": 0.44247178517746877
        },
        {
            "Time": "2022-12-16",
            "value": 0.2903924386756655
        },
        {
            "Time": "2022-12-17",
            "value": 0.41085510047497115
        },
        {
            "Time": "2022-12-18",
            "value": 2.869661119952131
        },
        {
            "Time": "2022-12-19",
            "value": 2.6565278006022357
        },
        {
            "Time": "2022-12-20",
            "value": 1.3338901018336244
        },
        {
            "Time": "2022-12-21",
            "value": 2.6195813965917503
        },
        {
            "Time": "2022-12-22",
            "value": 2.649597669369445
        },
        {
            "Time": "2022-12-23",
            "value": 2.809473778440026
        },
        {
            "Time": "2022-12-24",
            "value": 2.818357087902714
        },
        {
            "Time": "2022-12-25",
            "value": 2.832833672717744
        },
        {
            "Time": "2022-12-26",
            "value": 2.1281062037640726
        },
        {
            "Time": "2022-12-27",
            "value": 0.8855484069334604
        },
        {
            "Time": "2022-12-28",
            "value": 0.42730864542875
        },
        {
            "Time": "2022-12-29",
            "value": 0.26168749914146994
        },
        {
            "Time": "2022-12-30",
            "value": 0.39504763435918494
        },
        {
            "Time": "2022-12-31",
            "value": 1.400936816563707
        },
        {
            "Time": "2023-01-01",
            "value": 0.7047557494295258
        },
        {
            "Time": "2023-01-02",
            "value": 0.3450308605459182
        },
        {
            "Time": "2023-01-03",
            "value": 0.3742454664596023
        },
        {
            "Time": "2023-01-04",
            "value": 0.3979421242852546
        },
        {
            "Time": "2023-01-05",
            "value": 0.5068349468899533
        },
        {
            "Time": "2023-01-06",
            "value": 2.605146020839445
        },
        {
            "Time": "2023-01-07",
            "value": 2.7523905195101697
        },
        {
            "Time": "2023-01-08",
            "value": 2.757072804425946
        },
        {
            "Time": "2023-01-09",
            "value": 0.45924787778412035
        },
        {
            "Time": "2023-01-10",
            "value": 0.49408467089890507
        },
        {
            "Time": "2023-01-11",
            "value": 0.6636745760605196
        },
        {
            "Time": "2023-01-12",
            "value": 1.5581852895445625
        },
        {
            "Time": "2023-01-13",
            "value": 0.33821613096278
        },
        {
            "Time": "2023-01-14",
            "value": 1.7846227780681767
        },
        {
            "Time": "2023-01-15",
            "value": 0.35908069682176397
        },
        {
            "Time": "2023-01-16",
            "value": 2.18877441299465
        },
        {
            "Time": "2023-01-17",
            "value": 0.430094774633713
        },
        {
            "Time": "2023-01-18",
            "value": 2.634648505845247
        },
        {
            "Time": "2023-01-19",
            "value": 2.1527849804254933
        },
        {
            "Time": "2023-01-20",
            "value": 0.8031081909749315
        },
        {
            "Time": "2023-01-21",
            "value": 0.2564450210521561
        },
        {
            "Time": "2023-01-22",
            "value": 2.056531539609115
        },
        {
            "Time": "2023-01-23",
            "value": 0.25224966368683754
        },
        {
            "Time": "2023-01-24",
            "value": 1.9349054790549016
        },
        {
            "Time": "2023-01-25",
            "value": 2.8554441855387256
        },
        {
            "Time": "2023-01-26",
            "value": 1.3281316949290412
        },
        {
            "Time": "2023-01-27",
            "value": 2.614570681628089
        },
        {
            "Time": "2023-01-28",
            "value": 2.805451290303141
        },
        {
            "Time": "2023-01-29",
            "value": 2.830583540197317
        },
        {
            "Time": "2023-01-30",
            "value": 2.890652446243826
        },
        {
            "Time": "2023-01-31",
            "value": 2.8792512495933495
        },
        {
            "Time": "2023-02-01",
            "value": 0.456925917089184
        },
        {
            "Time": "2023-02-02",
            "value": 1.1349690697110986
        },
        {
            "Time": "2023-02-03",
            "value": 0.5168410575687192
        },
        {
            "Time": "2023-02-04",
            "value": 0.19116087941053703
        },
        {
            "Time": "2023-02-05",
            "value": 0.400568806344233
        },
        {
            "Time": "2023-02-06",
            "value": 1.7943117937944857
        },
        {
            "Time": "2023-02-07",
            "value": 0.40403164869794106
        },
        {
            "Time": "2023-02-08",
            "value": 0.23318643997516036
        },
        {
            "Time": "2023-02-09",
            "value": 0.4775907543471446
        },
        {
            "Time": "2023-02-10",
            "value": 0.27939538618607657
        },
        {
            "Time": "2023-02-11",
            "value": 0.9100807811544122
        },
        {
            "Time": "2023-02-12",
            "value": 1.2299761383873216
        },
        {
            "Time": "2023-02-13",
            "value": 0.38635651851975295
        },
        {
            "Time": "2023-02-14",
            "value": 1.0183676354607738
        },
        {
            "Time": "2023-02-15",
            "value": 2.625372338092701
        },
        {
            "Time": "2023-02-16",
            "value": 2.951485853499861
        },
        {
            "Time": "2023-02-17",
            "value": 2.164249140512224
        },
        {
            "Time": "2023-02-18",
            "value": 2.713676184474898
        },
        {
            "Time": "2023-02-19",
            "value": 0.7554778510110959
        },
        {
            "Time": "2023-02-20",
            "value": 1.559499923306872
        },
        {
            "Time": "2023-02-21",
            "value": 2.835199376628563
        },
        {
            "Time": "2023-02-22",
            "value": 2.414879444392536
        },
        {
            "Time": "2023-02-23",
            "value": 2.4295158738833655
        },
        {
            "Time": "2023-02-24",
            "value": 1.061887223783113
        },
        {
            "Time": "2023-02-25",
            "value": 2.663182498078449
        },
        {
            "Time": "2023-02-26",
            "value": 2.8513216563325807
        },
        {
            "Time": "2023-02-27",
            "value": 2.6910022404501253
        },
        {
            "Time": "2023-02-28",
            "value": 1.4688833803886638
        },
        {
            "Time": "2023-03-01",
            "value": 1.5322588444910479
        },
        {
            "Time": "2023-03-02",
            "value": 2.0986717843392926
        },
        {
            "Time": "2023-03-03",
            "value": 2.524606519441695
        },
        {
            "Time": "2023-03-04",
            "value": 2.8437933996597704
        },
        {
            "Time": "2023-03-05",
            "value": 2.7650172564586963
        },
        {
            "Time": "2023-03-06",
            "value": 2.8791649086601176
        },
        {
            "Time": "2023-03-07",
            "value": 2.8102407476089657
        },
        {
            "Time": "2023-03-08",
            "value": 2.528779314964792
        },
        {
            "Time": "2023-03-09",
            "value": 2.2996761091353966
        },
        {
            "Time": "2023-03-10",
            "value": 2.81182341693551
        },
        {
            "Time": "2023-03-11",
            "value": 2.417306904056449
        },
        {
            "Time": "2023-03-12",
            "value": 0.6124422741472124
        },
        {
            "Time": "2023-03-13",
            "value": 2.383509287859248
        },
        {
            "Time": "2023-03-14",
            "value": 2.899771038073782
        },
        {
            "Time": "2023-03-15",
            "value": 2.4215291287744245
        },
        {
            "Time": "2023-03-16",
            "value": 2.555089610375643
        },
        {
            "Time": "2023-03-17",
            "value": 1.503740513536257
        },
        {
            "Time": "2023-03-18",
            "value": 0.4223488676133936
        },
        {
            "Time": "2023-03-19",
            "value": 0.19477947812924137
        },
        {
            "Time": "2023-03-20",
            "value": 2.1872895548529683
        },
        {
            "Time": "2023-03-21",
            "value": 1.1931344632623544
        },
        {
            "Time": "2023-03-22",
            "value": 2.0615693745779544
        },
        {
            "Time": "2023-03-23",
            "value": 0.24552950387485645
        },
        {
            "Time": "2023-03-24",
            "value": 0.28210477506613885
        },
        {
            "Time": "2023-03-25",
            "value": 0.3503622365327811
        },
        {
            "Time": "2023-03-26",
            "value": 1.127461759817315
        },
        {
            "Time": "2023-03-27",
            "value": 0.0
        }
    ]
}