{
    "data": [
        {
            "Time": "2022-11-27",
            "value": 0.2299088283682457
        },
        {
            "Time": "2022-11-28",
            "value": 0.7027029520883274
        },
        {
            "Time": "2022-11-29",
            "value": 0.7663749447834052
        },
        {
            "Time": "2022-11-30",
            "value": 0.30720335133193616
        },
        {
            "Time": "2022-12-01",
            "value": 0.346945948768559
        },
        {
            "Time": "2022-12-02",
            "value": 0.3763618979089988
        },
        {
            "Time": "2022-12-03",
            "value": 0.6018877351828666
        },
        {
            "Time": "2022-12-04",
            "value": 0.4592943885170746
        },
        {
            "Time": "2022-12-05",
            "value": 0.40058439757077446
        },
        {
            "Time": "2022-12-06",
            "value": 0.5853953008435185
        },
        {
            "Time": "2022-12-07",
            "value": 0.18713368042152778
        },
        {
            "Time": "2022-12-08",
            "value": 0.7793284601147829
        },
        {
            "Time": "2022-12-09",
            "value": 0.6648823469128152
        },
        {
            "Time": "2022-12-10",
            "value": 1.5129551010946523
        },
        {
            "Time": "2022-12-11",
            "value": 0.36126076445858796
        },
        {
            "Time": "2022-12-12",
            "value": 0.858640648182216
        },
        {
            "Time": "2022-12-13",
            "value": 1.3139053526880353
        },
        {
            "Time": "2022-12-14",
            "value": 0.594477754369875
        },
        {
            "Time": "2022-12-15",
            "value": 0.45598127176261316
        },
        {
            "Time": "2022-12-16",
            "value": 0.30352222274115076
        },
        {
            "Time": "2022-12-17",
            "value": 0.38394386136747066
        },
        {
            "Time": "2022-12-18",
            "value": 1.7622495897726091
        },
        {
            "Time": "2022-12-19",
            "value": 1.6153977724622572
        },
        {
            "Time": "2022-12-20",
            "value": 1.1976157763081627
        },
        {
            "Time": "2022-12-21",
            "value": 1.6130008124660162
        },
        {
            "Time": "2022-12-22",
            "value": 1.6445146775062034
        },
        {
            "Time": "2022-12-23",
            "value": 1.7401439174447448
        },
        {
            "Time": "2022-12-24",
            "value": 1.766959584885442
        },
        {
            "Time": "2022-12-25",
            "value": 1.7674754154142824
        },
        {
            "Time": "2022-12-26",
            "value": 1.4493867057039085
        },
        {
            "Time": "2022-12-27",
            "value": 0.7986155849963489
        },
        {
            "Time": "2022-12-28",
            "value": 0.4356539318034722
        },
        {
            "Time": "2022-12-29",
            "value": 0.2759752004502315
        },
        {
            "Time": "2022-12-30",
            "value": 0.4101655057853009
        },
        {
            "Time": "2022-12-31",
            "value": 1.058609896384603
        },
        {
            "Time": "2023-01-01",
            "value": 0.6895462900933441
        },
        {
            "Time": "2023-01-02",
            "value": 0.3485208290400463
        },
        {
            "Time": "2023-01-03",
            "value": 0.3932342639973104
        },
        {
            "Time": "2023-01-04",
            "value": 0.4141087972921875
        },
        {
            "Time": "2023-01-05",
            "value": 0.5129084452718171
        },
        {
            "Time": "2023-01-06",
            "value": 1.8087709955149986
        },
        {
            "Time": "2023-01-07",
            "value": 1.9089330007000371
        },
        {
            "Time": "2023-01-08",
            "value": 1.8869639788393517
        },
        {
            "Time": "2023-01-09",
            "value": 0.44833967778119954
        },
        {
            "Time": "2023-01-10",
            "value": 0.5126910281138721
        },
        {
            "Time": "2023-01-11",
            "value": 0.6700476135304615
        },
        {
            "Time": "2023-01-12",
            "value": 1.390086792967856
        },
        {
            "Time": "2023-01-13",
            "value": 0.3442921088982546
        },
        {
            "Time": "2023-01-14",
            "value": 1.4530597766772646
        },
        {
            "Time": "2023-01-15",
            "value": 0.3780593514187451
        },
        {
            "Time": "2023-01-16",
            "value": 1.6609183692333411
        },
        {
            "Time": "2023-01-17",
            "value": 0.43363654059702383
        },
        {
            "Time": "2023-01-18",
            "value": 2.0746331690230653
        },
        {
            "Time": "2023-01-19",
            "value": 1.640497024267514
        },
        {
            "Time": "2023-01-20",
            "value": 0.7847973110090919
        },
        {
            "Time": "2023-01-21",
            "value": 0.2789910280136632
        },
        {
            "Time": "2023-01-22",
            "value": 1.6002485637866304
        },
        {
            "Time": "2023-01-23",
            "value": 0.2804737533471098
        },
        {
            "Time": "2023-01-24",
            "value": 1.2241004566893101
        },
        {
            "Time": "2023-01-25",
            "value": 2.285037024008722
        },
        {
            "Time": "2023-01-26",
            "value": 1.2505611159485521
        },
        {
            "Time": "2023-01-27",
            "value": 1.9540701105133909
        },
        {
            "Time": "2023-01-28",
            "value": 2.1507600819609487
        },
        {
            "Time": "2023-01-29",
            "value": 2.3886033739580683
        },
        {
            "Time": "2023-01-30",
            "value": 2.4600749433207936
        },
        {
            "Time": "2023-01-31",
            "value": 2.4095605612693247
        },
        {
            "Time": "2023-02-01",
            "value": 0.46764649435356354
        },
        {
            "Time": "2023-02-02",
            "value": 0.8515337424379565
        },
        {
            "Time": "2023-02-03",
            "value": 0.5159217919172184
        },
        {
            "Time": "2023-02-04",
            "value": 0.23170023012800928
        },
        {
            "Time": "2023-02-05",
            "value": 0.40538071126704694
        },
        {
            "Time": "2023-02-06",
            "value": 1.5402676226108403
        },
        {
            "Time": "2023-02-07",
            "value": 0.40379224631112315
        },
        {
            "Time": "2023-02-08",
            "value": 0.2515183726176358
        },
        {
            "Time": "2023-02-09",
            "value": 0.459033701565026
        },
        {
            "Time": "2023-02-10",
            "value": 0.2987580420663996
        },
        {
            "Time": "2023-02-11",
            "value": 0.7508358116743818
        },
        {
            "Time": "2023-02-12",
            "value": 0.9977885274211984
        },
        {
            "Time": "2023-02-13",
            "value": 0.45055094987851574
        },
        {
            "Time": "2023-02-14",
            "value": 0.8276548606234829
        },
        {
            "Time": "2023-02-15",
            "value": 2.1917772024737716
        },
        {
            "Time": "2023-02-16",
            "value": 2.7843425799419412
        },
        {
            "Time": "2023-02-17",
            "value": 1.963651573706297
        },
        {
            "Time": "2023-02-18",
            "value": 2.380084210713062
        },
        {
            "Time": "2023-02-19",
            "value": 0.745063712939954
        },
        {
            "Time": "2023-02-20",
            "value": 1.4015306464484931
        },
        {
            "Time": "2023-02-21",
            "value": 2.7976574203711757
        },
        {
            "Time": "2023-02-22",
            "value": 2.251831910215391
        },
        {
            "Time": "2023-02-23",
            "value": 2.1114834123785053
        },
        {
            "Time": "2023-02-24",
            "value": 1.0316811051733663
        },
        {
            "Time": "2023-02-25",
            "value": 2.4923221419791877
        },
        {
            "Time": "2023-02-26",
            "value": 2.8507541495483495
        },
        {
            "Time": "2023-02-27",
            "value": 2.4418881260335294
        },
        {
            "Time": "2023-02-28",
            "value": 1.3978866137164463
        },
        {
            "Time": "2023-03-01",
            "value": 1.457445916600445
        },
        {
            "Time": "2023-03-02",
            "value": 1.7570737468145312
        },
        {
            "Time": "2023-03-03",
            "value": 2.525468925390325
        },
        {
            "Time": "2023-03-04",
            "value": 2.773040212131364
        },
        {
            "Time": "2023-03-05",
            "value": 2.763175850495954
        },
        {
            "Time": "2023-03-06",
            "value": 2.8732904403655772
        },
        {
            "Time": "2023-03-07",
            "value": 2.841217133002625
        },
        {
            "Time": "2023-03-08",
            "value": 2.6735564676959234
        },
        {
            "Time": "2023-03-09",
            "value": 2.071329445955248
        },
        {
            "Time": "2023-03-10",
            "value": 2.9522705122141475
        },
        {
            "Time": "2023-03-11",
            "value": 2.5678576217876006
        },
        {
            "Time": "2023-03-12",
            "value": 0.6161835547274882
        },
        {
            "Time": "2023-03-13",
            "value": 2.388829975856867
        },
        {
            "Time": "2023-03-14",
            "value": 3.0495479853920413
        },
        {
            "Time": "2023-03-15",
            "value": 2.506304470518194
        },
        {
            "Time": "2023-03-16",
            "value": 2.530886509987125
        },
        {
            "Time": "2023-03-17",
            "value": 1.5786031269174483
        },
        {
            "Time": "2023-03-18",
            "value": 0.4410957430571369
        },
        {
            "Time": "2023-03-19",
            "value": 0.22092451167395444
        },
        {
            "Time": "2023-03-20",
            "value": 2.030545193468801
        },
        {
            "Time": "2023-03-21",
            "value": 1.1550002614167145
        },
        {
            "Time": "2023-03-22",
            "value": 1.9926076561612092
        },
        {
            "Time": "2023-03-23",
            "value": 0.266249256924041
        },
        {
            "Time": "2023-03-24",
            "value": 0.296696905835463
        },
        {
            "Time": "2023-03-25",
            "value": 0.3512951418273148
        },
        {
            "Time": "2023-03-26",
            "value": 1.127981875059559
        },
        {
            "Time": "2023-03-27",
            "value": 0.0
        }
    ]
}