{
    "data": [
        {
            "Time": "2022-11-27",
            "value": 0.15261850259469495
        },
        {
            "Time": "2022-11-28",
            "value": 0.5265552358385619
        },
        {
            "Time": "2022-11-29",
            "value": 0.4996390155149874
        },
        {
            "Time": "2022-11-30",
            "value": 0.22433460689971063
        },
        {
            "Time": "2022-12-01",
            "value": 0.26434490716675924
        },
        {
            "Time": "2022-12-02",
            "value": 0.29179247799898145
        },
        {
            "Time": "2022-12-03",
            "value": 0.4555422603053119
        },
        {
            "Time": "2022-12-04",
            "value": 0.3411892380666667
        },
        {
            "Time": "2022-12-05",
            "value": 0.3001147649666506
        },
        {
            "Time": "2022-12-06",
            "value": 0.4489976856741898
        },
        {
            "Time": "2022-12-07",
            "value": 0.14209374885836806
        },
        {
            "Time": "2022-12-08",
            "value": 0.5306086290692055
        },
        {
            "Time": "2022-12-09",
            "value": 0.499890969996169
        },
        {
            "Time": "2022-12-10",
            "value": 1.28549289512155
        },
        {
            "Time": "2022-12-11",
            "value": 0.276065623516956
        },
        {
            "Time": "2022-12-12",
            "value": 0.44223663352684606
        },
        {
            "Time": "2022-12-13",
            "value": 0.8489144346981217
        },
        {
            "Time": "2022-12-14",
            "value": 0.45208945152117563
        },
        {
            "Time": "2022-12-15",
            "value": 0.3403829560409367
        },
        {
            "Time": "2022-12-16",
            "value": 0.2297935534807259
        },
        {
            "Time": "2022-12-17",
            "value": 0.29249209827583383
        },
        {
            "Time": "2022-12-18",
            "value": 1.796189480462362
        },
        {
            "Time": "2022-12-19",
            "value": 1.7046950209829526
        },
        {
            "Time": "2022-12-20",
            "value": 0.7792496259597906
        },
        {
            "Time": "2022-12-21",
            "value": 1.6452434392197037
        },
        {
            "Time": "2022-12-22",
            "value": 1.66624635739735
        },
        {
            "Time": "2022-12-23",
            "value": 1.7695872940188357
        },
        {
            "Time": "2022-12-24",
            "value": 1.7458186182463407
        },
        {
            "Time": "2022-12-25",
            "value": 1.7405363589685268
        },
        {
            "Time": "2022-12-26",
            "value": 1.2703377406062304
        },
        {
            "Time": "2022-12-27",
            "value": 0.4678472198523148
        },
        {
            "Time": "2022-12-28",
            "value": 0.3364930551125
        },
        {
            "Time": "2022-12-29",
            "value": 0.21761573950763888
        },
        {
            "Time": "2022-12-30",
            "value": 0.3131944415682871
        },
        {
            "Time": "2022-12-31",
            "value": 0.5725383851961059
        },
        {
            "Time": "2023-01-01",
            "value": 0.4868807064652226
        },
        {
            "Time": "2023-01-02",
            "value": 0.2763888895601852
        },
        {
            "Time": "2023-01-03",
            "value": 0.286856703180539
        },
        {
            "Time": "2023-01-04",
            "value": 0.3199490744325695
        },
        {
            "Time": "2023-01-05",
            "value": 0.39722222332437496
        },
        {
            "Time": "2023-01-06",
            "value": 1.6380576411720646
        },
        {
            "Time": "2023-01-07",
            "value": 1.7059100383714916
        },
        {
            "Time": "2023-01-08",
            "value": 1.680653026212513
        },
        {
            "Time": "2023-01-09",
            "value": 0.35454431682304727
        },
        {
            "Time": "2023-01-10",
            "value": 0.3708489587727141
        },
        {
            "Time": "2023-01-11",
            "value": 0.48968168140690427
        },
        {
            "Time": "2023-01-12",
            "value": 0.7905443439918248
        },
        {
            "Time": "2023-01-13",
            "value": 0.2703898126004616
        },
        {
            "Time": "2023-01-14",
            "value": 0.981890381447457
        },
        {
            "Time": "2023-01-15",
            "value": 0.28521171682664903
        },
        {
            "Time": "2023-01-16",
            "value": 1.2366210582470372
        },
        {
            "Time": "2023-01-17",
            "value": 0.34622916716446756
        },
        {
            "Time": "2023-01-18",
            "value": 1.6932003437742278
        },
        {
            "Time": "2023-01-19",
            "value": 1.2838841212731469
        },
        {
            "Time": "2023-01-20",
            "value": 0.5009627106545061
        },
        {
            "Time": "2023-01-21",
            "value": 0.21181365491302084
        },
        {
            "Time": "2023-01-22",
            "value": 1.283186481728779
        },
        {
            "Time": "2023-01-23",
            "value": 0.21106481735655092
        },
        {
            "Time": "2023-01-24",
            "value": 1.0290114602634435
        },
        {
            "Time": "2023-01-25",
            "value": 1.7596822554947662
        },
        {
            "Time": "2023-01-26",
            "value": 0.7697247392854784
        },
        {
            "Time": "2023-01-27",
            "value": 1.6619944781960052
        },
        {
            "Time": "2023-01-28",
            "value": 1.7863335849871294
        },
        {
            "Time": "2023-01-29",
            "value": 1.754242789366502
        },
        {
            "Time": "2023-01-30",
            "value": 1.7230663972236657
        },
        {
            "Time": "2023-01-31",
            "value": 1.7182474756139823
        },
        {
            "Time": "2023-02-01",
            "value": 0.3586177262625496
        },
        {
            "Time": "2023-02-02",
            "value": 0.6956856685267919
        },
        {
            "Time": "2023-02-03",
            "value": 0.40142695482968166
        },
        {
            "Time": "2023-02-04",
            "value": 0.16600347010752314
        },
        {
            "Time": "2023-02-05",
            "value": 0.3258783056564302
        },
        {
            "Time": "2023-02-06",
            "value": 0.9758620238566382
        },
        {
            "Time": "2023-02-07",
            "value": 0.3165680104938911
        },
        {
            "Time": "2023-02-08",
            "value": 0.19286723038179274
        },
        {
            "Time": "2023-02-09",
            "value": 0.35971076313936295
        },
        {
            "Time": "2023-02-10",
            "value": 0.23962904954817127
        },
        {
            "Time": "2023-02-11",
            "value": 0.5932452934566544
        },
        {
            "Time": "2023-02-12",
            "value": 0.7815113939448148
        },
        {
            "Time": "2023-02-13",
            "value": 0.301235634871826
        },
        {
            "Time": "2023-02-14",
            "value": 0.6973959608340989
        },
        {
            "Time": "2023-02-15",
            "value": 1.3337733925091615
        },
        {
            "Time": "2023-02-16",
            "value": 1.6933711008314039
        },
        {
            "Time": "2023-02-17",
            "value": 1.3924005751764388
        },
        {
            "Time": "2023-02-18",
            "value": 1.5570378545374066
        },
        {
            "Time": "2023-02-19",
            "value": 0.5821884219252578
        },
        {
            "Time": "2023-02-20",
            "value": 1.0348237106397424
        },
        {
            "Time": "2023-02-21",
            "value": 1.7216724861785362
        },
        {
            "Time": "2023-02-22",
            "value": 1.5815659893042453
        },
        {
            "Time": "2023-02-23",
            "value": 1.421846562549868
        },
        {
            "Time": "2023-02-24",
            "value": 0.7397609194602008
        },
        {
            "Time": "2023-02-25",
            "value": 1.4596352564494635
        },
        {
            "Time": "2023-02-26",
            "value": 1.8528004965783174
        },
        {
            "Time": "2023-02-27",
            "value": 1.6925790552438533
        },
        {
            "Time": "2023-02-28",
            "value": 1.000138832415241
        },
        {
            "Time": "2023-03-01",
            "value": 0.9398911241044805
        },
        {
            "Time": "2023-03-02",
            "value": 1.228087581199184
        },
        {
            "Time": "2023-03-03",
            "value": 1.5239918275159527
        },
        {
            "Time": "2023-03-04",
            "value": 1.6991312257269078
        },
        {
            "Time": "2023-03-05",
            "value": 1.6624599682812486
        },
        {
            "Time": "2023-03-06",
            "value": 1.8117144353396617
        },
        {
            "Time": "2023-03-07",
            "value": 1.7844720336607638
        },
        {
            "Time": "2023-03-08",
            "value": 1.5494491373488681
        },
        {
            "Time": "2023-03-09",
            "value": 1.3761010976217303
        },
        {
            "Time": "2023-03-10",
            "value": 1.8615646059071338
        },
        {
            "Time": "2023-03-11",
            "value": 1.4782847658405012
        },
        {
            "Time": "2023-03-12",
            "value": 0.47424440540607865
        },
        {
            "Time": "2023-03-13",
            "value": 1.469003848072956
        },
        {
            "Time": "2023-03-14",
            "value": 1.9585734531766212
        },
        {
            "Time": "2023-03-15",
            "value": 1.6321287250382854
        },
        {
            "Time": "2023-03-16",
            "value": 1.5099367380131004
        },
        {
            "Time": "2023-03-17",
            "value": 1.0052053190773536
        },
        {
            "Time": "2023-03-18",
            "value": 0.3272893370336099
        },
        {
            "Time": "2023-03-19",
            "value": 0.1758928573290344
        },
        {
            "Time": "2023-03-20",
            "value": 1.440677976947042
        },
        {
            "Time": "2023-03-21",
            "value": 0.8521517809184379
        },
        {
            "Time": "2023-03-22",
            "value": 1.2953336473057149
        },
        {
            "Time": "2023-03-23",
            "value": 0.2050403717227568
        },
        {
            "Time": "2023-03-24",
            "value": 0.2372840258210648
        },
        {
            "Time": "2023-03-25",
            "value": 0.27994212800405094
        },
        {
            "Time": "2023-03-26",
            "value": 0.8539946007771707
        },
        {
            "Time": "2023-03-27",
            "value": 0.0
        }
    ]
}