{
    "data": [
        {
            "Time": "2022-11-27",
            "value": 0.2663656583545197
        },
        {
            "Time": "2022-11-28",
            "value": 0.8480284192144273
        },
        {
            "Time": "2022-11-29",
            "value": 0.8951827337972478
        },
        {
            "Time": "2022-11-30",
            "value": 0.3419267146929591
        },
        {
            "Time": "2022-12-01",
            "value": 0.0
        },
        {
            "Time": "2022-12-02",
            "value": 0.0
        },
        {
            "Time": "2022-12-03",
            "value": 0.0
        },
        {
            "Time": "2022-12-04",
            "value": 0.0
        },
        {
            "Time": "2022-12-05",
            "value": 0.0
        },
        {
            "Time": "2022-12-06",
            "value": 0.0
        },
        {
            "Time": "2022-12-07",
            "value": 0.0
        },
        {
            "Time": "2022-12-08",
            "value": 0.9327803589587101
        },
        {
            "Time": "2022-12-09",
            "value": 0.760987447471373
        },
        {
            "Time": "2022-12-10",
            "value": 2.063703133416725
        },
        {
            "Time": "2022-12-11",
            "value": 0.40321163319337966
        },
        {
            "Time": "2022-12-12",
            "value": 1.1435065528789283
        },
        {
            "Time": "2022-12-13",
            "value": 1.668491713947046
        },
        {
            "Time": "2022-12-14",
            "value": 0.6740534561557705
        },
        {
            "Time": "2022-12-15",
            "value": 0.5108419942298816
        },
        {
            "Time": "2022-12-16",
            "value": 0.3379396569075777
        },
        {
            "Time": "2022-12-17",
            "value": 0.45905815286335083
        },
        {
            "Time": "2022-12-18",
            "value": 2.604699450994012
        },
        {
            "Time": "2022-12-19",
            "value": 2.3256187145931886
        },
        {
            "Time": "2022-12-20",
            "value": 1.5007202621854572
        },
        {
            "Time": "2022-12-21",
            "value": 2.303457307491504
        },
        {
            "Time": "2022-12-22",
            "value": 2.3465005409904296
        },
        {
            "Time": "2022-12-23",
            "value": 2.4783935950958322
        },
        {
            "Time": "2022-12-24",
            "value": 2.5005617152640163
        },
        {
            "Time": "2022-12-25",
            "value": 2.5092175441285978
        },
        {
            "Time": "2022-12-26",
            "value": 2.064004367777291
        },
        {
            "Time": "2022-12-27",
            "value": 0.9428649916851068
        },
        {
            "Time": "2022-12-28",
            "value": 0.4892876951303737
        },
        {
            "Time": "2022-12-29",
            "value": 0.3161516233246528
        },
        {
            "Time": "2022-12-30",
            "value": 0.47225000142824075
        },
        {
            "Time": "2022-12-31",
            "value": 1.3776264967026985
        },
        {
            "Time": "2023-01-01",
            "value": 0.7584907757602088
        },
        {
            "Time": "2023-01-02",
            "value": 0.4060300908616898
        },
        {
            "Time": "2023-01-03",
            "value": 0.4609651133360063
        },
        {
            "Time": "2023-01-04",
            "value": 0.44971180135416666
        },
        {
            "Time": "2023-01-05",
            "value": 0.5718132894357804
        },
        {
            "Time": "2023-01-06",
            "value": 2.3229764532420916
        },
        {
            "Time": "2023-01-07",
            "value": 2.4496673604549524
        },
        {
            "Time": "2023-01-08",
            "value": 2.437501353931278
        },
        {
            "Time": "2023-01-09",
            "value": 0.5209374010150347
        },
        {
            "Time": "2023-01-10",
            "value": 0.6061249966175027
        },
        {
            "Time": "2023-01-11",
            "value": 0.7622163421002082
        },
        {
            "Time": "2023-01-12",
            "value": 1.5510600840613296
        },
        {
            "Time": "2023-01-13",
            "value": 0.37425790784171575
        },
        {
            "Time": "2023-01-14",
            "value": 1.6688425667910705
        },
        {
            "Time": "2023-01-15",
            "value": 0.42695613402944826
        },
        {
            "Time": "2023-01-16",
            "value": 2.0695611606562987
        },
        {
            "Time": "2023-01-17",
            "value": 0.5009127809725034
        },
        {
            "Time": "2023-01-18",
            "value": 2.3970563965001657
        },
        {
            "Time": "2023-01-19",
            "value": 1.963666220321723
        },
        {
            "Time": "2023-01-20",
            "value": 0.8772924866547328
        },
        {
            "Time": "2023-01-21",
            "value": 0.3222117123004217
        },
        {
            "Time": "2023-01-22",
            "value": 1.906291743026494
        },
        {
            "Time": "2023-01-23",
            "value": 0.31678684333248647
        },
        {
            "Time": "2023-01-24",
            "value": 1.6340136953535622
        },
        {
            "Time": "2023-01-25",
            "value": 2.6712433648271405
        },
        {
            "Time": "2023-01-26",
            "value": 1.35285485866881
        },
        {
            "Time": "2023-01-27",
            "value": 2.420207491264988
        },
        {
            "Time": "2023-01-28",
            "value": 2.664893622003169
        },
        {
            "Time": "2023-01-29",
            "value": 2.670244997402992
        },
        {
            "Time": "2023-01-30",
            "value": 2.7730832874516906
        },
        {
            "Time": "2023-01-31",
            "value": 2.710389120169769
        },
        {
            "Time": "2023-02-01",
            "value": 0.5219675957534723
        },
        {
            "Time": "2023-02-02",
            "value": 1.0565803582504611
        },
        {
            "Time": "2023-02-03",
            "value": 0.5767297632870593
        },
        {
            "Time": "2023-02-04",
            "value": 0.24110069204421297
        },
        {
            "Time": "2023-02-05",
            "value": 0.4123521512689181
        },
        {
            "Time": "2023-02-06",
            "value": 1.6687310263870778
        },
        {
            "Time": "2023-02-07",
            "value": 0.4088353090837316
        },
        {
            "Time": "2023-02-08",
            "value": 0.2703566844464786
        },
        {
            "Time": "2023-02-09",
            "value": 0.5138036131595147
        },
        {
            "Time": "2023-02-10",
            "value": 0.3390644716290548
        },
        {
            "Time": "2023-02-11",
            "value": 0.8748656132486295
        },
        {
            "Time": "2023-02-12",
            "value": 1.2116001428767542
        },
        {
            "Time": "2023-02-13",
            "value": 0.5209171419418024
        },
        {
            "Time": "2023-02-14",
            "value": 0.9706549285867988
        },
        {
            "Time": "2023-02-15",
            "value": 2.5085360866448045
        },
        {
            "Time": "2023-02-16",
            "value": 2.9517925514725434
        },
        {
            "Time": "2023-02-17",
            "value": 2.155326037108816
        },
        {
            "Time": "2023-02-18",
            "value": 2.5358438578258924
        },
        {
            "Time": "2023-02-19",
            "value": 0.8397160004494367
        },
        {
            "Time": "2023-02-20",
            "value": 1.5589453621434235
        },
        {
            "Time": "2023-02-21",
            "value": 2.9167891393007968
        },
        {
            "Time": "2023-02-22",
            "value": 2.4829243227313076
        },
        {
            "Time": "2023-02-23",
            "value": 2.3054750884638895
        },
        {
            "Time": "2023-02-24",
            "value": 1.1623932000586166
        },
        {
            "Time": "2023-02-25",
            "value": 2.7089829835644084
        },
        {
            "Time": "2023-02-26",
            "value": 2.9991893311674698
        },
        {
            "Time": "2023-02-27",
            "value": 2.5153043218311266
        },
        {
            "Time": "2023-02-28",
            "value": 1.5430195565760876
        },
        {
            "Time": "2023-03-01",
            "value": 1.571422828102955
        },
        {
            "Time": "2023-03-02",
            "value": 1.9449159478471978
        },
        {
            "Time": "2023-03-03",
            "value": 2.6516916551828813
        },
        {
            "Time": "2023-03-04",
            "value": 2.914089511266933
        },
        {
            "Time": "2023-03-05",
            "value": 2.8409748046255765
        },
        {
            "Time": "2023-03-06",
            "value": 2.9687935561819776
        },
        {
            "Time": "2023-03-07",
            "value": 2.9358409093516205
        },
        {
            "Time": "2023-03-08",
            "value": 2.771490714301139
        },
        {
            "Time": "2023-03-09",
            "value": 2.1571879213840868
        },
        {
            "Time": "2023-03-10",
            "value": 3.029597403316918
        },
        {
            "Time": "2023-03-11",
            "value": 2.670269887309946
        },
        {
            "Time": "2023-03-12",
            "value": 0.6946797597327952
        },
        {
            "Time": "2023-03-13",
            "value": 2.47758054368212
        },
        {
            "Time": "2023-03-14",
            "value": 3.102267849140802
        },
        {
            "Time": "2023-03-15",
            "value": 2.602047723478922
        },
        {
            "Time": "2023-03-16",
            "value": 2.679583004941289
        },
        {
            "Time": "2023-03-17",
            "value": 1.7050803436482855
        },
        {
            "Time": "2023-03-18",
            "value": 0.4943389263005401
        },
        {
            "Time": "2023-03-19",
            "value": 0.2344300636340829
        },
        {
            "Time": "2023-03-20",
            "value": 2.144748663682135
        },
        {
            "Time": "2023-03-21",
            "value": 1.2820552495994857
        },
        {
            "Time": "2023-03-22",
            "value": 2.112756924909953
        },
        {
            "Time": "2023-03-23",
            "value": 0.2701610433958829
        },
        {
            "Time": "2023-03-24",
            "value": 0.3324522589725694
        },
        {
            "Time": "2023-03-25",
            "value": 0.3875775485490741
        },
        {
            "Time": "2023-03-26",
            "value": 1.2194872615845807
        },
        {
            "Time": "2023-03-27",
            "value": 0.0
        }
    ]
}