{
    "data": [
        {
            "Time": "2022-11-27",
            "value": 0.1423461356046328
        },
        {
            "Time": "2022-11-28",
            "value": 0.7583697268094552
        },
        {
            "Time": "2022-11-29",
            "value": 0.8068685104552207
        },
        {
            "Time": "2022-11-30",
            "value": 0.23517204976209302
        },
        {
            "Time": "2022-12-01",
            "value": 0.0
        },
        {
            "Time": "2022-12-02",
            "value": 0.0
        },
        {
            "Time": "2022-12-03",
            "value": 0.0
        },
        {
            "Time": "2022-12-04",
            "value": 0.0
        },
        {
            "Time": "2022-12-05",
            "value": 0.0
        },
        {
            "Time": "2022-12-06",
            "value": 0.0
        },
        {
            "Time": "2022-12-07",
            "value": 0.0
        },
        {
            "Time": "2022-12-08",
            "value": 0.8350764571318567
        },
        {
            "Time": "2022-12-09",
            "value": 0.6484321006395147
        },
        {
            "Time": "2022-12-10",
            "value": 2.0317285084581527
        },
        {
            "Time": "2022-12-11",
            "value": 0.3090706006238321
        },
        {
            "Time": "2022-12-12",
            "value": 1.0918254966663705
        },
        {
            "Time": "2022-12-13",
            "value": 1.6007862764102694
        },
        {
            "Time": "2022-12-14",
            "value": 0.5748197092079923
        },
        {
            "Time": "2022-12-15",
            "value": 0.41440739835047824
        },
        {
            "Time": "2022-12-16",
            "value": 0.2278924284129502
        },
        {
            "Time": "2022-12-17",
            "value": 0.3450729022815089
        },
        {
            "Time": "2022-12-18",
            "value": 2.546513929592487
        },
        {
            "Time": "2022-12-19",
            "value": 2.4164321247068714
        },
        {
            "Time": "2022-12-20",
            "value": 1.4317170405003958
        },
        {
            "Time": "2022-12-21",
            "value": 2.3100700940042103
        },
        {
            "Time": "2022-12-22",
            "value": 2.3826268209616743
        },
        {
            "Time": "2022-12-23",
            "value": 2.4766437482247556
        },
        {
            "Time": "2022-12-24",
            "value": 2.500612314457698
        },
        {
            "Time": "2022-12-25",
            "value": 2.5431462693280324
        },
        {
            "Time": "2022-12-26",
            "value": 2.0625609208810514
        },
        {
            "Time": "2022-12-27",
            "value": 0.8484363564359009
        },
        {
            "Time": "2022-12-28",
            "value": 0.37687326702160306
        },
        {
            "Time": "2022-12-29",
            "value": 0.21313161423362728
        },
        {
            "Time": "2022-12-30",
            "value": 0.35806431498923713
        },
        {
            "Time": "2022-12-31",
            "value": 1.3097809638558693
        },
        {
            "Time": "2023-01-01",
            "value": 0.673846389451172
        },
        {
            "Time": "2023-01-02",
            "value": 0.2876342048410615
        },
        {
            "Time": "2023-01-03",
            "value": 0.33232787584290574
        },
        {
            "Time": "2023-01-04",
            "value": 0.34399025165849545
        },
        {
            "Time": "2023-01-05",
            "value": 0.47258531545363586
        },
        {
            "Time": "2023-01-06",
            "value": 2.3215738893911024
        },
        {
            "Time": "2023-01-07",
            "value": 2.545783653324965
        },
        {
            "Time": "2023-01-08",
            "value": 2.50998392122128
        },
        {
            "Time": "2023-01-09",
            "value": 0.3978620807828745
        },
        {
            "Time": "2023-01-10",
            "value": 0.4340781613029581
        },
        {
            "Time": "2023-01-11",
            "value": 0.6418994394165662
        },
        {
            "Time": "2023-01-12",
            "value": 1.524368419837548
        },
        {
            "Time": "2023-01-13",
            "value": 0.2652092254998095
        },
        {
            "Time": "2023-01-14",
            "value": 1.6292763256119864
        },
        {
            "Time": "2023-01-15",
            "value": 0.31437594837015276
        },
        {
            "Time": "2023-01-16",
            "value": 1.9994914949420795
        },
        {
            "Time": "2023-01-17",
            "value": 0.37237767539377536
        },
        {
            "Time": "2023-01-18",
            "value": 2.41738933311097
        },
        {
            "Time": "2023-01-19",
            "value": 1.987370842154261
        },
        {
            "Time": "2023-01-20",
            "value": 0.7813260182328369
        },
        {
            "Time": "2023-01-21",
            "value": 0.2110297440481632
        },
        {
            "Time": "2023-01-22",
            "value": 1.9071380485083467
        },
        {
            "Time": "2023-01-23",
            "value": 0.16933736205929822
        },
        {
            "Time": "2023-01-24",
            "value": 1.5883082980430092
        },
        {
            "Time": "2023-01-25",
            "value": 2.6456193263259005
        },
        {
            "Time": "2023-01-26",
            "value": 1.2914458726675133
        },
        {
            "Time": "2023-01-27",
            "value": 2.3847437337036586
        },
        {
            "Time": "2023-01-28",
            "value": 2.69585636156416
        },
        {
            "Time": "2023-01-29",
            "value": 2.754747651539705
        },
        {
            "Time": "2023-01-30",
            "value": 2.832478236952528
        },
        {
            "Time": "2023-01-31",
            "value": 2.79835955842798
        },
        {
            "Time": "2023-02-01",
            "value": 0.42765416355522223
        },
        {
            "Time": "2023-02-02",
            "value": 1.0014909937754441
        },
        {
            "Time": "2023-02-03",
            "value": 0.4752961584132729
        },
        {
            "Time": "2023-02-04",
            "value": 0.11878835241920213
        },
        {
            "Time": "2023-02-05",
            "value": 0.31079533645583307
        },
        {
            "Time": "2023-02-06",
            "value": 1.6356684316812677
        },
        {
            "Time": "2023-02-07",
            "value": 0.27249592819530327
        },
        {
            "Time": "2023-02-08",
            "value": 0.16629025339378598
        },
        {
            "Time": "2023-02-09",
            "value": 0.42017509918146734
        },
        {
            "Time": "2023-02-10",
            "value": 0.17979682591812793
        },
        {
            "Time": "2023-02-11",
            "value": 0.8227149391210624
        },
        {
            "Time": "2023-02-12",
            "value": 1.1486557599285596
        },
        {
            "Time": "2023-02-13",
            "value": 0.3650659225578305
        },
        {
            "Time": "2023-02-14",
            "value": 0.8783092266846956
        },
        {
            "Time": "2023-02-15",
            "value": 2.5008937895827263
        },
        {
            "Time": "2023-02-16",
            "value": 3.022320777733518
        },
        {
            "Time": "2023-02-17",
            "value": 2.1634460836323126
        },
        {
            "Time": "2023-02-18",
            "value": 2.590092551717292
        },
        {
            "Time": "2023-02-19",
            "value": 0.7035909309308508
        },
        {
            "Time": "2023-02-20",
            "value": 1.5058124398905082
        },
        {
            "Time": "2023-02-21",
            "value": 2.9993550023557782
        },
        {
            "Time": "2023-02-22",
            "value": 2.5141145333231503
        },
        {
            "Time": "2023-02-23",
            "value": 2.382329804745264
        },
        {
            "Time": "2023-02-24",
            "value": 1.0217233007443236
        },
        {
            "Time": "2023-02-25",
            "value": 2.7284458380873438
        },
        {
            "Time": "2023-02-26",
            "value": 3.0614016763466543
        },
        {
            "Time": "2023-02-27",
            "value": 2.5872051525834596
        },
        {
            "Time": "2023-02-28",
            "value": 1.538550660580888
        },
        {
            "Time": "2023-03-01",
            "value": 1.501098713937812
        },
        {
            "Time": "2023-03-02",
            "value": 1.9667648069730048
        },
        {
            "Time": "2023-03-03",
            "value": 2.7203014290322685
        },
        {
            "Time": "2023-03-04",
            "value": 2.991010538108399
        },
        {
            "Time": "2023-03-05",
            "value": 2.9723805029943833
        },
        {
            "Time": "2023-03-06",
            "value": 3.0674728770835857
        },
        {
            "Time": "2023-03-07",
            "value": 3.0480609689892413
        },
        {
            "Time": "2023-03-08",
            "value": 2.809214467643433
        },
        {
            "Time": "2023-03-09",
            "value": 2.176405315559841
        },
        {
            "Time": "2023-03-10",
            "value": 3.1193005679545864
        },
        {
            "Time": "2023-03-11",
            "value": 2.6772424865803455
        },
        {
            "Time": "2023-03-12",
            "value": 0.5629389886692255
        },
        {
            "Time": "2023-03-13",
            "value": 2.5126545314458277
        },
        {
            "Time": "2023-03-14",
            "value": 3.2292263549534543
        },
        {
            "Time": "2023-03-15",
            "value": 2.652858867135532
        },
        {
            "Time": "2023-03-16",
            "value": 2.7123447719277536
        },
        {
            "Time": "2023-03-17",
            "value": 1.6242282570967796
        },
        {
            "Time": "2023-03-18",
            "value": 0.36458456849646514
        },
        {
            "Time": "2023-03-19",
            "value": 0.08495273909577822
        },
        {
            "Time": "2023-03-20",
            "value": 2.1717138344391373
        },
        {
            "Time": "2023-03-21",
            "value": 1.2173917114736141
        },
        {
            "Time": "2023-03-22",
            "value": 2.095402328058167
        },
        {
            "Time": "2023-03-23",
            "value": 0.1523444518887427
        },
        {
            "Time": "2023-03-24",
            "value": 0.1432836760583044
        },
        {
            "Time": "2023-03-25",
            "value": 0.20204209818449045
        },
        {
            "Time": "2023-03-26",
            "value": 1.143323103744024
        },
        {
            "Time": "2023-03-27",
            "value": 0.0
        }
    ]
}