{
    "data": [
        {
            "Time": "2022-11-27",
            "value": 0.15056252296978626
        },
        {
            "Time": "2022-11-28",
            "value": 0.6796289222394694
        },
        {
            "Time": "2022-11-29",
            "value": 0.5627049120934446
        },
        {
            "Time": "2022-11-30",
            "value": 0.22681104770026517
        },
        {
            "Time": "2022-12-01",
            "value": 0.2843946740801053
        },
        {
            "Time": "2022-12-02",
            "value": 0.30784263107959414
        },
        {
            "Time": "2022-12-03",
            "value": 0.5367660734941276
        },
        {
            "Time": "2022-12-04",
            "value": 0.38792067170164624
        },
        {
            "Time": "2022-12-05",
            "value": 0.31680159489199927
        },
        {
            "Time": "2022-12-06",
            "value": 0.5178544912921541
        },
        {
            "Time": "2022-12-07",
            "value": 0.12821145793995206
        },
        {
            "Time": "2022-12-08",
            "value": 0.7393049794756935
        },
        {
            "Time": "2022-12-09",
            "value": 0.5997567415784621
        },
        {
            "Time": "2022-12-10",
            "value": 1.5910902444764443
        },
        {
            "Time": "2022-12-11",
            "value": 0.2943641124964774
        },
        {
            "Time": "2022-12-12",
            "value": 0.9322154905905589
        },
        {
            "Time": "2022-12-13",
            "value": 1.1837667783228978
        },
        {
            "Time": "2022-12-14",
            "value": 0.546326875258607
        },
        {
            "Time": "2022-12-15",
            "value": 0.3833378528110576
        },
        {
            "Time": "2022-12-16",
            "value": 0.22593360109169044
        },
        {
            "Time": "2022-12-17",
            "value": 0.33232648135493426
        },
        {
            "Time": "2022-12-18",
            "value": 1.8999402329980866
        },
        {
            "Time": "2022-12-19",
            "value": 1.7422195526584607
        },
        {
            "Time": "2022-12-20",
            "value": 1.00748288547935
        },
        {
            "Time": "2022-12-21",
            "value": 1.7742927215579973
        },
        {
            "Time": "2022-12-22",
            "value": 1.7844307500523138
        },
        {
            "Time": "2022-12-23",
            "value": 1.8636436469800177
        },
        {
            "Time": "2022-12-24",
            "value": 1.885343854925671
        },
        {
            "Time": "2022-12-25",
            "value": 1.89933569478076
        },
        {
            "Time": "2022-12-26",
            "value": 1.511317337489734
        },
        {
            "Time": "2022-12-27",
            "value": 0.734696871006564
        },
        {
            "Time": "2022-12-28",
            "value": 0.36815667921192247
        },
        {
            "Time": "2022-12-29",
            "value": 0.2191759226212093
        },
        {
            "Time": "2022-12-30",
            "value": 0.3655725497013477
        },
        {
            "Time": "2022-12-31",
            "value": 1.1489142808384272
        },
        {
            "Time": "2023-01-01",
            "value": 0.61827127772273
        },
        {
            "Time": "2023-01-02",
            "value": 0.29478120296469007
        },
        {
            "Time": "2023-01-03",
            "value": 0.32444294450884154
        },
        {
            "Time": "2023-01-04",
            "value": 0.3412553112387779
        },
        {
            "Time": "2023-01-05",
            "value": 0.45065246074162346
        },
        {
            "Time": "2023-01-06",
            "value": 1.8334023147614773
        },
        {
            "Time": "2023-01-07",
            "value": 1.920136807837382
        },
        {
            "Time": "2023-01-08",
            "value": 1.9411669417370534
        },
        {
            "Time": "2023-01-09",
            "value": 0.3908589499834089
        },
        {
            "Time": "2023-01-10",
            "value": 0.4302514370671723
        },
        {
            "Time": "2023-01-11",
            "value": 0.6068863706383615
        },
        {
            "Time": "2023-01-12",
            "value": 1.2563906422002826
        },
        {
            "Time": "2023-01-13",
            "value": 0.26682822088150693
        },
        {
            "Time": "2023-01-14",
            "value": 1.2728220825206225
        },
        {
            "Time": "2023-01-15",
            "value": 0.3082785540363632
        },
        {
            "Time": "2023-01-16",
            "value": 1.5428985640913961
        },
        {
            "Time": "2023-01-17",
            "value": 0.3815207738689558
        },
        {
            "Time": "2023-01-18",
            "value": 1.930025560865122
        },
        {
            "Time": "2023-01-19",
            "value": 1.5720697506511372
        },
        {
            "Time": "2023-01-20",
            "value": 0.7157937294805405
        },
        {
            "Time": "2023-01-21",
            "value": 0.20196908833277094
        },
        {
            "Time": "2023-01-22",
            "value": 1.5527916434769187
        },
        {
            "Time": "2023-01-23",
            "value": 0.18147374562843768
        },
        {
            "Time": "2023-01-24",
            "value": 1.4873561264548596
        },
        {
            "Time": "2023-01-25",
            "value": 2.1565506172829805
        },
        {
            "Time": "2023-01-26",
            "value": 1.1404884668704685
        },
        {
            "Time": "2023-01-27",
            "value": 2.0007015810763864
        },
        {
            "Time": "2023-01-28",
            "value": 2.2270897999693524
        },
        {
            "Time": "2023-01-29",
            "value": 2.220295573629037
        },
        {
            "Time": "2023-01-30",
            "value": 2.3130182873511735
        },
        {
            "Time": "2023-01-31",
            "value": 2.300005326359215
        },
        {
            "Time": "2023-02-01",
            "value": 0.41545936331112987
        },
        {
            "Time": "2023-02-02",
            "value": 0.8975669318228041
        },
        {
            "Time": "2023-02-03",
            "value": 0.4650699775050824
        },
        {
            "Time": "2023-02-04",
            "value": 0.1166556815722605
        },
        {
            "Time": "2023-02-05",
            "value": 0.30530962558066543
        },
        {
            "Time": "2023-02-06",
            "value": 1.483326677320901
        },
        {
            "Time": "2023-02-07",
            "value": 0.28532921433797576
        },
        {
            "Time": "2023-02-08",
            "value": 0.16613323739730174
        },
        {
            "Time": "2023-02-09",
            "value": 0.4010457266852281
        },
        {
            "Time": "2023-02-10",
            "value": 0.2041589622675331
        },
        {
            "Time": "2023-02-11",
            "value": 0.7522970477300079
        },
        {
            "Time": "2023-02-12",
            "value": 1.0812381723915268
        },
        {
            "Time": "2023-02-13",
            "value": 0.3244387980562738
        },
        {
            "Time": "2023-02-14",
            "value": 0.8953901262052548
        },
        {
            "Time": "2023-02-15",
            "value": 2.274014927431577
        },
        {
            "Time": "2023-02-16",
            "value": 2.578454095128717
        },
        {
            "Time": "2023-02-17",
            "value": 1.8928694594876292
        },
        {
            "Time": "2023-02-18",
            "value": 2.3298407677899102
        },
        {
            "Time": "2023-02-19",
            "value": 0.6933290347648895
        },
        {
            "Time": "2023-02-20",
            "value": 1.429968727849987
        },
        {
            "Time": "2023-02-21",
            "value": 2.5278909751072294
        },
        {
            "Time": "2023-02-22",
            "value": 2.210144796250113
        },
        {
            "Time": "2023-02-23",
            "value": 2.1440153926850765
        },
        {
            "Time": "2023-02-24",
            "value": 0.9805892350716503
        },
        {
            "Time": "2023-02-25",
            "value": 2.3220484632926692
        },
        {
            "Time": "2023-02-26",
            "value": 2.5781869846676924
        },
        {
            "Time": "2023-02-27",
            "value": 2.402980643501319
        },
        {
            "Time": "2023-02-28",
            "value": 1.3677223590585188
        },
        {
            "Time": "2023-03-01",
            "value": 1.392136554474058
        },
        {
            "Time": "2023-03-02",
            "value": 1.7825018208807282
        },
        {
            "Time": "2023-03-03",
            "value": 2.309237793121866
        },
        {
            "Time": "2023-03-04",
            "value": 2.609454506140921
        },
        {
            "Time": "2023-03-05",
            "value": 2.5723835448014127
        },
        {
            "Time": "2023-03-06",
            "value": 2.6705984657542796
        },
        {
            "Time": "2023-03-07",
            "value": 2.6431358527969038
        },
        {
            "Time": "2023-03-08",
            "value": 2.3713030963527797
        },
        {
            "Time": "2023-03-09",
            "value": 2.059334923678912
        },
        {
            "Time": "2023-03-10",
            "value": 2.7386779561508083
        },
        {
            "Time": "2023-03-11",
            "value": 2.2714791586842296
        },
        {
            "Time": "2023-03-12",
            "value": 0.5466573700676901
        },
        {
            "Time": "2023-03-13",
            "value": 2.2004664456524874
        },
        {
            "Time": "2023-03-14",
            "value": 2.86067724305907
        },
        {
            "Time": "2023-03-15",
            "value": 2.3354864252602145
        },
        {
            "Time": "2023-03-16",
            "value": 2.400287711846196
        },
        {
            "Time": "2023-03-17",
            "value": 1.3686982083444224
        },
        {
            "Time": "2023-03-18",
            "value": 0.37712111310621493
        },
        {
            "Time": "2023-03-19",
            "value": 0.10839276767675962
        },
        {
            "Time": "2023-03-20",
            "value": 2.070206367403844
        },
        {
            "Time": "2023-03-21",
            "value": 1.079375804809083
        },
        {
            "Time": "2023-03-22",
            "value": 1.8805370139310833
        },
        {
            "Time": "2023-03-23",
            "value": 0.1499154474913209
        },
        {
            "Time": "2023-03-24",
            "value": 0.1544717684735554
        },
        {
            "Time": "2023-03-25",
            "value": 0.2232442454930094
        },
        {
            "Time": "2023-03-26",
            "value": 1.0560442887144947
        },
        {
            "Time": "2023-03-27",
            "value": 0.0
        }
    ]
}