{
    "data": [
        {
            "Time": "2022-11-27",
            "value": 0.2349977667110962
        },
        {
            "Time": "2022-11-28",
            "value": 0.8250291478259364
        },
        {
            "Time": "2022-11-29",
            "value": 0.8765828331266753
        },
        {
            "Time": "2022-11-30",
            "value": 0.31608775342051754
        },
        {
            "Time": "2022-12-01",
            "value": 0.0
        },
        {
            "Time": "2022-12-02",
            "value": 0.0
        },
        {
            "Time": "2022-12-03",
            "value": 0.0
        },
        {
            "Time": "2022-12-04",
            "value": 0.0
        },
        {
            "Time": "2022-12-05",
            "value": 0.0
        },
        {
            "Time": "2022-12-06",
            "value": 0.0
        },
        {
            "Time": "2022-12-07",
            "value": 0.0
        },
        {
            "Time": "2022-12-08",
            "value": 0.9039335676143346
        },
        {
            "Time": "2022-12-09",
            "value": 0.721973966411719
        },
        {
            "Time": "2022-12-10",
            "value": 2.0878070846859145
        },
        {
            "Time": "2022-12-11",
            "value": 0.37429646223536045
        },
        {
            "Time": "2022-12-12",
            "value": 1.146273996649824
        },
        {
            "Time": "2022-12-13",
            "value": 1.6710393453101384
        },
        {
            "Time": "2022-12-14",
            "value": 0.6442339067954953
        },
        {
            "Time": "2022-12-15",
            "value": 0.4905577734706987
        },
        {
            "Time": "2022-12-16",
            "value": 0.31228576656787616
        },
        {
            "Time": "2022-12-17",
            "value": 0.4169412294562399
        },
        {
            "Time": "2022-12-18",
            "value": 2.6430638392373345
        },
        {
            "Time": "2022-12-19",
            "value": 2.4520102247068936
        },
        {
            "Time": "2022-12-20",
            "value": 1.5011072759924124
        },
        {
            "Time": "2022-12-21",
            "value": 2.3672330625562856
        },
        {
            "Time": "2022-12-22",
            "value": 2.425929672530783
        },
        {
            "Time": "2022-12-23",
            "value": 2.5560583876401095
        },
        {
            "Time": "2022-12-24",
            "value": 2.5823064890897793
        },
        {
            "Time": "2022-12-25",
            "value": 2.6131241278295856
        },
        {
            "Time": "2022-12-26",
            "value": 2.108176322400227
        },
        {
            "Time": "2022-12-27",
            "value": 0.9151589758114318
        },
        {
            "Time": "2022-12-28",
            "value": 0.4596666678208333
        },
        {
            "Time": "2022-12-29",
            "value": 0.29695601754050927
        },
        {
            "Time": "2022-12-30",
            "value": 0.43384490687916666
        },
        {
            "Time": "2022-12-31",
            "value": 1.365004094908321
        },
        {
            "Time": "2023-01-01",
            "value": 0.7377796558599655
        },
        {
            "Time": "2023-01-02",
            "value": 0.3720601846504629
        },
        {
            "Time": "2023-01-03",
            "value": 0.4279772078275959
        },
        {
            "Time": "2023-01-04",
            "value": 0.4243460624078704
        },
        {
            "Time": "2023-01-05",
            "value": 0.5467922432755555
        },
        {
            "Time": "2023-01-06",
            "value": 2.3794920252764324
        },
        {
            "Time": "2023-01-07",
            "value": 2.5627705449629463
        },
        {
            "Time": "2023-01-08",
            "value": 2.531978163851973
        },
        {
            "Time": "2023-01-09",
            "value": 0.4684195628964024
        },
        {
            "Time": "2023-01-10",
            "value": 0.5437211904738606
        },
        {
            "Time": "2023-01-11",
            "value": 0.708188009569163
        },
        {
            "Time": "2023-01-12",
            "value": 1.5699700162033394
        },
        {
            "Time": "2023-01-13",
            "value": 0.3440789214306666
        },
        {
            "Time": "2023-01-14",
            "value": 1.6594280389813059
        },
        {
            "Time": "2023-01-15",
            "value": 0.3945772702610796
        },
        {
            "Time": "2023-01-16",
            "value": 2.069566042802102
        },
        {
            "Time": "2023-01-17",
            "value": 0.4569749573515873
        },
        {
            "Time": "2023-01-18",
            "value": 2.4514284684952354
        },
        {
            "Time": "2023-01-19",
            "value": 2.0194025136569014
        },
        {
            "Time": "2023-01-20",
            "value": 0.8496607327011524
        },
        {
            "Time": "2023-01-21",
            "value": 0.293329699985458
        },
        {
            "Time": "2023-01-22",
            "value": 1.943347606767076
        },
        {
            "Time": "2023-01-23",
            "value": 0.27184745526527776
        },
        {
            "Time": "2023-01-24",
            "value": 1.6332452110196674
        },
        {
            "Time": "2023-01-25",
            "value": 2.71692110743017
        },
        {
            "Time": "2023-01-26",
            "value": 1.3429847676079458
        },
        {
            "Time": "2023-01-27",
            "value": 2.4333768837728975
        },
        {
            "Time": "2023-01-28",
            "value": 2.725636324385816
        },
        {
            "Time": "2023-01-29",
            "value": 2.759925926680682
        },
        {
            "Time": "2023-01-30",
            "value": 2.8505514062414874
        },
        {
            "Time": "2023-01-31",
            "value": 2.794343484837334
        },
        {
            "Time": "2023-02-01",
            "value": 0.48714236049189813
        },
        {
            "Time": "2023-02-02",
            "value": 1.061867844526247
        },
        {
            "Time": "2023-02-03",
            "value": 0.5449956047057612
        },
        {
            "Time": "2023-02-04",
            "value": 0.2089380805199653
        },
        {
            "Time": "2023-02-05",
            "value": 0.385748215371584
        },
        {
            "Time": "2023-02-06",
            "value": 1.6832292649717602
        },
        {
            "Time": "2023-02-07",
            "value": 0.36667242506709463
        },
        {
            "Time": "2023-02-08",
            "value": 0.24397509321659724
        },
        {
            "Time": "2023-02-09",
            "value": 0.4890212375536172
        },
        {
            "Time": "2023-02-10",
            "value": 0.28853497450420224
        },
        {
            "Time": "2023-02-11",
            "value": 0.8789991636665164
        },
        {
            "Time": "2023-02-12",
            "value": 1.2106048019120652
        },
        {
            "Time": "2023-02-13",
            "value": 0.46940847950599424
        },
        {
            "Time": "2023-02-14",
            "value": 0.9562884741942069
        },
        {
            "Time": "2023-02-15",
            "value": 2.574817601766286
        },
        {
            "Time": "2023-02-16",
            "value": 3.064441378118967
        },
        {
            "Time": "2023-02-17",
            "value": 2.21789681442991
        },
        {
            "Time": "2023-02-18",
            "value": 2.612566869080612
        },
        {
            "Time": "2023-02-19",
            "value": 0.7890535391935853
        },
        {
            "Time": "2023-02-20",
            "value": 1.5513289507654036
        },
        {
            "Time": "2023-02-21",
            "value": 3.0155887771702385
        },
        {
            "Time": "2023-02-22",
            "value": 2.5408627175074563
        },
        {
            "Time": "2023-02-23",
            "value": 2.3906914514547113
        },
        {
            "Time": "2023-02-24",
            "value": 1.1200274137249961
        },
        {
            "Time": "2023-02-25",
            "value": 2.7568446796909702
        },
        {
            "Time": "2023-02-26",
            "value": 3.0810903707476687
        },
        {
            "Time": "2023-02-27",
            "value": 2.6228065356076433
        },
        {
            "Time": "2023-02-28",
            "value": 1.5508702398092717
        },
        {
            "Time": "2023-03-01",
            "value": 1.5634834265706306
        },
        {
            "Time": "2023-03-02",
            "value": 2.0036754306913536
        },
        {
            "Time": "2023-03-03",
            "value": 2.7228885438493324
        },
        {
            "Time": "2023-03-04",
            "value": 2.9937631982443342
        },
        {
            "Time": "2023-03-05",
            "value": 2.9367620091044344
        },
        {
            "Time": "2023-03-06",
            "value": 3.0610458952119597
        },
        {
            "Time": "2023-03-07",
            "value": 3.026479665931779
        },
        {
            "Time": "2023-03-08",
            "value": 2.8191058252905115
        },
        {
            "Time": "2023-03-09",
            "value": 2.206088897340085
        },
        {
            "Time": "2023-03-10",
            "value": 3.11569552436789
        },
        {
            "Time": "2023-03-11",
            "value": 2.684339226513573
        },
        {
            "Time": "2023-03-12",
            "value": 0.6522045373896991
        },
        {
            "Time": "2023-03-13",
            "value": 2.5264570261908705
        },
        {
            "Time": "2023-03-14",
            "value": 3.2076011761611882
        },
        {
            "Time": "2023-03-15",
            "value": 2.6654953677854727
        },
        {
            "Time": "2023-03-16",
            "value": 2.715896352096238
        },
        {
            "Time": "2023-03-17",
            "value": 1.6796433119042125
        },
        {
            "Time": "2023-03-18",
            "value": 0.45083620256729495
        },
        {
            "Time": "2023-03-19",
            "value": 0.18600074226493055
        },
        {
            "Time": "2023-03-20",
            "value": 2.1894821482942444
        },
        {
            "Time": "2023-03-21",
            "value": 1.2596696051869551
        },
        {
            "Time": "2023-03-22",
            "value": 2.1083140109979457
        },
        {
            "Time": "2023-03-23",
            "value": 0.2493154759352844
        },
        {
            "Time": "2023-03-24",
            "value": 0.26611759631041665
        },
        {
            "Time": "2023-03-25",
            "value": 0.31673264073280094
        },
        {
            "Time": "2023-03-26",
            "value": 1.1903398759834303
        },
        {
            "Time": "2023-03-27",
            "value": 0.0
        }
    ]
}