{
    "data": [
        {
            "Time": "2022-11-27",
            "value": 0.3121302260582085
        },
        {
            "Time": "2022-11-28",
            "value": 1.2153612543165138
        },
        {
            "Time": "2022-11-29",
            "value": 1.193637983318028
        },
        {
            "Time": "2022-11-30",
            "value": 0.42682840154321067
        },
        {
            "Time": "2022-12-01",
            "value": 0.0
        },
        {
            "Time": "2022-12-02",
            "value": 0.0
        },
        {
            "Time": "2022-12-03",
            "value": 0.0
        },
        {
            "Time": "2022-12-04",
            "value": 0.0
        },
        {
            "Time": "2022-12-05",
            "value": 0.0
        },
        {
            "Time": "2022-12-06",
            "value": 0.0
        },
        {
            "Time": "2022-12-07",
            "value": 0.0
        },
        {
            "Time": "2022-12-08",
            "value": 1.3665332390879894
        },
        {
            "Time": "2022-12-09",
            "value": 1.0429496759513466
        },
        {
            "Time": "2022-12-10",
            "value": 3.3583350021604397
        },
        {
            "Time": "2022-12-11",
            "value": 0.5241909945597618
        },
        {
            "Time": "2022-12-12",
            "value": 1.9049639245328052
        },
        {
            "Time": "2022-12-13",
            "value": 2.501945190798136
        },
        {
            "Time": "2022-12-14",
            "value": 0.922073353532527
        },
        {
            "Time": "2022-12-15",
            "value": 0.6854197308738574
        },
        {
            "Time": "2022-12-16",
            "value": 0.42122853373156355
        },
        {
            "Time": "2022-12-17",
            "value": 0.5770675685109471
        },
        {
            "Time": "2022-12-18",
            "value": 4.56110411769715
        },
        {
            "Time": "2022-12-19",
            "value": 4.1185885877286665
        },
        {
            "Time": "2022-12-20",
            "value": 2.3583307952637664
        },
        {
            "Time": "2022-12-21",
            "value": 4.051137388472964
        },
        {
            "Time": "2022-12-22",
            "value": 4.1034448738296625
        },
        {
            "Time": "2022-12-23",
            "value": 4.31551218422651
        },
        {
            "Time": "2022-12-24",
            "value": 4.353734158091144
        },
        {
            "Time": "2022-12-25",
            "value": 4.507272284872098
        },
        {
            "Time": "2022-12-26",
            "value": 3.3564088895276836
        },
        {
            "Time": "2022-12-27",
            "value": 1.3534575436225944
        },
        {
            "Time": "2022-12-28",
            "value": 0.6324755265509425
        },
        {
            "Time": "2022-12-29",
            "value": 0.3999722222084887
        },
        {
            "Time": "2022-12-30",
            "value": 0.616899303673611
        },
        {
            "Time": "2022-12-31",
            "value": 2.030931030107798
        },
        {
            "Time": "2023-01-01",
            "value": 1.0598005058413391
        },
        {
            "Time": "2023-01-02",
            "value": 0.5173242362151124
        },
        {
            "Time": "2023-01-03",
            "value": 0.5864572321006546
        },
        {
            "Time": "2023-01-04",
            "value": 0.5852960597760763
        },
        {
            "Time": "2023-01-05",
            "value": 0.7807927652598611
        },
        {
            "Time": "2023-01-06",
            "value": 4.161176249012638
        },
        {
            "Time": "2023-01-07",
            "value": 4.398063536348289
        },
        {
            "Time": "2023-01-08",
            "value": 4.371684579946367
        },
        {
            "Time": "2023-01-09",
            "value": 0.6800141458685202
        },
        {
            "Time": "2023-01-10",
            "value": 0.779858554357344
        },
        {
            "Time": "2023-01-11",
            "value": 1.0449896381180217
        },
        {
            "Time": "2023-01-12",
            "value": 2.475556597615207
        },
        {
            "Time": "2023-01-13",
            "value": 0.4673762959877101
        },
        {
            "Time": "2023-01-14",
            "value": 2.7163956561278697
        },
        {
            "Time": "2023-01-15",
            "value": 0.5464573216221565
        },
        {
            "Time": "2023-01-16",
            "value": 3.378802510478921
        },
        {
            "Time": "2023-01-17",
            "value": 0.6423264981570601
        },
        {
            "Time": "2023-01-18",
            "value": 4.3912653130216635
        },
        {
            "Time": "2023-01-19",
            "value": 3.549302028251744
        },
        {
            "Time": "2023-01-20",
            "value": 1.2402249795764146
        },
        {
            "Time": "2023-01-21",
            "value": 0.3833335628892507
        },
        {
            "Time": "2023-01-22",
            "value": 3.1794240994192333
        },
        {
            "Time": "2023-01-23",
            "value": 0.3633250263618469
        },
        {
            "Time": "2023-01-24",
            "value": 2.4827979186213116
        },
        {
            "Time": "2023-01-25",
            "value": 4.8477399536003105
        },
        {
            "Time": "2023-01-26",
            "value": 2.238343796416524
        },
        {
            "Time": "2023-01-27",
            "value": 4.060922979999722
        },
        {
            "Time": "2023-01-28",
            "value": 4.628837771820566
        },
        {
            "Time": "2023-01-29",
            "value": 4.778123015167274
        },
        {
            "Time": "2023-01-30",
            "value": 5.085885982566203
        },
        {
            "Time": "2023-01-31",
            "value": 5.04193837063195
        },
        {
            "Time": "2023-02-01",
            "value": 0.7027377580116609
        },
        {
            "Time": "2023-02-02",
            "value": 1.616391235801725
        },
        {
            "Time": "2023-02-03",
            "value": 0.7837782648418826
        },
        {
            "Time": "2023-02-04",
            "value": 0.2630598952528935
        },
        {
            "Time": "2023-02-05",
            "value": 0.5353665210602833
        },
        {
            "Time": "2023-02-06",
            "value": 2.699245216081313
        },
        {
            "Time": "2023-02-07",
            "value": 0.5042039587788704
        },
        {
            "Time": "2023-02-08",
            "value": 0.3197989177436883
        },
        {
            "Time": "2023-02-09",
            "value": 0.7032144997148838
        },
        {
            "Time": "2023-02-10",
            "value": 0.37744114926545236
        },
        {
            "Time": "2023-02-11",
            "value": 1.2610400367988037
        },
        {
            "Time": "2023-02-12",
            "value": 1.8067216687383365
        },
        {
            "Time": "2023-02-13",
            "value": 0.6517039177143819
        },
        {
            "Time": "2023-02-14",
            "value": 1.3710544771150754
        },
        {
            "Time": "2023-02-15",
            "value": 4.169742421040608
        },
        {
            "Time": "2023-02-16",
            "value": 5.413706836517857
        },
        {
            "Time": "2023-02-17",
            "value": 3.3843499949480367
        },
        {
            "Time": "2023-02-18",
            "value": 4.543033970283707
        },
        {
            "Time": "2023-02-19",
            "value": 1.1333576451753435
        },
        {
            "Time": "2023-02-20",
            "value": 2.255362168304617
        },
        {
            "Time": "2023-02-21",
            "value": 5.009763442837657
        },
        {
            "Time": "2023-02-22",
            "value": 3.8410277882334167
        },
        {
            "Time": "2023-02-23",
            "value": 3.7270937489091085
        },
        {
            "Time": "2023-02-24",
            "value": 1.6196554891847859
        },
        {
            "Time": "2023-02-25",
            "value": 4.722869425376948
        },
        {
            "Time": "2023-02-26",
            "value": 4.981352332415326
        },
        {
            "Time": "2023-02-27",
            "value": 3.9576451971444455
        },
        {
            "Time": "2023-02-28",
            "value": 2.2687564924164976
        },
        {
            "Time": "2023-03-01",
            "value": 2.3536635564818837
        },
        {
            "Time": "2023-03-02",
            "value": 2.961248443845248
        },
        {
            "Time": "2023-03-03",
            "value": 4.442926442180909
        },
        {
            "Time": "2023-03-04",
            "value": 4.878246035631204
        },
        {
            "Time": "2023-03-05",
            "value": 4.892539269485158
        },
        {
            "Time": "2023-03-06",
            "value": 5.051279438497091
        },
        {
            "Time": "2023-03-07",
            "value": 5.009970051944621
        },
        {
            "Time": "2023-03-08",
            "value": 4.712778484822218
        },
        {
            "Time": "2023-03-09",
            "value": 3.4941865244399795
        },
        {
            "Time": "2023-03-10",
            "value": 5.157058066085144
        },
        {
            "Time": "2023-03-11",
            "value": 4.7326303696421625
        },
        {
            "Time": "2023-03-12",
            "value": 0.9252076002785553
        },
        {
            "Time": "2023-03-13",
            "value": 3.8315239295366363
        },
        {
            "Time": "2023-03-14",
            "value": 5.13942247476728
        },
        {
            "Time": "2023-03-15",
            "value": 4.290097608604557
        },
        {
            "Time": "2023-03-16",
            "value": 4.269628266541583
        },
        {
            "Time": "2023-03-17",
            "value": 2.641735025154696
        },
        {
            "Time": "2023-03-18",
            "value": 0.6494018135237378
        },
        {
            "Time": "2023-03-19",
            "value": 0.24701967648553239
        },
        {
            "Time": "2023-03-20",
            "value": 3.2875909338821323
        },
        {
            "Time": "2023-03-21",
            "value": 1.8536841641539656
        },
        {
            "Time": "2023-03-22",
            "value": 3.277943896826794
        },
        {
            "Time": "2023-03-23",
            "value": 0.32284254096295195
        },
        {
            "Time": "2023-03-24",
            "value": 0.3449030038915104
        },
        {
            "Time": "2023-03-25",
            "value": 0.4372855868177662
        },
        {
            "Time": "2023-03-26",
            "value": 1.758427480569502
        },
        {
            "Time": "2023-03-27",
            "value": 0.0
        }
    ]
}