{
    "data": [
        {
            "Time": "2022-11-27",
            "value": 0.15727265564449247
        },
        {
            "Time": "2022-11-28",
            "value": 0.536186404306908
        },
        {
            "Time": "2022-11-29",
            "value": 0.5386956813598134
        },
        {
            "Time": "2022-11-30",
            "value": 0.22620254617124189
        },
        {
            "Time": "2022-12-01",
            "value": 0.0
        },
        {
            "Time": "2022-12-02",
            "value": 0.0
        },
        {
            "Time": "2022-12-03",
            "value": 0.0
        },
        {
            "Time": "2022-12-04",
            "value": 0.0
        },
        {
            "Time": "2022-12-05",
            "value": 0.0
        },
        {
            "Time": "2022-12-06",
            "value": 0.0
        },
        {
            "Time": "2022-12-07",
            "value": 0.0
        },
        {
            "Time": "2022-12-08",
            "value": 0.6814858695795929
        },
        {
            "Time": "2022-12-09",
            "value": 0.5325962877691724
        },
        {
            "Time": "2022-12-10",
            "value": 1.6433516871563585
        },
        {
            "Time": "2022-12-11",
            "value": 0.28435897016734607
        },
        {
            "Time": "2022-12-12",
            "value": 0.9717999900088076
        },
        {
            "Time": "2022-12-13",
            "value": 1.0841348081128552
        },
        {
            "Time": "2022-12-14",
            "value": 0.485404609842187
        },
        {
            "Time": "2022-12-15",
            "value": 0.359761410603637
        },
        {
            "Time": "2022-12-16",
            "value": 0.2253832659703785
        },
        {
            "Time": "2022-12-17",
            "value": 0.29511565669168166
        },
        {
            "Time": "2022-12-18",
            "value": 1.9424618680847354
        },
        {
            "Time": "2022-12-19",
            "value": 1.8999014917254635
        },
        {
            "Time": "2022-12-20",
            "value": 0.9800127896427487
        },
        {
            "Time": "2022-12-21",
            "value": 1.9176554596277204
        },
        {
            "Time": "2022-12-22",
            "value": 1.9657627505172468
        },
        {
            "Time": "2022-12-23",
            "value": 1.9905582824195138
        },
        {
            "Time": "2022-12-24",
            "value": 2.0425563173474695
        },
        {
            "Time": "2022-12-25",
            "value": 2.0521351463392064
        },
        {
            "Time": "2022-12-26",
            "value": 1.640041328890965
        },
        {
            "Time": "2022-12-27",
            "value": 0.6643780167239691
        },
        {
            "Time": "2022-12-28",
            "value": 0.3480485308832821
        },
        {
            "Time": "2022-12-29",
            "value": 0.22170832922069444
        },
        {
            "Time": "2022-12-30",
            "value": 0.33604329416962925
        },
        {
            "Time": "2022-12-31",
            "value": 1.024582595650754
        },
        {
            "Time": "2023-01-01",
            "value": 0.5532860003636512
        },
        {
            "Time": "2023-01-02",
            "value": 0.28218545434209313
        },
        {
            "Time": "2023-01-03",
            "value": 0.3097640308062613
        },
        {
            "Time": "2023-01-04",
            "value": 0.3260181631509752
        },
        {
            "Time": "2023-01-05",
            "value": 0.41653009446074307
        },
        {
            "Time": "2023-01-06",
            "value": 1.9473191408928872
        },
        {
            "Time": "2023-01-07",
            "value": 2.048651339984792
        },
        {
            "Time": "2023-01-08",
            "value": 2.038112999148015
        },
        {
            "Time": "2023-01-09",
            "value": 0.3588769835785053
        },
        {
            "Time": "2023-01-10",
            "value": 0.4047943751706031
        },
        {
            "Time": "2023-01-11",
            "value": 0.53936390131254
        },
        {
            "Time": "2023-01-12",
            "value": 1.193777020311044
        },
        {
            "Time": "2023-01-13",
            "value": 0.25968202637762666
        },
        {
            "Time": "2023-01-14",
            "value": 1.2138051815024693
        },
        {
            "Time": "2023-01-15",
            "value": 0.29273759878830014
        },
        {
            "Time": "2023-01-16",
            "value": 1.6468717249046692
        },
        {
            "Time": "2023-01-17",
            "value": 0.35552476689932117
        },
        {
            "Time": "2023-01-18",
            "value": 1.9333143121355072
        },
        {
            "Time": "2023-01-19",
            "value": 1.7281894053382647
        },
        {
            "Time": "2023-01-20",
            "value": 0.635890725852793
        },
        {
            "Time": "2023-01-21",
            "value": 0.20899668684817602
        },
        {
            "Time": "2023-01-22",
            "value": 1.4761109236911776
        },
        {
            "Time": "2023-01-23",
            "value": 0.19562008108607407
        },
        {
            "Time": "2023-01-24",
            "value": 1.0515577632034088
        },
        {
            "Time": "2023-01-25",
            "value": 2.114251949303667
        },
        {
            "Time": "2023-01-26",
            "value": 1.1110612594526479
        },
        {
            "Time": "2023-01-27",
            "value": 1.941048708718982
        },
        {
            "Time": "2023-01-28",
            "value": 2.246539903413512
        },
        {
            "Time": "2023-01-29",
            "value": 2.1736183939129865
        },
        {
            "Time": "2023-01-30",
            "value": 2.24988473639639
        },
        {
            "Time": "2023-01-31",
            "value": 2.2521715211946516
        },
        {
            "Time": "2023-02-01",
            "value": 0.37765325622492346
        },
        {
            "Time": "2023-02-02",
            "value": 0.8812744033490962
        },
        {
            "Time": "2023-02-03",
            "value": 0.41853712748737315
        },
        {
            "Time": "2023-02-04",
            "value": 0.1421762784689788
        },
        {
            "Time": "2023-02-05",
            "value": 0.2924633511133912
        },
        {
            "Time": "2023-02-06",
            "value": 1.3249687588811878
        },
        {
            "Time": "2023-02-07",
            "value": 0.2723266082198263
        },
        {
            "Time": "2023-02-08",
            "value": 0.18062176239348607
        },
        {
            "Time": "2023-02-09",
            "value": 0.35353547476946634
        },
        {
            "Time": "2023-02-10",
            "value": 0.20463327333290623
        },
        {
            "Time": "2023-02-11",
            "value": 0.6404000219456463
        },
        {
            "Time": "2023-02-12",
            "value": 0.9122985246884742
        },
        {
            "Time": "2023-02-13",
            "value": 0.32295163778468
        },
        {
            "Time": "2023-02-14",
            "value": 0.6706225680572755
        },
        {
            "Time": "2023-02-15",
            "value": 2.060673673788621
        },
        {
            "Time": "2023-02-16",
            "value": 2.377484933307583
        },
        {
            "Time": "2023-02-17",
            "value": 1.6657236331141119
        },
        {
            "Time": "2023-02-18",
            "value": 2.1076388981672887
        },
        {
            "Time": "2023-02-19",
            "value": 0.6001660896685814
        },
        {
            "Time": "2023-02-20",
            "value": 1.1502786280933213
        },
        {
            "Time": "2023-02-21",
            "value": 2.3739839935850005
        },
        {
            "Time": "2023-02-22",
            "value": 1.9653797467362668
        },
        {
            "Time": "2023-02-23",
            "value": 2.0159493190726647
        },
        {
            "Time": "2023-02-24",
            "value": 0.8219788959184424
        },
        {
            "Time": "2023-02-25",
            "value": 2.217952521380169
        },
        {
            "Time": "2023-02-26",
            "value": 2.434915615065386
        },
        {
            "Time": "2023-02-27",
            "value": 2.1260527348412444
        },
        {
            "Time": "2023-02-28",
            "value": 1.1323971426731199
        },
        {
            "Time": "2023-03-01",
            "value": 1.2862895417279419
        },
        {
            "Time": "2023-03-02",
            "value": 1.6610468933854008
        },
        {
            "Time": "2023-03-03",
            "value": 2.228269508346198
        },
        {
            "Time": "2023-03-04",
            "value": 2.4385639267961152
        },
        {
            "Time": "2023-03-05",
            "value": 2.4248961936159334
        },
        {
            "Time": "2023-03-06",
            "value": 2.5110745694311354
        },
        {
            "Time": "2023-03-07",
            "value": 2.487030551831114
        },
        {
            "Time": "2023-03-08",
            "value": 2.3488654638248687
        },
        {
            "Time": "2023-03-09",
            "value": 1.8519077311763417
        },
        {
            "Time": "2023-03-10",
            "value": 2.5750916843665017
        },
        {
            "Time": "2023-03-11",
            "value": 2.1229078539281474
        },
        {
            "Time": "2023-03-12",
            "value": 0.4936646997678035
        },
        {
            "Time": "2023-03-13",
            "value": 2.1205146323132715
        },
        {
            "Time": "2023-03-14",
            "value": 2.6682364423578497
        },
        {
            "Time": "2023-03-15",
            "value": 2.182184481966737
        },
        {
            "Time": "2023-03-16",
            "value": 2.3411587979278825
        },
        {
            "Time": "2023-03-17",
            "value": 1.2713661960816487
        },
        {
            "Time": "2023-03-18",
            "value": 0.3519122825840377
        },
        {
            "Time": "2023-03-19",
            "value": 0.13305179312490353
        },
        {
            "Time": "2023-03-20",
            "value": 1.8216218472226489
        },
        {
            "Time": "2023-03-21",
            "value": 0.9529038782030309
        },
        {
            "Time": "2023-03-22",
            "value": 1.668294561350391
        },
        {
            "Time": "2023-03-23",
            "value": 0.16407431221302743
        },
        {
            "Time": "2023-03-24",
            "value": 0.1736777688639565
        },
        {
            "Time": "2023-03-25",
            "value": 0.2346596224045309
        },
        {
            "Time": "2023-03-26",
            "value": 0.9385151268454875
        },
        {
            "Time": "2023-03-27",
            "value": 0.0
        }
    ]
}