{
    "data": [
        {
            "Time": "2022-11-27",
            "value": 0.17523794318607186
        },
        {
            "Time": "2022-11-28",
            "value": 0.5937912115840592
        },
        {
            "Time": "2022-11-29",
            "value": 0.6698060729497926
        },
        {
            "Time": "2022-11-30",
            "value": 0.2508038283823761
        },
        {
            "Time": "2022-12-01",
            "value": 0.0
        },
        {
            "Time": "2022-12-02",
            "value": 0.0
        },
        {
            "Time": "2022-12-03",
            "value": 0.0
        },
        {
            "Time": "2022-12-04",
            "value": 0.0
        },
        {
            "Time": "2022-12-05",
            "value": 0.0
        },
        {
            "Time": "2022-12-06",
            "value": 0.0
        },
        {
            "Time": "2022-12-07",
            "value": 0.0
        },
        {
            "Time": "2022-12-08",
            "value": 0.7798259992294424
        },
        {
            "Time": "2022-12-09",
            "value": 0.6107168431755223
        },
        {
            "Time": "2022-12-10",
            "value": 1.8399991205904067
        },
        {
            "Time": "2022-12-11",
            "value": 0.3121162621373889
        },
        {
            "Time": "2022-12-12",
            "value": 1.0720881463337784
        },
        {
            "Time": "2022-12-13",
            "value": 1.3685803856729146
        },
        {
            "Time": "2022-12-14",
            "value": 0.558217956808636
        },
        {
            "Time": "2022-12-15",
            "value": 0.40138043383507616
        },
        {
            "Time": "2022-12-16",
            "value": 0.24948695242938002
        },
        {
            "Time": "2022-12-17",
            "value": 0.3540843680087313
        },
        {
            "Time": "2022-12-18",
            "value": 2.2566626935059038
        },
        {
            "Time": "2022-12-19",
            "value": 2.093548173951362
        },
        {
            "Time": "2022-12-20",
            "value": 1.172339056830899
        },
        {
            "Time": "2022-12-21",
            "value": 2.035136396432637
        },
        {
            "Time": "2022-12-22",
            "value": 2.1184221688680074
        },
        {
            "Time": "2022-12-23",
            "value": 2.1699725340921328
        },
        {
            "Time": "2022-12-24",
            "value": 2.2274095738358968
        },
        {
            "Time": "2022-12-25",
            "value": 2.2429258586144254
        },
        {
            "Time": "2022-12-26",
            "value": 1.8383952798452545
        },
        {
            "Time": "2022-12-27",
            "value": 0.7665222929663612
        },
        {
            "Time": "2022-12-28",
            "value": 0.38448527164611424
        },
        {
            "Time": "2022-12-29",
            "value": 0.2332658862001589
        },
        {
            "Time": "2022-12-30",
            "value": 0.36813194776575
        },
        {
            "Time": "2022-12-31",
            "value": 1.1742869164016356
        },
        {
            "Time": "2023-01-01",
            "value": 0.6190672277318949
        },
        {
            "Time": "2023-01-02",
            "value": 0.3113923627820602
        },
        {
            "Time": "2023-01-03",
            "value": 0.3445837742188988
        },
        {
            "Time": "2023-01-04",
            "value": 0.35402017183940293
        },
        {
            "Time": "2023-01-05",
            "value": 0.4600763339971255
        },
        {
            "Time": "2023-01-06",
            "value": 2.0631932964037407
        },
        {
            "Time": "2023-01-07",
            "value": 2.214295398387157
        },
        {
            "Time": "2023-01-08",
            "value": 2.197401953558324
        },
        {
            "Time": "2023-01-09",
            "value": 0.39852080142166507
        },
        {
            "Time": "2023-01-10",
            "value": 0.4517444090409513
        },
        {
            "Time": "2023-01-11",
            "value": 0.6057586844879581
        },
        {
            "Time": "2023-01-12",
            "value": 1.3659594210277204
        },
        {
            "Time": "2023-01-13",
            "value": 0.2776674586228949
        },
        {
            "Time": "2023-01-14",
            "value": 1.3864951909636751
        },
        {
            "Time": "2023-01-15",
            "value": 0.31647785790183797
        },
        {
            "Time": "2023-01-16",
            "value": 1.8382387431806377
        },
        {
            "Time": "2023-01-17",
            "value": 0.3869923728991885
        },
        {
            "Time": "2023-01-18",
            "value": 2.132531895114386
        },
        {
            "Time": "2023-01-19",
            "value": 1.852098486474487
        },
        {
            "Time": "2023-01-20",
            "value": 0.7285028975236603
        },
        {
            "Time": "2023-01-21",
            "value": 0.23473741439984458
        },
        {
            "Time": "2023-01-22",
            "value": 1.6993429965563527
        },
        {
            "Time": "2023-01-23",
            "value": 0.20520631257182542
        },
        {
            "Time": "2023-01-24",
            "value": 1.4529925405134656
        },
        {
            "Time": "2023-01-25",
            "value": 2.4080964137628715
        },
        {
            "Time": "2023-01-26",
            "value": 1.1971318300969647
        },
        {
            "Time": "2023-01-27",
            "value": 2.185597049917336
        },
        {
            "Time": "2023-01-28",
            "value": 2.420954607263741
        },
        {
            "Time": "2023-01-29",
            "value": 2.433509091628217
        },
        {
            "Time": "2023-01-30",
            "value": 2.5190996070868126
        },
        {
            "Time": "2023-01-31",
            "value": 2.4750650546225685
        },
        {
            "Time": "2023-02-01",
            "value": 0.41339004680871894
        },
        {
            "Time": "2023-02-02",
            "value": 0.9807200939856544
        },
        {
            "Time": "2023-02-03",
            "value": 0.4620261776041643
        },
        {
            "Time": "2023-02-04",
            "value": 0.14992905628261732
        },
        {
            "Time": "2023-02-05",
            "value": 0.3207838483275603
        },
        {
            "Time": "2023-02-06",
            "value": 1.5511127959629947
        },
        {
            "Time": "2023-02-07",
            "value": 0.29344989813504657
        },
        {
            "Time": "2023-02-08",
            "value": 0.1936651810042956
        },
        {
            "Time": "2023-02-09",
            "value": 0.40459660442088574
        },
        {
            "Time": "2023-02-10",
            "value": 0.21336368148434343
        },
        {
            "Time": "2023-02-11",
            "value": 0.7591279751930723
        },
        {
            "Time": "2023-02-12",
            "value": 1.0811832963398724
        },
        {
            "Time": "2023-02-13",
            "value": 0.3614875108964883
        },
        {
            "Time": "2023-02-14",
            "value": 0.8075164053530881
        },
        {
            "Time": "2023-02-15",
            "value": 2.341950673617599
        },
        {
            "Time": "2023-02-16",
            "value": 2.7457551184297597
        },
        {
            "Time": "2023-02-17",
            "value": 1.9745907741355437
        },
        {
            "Time": "2023-02-18",
            "value": 2.405417449281573
        },
        {
            "Time": "2023-02-19",
            "value": 0.6897204476046166
        },
        {
            "Time": "2023-02-20",
            "value": 1.4134845396957847
        },
        {
            "Time": "2023-02-21",
            "value": 2.70227342533453
        },
        {
            "Time": "2023-02-22",
            "value": 2.2754834732896962
        },
        {
            "Time": "2023-02-23",
            "value": 2.198458447815335
        },
        {
            "Time": "2023-02-24",
            "value": 0.9973435792253302
        },
        {
            "Time": "2023-02-25",
            "value": 2.4685014091424615
        },
        {
            "Time": "2023-02-26",
            "value": 2.7612522963666346
        },
        {
            "Time": "2023-02-27",
            "value": 2.4079662947743548
        },
        {
            "Time": "2023-02-28",
            "value": 1.3561670821569802
        },
        {
            "Time": "2023-03-01",
            "value": 1.43492017480776
        },
        {
            "Time": "2023-03-02",
            "value": 1.8201277585498439
        },
        {
            "Time": "2023-03-03",
            "value": 2.404480072198064
        },
        {
            "Time": "2023-03-04",
            "value": 2.713188113327199
        },
        {
            "Time": "2023-03-05",
            "value": 2.6494740047734306
        },
        {
            "Time": "2023-03-06",
            "value": 2.770967456121076
        },
        {
            "Time": "2023-03-07",
            "value": 2.7912540933868892
        },
        {
            "Time": "2023-03-08",
            "value": 2.5296696844603495
        },
        {
            "Time": "2023-03-09",
            "value": 2.0108076361310663
        },
        {
            "Time": "2023-03-10",
            "value": 2.8131604018076213
        },
        {
            "Time": "2023-03-11",
            "value": 2.3265839249830433
        },
        {
            "Time": "2023-03-12",
            "value": 0.5620323487867738
        },
        {
            "Time": "2023-03-13",
            "value": 2.290084886302538
        },
        {
            "Time": "2023-03-14",
            "value": 2.9287268685827805
        },
        {
            "Time": "2023-03-15",
            "value": 2.400719626986279
        },
        {
            "Time": "2023-03-16",
            "value": 2.5264160711561647
        },
        {
            "Time": "2023-03-17",
            "value": 1.419975430811773
        },
        {
            "Time": "2023-03-18",
            "value": 0.3851846335964032
        },
        {
            "Time": "2023-03-19",
            "value": 0.12309953620479938
        },
        {
            "Time": "2023-03-20",
            "value": 2.023618990969747
        },
        {
            "Time": "2023-03-21",
            "value": 1.0738285342390128
        },
        {
            "Time": "2023-03-22",
            "value": 1.9060822448610841
        },
        {
            "Time": "2023-03-23",
            "value": 0.18936772445583666
        },
        {
            "Time": "2023-03-24",
            "value": 0.18198998637938738
        },
        {
            "Time": "2023-03-25",
            "value": 0.24196281771405354
        },
        {
            "Time": "2023-03-26",
            "value": 1.0327841316111908
        },
        {
            "Time": "2023-03-27",
            "value": 0.0
        }
    ]
}