{
    "data": [
        {
            "Time": "2022-11-27",
            "value": 0.21776617025101852
        },
        {
            "Time": "2022-11-28",
            "value": 0.6894025690918019
        },
        {
            "Time": "2022-11-29",
            "value": 0.6046287024017054
        },
        {
            "Time": "2022-11-30",
            "value": 0.28953732588327596
        },
        {
            "Time": "2022-12-01",
            "value": 0.3323372667643981
        },
        {
            "Time": "2022-12-02",
            "value": 0.3685368769328546
        },
        {
            "Time": "2022-12-03",
            "value": 0.5724981006355013
        },
        {
            "Time": "2022-12-04",
            "value": 0.4371850671631713
        },
        {
            "Time": "2022-12-05",
            "value": 0.38386661887347817
        },
        {
            "Time": "2022-12-06",
            "value": 0.5588096066574213
        },
        {
            "Time": "2022-12-07",
            "value": 0.16792592590121527
        },
        {
            "Time": "2022-12-08",
            "value": 0.7392302432111996
        },
        {
            "Time": "2022-12-09",
            "value": 0.6384545090659763
        },
        {
            "Time": "2022-12-10",
            "value": 1.4079271816192938
        },
        {
            "Time": "2022-12-11",
            "value": 0.34163981731878473
        },
        {
            "Time": "2022-12-12",
            "value": 0.849823063628037
        },
        {
            "Time": "2022-12-13",
            "value": 1.1269251606861697
        },
        {
            "Time": "2022-12-14",
            "value": 0.5859202636394594
        },
        {
            "Time": "2022-12-15",
            "value": 0.43605902907298155
        },
        {
            "Time": "2022-12-16",
            "value": 0.2812089757811252
        },
        {
            "Time": "2022-12-17",
            "value": 0.3775796105436544
        },
        {
            "Time": "2022-12-18",
            "value": 1.8562610526798153
        },
        {
            "Time": "2022-12-19",
            "value": 1.7228172866661102
        },
        {
            "Time": "2022-12-20",
            "value": 1.0268523600644788
        },
        {
            "Time": "2022-12-21",
            "value": 1.6966952488373652
        },
        {
            "Time": "2022-12-22",
            "value": 1.6869509769253035
        },
        {
            "Time": "2022-12-23",
            "value": 1.7771518780012254
        },
        {
            "Time": "2022-12-24",
            "value": 1.7768165911325104
        },
        {
            "Time": "2022-12-25",
            "value": 1.7983328247930412
        },
        {
            "Time": "2022-12-26",
            "value": 1.3616684010227356
        },
        {
            "Time": "2022-12-27",
            "value": 0.7688645474690697
        },
        {
            "Time": "2022-12-28",
            "value": 0.4257407358701389
        },
        {
            "Time": "2022-12-29",
            "value": 0.2775694443861111
        },
        {
            "Time": "2022-12-30",
            "value": 0.4090046295337963
        },
        {
            "Time": "2022-12-31",
            "value": 1.1075532100944552
        },
        {
            "Time": "2023-01-01",
            "value": 0.6411100764880566
        },
        {
            "Time": "2023-01-02",
            "value": 0.34756944111689814
        },
        {
            "Time": "2023-01-03",
            "value": 0.3904525646791166
        },
        {
            "Time": "2023-01-04",
            "value": 0.3994954752303462
        },
        {
            "Time": "2023-01-05",
            "value": 0.5039358486063013
        },
        {
            "Time": "2023-01-06",
            "value": 1.6924158899757518
        },
        {
            "Time": "2023-01-07",
            "value": 1.7858072817431807
        },
        {
            "Time": "2023-01-08",
            "value": 1.7791278880846502
        },
        {
            "Time": "2023-01-09",
            "value": 0.4344444432240278
        },
        {
            "Time": "2023-01-10",
            "value": 0.49205829693897035
        },
        {
            "Time": "2023-01-11",
            "value": 0.6292747180015641
        },
        {
            "Time": "2023-01-12",
            "value": 1.1359994788840875
        },
        {
            "Time": "2023-01-13",
            "value": 0.3271859278883978
        },
        {
            "Time": "2023-01-14",
            "value": 1.1942671912713625
        },
        {
            "Time": "2023-01-15",
            "value": 0.35461820603575644
        },
        {
            "Time": "2023-01-16",
            "value": 1.3727681290763303
        },
        {
            "Time": "2023-01-17",
            "value": 0.4300178565736938
        },
        {
            "Time": "2023-01-18",
            "value": 1.7610178395253244
        },
        {
            "Time": "2023-01-19",
            "value": 1.3997480711735244
        },
        {
            "Time": "2023-01-20",
            "value": 0.735363835402507
        },
        {
            "Time": "2023-01-21",
            "value": 0.27086689931105323
        },
        {
            "Time": "2023-01-22",
            "value": 1.477940158313276
        },
        {
            "Time": "2023-01-23",
            "value": 0.24600659688853008
        },
        {
            "Time": "2023-01-24",
            "value": 1.3725690831022328
        },
        {
            "Time": "2023-01-25",
            "value": 2.025900915954215
        },
        {
            "Time": "2023-01-26",
            "value": 1.0882094908034936
        },
        {
            "Time": "2023-01-27",
            "value": 1.8772131991294032
        },
        {
            "Time": "2023-01-28",
            "value": 2.0681946307297046
        },
        {
            "Time": "2023-01-29",
            "value": 2.08084120444477
        },
        {
            "Time": "2023-01-30",
            "value": 2.0951717435870543
        },
        {
            "Time": "2023-01-31",
            "value": 2.049015327298398
        },
        {
            "Time": "2023-02-01",
            "value": 0.44852140905465276
        },
        {
            "Time": "2023-02-02",
            "value": 0.881859064309003
        },
        {
            "Time": "2023-02-03",
            "value": 0.49918108325314964
        },
        {
            "Time": "2023-02-04",
            "value": 0.19487542374083167
        },
        {
            "Time": "2023-02-05",
            "value": 0.36856878150850525
        },
        {
            "Time": "2023-02-06",
            "value": 1.3759295439659183
        },
        {
            "Time": "2023-02-07",
            "value": 0.33881650479704556
        },
        {
            "Time": "2023-02-08",
            "value": 0.23719381873089454
        },
        {
            "Time": "2023-02-09",
            "value": 0.44986482238238906
        },
        {
            "Time": "2023-02-10",
            "value": 0.25795337062182866
        },
        {
            "Time": "2023-02-11",
            "value": 0.7424333333614052
        },
        {
            "Time": "2023-02-12",
            "value": 1.0457974190212547
        },
        {
            "Time": "2023-02-13",
            "value": 0.3951056583240623
        },
        {
            "Time": "2023-02-14",
            "value": 0.8841003331717505
        },
        {
            "Time": "2023-02-15",
            "value": 2.0802653754156326
        },
        {
            "Time": "2023-02-16",
            "value": 2.3455553124344237
        },
        {
            "Time": "2023-02-17",
            "value": 1.736391683214761
        },
        {
            "Time": "2023-02-18",
            "value": 2.121257931912903
        },
        {
            "Time": "2023-02-19",
            "value": 0.7277578931803076
        },
        {
            "Time": "2023-02-20",
            "value": 1.3559784972597209
        },
        {
            "Time": "2023-02-21",
            "value": 2.3471480704335907
        },
        {
            "Time": "2023-02-22",
            "value": 2.0160063849332124
        },
        {
            "Time": "2023-02-23",
            "value": 1.9928597119093103
        },
        {
            "Time": "2023-02-24",
            "value": 0.9892218075420467
        },
        {
            "Time": "2023-02-25",
            "value": 2.1437877143843505
        },
        {
            "Time": "2023-02-26",
            "value": 2.3478182171032795
        },
        {
            "Time": "2023-02-27",
            "value": 2.184488143140521
        },
        {
            "Time": "2023-02-28",
            "value": 1.3192600305236575
        },
        {
            "Time": "2023-03-01",
            "value": 1.3483286919119968
        },
        {
            "Time": "2023-03-02",
            "value": 1.644301474896485
        },
        {
            "Time": "2023-03-03",
            "value": 2.1715677227635632
        },
        {
            "Time": "2023-03-04",
            "value": 2.4416181419241805
        },
        {
            "Time": "2023-03-05",
            "value": 2.401438365485593
        },
        {
            "Time": "2023-03-06",
            "value": 2.505714496428834
        },
        {
            "Time": "2023-03-07",
            "value": 2.4786675960747777
        },
        {
            "Time": "2023-03-08",
            "value": 2.2297537213531164
        },
        {
            "Time": "2023-03-09",
            "value": 1.9201126481736612
        },
        {
            "Time": "2023-03-10",
            "value": 2.5513985314827607
        },
        {
            "Time": "2023-03-11",
            "value": 2.185241420798019
        },
        {
            "Time": "2023-03-12",
            "value": 0.6006495189029735
        },
        {
            "Time": "2023-03-13",
            "value": 2.0697116543063596
        },
        {
            "Time": "2023-03-14",
            "value": 2.66592811915673
        },
        {
            "Time": "2023-03-15",
            "value": 2.21212103663831
        },
        {
            "Time": "2023-03-16",
            "value": 2.240058699914644
        },
        {
            "Time": "2023-03-17",
            "value": 1.3821853915465518
        },
        {
            "Time": "2023-03-18",
            "value": 0.42391782244178244
        },
        {
            "Time": "2023-03-19",
            "value": 0.1846730327519676
        },
        {
            "Time": "2023-03-20",
            "value": 1.9996885376593758
        },
        {
            "Time": "2023-03-21",
            "value": 1.0906526429510097
        },
        {
            "Time": "2023-03-22",
            "value": 1.8192411399100046
        },
        {
            "Time": "2023-03-23",
            "value": 0.22752810968748347
        },
        {
            "Time": "2023-03-24",
            "value": 0.25376153376735283
        },
        {
            "Time": "2023-03-25",
            "value": 0.29662800838552084
        },
        {
            "Time": "2023-03-26",
            "value": 1.060263625790798
        },
        {
            "Time": "2023-03-27",
            "value": 0.0
        }
    ]
}