{
    "data": [
        {
            "Time": "2022-11-27",
            "value": 0.16805337168741022
        },
        {
            "Time": "2022-11-28",
            "value": 0.6002580336446905
        },
        {
            "Time": "2022-11-29",
            "value": 0.5503390358500444
        },
        {
            "Time": "2022-11-30",
            "value": 0.23523174389110568
        },
        {
            "Time": "2022-12-01",
            "value": 0.29130682488438076
        },
        {
            "Time": "2022-12-02",
            "value": 0.3087806418380689
        },
        {
            "Time": "2022-12-03",
            "value": 0.5043996443147202
        },
        {
            "Time": "2022-12-04",
            "value": 0.3826625622278621
        },
        {
            "Time": "2022-12-05",
            "value": 0.3225745283135048
        },
        {
            "Time": "2022-12-06",
            "value": 0.4849673945132485
        },
        {
            "Time": "2022-12-07",
            "value": 0.14326388853006944
        },
        {
            "Time": "2022-12-08",
            "value": 0.7168665774980909
        },
        {
            "Time": "2022-12-09",
            "value": 0.5553372773008407
        },
        {
            "Time": "2022-12-10",
            "value": 1.6938664764429512
        },
        {
            "Time": "2022-12-11",
            "value": 0.2916256695235726
        },
        {
            "Time": "2022-12-12",
            "value": 1.001947320139409
        },
        {
            "Time": "2022-12-13",
            "value": 1.1671450529764877
        },
        {
            "Time": "2022-12-14",
            "value": 0.5012135329150897
        },
        {
            "Time": "2022-12-15",
            "value": 0.37157939752920766
        },
        {
            "Time": "2022-12-16",
            "value": 0.23457977556607987
        },
        {
            "Time": "2022-12-17",
            "value": 0.31606807956591365
        },
        {
            "Time": "2022-12-18",
            "value": 2.1606532159943237
        },
        {
            "Time": "2022-12-19",
            "value": 1.9994931400468245
        },
        {
            "Time": "2022-12-20",
            "value": 1.037309297183635
        },
        {
            "Time": "2022-12-21",
            "value": 2.021776832720822
        },
        {
            "Time": "2022-12-22",
            "value": 2.0444702893720983
        },
        {
            "Time": "2022-12-23",
            "value": 2.139858847895077
        },
        {
            "Time": "2022-12-24",
            "value": 2.1287236773786717
        },
        {
            "Time": "2022-12-25",
            "value": 2.1607570946716113
        },
        {
            "Time": "2022-12-26",
            "value": 1.6745038329481532
        },
        {
            "Time": "2022-12-27",
            "value": 0.7153616528020278
        },
        {
            "Time": "2022-12-28",
            "value": 0.35482431866302994
        },
        {
            "Time": "2022-12-29",
            "value": 0.23113078590976852
        },
        {
            "Time": "2022-12-30",
            "value": 0.33892592618073614
        },
        {
            "Time": "2022-12-31",
            "value": 1.0677452007962294
        },
        {
            "Time": "2023-01-01",
            "value": 0.57110397614604
        },
        {
            "Time": "2023-01-02",
            "value": 0.2922858807358565
        },
        {
            "Time": "2023-01-03",
            "value": 0.3294511196287635
        },
        {
            "Time": "2023-01-04",
            "value": 0.3277825900137427
        },
        {
            "Time": "2023-01-05",
            "value": 0.4333049730223032
        },
        {
            "Time": "2023-01-06",
            "value": 2.071217583200643
        },
        {
            "Time": "2023-01-07",
            "value": 2.1367096184219543
        },
        {
            "Time": "2023-01-08",
            "value": 2.134894044209148
        },
        {
            "Time": "2023-01-09",
            "value": 0.3642388557467035
        },
        {
            "Time": "2023-01-10",
            "value": 0.4205890884757162
        },
        {
            "Time": "2023-01-11",
            "value": 0.5528157086410495
        },
        {
            "Time": "2023-01-12",
            "value": 1.2496237007260254
        },
        {
            "Time": "2023-01-13",
            "value": 0.26967312903760055
        },
        {
            "Time": "2023-01-14",
            "value": 1.254432899455506
        },
        {
            "Time": "2023-01-15",
            "value": 0.29504866467811347
        },
        {
            "Time": "2023-01-16",
            "value": 1.733395755787959
        },
        {
            "Time": "2023-01-17",
            "value": 0.36723356747928243
        },
        {
            "Time": "2023-01-18",
            "value": 2.0881644122995753
        },
        {
            "Time": "2023-01-19",
            "value": 1.8432903008578472
        },
        {
            "Time": "2023-01-20",
            "value": 0.6682270503733376
        },
        {
            "Time": "2023-01-21",
            "value": 0.21408807062306903
        },
        {
            "Time": "2023-01-22",
            "value": 1.6143953308724097
        },
        {
            "Time": "2023-01-23",
            "value": 0.2022118054200058
        },
        {
            "Time": "2023-01-24",
            "value": 1.3274918675656788
        },
        {
            "Time": "2023-01-25",
            "value": 2.272073275126642
        },
        {
            "Time": "2023-01-26",
            "value": 1.1495343658951593
        },
        {
            "Time": "2023-01-27",
            "value": 2.0942651140163027
        },
        {
            "Time": "2023-01-28",
            "value": 2.330268365454006
        },
        {
            "Time": "2023-01-29",
            "value": 2.334911800869512
        },
        {
            "Time": "2023-01-30",
            "value": 2.411547154512163
        },
        {
            "Time": "2023-01-31",
            "value": 2.406144823546808
        },
        {
            "Time": "2023-02-01",
            "value": 0.39161828709474533
        },
        {
            "Time": "2023-02-02",
            "value": 0.8783046226950857
        },
        {
            "Time": "2023-02-03",
            "value": 0.4295133173232875
        },
        {
            "Time": "2023-02-04",
            "value": 0.15139085658352483
        },
        {
            "Time": "2023-02-05",
            "value": 0.30536400581568285
        },
        {
            "Time": "2023-02-06",
            "value": 1.4264174042589988
        },
        {
            "Time": "2023-02-07",
            "value": 0.2740596750922572
        },
        {
            "Time": "2023-02-08",
            "value": 0.1790492785461106
        },
        {
            "Time": "2023-02-09",
            "value": 0.3729257507539977
        },
        {
            "Time": "2023-02-10",
            "value": 0.21701179677655974
        },
        {
            "Time": "2023-02-11",
            "value": 0.7047536123484143
        },
        {
            "Time": "2023-02-12",
            "value": 1.0756095481533081
        },
        {
            "Time": "2023-02-13",
            "value": 0.32998851170149657
        },
        {
            "Time": "2023-02-14",
            "value": 0.6879018674505262
        },
        {
            "Time": "2023-02-15",
            "value": 2.3181899663441055
        },
        {
            "Time": "2023-02-16",
            "value": 2.689570326426005
        },
        {
            "Time": "2023-02-17",
            "value": 1.929428642495196
        },
        {
            "Time": "2023-02-18",
            "value": 2.389663726009815
        },
        {
            "Time": "2023-02-19",
            "value": 0.6171275811705544
        },
        {
            "Time": "2023-02-20",
            "value": 1.2260163158058857
        },
        {
            "Time": "2023-02-21",
            "value": 2.666076478220091
        },
        {
            "Time": "2023-02-22",
            "value": 2.2461226093498325
        },
        {
            "Time": "2023-02-23",
            "value": 2.156583690817247
        },
        {
            "Time": "2023-02-24",
            "value": 0.8592367333037978
        },
        {
            "Time": "2023-02-25",
            "value": 2.367395472895999
        },
        {
            "Time": "2023-02-26",
            "value": 2.829149356630986
        },
        {
            "Time": "2023-02-27",
            "value": 2.472325970546234
        },
        {
            "Time": "2023-02-28",
            "value": 1.2220323849528647
        },
        {
            "Time": "2023-03-01",
            "value": 1.3678373756154116
        },
        {
            "Time": "2023-03-02",
            "value": 1.7912391901164024
        },
        {
            "Time": "2023-03-03",
            "value": 2.3522727534777808
        },
        {
            "Time": "2023-03-04",
            "value": 2.6969383887039595
        },
        {
            "Time": "2023-03-05",
            "value": 2.5980297189172172
        },
        {
            "Time": "2023-03-06",
            "value": 2.7668118858665425
        },
        {
            "Time": "2023-03-07",
            "value": 2.7178988787167513
        },
        {
            "Time": "2023-03-08",
            "value": 2.4548296191476577
        },
        {
            "Time": "2023-03-09",
            "value": 1.9407117824697495
        },
        {
            "Time": "2023-03-10",
            "value": 2.8233455634167544
        },
        {
            "Time": "2023-03-11",
            "value": 2.23998491626443
        },
        {
            "Time": "2023-03-12",
            "value": 0.5039677764361208
        },
        {
            "Time": "2023-03-13",
            "value": 2.1825703814450987
        },
        {
            "Time": "2023-03-14",
            "value": 2.9255937707779123
        },
        {
            "Time": "2023-03-15",
            "value": 2.3686177954565744
        },
        {
            "Time": "2023-03-16",
            "value": 2.503401316532741
        },
        {
            "Time": "2023-03-17",
            "value": 1.2932769381818805
        },
        {
            "Time": "2023-03-18",
            "value": 0.3616883000679854
        },
        {
            "Time": "2023-03-19",
            "value": 0.1301063637498745
        },
        {
            "Time": "2023-03-20",
            "value": 1.961829896871028
        },
        {
            "Time": "2023-03-21",
            "value": 0.9854802541399834
        },
        {
            "Time": "2023-03-22",
            "value": 1.858025762204553
        },
        {
            "Time": "2023-03-23",
            "value": 0.18822937762569733
        },
        {
            "Time": "2023-03-24",
            "value": 0.1755103904921949
        },
        {
            "Time": "2023-03-25",
            "value": 0.23435339378992748
        },
        {
            "Time": "2023-03-26",
            "value": 0.9466130666352726
        },
        {
            "Time": "2023-03-27",
            "value": 0.0
        }
    ]
}