{
    "data": [
        {
            "Time": "2022-11-27",
            "value": 0.17068229060320603
        },
        {
            "Time": "2022-11-28",
            "value": 0.5065771583460779
        },
        {
            "Time": "2022-11-29",
            "value": 0.4955728511772562
        },
        {
            "Time": "2022-11-30",
            "value": 0.22149370644587754
        },
        {
            "Time": "2022-12-01",
            "value": 0.2751380760375179
        },
        {
            "Time": "2022-12-02",
            "value": 0.29321031827357663
        },
        {
            "Time": "2022-12-03",
            "value": 0.4895494358704786
        },
        {
            "Time": "2022-12-04",
            "value": 0.36075275640845056
        },
        {
            "Time": "2022-12-05",
            "value": 0.30696866933362366
        },
        {
            "Time": "2022-12-06",
            "value": 0.47477117857828993
        },
        {
            "Time": "2022-12-07",
            "value": 0.1347582571374762
        },
        {
            "Time": "2022-12-08",
            "value": 0.6216802422528216
        },
        {
            "Time": "2022-12-09",
            "value": 0.5415199356004664
        },
        {
            "Time": "2022-12-10",
            "value": 1.1591399231157276
        },
        {
            "Time": "2022-12-11",
            "value": 0.2816934049759112
        },
        {
            "Time": "2022-12-12",
            "value": 0.7093319758673132
        },
        {
            "Time": "2022-12-13",
            "value": 0.8888996428870458
        },
        {
            "Time": "2022-12-14",
            "value": 0.4866470102510936
        },
        {
            "Time": "2022-12-15",
            "value": 0.3610195312936598
        },
        {
            "Time": "2022-12-16",
            "value": 0.22334061513340606
        },
        {
            "Time": "2022-12-17",
            "value": 0.29526502082310047
        },
        {
            "Time": "2022-12-18",
            "value": 1.007164115139531
        },
        {
            "Time": "2022-12-19",
            "value": 1.1547999199208492
        },
        {
            "Time": "2022-12-20",
            "value": 0.7915112046039062
        },
        {
            "Time": "2022-12-21",
            "value": 1.1249611105196293
        },
        {
            "Time": "2022-12-22",
            "value": 1.204900181620011
        },
        {
            "Time": "2022-12-23",
            "value": 0.9352852342946125
        },
        {
            "Time": "2022-12-24",
            "value": 1.287875518248242
        },
        {
            "Time": "2022-12-25",
            "value": 1.270283075299
        },
        {
            "Time": "2022-12-26",
            "value": 1.144111699850341
        },
        {
            "Time": "2022-12-27",
            "value": 0.6063993821500466
        },
        {
            "Time": "2022-12-28",
            "value": 0.3482734495565429
        },
        {
            "Time": "2022-12-29",
            "value": 0.22476273326125001
        },
        {
            "Time": "2022-12-30",
            "value": 0.3421759215724537
        },
        {
            "Time": "2022-12-31",
            "value": 0.8081930200671747
        },
        {
            "Time": "2023-01-01",
            "value": 0.5453807739444037
        },
        {
            "Time": "2023-01-02",
            "value": 0.2831568661212026
        },
        {
            "Time": "2023-01-03",
            "value": 0.3067434038062999
        },
        {
            "Time": "2023-01-04",
            "value": 0.32500106851186744
        },
        {
            "Time": "2023-01-05",
            "value": 0.4252052707132736
        },
        {
            "Time": "2023-01-06",
            "value": 1.25142546874551
        },
        {
            "Time": "2023-01-07",
            "value": 1.2789203955450568
        },
        {
            "Time": "2023-01-08",
            "value": 1.2970834749358426
        },
        {
            "Time": "2023-01-09",
            "value": 0.359306339173334
        },
        {
            "Time": "2023-01-10",
            "value": 0.4092060856677716
        },
        {
            "Time": "2023-01-11",
            "value": 0.5399418221866858
        },
        {
            "Time": "2023-01-12",
            "value": 0.9675926481466489
        },
        {
            "Time": "2023-01-13",
            "value": 0.2558728986241113
        },
        {
            "Time": "2023-01-14",
            "value": 0.8671948800000215
        },
        {
            "Time": "2023-01-15",
            "value": 0.2991658122958066
        },
        {
            "Time": "2023-01-16",
            "value": 1.2056499518938102
        },
        {
            "Time": "2023-01-17",
            "value": 0.35934027715462963
        },
        {
            "Time": "2023-01-18",
            "value": 1.381388612760131
        },
        {
            "Time": "2023-01-19",
            "value": 1.241279901347488
        },
        {
            "Time": "2023-01-20",
            "value": 0.5892786699507769
        },
        {
            "Time": "2023-01-21",
            "value": 0.20866729829223185
        },
        {
            "Time": "2023-01-22",
            "value": 1.1784179493679607
        },
        {
            "Time": "2023-01-23",
            "value": 0.18740081827029734
        },
        {
            "Time": "2023-01-24",
            "value": 0.9420088819862489
        },
        {
            "Time": "2023-01-25",
            "value": 1.5770141483763862
        },
        {
            "Time": "2023-01-26",
            "value": 0.812732681933524
        },
        {
            "Time": "2023-01-27",
            "value": 1.4394611084855349
        },
        {
            "Time": "2023-01-28",
            "value": 1.6435457901157144
        },
        {
            "Time": "2023-01-29",
            "value": 1.6350523514469757
        },
        {
            "Time": "2023-01-30",
            "value": 1.6965671971510072
        },
        {
            "Time": "2023-01-31",
            "value": 1.7057844307307342
        },
        {
            "Time": "2023-02-01",
            "value": 0.38909722148259956
        },
        {
            "Time": "2023-02-02",
            "value": 0.8039253911057209
        },
        {
            "Time": "2023-02-03",
            "value": 0.42808611807848174
        },
        {
            "Time": "2023-02-04",
            "value": 0.1360048055311078
        },
        {
            "Time": "2023-02-05",
            "value": 0.29531678989386395
        },
        {
            "Time": "2023-02-06",
            "value": 1.2011832116435082
        },
        {
            "Time": "2023-02-07",
            "value": 0.2678522672644723
        },
        {
            "Time": "2023-02-08",
            "value": 0.18133508784948538
        },
        {
            "Time": "2023-02-09",
            "value": 0.3664917630716788
        },
        {
            "Time": "2023-02-10",
            "value": 0.20214387036030454
        },
        {
            "Time": "2023-02-11",
            "value": 0.6139889512676967
        },
        {
            "Time": "2023-02-12",
            "value": 0.888876225530391
        },
        {
            "Time": "2023-02-13",
            "value": 0.3139670811395043
        },
        {
            "Time": "2023-02-14",
            "value": 0.69854089577128
        },
        {
            "Time": "2023-02-15",
            "value": 1.7145156666403851
        },
        {
            "Time": "2023-02-16",
            "value": 2.0105570806974296
        },
        {
            "Time": "2023-02-17",
            "value": 1.5021515410370616
        },
        {
            "Time": "2023-02-18",
            "value": 1.776820858641127
        },
        {
            "Time": "2023-02-19",
            "value": 0.603916650160309
        },
        {
            "Time": "2023-02-20",
            "value": 1.134314380312998
        },
        {
            "Time": "2023-02-21",
            "value": 2.0348139387427464
        },
        {
            "Time": "2023-02-22",
            "value": 1.721108378961685
        },
        {
            "Time": "2023-02-23",
            "value": 1.7047317735465486
        },
        {
            "Time": "2023-02-24",
            "value": 0.8162170100484499
        },
        {
            "Time": "2023-02-25",
            "value": 1.922189976992382
        },
        {
            "Time": "2023-02-26",
            "value": 2.13642691957036
        },
        {
            "Time": "2023-02-27",
            "value": 1.849455053318682
        },
        {
            "Time": "2023-02-28",
            "value": 1.1645688515266608
        },
        {
            "Time": "2023-03-01",
            "value": 1.1309336846740214
        },
        {
            "Time": "2023-03-02",
            "value": 1.4615845296921368
        },
        {
            "Time": "2023-03-03",
            "value": 1.927640693962908
        },
        {
            "Time": "2023-03-04",
            "value": 2.1751291816975056
        },
        {
            "Time": "2023-03-05",
            "value": 2.1592781449500933
        },
        {
            "Time": "2023-03-06",
            "value": 2.2567027941890245
        },
        {
            "Time": "2023-03-07",
            "value": 2.4092562412662852
        },
        {
            "Time": "2023-03-08",
            "value": 2.090778670681446
        },
        {
            "Time": "2023-03-09",
            "value": 1.8504159540967742
        },
        {
            "Time": "2023-03-10",
            "value": 2.370687340129304
        },
        {
            "Time": "2023-03-11",
            "value": 1.9571950311246926
        },
        {
            "Time": "2023-03-12",
            "value": 0.5144825706395996
        },
        {
            "Time": "2023-03-13",
            "value": 1.9818679895095677
        },
        {
            "Time": "2023-03-14",
            "value": 2.62768073020356
        },
        {
            "Time": "2023-03-15",
            "value": 2.119763938328976
        },
        {
            "Time": "2023-03-16",
            "value": 2.2855490573137214
        },
        {
            "Time": "2023-03-17",
            "value": 1.2537366120816122
        },
        {
            "Time": "2023-03-18",
            "value": 0.3466430371835836
        },
        {
            "Time": "2023-03-19",
            "value": 0.1168991935150542
        },
        {
            "Time": "2023-03-20",
            "value": 1.8804145103348466
        },
        {
            "Time": "2023-03-21",
            "value": 0.9818116822035111
        },
        {
            "Time": "2023-03-22",
            "value": 1.7403394705116406
        },
        {
            "Time": "2023-03-23",
            "value": 0.178423032110706
        },
        {
            "Time": "2023-03-24",
            "value": 0.1661502826657191
        },
        {
            "Time": "2023-03-25",
            "value": 0.2287210690446247
        },
        {
            "Time": "2023-03-26",
            "value": 0.9260615361685296
        },
        {
            "Time": "2023-03-27",
            "value": 0.0
        }
    ]
}