{
    "data": [
        {
            "Time": "2022-11-27",
            "value": 0.13901822941382985
        },
        {
            "Time": "2022-11-28",
            "value": 0.40513438126066115
        },
        {
            "Time": "2022-11-29",
            "value": 0.3889679632229789
        },
        {
            "Time": "2022-11-30",
            "value": 0.19820119662017047
        },
        {
            "Time": "2022-12-01",
            "value": 0.0
        },
        {
            "Time": "2022-12-02",
            "value": 0.0
        },
        {
            "Time": "2022-12-03",
            "value": 0.0
        },
        {
            "Time": "2022-12-04",
            "value": 0.0
        },
        {
            "Time": "2022-12-05",
            "value": 0.0
        },
        {
            "Time": "2022-12-06",
            "value": 0.0
        },
        {
            "Time": "2022-12-07",
            "value": 0.0
        },
        {
            "Time": "2022-12-08",
            "value": 0.4669277568884957
        },
        {
            "Time": "2022-12-09",
            "value": 0.43776512084552094
        },
        {
            "Time": "2022-12-10",
            "value": 0.5531091392595732
        },
        {
            "Time": "2022-12-11",
            "value": 0.24603201952134104
        },
        {
            "Time": "2022-12-12",
            "value": 0.3832895326656524
        },
        {
            "Time": "2022-12-13",
            "value": 0.5562378983461613
        },
        {
            "Time": "2022-12-14",
            "value": 0.40620707763805797
        },
        {
            "Time": "2022-12-15",
            "value": 0.3094567438590501
        },
        {
            "Time": "2022-12-16",
            "value": 0.19604234075935242
        },
        {
            "Time": "2022-12-17",
            "value": 0.25200170612335254
        },
        {
            "Time": "2022-12-18",
            "value": 0.3123450934484506
        },
        {
            "Time": "2022-12-19",
            "value": 0.3109617709844498
        },
        {
            "Time": "2022-12-20",
            "value": 0.6773104746950908
        },
        {
            "Time": "2022-12-21",
            "value": 0.6188617444325774
        },
        {
            "Time": "2022-12-22",
            "value": 0.5547516247189036
        },
        {
            "Time": "2022-12-23",
            "value": 0.5515736631618834
        },
        {
            "Time": "2022-12-24",
            "value": 0.4629458276439517
        },
        {
            "Time": "2022-12-25",
            "value": 0.4659012004042052
        },
        {
            "Time": "2022-12-26",
            "value": 0.6683288981881725
        },
        {
            "Time": "2022-12-27",
            "value": 0.43400155016909414
        },
        {
            "Time": "2022-12-28",
            "value": 0.30462673297782983
        },
        {
            "Time": "2022-12-29",
            "value": 0.186890751950407
        },
        {
            "Time": "2022-12-30",
            "value": 0.292355094257914
        },
        {
            "Time": "2022-12-31",
            "value": 0.5154963984471407
        },
        {
            "Time": "2023-01-01",
            "value": 0.438528505857019
        },
        {
            "Time": "2023-01-02",
            "value": 0.24399691198657408
        },
        {
            "Time": "2023-01-03",
            "value": 0.2707495717666939
        },
        {
            "Time": "2023-01-04",
            "value": 0.2765760539229358
        },
        {
            "Time": "2023-01-05",
            "value": 0.35966192264948305
        },
        {
            "Time": "2023-01-06",
            "value": 0.7048248448279243
        },
        {
            "Time": "2023-01-07",
            "value": 0.5124667978354291
        },
        {
            "Time": "2023-01-08",
            "value": 0.5304150159338035
        },
        {
            "Time": "2023-01-09",
            "value": 0.29777537345952776
        },
        {
            "Time": "2023-01-10",
            "value": 0.35157950393421655
        },
        {
            "Time": "2023-01-11",
            "value": 0.45135854168298983
        },
        {
            "Time": "2023-01-12",
            "value": 0.5292130956826847
        },
        {
            "Time": "2023-01-13",
            "value": 0.21237265309556605
        },
        {
            "Time": "2023-01-14",
            "value": 0.48554664495045385
        },
        {
            "Time": "2023-01-15",
            "value": 0.2517851779031808
        },
        {
            "Time": "2023-01-16",
            "value": 0.5511872717564567
        },
        {
            "Time": "2023-01-17",
            "value": 0.30152168019015824
        },
        {
            "Time": "2023-01-18",
            "value": 0.5472493010352769
        },
        {
            "Time": "2023-01-19",
            "value": 0.520644408333294
        },
        {
            "Time": "2023-01-20",
            "value": 0.4595190180237969
        },
        {
            "Time": "2023-01-21",
            "value": 0.18409713883127843
        },
        {
            "Time": "2023-01-22",
            "value": 0.5973647501653523
        },
        {
            "Time": "2023-01-23",
            "value": 0.16045100818339436
        },
        {
            "Time": "2023-01-24",
            "value": 0.4647056421339585
        },
        {
            "Time": "2023-01-25",
            "value": 0.5648318227146364
        },
        {
            "Time": "2023-01-26",
            "value": 0.5120425184224559
        },
        {
            "Time": "2023-01-27",
            "value": 0.6326407734597272
        },
        {
            "Time": "2023-01-28",
            "value": 0.7009394677175567
        },
        {
            "Time": "2023-01-29",
            "value": 0.6418601633480938
        },
        {
            "Time": "2023-01-30",
            "value": 0.7183749486208711
        },
        {
            "Time": "2023-01-31",
            "value": 0.6953172812929254
        },
        {
            "Time": "2023-02-01",
            "value": 0.3173590256555528
        },
        {
            "Time": "2023-02-02",
            "value": 0.4629424070655407
        },
        {
            "Time": "2023-02-03",
            "value": 0.3598042751349728
        },
        {
            "Time": "2023-02-04",
            "value": 0.10157696661504877
        },
        {
            "Time": "2023-02-05",
            "value": 0.25287177660899374
        },
        {
            "Time": "2023-02-06",
            "value": 0.6917453270109655
        },
        {
            "Time": "2023-02-07",
            "value": 0.22455765892805565
        },
        {
            "Time": "2023-02-08",
            "value": 0.16182490315452883
        },
        {
            "Time": "2023-02-09",
            "value": 0.30141228114281793
        },
        {
            "Time": "2023-02-10",
            "value": 0.18063512333011772
        },
        {
            "Time": "2023-02-11",
            "value": 0.4327068799099767
        },
        {
            "Time": "2023-02-12",
            "value": 0.5494572398321057
        },
        {
            "Time": "2023-02-13",
            "value": 0.27350221678037157
        },
        {
            "Time": "2023-02-14",
            "value": 0.552636245628385
        },
        {
            "Time": "2023-02-15",
            "value": 0.8180688412498679
        },
        {
            "Time": "2023-02-16",
            "value": 0.9466178921809714
        },
        {
            "Time": "2023-02-17",
            "value": 0.8022364438814635
        },
        {
            "Time": "2023-02-18",
            "value": 0.8749922415124438
        },
        {
            "Time": "2023-02-19",
            "value": 0.5035300916373612
        },
        {
            "Time": "2023-02-20",
            "value": 0.7976692393642634
        },
        {
            "Time": "2023-02-21",
            "value": 1.0287718230043739
        },
        {
            "Time": "2023-02-22",
            "value": 0.8767716872280278
        },
        {
            "Time": "2023-02-23",
            "value": 0.9423057451116962
        },
        {
            "Time": "2023-02-24",
            "value": 0.6238873305797762
        },
        {
            "Time": "2023-02-25",
            "value": 1.0953130463285328
        },
        {
            "Time": "2023-02-26",
            "value": 1.2750868753807227
        },
        {
            "Time": "2023-02-27",
            "value": 0.8890946964880045
        },
        {
            "Time": "2023-02-28",
            "value": 0.8622805644325053
        },
        {
            "Time": "2023-03-01",
            "value": 0.7235627523142237
        },
        {
            "Time": "2023-03-02",
            "value": 0.8408453834659211
        },
        {
            "Time": "2023-03-03",
            "value": 1.143884957480638
        },
        {
            "Time": "2023-03-04",
            "value": 1.2340356283655547
        },
        {
            "Time": "2023-03-05",
            "value": 1.212854127692761
        },
        {
            "Time": "2023-03-06",
            "value": 1.304810076295403
        },
        {
            "Time": "2023-03-07",
            "value": 1.326732076858302
        },
        {
            "Time": "2023-03-08",
            "value": 1.323164708212628
        },
        {
            "Time": "2023-03-09",
            "value": 1.0435850490716938
        },
        {
            "Time": "2023-03-10",
            "value": 1.4714227381711658
        },
        {
            "Time": "2023-03-11",
            "value": 1.365066952974957
        },
        {
            "Time": "2023-03-12",
            "value": 0.4132913329747801
        },
        {
            "Time": "2023-03-13",
            "value": 1.1726331102457643
        },
        {
            "Time": "2023-03-14",
            "value": 1.515996919801342
        },
        {
            "Time": "2023-03-15",
            "value": 1.2099032590515437
        },
        {
            "Time": "2023-03-16",
            "value": 1.3044404372240934
        },
        {
            "Time": "2023-03-17",
            "value": 1.0435362918191802
        },
        {
            "Time": "2023-03-18",
            "value": 0.29553957062731373
        },
        {
            "Time": "2023-03-19",
            "value": 0.0944786632586855
        },
        {
            "Time": "2023-03-20",
            "value": 1.141094599777186
        },
        {
            "Time": "2023-03-21",
            "value": 0.7882875798643352
        },
        {
            "Time": "2023-03-22",
            "value": 1.1849569171569356
        },
        {
            "Time": "2023-03-23",
            "value": 0.1523388231155356
        },
        {
            "Time": "2023-03-24",
            "value": 0.1462605549548986
        },
        {
            "Time": "2023-03-25",
            "value": 0.19701306087597387
        },
        {
            "Time": "2023-03-26",
            "value": 0.7807950672276145
        },
        {
            "Time": "2023-03-27",
            "value": 0.0
        }
    ]
}