{
    "data": [
        {
            "Time": "2022-11-27",
            "value": 0.16164322798991376
        },
        {
            "Time": "2022-11-28",
            "value": 0.49539551006391136
        },
        {
            "Time": "2022-11-29",
            "value": 0.5076417391760194
        },
        {
            "Time": "2022-11-30",
            "value": 0.23457615271561483
        },
        {
            "Time": "2022-12-01",
            "value": 0.2840828955416681
        },
        {
            "Time": "2022-12-02",
            "value": 0.29879853648081206
        },
        {
            "Time": "2022-12-03",
            "value": 0.48185735781041633
        },
        {
            "Time": "2022-12-04",
            "value": 0.3665473993277371
        },
        {
            "Time": "2022-12-05",
            "value": 0.31661412853324805
        },
        {
            "Time": "2022-12-06",
            "value": 0.4717282802872808
        },
        {
            "Time": "2022-12-07",
            "value": 0.13482941958741346
        },
        {
            "Time": "2022-12-08",
            "value": 0.6143447800814628
        },
        {
            "Time": "2022-12-09",
            "value": 0.5276081593033726
        },
        {
            "Time": "2022-12-10",
            "value": 1.2095753821127209
        },
        {
            "Time": "2022-12-11",
            "value": 0.2894978378810301
        },
        {
            "Time": "2022-12-12",
            "value": 0.7357366913854041
        },
        {
            "Time": "2022-12-13",
            "value": 0.9144436059833895
        },
        {
            "Time": "2022-12-14",
            "value": 0.488889230620889
        },
        {
            "Time": "2022-12-15",
            "value": 0.3649402558991641
        },
        {
            "Time": "2022-12-16",
            "value": 0.22968107840872404
        },
        {
            "Time": "2022-12-17",
            "value": 0.29472719352388865
        },
        {
            "Time": "2022-12-18",
            "value": 1.2426797754248142
        },
        {
            "Time": "2022-12-19",
            "value": 1.3834409768893863
        },
        {
            "Time": "2022-12-20",
            "value": 0.9127307439779655
        },
        {
            "Time": "2022-12-21",
            "value": 1.3887146710558467
        },
        {
            "Time": "2022-12-22",
            "value": 1.4263661831316066
        },
        {
            "Time": "2022-12-23",
            "value": 1.45377677824558
        },
        {
            "Time": "2022-12-24",
            "value": 1.4654330945878313
        },
        {
            "Time": "2022-12-25",
            "value": 1.445935145436756
        },
        {
            "Time": "2022-12-26",
            "value": 1.3130759405517245
        },
        {
            "Time": "2022-12-27",
            "value": 0.6041443928656355
        },
        {
            "Time": "2022-12-28",
            "value": 0.35321654634715444
        },
        {
            "Time": "2022-12-29",
            "value": 0.22232617721073167
        },
        {
            "Time": "2022-12-30",
            "value": 0.33904848656457603
        },
        {
            "Time": "2022-12-31",
            "value": 0.8034974121569459
        },
        {
            "Time": "2023-01-01",
            "value": 0.53700056985695
        },
        {
            "Time": "2023-01-02",
            "value": 0.2865100771273489
        },
        {
            "Time": "2023-01-03",
            "value": 0.32990848647449317
        },
        {
            "Time": "2023-01-04",
            "value": 0.3330711291581124
        },
        {
            "Time": "2023-01-05",
            "value": 0.427905087688125
        },
        {
            "Time": "2023-01-06",
            "value": 1.451983554068876
        },
        {
            "Time": "2023-01-07",
            "value": 1.473694876588514
        },
        {
            "Time": "2023-01-08",
            "value": 1.4964247484039759
        },
        {
            "Time": "2023-01-09",
            "value": 0.3616508502176795
        },
        {
            "Time": "2023-01-10",
            "value": 0.40875565446619305
        },
        {
            "Time": "2023-01-11",
            "value": 0.5409592096886809
        },
        {
            "Time": "2023-01-12",
            "value": 0.8956479136892069
        },
        {
            "Time": "2023-01-13",
            "value": 0.263991384922235
        },
        {
            "Time": "2023-01-14",
            "value": 0.9145193570698398
        },
        {
            "Time": "2023-01-15",
            "value": 0.303590937970792
        },
        {
            "Time": "2023-01-16",
            "value": 1.2135476660102316
        },
        {
            "Time": "2023-01-17",
            "value": 0.3584684431217514
        },
        {
            "Time": "2023-01-18",
            "value": 1.3554568971347918
        },
        {
            "Time": "2023-01-19",
            "value": 1.1854893550083048
        },
        {
            "Time": "2023-01-20",
            "value": 0.5850886381673285
        },
        {
            "Time": "2023-01-21",
            "value": 0.21429162377854666
        },
        {
            "Time": "2023-01-22",
            "value": 1.1218623067516706
        },
        {
            "Time": "2023-01-23",
            "value": 0.19493300304930206
        },
        {
            "Time": "2023-01-24",
            "value": 0.7118998992991632
        },
        {
            "Time": "2023-01-25",
            "value": 1.4943121942411577
        },
        {
            "Time": "2023-01-26",
            "value": 0.8237327431940731
        },
        {
            "Time": "2023-01-27",
            "value": 1.4277831456416945
        },
        {
            "Time": "2023-01-28",
            "value": 1.7665036019109042
        },
        {
            "Time": "2023-01-29",
            "value": 1.5705737743938992
        },
        {
            "Time": "2023-01-30",
            "value": 1.670706698255244
        },
        {
            "Time": "2023-01-31",
            "value": 1.6658250393100174
        },
        {
            "Time": "2023-02-01",
            "value": 0.38434513765062495
        },
        {
            "Time": "2023-02-02",
            "value": 0.8074027711022376
        },
        {
            "Time": "2023-02-03",
            "value": 0.43308448448685216
        },
        {
            "Time": "2023-02-04",
            "value": 0.14296814868813598
        },
        {
            "Time": "2023-02-05",
            "value": 0.30092290452521103
        },
        {
            "Time": "2023-02-06",
            "value": 1.0561593134391347
        },
        {
            "Time": "2023-02-07",
            "value": 0.2761672296032426
        },
        {
            "Time": "2023-02-08",
            "value": 0.18463883783369445
        },
        {
            "Time": "2023-02-09",
            "value": 0.36000897546948724
        },
        {
            "Time": "2023-02-10",
            "value": 0.20700608457296626
        },
        {
            "Time": "2023-02-11",
            "value": 0.5649648330857426
        },
        {
            "Time": "2023-02-12",
            "value": 0.7367931578820669
        },
        {
            "Time": "2023-02-13",
            "value": 0.3264969929209641
        },
        {
            "Time": "2023-02-14",
            "value": 0.6692712372550752
        },
        {
            "Time": "2023-02-15",
            "value": 1.6947298764183847
        },
        {
            "Time": "2023-02-16",
            "value": 1.9575839269617004
        },
        {
            "Time": "2023-02-17",
            "value": 1.4457494666552788
        },
        {
            "Time": "2023-02-18",
            "value": 1.7465169987124205
        },
        {
            "Time": "2023-02-19",
            "value": 0.6069710585912533
        },
        {
            "Time": "2023-02-20",
            "value": 1.040677310002057
        },
        {
            "Time": "2023-02-21",
            "value": 1.987112262223161
        },
        {
            "Time": "2023-02-22",
            "value": 1.6874042016516155
        },
        {
            "Time": "2023-02-23",
            "value": 1.7034295855434882
        },
        {
            "Time": "2023-02-24",
            "value": 0.7944924700033571
        },
        {
            "Time": "2023-02-25",
            "value": 1.9186610839736873
        },
        {
            "Time": "2023-02-26",
            "value": 2.0430304787111515
        },
        {
            "Time": "2023-02-27",
            "value": 1.7179250458266628
        },
        {
            "Time": "2023-02-28",
            "value": 1.0790604464630307
        },
        {
            "Time": "2023-03-01",
            "value": 1.0284862616597232
        },
        {
            "Time": "2023-03-02",
            "value": 1.456350223048485
        },
        {
            "Time": "2023-03-03",
            "value": 1.9194840698771716
        },
        {
            "Time": "2023-03-04",
            "value": 2.0827454140014656
        },
        {
            "Time": "2023-03-05",
            "value": 2.0823007567603384
        },
        {
            "Time": "2023-03-06",
            "value": 2.1602541998684077
        },
        {
            "Time": "2023-03-07",
            "value": 2.1528251636502835
        },
        {
            "Time": "2023-03-08",
            "value": 2.004584463322054
        },
        {
            "Time": "2023-03-09",
            "value": 1.6267156851845377
        },
        {
            "Time": "2023-03-10",
            "value": 2.1998913613160216
        },
        {
            "Time": "2023-03-11",
            "value": 1.8616539445821967
        },
        {
            "Time": "2023-03-12",
            "value": 0.5013789469342829
        },
        {
            "Time": "2023-03-13",
            "value": 1.7679072685939414
        },
        {
            "Time": "2023-03-14",
            "value": 2.2975776334001266
        },
        {
            "Time": "2023-03-15",
            "value": 1.8936129708720313
        },
        {
            "Time": "2023-03-16",
            "value": 2.0462299819284295
        },
        {
            "Time": "2023-03-17",
            "value": 1.2358779493252614
        },
        {
            "Time": "2023-03-18",
            "value": 0.3569227830036926
        },
        {
            "Time": "2023-03-19",
            "value": 0.11755481140468545
        },
        {
            "Time": "2023-03-20",
            "value": 1.6109817133139943
        },
        {
            "Time": "2023-03-21",
            "value": 0.9474987588220205
        },
        {
            "Time": "2023-03-22",
            "value": 1.5793249941363705
        },
        {
            "Time": "2023-03-23",
            "value": 0.17985416498506943
        },
        {
            "Time": "2023-03-24",
            "value": 0.1770734338491435
        },
        {
            "Time": "2023-03-25",
            "value": 0.23269675652228008
        },
        {
            "Time": "2023-03-26",
            "value": 0.9252334225486989
        },
        {
            "Time": "2023-03-27",
            "value": 0.0
        }
    ]
}