{
    "data": [
        {
            "Time": "2022-11-27",
            "value": 0.19504736678463513
        },
        {
            "Time": "2022-11-28",
            "value": 0.7227399968263791
        },
        {
            "Time": "2022-11-29",
            "value": 0.8248742658757642
        },
        {
            "Time": "2022-11-30",
            "value": 0.2950247180084334
        },
        {
            "Time": "2022-12-01",
            "value": 0.3450482618246296
        },
        {
            "Time": "2022-12-02",
            "value": 0.37458529570430454
        },
        {
            "Time": "2022-12-03",
            "value": 0.5807386507318967
        },
        {
            "Time": "2022-12-04",
            "value": 0.4412440745062183
        },
        {
            "Time": "2022-12-05",
            "value": 0.3811994753993978
        },
        {
            "Time": "2022-12-06",
            "value": 0.5622367463954283
        },
        {
            "Time": "2022-12-07",
            "value": 0.16081770887743055
        },
        {
            "Time": "2022-12-08",
            "value": 0.8296368004939932
        },
        {
            "Time": "2022-12-09",
            "value": 0.6486078607859564
        },
        {
            "Time": "2022-12-10",
            "value": 1.9917968777103028
        },
        {
            "Time": "2022-12-11",
            "value": 0.34692262869304397
        },
        {
            "Time": "2022-12-12",
            "value": 1.0865985198187773
        },
        {
            "Time": "2022-12-13",
            "value": 1.565969041909734
        },
        {
            "Time": "2022-12-14",
            "value": 0.5960585828847339
        },
        {
            "Time": "2022-12-15",
            "value": 0.4606071200018244
        },
        {
            "Time": "2022-12-16",
            "value": 0.2825814737808561
        },
        {
            "Time": "2022-12-17",
            "value": 0.3905907004420967
        },
        {
            "Time": "2022-12-18",
            "value": 2.3931327916323597
        },
        {
            "Time": "2022-12-19",
            "value": 2.2269154092121926
        },
        {
            "Time": "2022-12-20",
            "value": 1.4312409314427585
        },
        {
            "Time": "2022-12-21",
            "value": 2.1755031708572727
        },
        {
            "Time": "2022-12-22",
            "value": 2.2560991473273653
        },
        {
            "Time": "2022-12-23",
            "value": 2.330054338328012
        },
        {
            "Time": "2022-12-24",
            "value": 2.387993316823666
        },
        {
            "Time": "2022-12-25",
            "value": 2.3899440355457577
        },
        {
            "Time": "2022-12-26",
            "value": 1.9935012566548016
        },
        {
            "Time": "2022-12-27",
            "value": 0.8611657223199732
        },
        {
            "Time": "2022-12-28",
            "value": 0.4250694397928241
        },
        {
            "Time": "2022-12-29",
            "value": 0.27756018691909723
        },
        {
            "Time": "2022-12-30",
            "value": 0.4165972251672454
        },
        {
            "Time": "2022-12-31",
            "value": 1.2829809181400993
        },
        {
            "Time": "2023-01-01",
            "value": 0.69295588831919
        },
        {
            "Time": "2023-01-02",
            "value": 0.3428182830152778
        },
        {
            "Time": "2023-01-03",
            "value": 0.3998791925766504
        },
        {
            "Time": "2023-01-04",
            "value": 0.40629282307343745
        },
        {
            "Time": "2023-01-05",
            "value": 0.49716220365355823
        },
        {
            "Time": "2023-01-06",
            "value": 2.20765121850489
        },
        {
            "Time": "2023-01-07",
            "value": 2.4143868350634916
        },
        {
            "Time": "2023-01-08",
            "value": 2.383222968681506
        },
        {
            "Time": "2023-01-09",
            "value": 0.4359994200443403
        },
        {
            "Time": "2023-01-10",
            "value": 0.49504983982256284
        },
        {
            "Time": "2023-01-11",
            "value": 0.6620377208884501
        },
        {
            "Time": "2023-01-12",
            "value": 1.4840295432984454
        },
        {
            "Time": "2023-01-13",
            "value": 0.2978727076595495
        },
        {
            "Time": "2023-01-14",
            "value": 1.5507018715272585
        },
        {
            "Time": "2023-01-15",
            "value": 0.3757647035013223
        },
        {
            "Time": "2023-01-16",
            "value": 1.9476120521273503
        },
        {
            "Time": "2023-01-17",
            "value": 0.41411920962285875
        },
        {
            "Time": "2023-01-18",
            "value": 2.293653237475569
        },
        {
            "Time": "2023-01-19",
            "value": 1.9186832276751526
        },
        {
            "Time": "2023-01-20",
            "value": 0.8090126883308285
        },
        {
            "Time": "2023-01-21",
            "value": 0.2765162046786111
        },
        {
            "Time": "2023-01-22",
            "value": 1.8411998302524437
        },
        {
            "Time": "2023-01-23",
            "value": 0.24662962987344908
        },
        {
            "Time": "2023-01-24",
            "value": 1.5318052843784487
        },
        {
            "Time": "2023-01-25",
            "value": 2.5696970310572063
        },
        {
            "Time": "2023-01-26",
            "value": 1.3210853354546717
        },
        {
            "Time": "2023-01-27",
            "value": 2.317247515240137
        },
        {
            "Time": "2023-01-28",
            "value": 2.5533252989845483
        },
        {
            "Time": "2023-01-29",
            "value": 2.614916353727646
        },
        {
            "Time": "2023-01-30",
            "value": 2.6779262404528392
        },
        {
            "Time": "2023-01-31",
            "value": 2.6621402135402183
        },
        {
            "Time": "2023-02-01",
            "value": 0.4478240698975
        },
        {
            "Time": "2023-02-02",
            "value": 1.010039815969813
        },
        {
            "Time": "2023-02-03",
            "value": 0.5207218232135427
        },
        {
            "Time": "2023-02-04",
            "value": 0.19330820203935184
        },
        {
            "Time": "2023-02-05",
            "value": 0.36412177455466926
        },
        {
            "Time": "2023-02-06",
            "value": 1.6024262339000077
        },
        {
            "Time": "2023-02-07",
            "value": 0.32166291031919214
        },
        {
            "Time": "2023-02-08",
            "value": 0.2347488183252786
        },
        {
            "Time": "2023-02-09",
            "value": 0.4552122756689659
        },
        {
            "Time": "2023-02-10",
            "value": 0.25161615329969245
        },
        {
            "Time": "2023-02-11",
            "value": 0.8072703696795376
        },
        {
            "Time": "2023-02-12",
            "value": 1.1452610182101721
        },
        {
            "Time": "2023-02-13",
            "value": 0.42777624337049913
        },
        {
            "Time": "2023-02-14",
            "value": 0.8891153701495798
        },
        {
            "Time": "2023-02-15",
            "value": 2.457435811827908
        },
        {
            "Time": "2023-02-16",
            "value": 2.860410375546872
        },
        {
            "Time": "2023-02-17",
            "value": 2.0930013742094977
        },
        {
            "Time": "2023-02-18",
            "value": 2.49856587147049
        },
        {
            "Time": "2023-02-19",
            "value": 0.741319065578549
        },
        {
            "Time": "2023-02-20",
            "value": 1.49212388393108
        },
        {
            "Time": "2023-02-21",
            "value": 2.876537490587838
        },
        {
            "Time": "2023-02-22",
            "value": 2.4346277898389075
        },
        {
            "Time": "2023-02-23",
            "value": 2.3174548519544182
        },
        {
            "Time": "2023-02-24",
            "value": 1.0673812629988133
        },
        {
            "Time": "2023-02-25",
            "value": 2.6749832120201114
        },
        {
            "Time": "2023-02-26",
            "value": 2.985323459894656
        },
        {
            "Time": "2023-02-27",
            "value": 2.506392055292739
        },
        {
            "Time": "2023-02-28",
            "value": 1.4759825299667044
        },
        {
            "Time": "2023-03-01",
            "value": 1.504252233077097
        },
        {
            "Time": "2023-03-02",
            "value": 1.9152384610244968
        },
        {
            "Time": "2023-03-03",
            "value": 2.641042329387751
        },
        {
            "Time": "2023-03-04",
            "value": 2.9167903576458394
        },
        {
            "Time": "2023-03-05",
            "value": 2.875247051026946
        },
        {
            "Time": "2023-03-06",
            "value": 3.0147326467353506
        },
        {
            "Time": "2023-03-07",
            "value": 2.980608664309733
        },
        {
            "Time": "2023-03-08",
            "value": 2.7991244762604093
        },
        {
            "Time": "2023-03-09",
            "value": 2.1176490457606567
        },
        {
            "Time": "2023-03-10",
            "value": 3.0545301251145247
        },
        {
            "Time": "2023-03-11",
            "value": 2.6242964205495882
        },
        {
            "Time": "2023-03-12",
            "value": 0.5985085486429186
        },
        {
            "Time": "2023-03-13",
            "value": 2.437284996441155
        },
        {
            "Time": "2023-03-14",
            "value": 3.187597789819676
        },
        {
            "Time": "2023-03-15",
            "value": 2.5687276327441313
        },
        {
            "Time": "2023-03-16",
            "value": 2.6294520212353882
        },
        {
            "Time": "2023-03-17",
            "value": 1.5905779237623034
        },
        {
            "Time": "2023-03-18",
            "value": 0.40853626057621
        },
        {
            "Time": "2023-03-19",
            "value": 0.17326388887962962
        },
        {
            "Time": "2023-03-20",
            "value": 2.1005614387343603
        },
        {
            "Time": "2023-03-21",
            "value": 1.1756637640318421
        },
        {
            "Time": "2023-03-22",
            "value": 2.0105009644889944
        },
        {
            "Time": "2023-03-23",
            "value": 0.21741897949056713
        },
        {
            "Time": "2023-03-24",
            "value": 0.21791539287592426
        },
        {
            "Time": "2023-03-25",
            "value": 0.2888732631737963
        },
        {
            "Time": "2023-03-26",
            "value": 1.1268298110985266
        },
        {
            "Time": "2023-03-27",
            "value": 0.0
        }
    ]
}