{
    "data": [
        {
            "Time": "2022-11-27",
            "value": 0.1602866257108133
        },
        {
            "Time": "2022-11-28",
            "value": 0.7248867281139085
        },
        {
            "Time": "2022-11-29",
            "value": 0.7546016279644808
        },
        {
            "Time": "2022-11-30",
            "value": 0.234693064949076
        },
        {
            "Time": "2022-12-01",
            "value": 0.29194302167130176
        },
        {
            "Time": "2022-12-02",
            "value": 0.32067008305945904
        },
        {
            "Time": "2022-12-03",
            "value": 0.5622834005384676
        },
        {
            "Time": "2022-12-04",
            "value": 0.4154038085844456
        },
        {
            "Time": "2022-12-05",
            "value": 0.3416811397045227
        },
        {
            "Time": "2022-12-06",
            "value": 0.5364149758167632
        },
        {
            "Time": "2022-12-07",
            "value": 0.13767708077970603
        },
        {
            "Time": "2022-12-08",
            "value": 0.8280033362862781
        },
        {
            "Time": "2022-12-09",
            "value": 0.6421590279617528
        },
        {
            "Time": "2022-12-10",
            "value": 2.0163522462354697
        },
        {
            "Time": "2022-12-11",
            "value": 0.3102538285768721
        },
        {
            "Time": "2022-12-12",
            "value": 1.0891684010137281
        },
        {
            "Time": "2022-12-13",
            "value": 1.5301839508757613
        },
        {
            "Time": "2022-12-14",
            "value": 0.5719877616660007
        },
        {
            "Time": "2022-12-15",
            "value": 0.4107660388807489
        },
        {
            "Time": "2022-12-16",
            "value": 0.2332150809232921
        },
        {
            "Time": "2022-12-17",
            "value": 0.355874860565418
        },
        {
            "Time": "2022-12-18",
            "value": 2.4752005401824557
        },
        {
            "Time": "2022-12-19",
            "value": 2.308463910596997
        },
        {
            "Time": "2022-12-20",
            "value": 1.356899437358432
        },
        {
            "Time": "2022-12-21",
            "value": 2.2398007631445154
        },
        {
            "Time": "2022-12-22",
            "value": 2.299466876124023
        },
        {
            "Time": "2022-12-23",
            "value": 2.3983095314460887
        },
        {
            "Time": "2022-12-24",
            "value": 2.431703813119268
        },
        {
            "Time": "2022-12-25",
            "value": 2.4669445880422707
        },
        {
            "Time": "2022-12-26",
            "value": 2.0168096105922237
        },
        {
            "Time": "2022-12-27",
            "value": 0.8262922064260704
        },
        {
            "Time": "2022-12-28",
            "value": 0.38717761579501425
        },
        {
            "Time": "2022-12-29",
            "value": 0.22037450193970767
        },
        {
            "Time": "2022-12-30",
            "value": 0.3649244533621381
        },
        {
            "Time": "2022-12-31",
            "value": 1.283375463890739
        },
        {
            "Time": "2023-01-01",
            "value": 0.6560472803974235
        },
        {
            "Time": "2023-01-02",
            "value": 0.3037522803800841
        },
        {
            "Time": "2023-01-03",
            "value": 0.3369960010273785
        },
        {
            "Time": "2023-01-04",
            "value": 0.34651236541379365
        },
        {
            "Time": "2023-01-05",
            "value": 0.468321757458853
        },
        {
            "Time": "2023-01-06",
            "value": 2.254858056107167
        },
        {
            "Time": "2023-01-07",
            "value": 2.415378841654315
        },
        {
            "Time": "2023-01-08",
            "value": 2.394282395853117
        },
        {
            "Time": "2023-01-09",
            "value": 0.4056716850138055
        },
        {
            "Time": "2023-01-10",
            "value": 0.45681638530905616
        },
        {
            "Time": "2023-01-11",
            "value": 0.6462952804470328
        },
        {
            "Time": "2023-01-12",
            "value": 1.5023574415817134
        },
        {
            "Time": "2023-01-13",
            "value": 0.2703031381331353
        },
        {
            "Time": "2023-01-14",
            "value": 1.5474679453843825
        },
        {
            "Time": "2023-01-15",
            "value": 0.31298908559197597
        },
        {
            "Time": "2023-01-16",
            "value": 1.9946945685890174
        },
        {
            "Time": "2023-01-17",
            "value": 0.3837227425364149
        },
        {
            "Time": "2023-01-18",
            "value": 2.339137504914615
        },
        {
            "Time": "2023-01-19",
            "value": 1.9558990778116003
        },
        {
            "Time": "2023-01-20",
            "value": 0.7698970114591551
        },
        {
            "Time": "2023-01-21",
            "value": 0.21643979491474205
        },
        {
            "Time": "2023-01-22",
            "value": 1.8252890741695607
        },
        {
            "Time": "2023-01-23",
            "value": 0.19210887460742426
        },
        {
            "Time": "2023-01-24",
            "value": 1.5557355437023985
        },
        {
            "Time": "2023-01-25",
            "value": 2.567062716274452
        },
        {
            "Time": "2023-01-26",
            "value": 1.2679681994962908
        },
        {
            "Time": "2023-01-27",
            "value": 2.3150600848358356
        },
        {
            "Time": "2023-01-28",
            "value": 2.5662493175239858
        },
        {
            "Time": "2023-01-29",
            "value": 2.6293994614749936
        },
        {
            "Time": "2023-01-30",
            "value": 2.7079445722974533
        },
        {
            "Time": "2023-01-31",
            "value": 2.682550357703276
        },
        {
            "Time": "2023-02-01",
            "value": 0.4270962868086753
        },
        {
            "Time": "2023-02-02",
            "value": 1.0041077889824912
        },
        {
            "Time": "2023-02-03",
            "value": 0.47121008986931767
        },
        {
            "Time": "2023-02-04",
            "value": 0.12916362369565607
        },
        {
            "Time": "2023-02-05",
            "value": 0.31032430632946295
        },
        {
            "Time": "2023-02-06",
            "value": 1.63792708420112
        },
        {
            "Time": "2023-02-07",
            "value": 0.2811272752274734
        },
        {
            "Time": "2023-02-08",
            "value": 0.16881356930771824
        },
        {
            "Time": "2023-02-09",
            "value": 0.4104181426744697
        },
        {
            "Time": "2023-02-10",
            "value": 0.20311018456107766
        },
        {
            "Time": "2023-02-11",
            "value": 0.7851781435273716
        },
        {
            "Time": "2023-02-12",
            "value": 1.154005032913744
        },
        {
            "Time": "2023-02-13",
            "value": 0.3714742359685832
        },
        {
            "Time": "2023-02-14",
            "value": 0.8751905018849022
        },
        {
            "Time": "2023-02-15",
            "value": 2.5024053751117
        },
        {
            "Time": "2023-02-16",
            "value": 2.95484795494884
        },
        {
            "Time": "2023-02-17",
            "value": 2.137744320873119
        },
        {
            "Time": "2023-02-18",
            "value": 2.5649297090303
        },
        {
            "Time": "2023-02-19",
            "value": 0.710809356317253
        },
        {
            "Time": "2023-02-20",
            "value": 1.468928262504413
        },
        {
            "Time": "2023-02-21",
            "value": 2.9027603091133605
        },
        {
            "Time": "2023-02-22",
            "value": 2.4683291905445963
        },
        {
            "Time": "2023-02-23",
            "value": 2.3442593234711255
        },
        {
            "Time": "2023-02-24",
            "value": 1.0242306250227362
        },
        {
            "Time": "2023-02-25",
            "value": 2.678225470942013
        },
        {
            "Time": "2023-02-26",
            "value": 2.987971413259463
        },
        {
            "Time": "2023-02-27",
            "value": 2.5670547118648486
        },
        {
            "Time": "2023-02-28",
            "value": 1.4730852210785195
        },
        {
            "Time": "2023-03-01",
            "value": 1.4923397152124276
        },
        {
            "Time": "2023-03-02",
            "value": 1.9417911139993795
        },
        {
            "Time": "2023-03-03",
            "value": 2.6234020721799944
        },
        {
            "Time": "2023-03-04",
            "value": 2.9087803912735684
        },
        {
            "Time": "2023-03-05",
            "value": 2.86252263258916
        },
        {
            "Time": "2023-03-06",
            "value": 2.975907641562669
        },
        {
            "Time": "2023-03-07",
            "value": 2.944477951468867
        },
        {
            "Time": "2023-03-08",
            "value": 2.7158917745296183
        },
        {
            "Time": "2023-03-09",
            "value": 2.1454955576188652
        },
        {
            "Time": "2023-03-10",
            "value": 3.0226945527587037
        },
        {
            "Time": "2023-03-11",
            "value": 2.574306252436367
        },
        {
            "Time": "2023-03-12",
            "value": 0.5629219906255594
        },
        {
            "Time": "2023-03-13",
            "value": 2.43286658727501
        },
        {
            "Time": "2023-03-14",
            "value": 3.115895593721662
        },
        {
            "Time": "2023-03-15",
            "value": 2.5784479723885974
        },
        {
            "Time": "2023-03-16",
            "value": 2.6284362733812094
        },
        {
            "Time": "2023-03-17",
            "value": 1.548511525856949
        },
        {
            "Time": "2023-03-18",
            "value": 0.3765678885913644
        },
        {
            "Time": "2023-03-19",
            "value": 0.10777900574813025
        },
        {
            "Time": "2023-03-20",
            "value": 2.134577471848372
        },
        {
            "Time": "2023-03-21",
            "value": 1.1753851021926744
        },
        {
            "Time": "2023-03-22",
            "value": 2.02232449027623
        },
        {
            "Time": "2023-03-23",
            "value": 0.15902162269751452
        },
        {
            "Time": "2023-03-24",
            "value": 0.16108259595912847
        },
        {
            "Time": "2023-03-25",
            "value": 0.22599646171408413
        },
        {
            "Time": "2023-03-26",
            "value": 1.0845811015712692
        },
        {
            "Time": "2023-03-27",
            "value": 0.0
        }
    ]
}