{
    "data": [
        {
            "Time": "2022-11-27",
            "value": 0.1960677242725453
        },
        {
            "Time": "2022-11-28",
            "value": 0.6382851261834648
        },
        {
            "Time": "2022-11-29",
            "value": 0.5573172450694446
        },
        {
            "Time": "2022-11-30",
            "value": 0.2580262631869431
        },
        {
            "Time": "2022-12-01",
            "value": 0.3203662034889352
        },
        {
            "Time": "2022-12-02",
            "value": 0.3538108941509528
        },
        {
            "Time": "2022-12-03",
            "value": 0.5654683679291499
        },
        {
            "Time": "2022-12-04",
            "value": 0.4334018496847096
        },
        {
            "Time": "2022-12-05",
            "value": 0.3484533315937495
        },
        {
            "Time": "2022-12-06",
            "value": 0.5482059652475288
        },
        {
            "Time": "2022-12-07",
            "value": 0.1634756929270139
        },
        {
            "Time": "2022-12-08",
            "value": 0.7355532360360534
        },
        {
            "Time": "2022-12-09",
            "value": 0.6222918121261827
        },
        {
            "Time": "2022-12-10",
            "value": 1.230123169633755
        },
        {
            "Time": "2022-12-11",
            "value": 0.32438198686086306
        },
        {
            "Time": "2022-12-12",
            "value": 0.80838025398189
        },
        {
            "Time": "2022-12-13",
            "value": 1.029348546167939
        },
        {
            "Time": "2022-12-14",
            "value": 0.5605620217215181
        },
        {
            "Time": "2022-12-15",
            "value": 0.4139543384645042
        },
        {
            "Time": "2022-12-16",
            "value": 0.27443560605213874
        },
        {
            "Time": "2022-12-17",
            "value": 0.3528218852330214
        },
        {
            "Time": "2022-12-18",
            "value": 1.3842760306919515
        },
        {
            "Time": "2022-12-19",
            "value": 1.3116583549709024
        },
        {
            "Time": "2022-12-20",
            "value": 0.8851321618480643
        },
        {
            "Time": "2022-12-21",
            "value": 1.2877365326545582
        },
        {
            "Time": "2022-12-22",
            "value": 1.3238631643098715
        },
        {
            "Time": "2022-12-23",
            "value": 1.3597847183160998
        },
        {
            "Time": "2022-12-24",
            "value": 1.368543913460121
        },
        {
            "Time": "2022-12-25",
            "value": 1.407316198741128
        },
        {
            "Time": "2022-12-26",
            "value": 1.2028783467291162
        },
        {
            "Time": "2022-12-27",
            "value": 0.7141038969477941
        },
        {
            "Time": "2022-12-28",
            "value": 0.4045601817766204
        },
        {
            "Time": "2022-12-29",
            "value": 0.2526290498460648
        },
        {
            "Time": "2022-12-30",
            "value": 0.3807303236104167
        },
        {
            "Time": "2022-12-31",
            "value": 0.9909446777252844
        },
        {
            "Time": "2023-01-01",
            "value": 0.6321488356831445
        },
        {
            "Time": "2023-01-02",
            "value": 0.32247685112557867
        },
        {
            "Time": "2023-01-03",
            "value": 0.36108812900650794
        },
        {
            "Time": "2023-01-04",
            "value": 0.3681111099120098
        },
        {
            "Time": "2023-01-05",
            "value": 0.48225115764872684
        },
        {
            "Time": "2023-01-06",
            "value": 1.334168412614814
        },
        {
            "Time": "2023-01-07",
            "value": 1.3685926706103717
        },
        {
            "Time": "2023-01-08",
            "value": 1.3692482973834772
        },
        {
            "Time": "2023-01-09",
            "value": 0.4209055098878969
        },
        {
            "Time": "2023-01-10",
            "value": 0.4420945227280979
        },
        {
            "Time": "2023-01-11",
            "value": 0.6158913059824163
        },
        {
            "Time": "2023-01-12",
            "value": 1.0652612220259883
        },
        {
            "Time": "2023-01-13",
            "value": 0.3043135001284296
        },
        {
            "Time": "2023-01-14",
            "value": 1.0643059809109212
        },
        {
            "Time": "2023-01-15",
            "value": 0.3341992222578689
        },
        {
            "Time": "2023-01-16",
            "value": 1.2706920989334174
        },
        {
            "Time": "2023-01-17",
            "value": 0.4051710046226852
        },
        {
            "Time": "2023-01-18",
            "value": 1.4187212504387925
        },
        {
            "Time": "2023-01-19",
            "value": 1.2558766242530162
        },
        {
            "Time": "2023-01-20",
            "value": 0.6969016282180343
        },
        {
            "Time": "2023-01-21",
            "value": 0.24899861262511575
        },
        {
            "Time": "2023-01-22",
            "value": 1.2775395864595605
        },
        {
            "Time": "2023-01-23",
            "value": 0.23527812671519446
        },
        {
            "Time": "2023-01-24",
            "value": 1.1004447018291563
        },
        {
            "Time": "2023-01-25",
            "value": 1.5034153484259043
        },
        {
            "Time": "2023-01-26",
            "value": 0.9369989550406072
        },
        {
            "Time": "2023-01-27",
            "value": 1.4480101442293776
        },
        {
            "Time": "2023-01-28",
            "value": 1.5663053283567208
        },
        {
            "Time": "2023-01-29",
            "value": 1.5519281009588104
        },
        {
            "Time": "2023-01-30",
            "value": 1.556486364784346
        },
        {
            "Time": "2023-01-31",
            "value": 1.5606222323991155
        },
        {
            "Time": "2023-02-01",
            "value": 0.43277407608405094
        },
        {
            "Time": "2023-02-02",
            "value": 0.8458728787001637
        },
        {
            "Time": "2023-02-03",
            "value": 0.47865529103598076
        },
        {
            "Time": "2023-02-04",
            "value": 0.16197429022544213
        },
        {
            "Time": "2023-02-05",
            "value": 0.3480688437959069
        },
        {
            "Time": "2023-02-06",
            "value": 1.2140774982024165
        },
        {
            "Time": "2023-02-07",
            "value": 0.34306628826573865
        },
        {
            "Time": "2023-02-08",
            "value": 0.18932461886633406
        },
        {
            "Time": "2023-02-09",
            "value": 0.43097110662143473
        },
        {
            "Time": "2023-02-10",
            "value": 0.251225079596374
        },
        {
            "Time": "2023-02-11",
            "value": 0.7201188396296375
        },
        {
            "Time": "2023-02-12",
            "value": 0.9471450259505129
        },
        {
            "Time": "2023-02-13",
            "value": 0.3783364626629813
        },
        {
            "Time": "2023-02-14",
            "value": 0.8365546291823842
        },
        {
            "Time": "2023-02-15",
            "value": 1.605159426797395
        },
        {
            "Time": "2023-02-16",
            "value": 1.7262634862782786
        },
        {
            "Time": "2023-02-17",
            "value": 1.514468825466208
        },
        {
            "Time": "2023-02-18",
            "value": 1.6081294450974468
        },
        {
            "Time": "2023-02-19",
            "value": 0.6907931823547027
        },
        {
            "Time": "2023-02-20",
            "value": 1.3149116634956273
        },
        {
            "Time": "2023-02-21",
            "value": 1.9306041657627313
        },
        {
            "Time": "2023-02-22",
            "value": 1.7654331660917433
        },
        {
            "Time": "2023-02-23",
            "value": 1.8854850704620978
        },
        {
            "Time": "2023-02-24",
            "value": 0.9648979282411971
        },
        {
            "Time": "2023-02-25",
            "value": 2.1765021685592476
        },
        {
            "Time": "2023-02-26",
            "value": 2.486537937155038
        },
        {
            "Time": "2023-02-27",
            "value": 2.260258869932571
        },
        {
            "Time": "2023-02-28",
            "value": 1.327352349308671
        },
        {
            "Time": "2023-03-01",
            "value": 1.3897865579152187
        },
        {
            "Time": "2023-03-02",
            "value": 1.7472487611235172
        },
        {
            "Time": "2023-03-03",
            "value": 2.4109555398426785
        },
        {
            "Time": "2023-03-04",
            "value": 2.714797078658732
        },
        {
            "Time": "2023-03-05",
            "value": 2.689431194426141
        },
        {
            "Time": "2023-03-06",
            "value": 2.8339023025129033
        },
        {
            "Time": "2023-03-07",
            "value": 2.8226536617300733
        },
        {
            "Time": "2023-03-08",
            "value": 2.598230391043405
        },
        {
            "Time": "2023-03-09",
            "value": 2.138809357113396
        },
        {
            "Time": "2023-03-10",
            "value": 2.952710657840005
        },
        {
            "Time": "2023-03-11",
            "value": 2.4839767937925177
        },
        {
            "Time": "2023-03-12",
            "value": 0.5659107438588759
        },
        {
            "Time": "2023-03-13",
            "value": 2.2939478140734266
        },
        {
            "Time": "2023-03-14",
            "value": 3.1158159230155977
        },
        {
            "Time": "2023-03-15",
            "value": 2.51159286924425
        },
        {
            "Time": "2023-03-16",
            "value": 2.476604090671463
        },
        {
            "Time": "2023-03-17",
            "value": 1.4972564136427449
        },
        {
            "Time": "2023-03-18",
            "value": 0.3961719763529792
        },
        {
            "Time": "2023-03-19",
            "value": 0.1717650373879775
        },
        {
            "Time": "2023-03-20",
            "value": 2.0639667881537647
        },
        {
            "Time": "2023-03-21",
            "value": 1.107590493993115
        },
        {
            "Time": "2023-03-22",
            "value": 1.9879508865530449
        },
        {
            "Time": "2023-03-23",
            "value": 0.2137123826029987
        },
        {
            "Time": "2023-03-24",
            "value": 0.23158221804489953
        },
        {
            "Time": "2023-03-25",
            "value": 0.29366235996114176
        },
        {
            "Time": "2023-03-26",
            "value": 1.086344060080866
        },
        {
            "Time": "2023-03-27",
            "value": 0.0
        }
    ]
}