{
    "data": [
        {
            "Time": "2022-11-27",
            "value": 0.17952800281471756
        },
        {
            "Time": "2022-11-28",
            "value": 0.7626359147779624
        },
        {
            "Time": "2022-11-29",
            "value": 0.611546990254562
        },
        {
            "Time": "2022-11-30",
            "value": 0.255099362315386
        },
        {
            "Time": "2022-12-01",
            "value": 0.32398495368624425
        },
        {
            "Time": "2022-12-02",
            "value": 0.35184617419395803
        },
        {
            "Time": "2022-12-03",
            "value": 0.5845915045803726
        },
        {
            "Time": "2022-12-04",
            "value": 0.44226301908415244
        },
        {
            "Time": "2022-12-05",
            "value": 0.36076538669280583
        },
        {
            "Time": "2022-12-06",
            "value": 0.5589570725677102
        },
        {
            "Time": "2022-12-07",
            "value": 0.16895254620721295
        },
        {
            "Time": "2022-12-08",
            "value": 0.7744484390260199
        },
        {
            "Time": "2022-12-09",
            "value": 0.6452039905508367
        },
        {
            "Time": "2022-12-10",
            "value": 1.3230854116030952
        },
        {
            "Time": "2022-12-11",
            "value": 0.3362665519401042
        },
        {
            "Time": "2022-12-12",
            "value": 0.8476783361261664
        },
        {
            "Time": "2022-12-13",
            "value": 1.1061272472032635
        },
        {
            "Time": "2022-12-14",
            "value": 0.5766730328932014
        },
        {
            "Time": "2022-12-15",
            "value": 0.4318858027054495
        },
        {
            "Time": "2022-12-16",
            "value": 0.27523674666427994
        },
        {
            "Time": "2022-12-17",
            "value": 0.37698555521407556
        },
        {
            "Time": "2022-12-18",
            "value": 2.5596452786086785
        },
        {
            "Time": "2022-12-19",
            "value": 1.854011301712901
        },
        {
            "Time": "2022-12-20",
            "value": 0.9523807139403473
        },
        {
            "Time": "2022-12-21",
            "value": 1.6229144268318896
        },
        {
            "Time": "2022-12-22",
            "value": 2.340005974327424
        },
        {
            "Time": "2022-12-23",
            "value": 2.4710033582416964
        },
        {
            "Time": "2022-12-24",
            "value": 1.5086299971965063
        },
        {
            "Time": "2022-12-25",
            "value": 2.522042305159014
        },
        {
            "Time": "2022-12-26",
            "value": 1.3810774937674613
        },
        {
            "Time": "2022-12-27",
            "value": 0.7406593776107987
        },
        {
            "Time": "2022-12-28",
            "value": 0.3997627287771991
        },
        {
            "Time": "2022-12-29",
            "value": 0.2513333332905093
        },
        {
            "Time": "2022-12-30",
            "value": 0.3820833343909722
        },
        {
            "Time": "2022-12-31",
            "value": 1.0680922930713361
        },
        {
            "Time": "2023-01-01",
            "value": 0.6431481123840744
        },
        {
            "Time": "2023-01-02",
            "value": 0.3299363369033565
        },
        {
            "Time": "2023-01-03",
            "value": 0.36525334749801414
        },
        {
            "Time": "2023-01-04",
            "value": 0.3704678832057827
        },
        {
            "Time": "2023-01-05",
            "value": 0.4820198125974217
        },
        {
            "Time": "2023-01-06",
            "value": 1.6929838101072114
        },
        {
            "Time": "2023-01-07",
            "value": 1.51071546909536
        },
        {
            "Time": "2023-01-08",
            "value": 1.6933043186869787
        },
        {
            "Time": "2023-01-09",
            "value": 0.4384713158042196
        },
        {
            "Time": "2023-01-10",
            "value": 0.45864971488189527
        },
        {
            "Time": "2023-01-11",
            "value": 0.6388278279931134
        },
        {
            "Time": "2023-01-12",
            "value": 1.1312138489688361
        },
        {
            "Time": "2023-01-13",
            "value": 0.3164426798395429
        },
        {
            "Time": "2023-01-14",
            "value": 1.2204118151176115
        },
        {
            "Time": "2023-01-15",
            "value": 0.34854431335510727
        },
        {
            "Time": "2023-01-16",
            "value": 1.3585292362365864
        },
        {
            "Time": "2023-01-17",
            "value": 0.40893314005545506
        },
        {
            "Time": "2023-01-18",
            "value": 1.493763421081432
        },
        {
            "Time": "2023-01-19",
            "value": 1.4794188869779108
        },
        {
            "Time": "2023-01-20",
            "value": 0.7203924868042784
        },
        {
            "Time": "2023-01-21",
            "value": 0.245453700523125
        },
        {
            "Time": "2023-01-22",
            "value": 1.5698532415646973
        },
        {
            "Time": "2023-01-23",
            "value": 0.24420138647895834
        },
        {
            "Time": "2023-01-24",
            "value": 1.2036743789988962
        },
        {
            "Time": "2023-01-25",
            "value": 1.6600181207647842
        },
        {
            "Time": "2023-01-26",
            "value": 1.142045389720379
        },
        {
            "Time": "2023-01-27",
            "value": 1.5950803309197559
        },
        {
            "Time": "2023-01-28",
            "value": 2.059950120448067
        },
        {
            "Time": "2023-01-29",
            "value": 2.2430780919070017
        },
        {
            "Time": "2023-01-30",
            "value": 2.322561276643424
        },
        {
            "Time": "2023-01-31",
            "value": 2.338626966193991
        },
        {
            "Time": "2023-02-01",
            "value": 0.45415277924289355
        },
        {
            "Time": "2023-02-02",
            "value": 0.9630939469478383
        },
        {
            "Time": "2023-02-03",
            "value": 0.49659414522483736
        },
        {
            "Time": "2023-02-04",
            "value": 0.1683344360222012
        },
        {
            "Time": "2023-02-05",
            "value": 0.34857138627422457
        },
        {
            "Time": "2023-02-06",
            "value": 1.4521703561645862
        },
        {
            "Time": "2023-02-07",
            "value": 0.34299739062440754
        },
        {
            "Time": "2023-02-08",
            "value": 0.1986636337168476
        },
        {
            "Time": "2023-02-09",
            "value": 0.44176293607314354
        },
        {
            "Time": "2023-02-10",
            "value": 0.2606585613265046
        },
        {
            "Time": "2023-02-11",
            "value": 0.7983452731062436
        },
        {
            "Time": "2023-02-12",
            "value": 1.1013755662035187
        },
        {
            "Time": "2023-02-13",
            "value": 0.3822390363744932
        },
        {
            "Time": "2023-02-14",
            "value": 0.8987493026536245
        },
        {
            "Time": "2023-02-15",
            "value": 2.1885529782960296
        },
        {
            "Time": "2023-02-16",
            "value": 2.7012846081893875
        },
        {
            "Time": "2023-02-17",
            "value": 1.9273271164104064
        },
        {
            "Time": "2023-02-18",
            "value": 2.4965472251159135
        },
        {
            "Time": "2023-02-19",
            "value": 0.724997824562004
        },
        {
            "Time": "2023-02-20",
            "value": 1.4347860507129209
        },
        {
            "Time": "2023-02-21",
            "value": 2.6634572436494772
        },
        {
            "Time": "2023-02-22",
            "value": 2.238054924858337
        },
        {
            "Time": "2023-02-23",
            "value": 2.282806073353292
        },
        {
            "Time": "2023-02-24",
            "value": 1.019957353098357
        },
        {
            "Time": "2023-02-25",
            "value": 2.4778139646761352
        },
        {
            "Time": "2023-02-26",
            "value": 2.8013770957326942
        },
        {
            "Time": "2023-02-27",
            "value": 2.5239201116876195
        },
        {
            "Time": "2023-02-28",
            "value": 1.4167500703088558
        },
        {
            "Time": "2023-03-01",
            "value": 1.461653669239646
        },
        {
            "Time": "2023-03-02",
            "value": 1.9354990767632516
        },
        {
            "Time": "2023-03-03",
            "value": 2.560119404374322
        },
        {
            "Time": "2023-03-04",
            "value": 2.8972323172636303
        },
        {
            "Time": "2023-03-05",
            "value": 2.8577902531152004
        },
        {
            "Time": "2023-03-06",
            "value": 2.987097203119613
        },
        {
            "Time": "2023-03-07",
            "value": 2.948265570721582
        },
        {
            "Time": "2023-03-08",
            "value": 2.706158634152394
        },
        {
            "Time": "2023-03-09",
            "value": 2.183414590647075
        },
        {
            "Time": "2023-03-10",
            "value": 3.059746482129163
        },
        {
            "Time": "2023-03-11",
            "value": 2.5912016536970235
        },
        {
            "Time": "2023-03-12",
            "value": 0.5929735339049408
        },
        {
            "Time": "2023-03-13",
            "value": 2.4016300128763857
        },
        {
            "Time": "2023-03-14",
            "value": 3.178059993392421
        },
        {
            "Time": "2023-03-15",
            "value": 2.6164733649213776
        },
        {
            "Time": "2023-03-16",
            "value": 2.6379613564036926
        },
        {
            "Time": "2023-03-17",
            "value": 1.5677861636893438
        },
        {
            "Time": "2023-03-18",
            "value": 0.4118149938722222
        },
        {
            "Time": "2023-03-19",
            "value": 0.17116702544734413
        },
        {
            "Time": "2023-03-20",
            "value": 2.1804923906249143
        },
        {
            "Time": "2023-03-21",
            "value": 1.1870642774996807
        },
        {
            "Time": "2023-03-22",
            "value": 2.0846736624884636
        },
        {
            "Time": "2023-03-23",
            "value": 0.2088487316433808
        },
        {
            "Time": "2023-03-24",
            "value": 0.23390730499635276
        },
        {
            "Time": "2023-03-25",
            "value": 0.2949454264771946
        },
        {
            "Time": "2023-03-26",
            "value": 1.1086817889111624
        },
        {
            "Time": "2023-03-27",
            "value": 0.0
        }
    ]
}