{
    "data": [
        {
            "Time": "2022-11-27",
            "value": 0.14001805600606032
        },
        {
            "Time": "2022-11-28",
            "value": 0.8023250370964855
        },
        {
            "Time": "2022-11-29",
            "value": 0.831019610135117
        },
        {
            "Time": "2022-11-30",
            "value": 0.22747224931701104
        },
        {
            "Time": "2022-12-01",
            "value": 0.0
        },
        {
            "Time": "2022-12-02",
            "value": 0.0
        },
        {
            "Time": "2022-12-03",
            "value": 0.0
        },
        {
            "Time": "2022-12-04",
            "value": 0.0
        },
        {
            "Time": "2022-12-05",
            "value": 0.0
        },
        {
            "Time": "2022-12-06",
            "value": 0.0
        },
        {
            "Time": "2022-12-07",
            "value": 0.0
        },
        {
            "Time": "2022-12-08",
            "value": 0.8519658121630804
        },
        {
            "Time": "2022-12-09",
            "value": 0.6451579993253418
        },
        {
            "Time": "2022-12-10",
            "value": 2.1457353570087854
        },
        {
            "Time": "2022-12-11",
            "value": 0.30511742121589297
        },
        {
            "Time": "2022-12-12",
            "value": 1.0946975428051056
        },
        {
            "Time": "2022-12-13",
            "value": 1.640922763372855
        },
        {
            "Time": "2022-12-14",
            "value": 0.5787995447478216
        },
        {
            "Time": "2022-12-15",
            "value": 0.4214004058034341
        },
        {
            "Time": "2022-12-16",
            "value": 0.2472272561365295
        },
        {
            "Time": "2022-12-17",
            "value": 0.35835200110148613
        },
        {
            "Time": "2022-12-18",
            "value": 2.8150897571567346
        },
        {
            "Time": "2022-12-19",
            "value": 2.644013564628598
        },
        {
            "Time": "2022-12-20",
            "value": 1.4863504790151723
        },
        {
            "Time": "2022-12-21",
            "value": 2.563894897020039
        },
        {
            "Time": "2022-12-22",
            "value": 2.6223567565279953
        },
        {
            "Time": "2022-12-23",
            "value": 2.7488866294488394
        },
        {
            "Time": "2022-12-24",
            "value": 2.78168546975498
        },
        {
            "Time": "2022-12-25",
            "value": 2.808121236817937
        },
        {
            "Time": "2022-12-26",
            "value": 2.1811585651343846
        },
        {
            "Time": "2022-12-27",
            "value": 0.8440373449881362
        },
        {
            "Time": "2022-12-28",
            "value": 0.3853411061813512
        },
        {
            "Time": "2022-12-29",
            "value": 0.22079943779953076
        },
        {
            "Time": "2022-12-30",
            "value": 0.3590568556364589
        },
        {
            "Time": "2022-12-31",
            "value": 1.318333981709383
        },
        {
            "Time": "2023-01-01",
            "value": 0.66653901272886
        },
        {
            "Time": "2023-01-02",
            "value": 0.29164764954314154
        },
        {
            "Time": "2023-01-03",
            "value": 0.332431004725959
        },
        {
            "Time": "2023-01-04",
            "value": 0.3524915588374646
        },
        {
            "Time": "2023-01-05",
            "value": 0.469324263333869
        },
        {
            "Time": "2023-01-06",
            "value": 2.5819079555279747
        },
        {
            "Time": "2023-01-07",
            "value": 2.7966801461824295
        },
        {
            "Time": "2023-01-08",
            "value": 2.76903667005996
        },
        {
            "Time": "2023-01-09",
            "value": 0.42306010533730437
        },
        {
            "Time": "2023-01-10",
            "value": 0.4592101909705235
        },
        {
            "Time": "2023-01-11",
            "value": 0.6457155402290657
        },
        {
            "Time": "2023-01-12",
            "value": 1.511639959024105
        },
        {
            "Time": "2023-01-13",
            "value": 0.3003957686188277
        },
        {
            "Time": "2023-01-14",
            "value": 1.7020818975606729
        },
        {
            "Time": "2023-01-15",
            "value": 0.3324493312450304
        },
        {
            "Time": "2023-01-16",
            "value": 2.0566750490153174
        },
        {
            "Time": "2023-01-17",
            "value": 0.3843191376295418
        },
        {
            "Time": "2023-01-18",
            "value": 2.6566934001302362
        },
        {
            "Time": "2023-01-19",
            "value": 1.9787581972815271
        },
        {
            "Time": "2023-01-20",
            "value": 0.776583458353669
        },
        {
            "Time": "2023-01-21",
            "value": 0.2220007076662509
        },
        {
            "Time": "2023-01-22",
            "value": 1.9862183825909236
        },
        {
            "Time": "2023-01-23",
            "value": 0.21659859318714164
        },
        {
            "Time": "2023-01-24",
            "value": 1.6921884932337612
        },
        {
            "Time": "2023-01-25",
            "value": 2.916806312059237
        },
        {
            "Time": "2023-01-26",
            "value": 1.2638895462698942
        },
        {
            "Time": "2023-01-27",
            "value": 2.4243009108879323
        },
        {
            "Time": "2023-01-28",
            "value": 2.944886341392158
        },
        {
            "Time": "2023-01-29",
            "value": 2.9907175783006252
        },
        {
            "Time": "2023-01-30",
            "value": 3.068946865505892
        },
        {
            "Time": "2023-01-31",
            "value": 3.0323588662636447
        },
        {
            "Time": "2023-02-01",
            "value": 0.4306284060668639
        },
        {
            "Time": "2023-02-02",
            "value": 1.0208178272254322
        },
        {
            "Time": "2023-02-03",
            "value": 0.4783599540465724
        },
        {
            "Time": "2023-02-04",
            "value": 0.1298206339494924
        },
        {
            "Time": "2023-02-05",
            "value": 0.3287864054899325
        },
        {
            "Time": "2023-02-06",
            "value": 1.7070987743517028
        },
        {
            "Time": "2023-02-07",
            "value": 0.3288077653942193
        },
        {
            "Time": "2023-02-08",
            "value": 0.16536662355983955
        },
        {
            "Time": "2023-02-09",
            "value": 0.4314990075045824
        },
        {
            "Time": "2023-02-10",
            "value": 0.22169955736711028
        },
        {
            "Time": "2023-02-11",
            "value": 0.8356884321639368
        },
        {
            "Time": "2023-02-12",
            "value": 1.1636262927205991
        },
        {
            "Time": "2023-02-13",
            "value": 0.37937283260091853
        },
        {
            "Time": "2023-02-14",
            "value": 0.9046454010597363
        },
        {
            "Time": "2023-02-15",
            "value": 2.5648469951921657
        },
        {
            "Time": "2023-02-16",
            "value": 3.2494314036210317
        },
        {
            "Time": "2023-02-17",
            "value": 2.1886212832248595
        },
        {
            "Time": "2023-02-18",
            "value": 2.770692779168735
        },
        {
            "Time": "2023-02-19",
            "value": 0.7061422355231558
        },
        {
            "Time": "2023-02-20",
            "value": 1.4851674293542556
        },
        {
            "Time": "2023-02-21",
            "value": 2.950243251087232
        },
        {
            "Time": "2023-02-22",
            "value": 2.4711716148908858
        },
        {
            "Time": "2023-02-23",
            "value": 2.338020809516517
        },
        {
            "Time": "2023-02-24",
            "value": 1.0334239662222486
        },
        {
            "Time": "2023-02-25",
            "value": 2.714873641951912
        },
        {
            "Time": "2023-02-26",
            "value": 3.0130906939558493
        },
        {
            "Time": "2023-02-27",
            "value": 2.599743678253657
        },
        {
            "Time": "2023-02-28",
            "value": 1.4643079356007598
        },
        {
            "Time": "2023-03-01",
            "value": 1.5151239953793436
        },
        {
            "Time": "2023-03-02",
            "value": 1.9914531179241213
        },
        {
            "Time": "2023-03-03",
            "value": 2.7979359379064324
        },
        {
            "Time": "2023-03-04",
            "value": 3.1494975314845344
        },
        {
            "Time": "2023-03-05",
            "value": 3.080936178079119
        },
        {
            "Time": "2023-03-06",
            "value": 3.213839637475841
        },
        {
            "Time": "2023-03-07",
            "value": 3.174098132383157
        },
        {
            "Time": "2023-03-08",
            "value": 2.7584049600121707
        },
        {
            "Time": "2023-03-09",
            "value": 2.236279573241687
        },
        {
            "Time": "2023-03-10",
            "value": 3.260876735949709
        },
        {
            "Time": "2023-03-11",
            "value": 2.6677810109217384
        },
        {
            "Time": "2023-03-12",
            "value": 0.5703142916746918
        },
        {
            "Time": "2023-03-13",
            "value": 2.459572607241416
        },
        {
            "Time": "2023-03-14",
            "value": 3.160618656966798
        },
        {
            "Time": "2023-03-15",
            "value": 2.6653421312981322
        },
        {
            "Time": "2023-03-16",
            "value": 2.673692952173084
        },
        {
            "Time": "2023-03-17",
            "value": 1.5937571027663995
        },
        {
            "Time": "2023-03-18",
            "value": 0.3850843354528548
        },
        {
            "Time": "2023-03-19",
            "value": 0.12156051450110039
        },
        {
            "Time": "2023-03-20",
            "value": 2.148081540431171
        },
        {
            "Time": "2023-03-21",
            "value": 1.1840917241364675
        },
        {
            "Time": "2023-03-22",
            "value": 2.1080779366185003
        },
        {
            "Time": "2023-03-23",
            "value": 0.18105224214669619
        },
        {
            "Time": "2023-03-24",
            "value": 0.19411019557590062
        },
        {
            "Time": "2023-03-25",
            "value": 0.275247891557453
        },
        {
            "Time": "2023-03-26",
            "value": 1.1221158912056537
        },
        {
            "Time": "2023-03-27",
            "value": 0.0
        }
    ]
}