{
    "data": [
        {
            "Time": "2022-11-27",
            "value": 0.1541354068495096
        },
        {
            "Time": "2022-11-28",
            "value": 0.6318047397305847
        },
        {
            "Time": "2022-11-29",
            "value": 0.5123527683598033
        },
        {
            "Time": "2022-11-30",
            "value": 0.24362285737811923
        },
        {
            "Time": "2022-12-01",
            "value": 0.29537847092443287
        },
        {
            "Time": "2022-12-02",
            "value": 0.31685184886001827
        },
        {
            "Time": "2022-12-03",
            "value": 0.5356778519061146
        },
        {
            "Time": "2022-12-04",
            "value": 0.41106125110529357
        },
        {
            "Time": "2022-12-05",
            "value": 0.34414672634391513
        },
        {
            "Time": "2022-12-06",
            "value": 0.503512609433888
        },
        {
            "Time": "2022-12-07",
            "value": 0.14634490860257407
        },
        {
            "Time": "2022-12-08",
            "value": 0.6979874365154297
        },
        {
            "Time": "2022-12-09",
            "value": 0.5786293365098015
        },
        {
            "Time": "2022-12-10",
            "value": 1.1885317564605637
        },
        {
            "Time": "2022-12-11",
            "value": 0.31013946688216437
        },
        {
            "Time": "2022-12-12",
            "value": 0.7666375877877784
        },
        {
            "Time": "2022-12-13",
            "value": 0.9344660048674116
        },
        {
            "Time": "2022-12-14",
            "value": 0.5346659189007437
        },
        {
            "Time": "2022-12-15",
            "value": 0.38516874041267507
        },
        {
            "Time": "2022-12-16",
            "value": 0.2541261964159036
        },
        {
            "Time": "2022-12-17",
            "value": 0.3420231285939156
        },
        {
            "Time": "2022-12-18",
            "value": 1.358645086125954
        },
        {
            "Time": "2022-12-19",
            "value": 1.2830188219834198
        },
        {
            "Time": "2022-12-20",
            "value": 0.8206141519268396
        },
        {
            "Time": "2022-12-21",
            "value": 1.2848913409101168
        },
        {
            "Time": "2022-12-22",
            "value": 1.3033363279295975
        },
        {
            "Time": "2022-12-23",
            "value": 1.3489300495765444
        },
        {
            "Time": "2022-12-24",
            "value": 1.3551437754423703
        },
        {
            "Time": "2022-12-25",
            "value": 1.8722761777798906
        },
        {
            "Time": "2022-12-26",
            "value": 1.1545525047633234
        },
        {
            "Time": "2022-12-27",
            "value": 0.650455452658564
        },
        {
            "Time": "2022-12-28",
            "value": 0.38396825242394184
        },
        {
            "Time": "2022-12-29",
            "value": 0.2291720391206779
        },
        {
            "Time": "2022-12-30",
            "value": 0.35700694328879856
        },
        {
            "Time": "2022-12-31",
            "value": 0.9290528296171188
        },
        {
            "Time": "2023-01-01",
            "value": 0.5914386888074941
        },
        {
            "Time": "2023-01-02",
            "value": 0.2988186138478604
        },
        {
            "Time": "2023-01-03",
            "value": 0.3516354993715804
        },
        {
            "Time": "2023-01-04",
            "value": 0.34617129589247686
        },
        {
            "Time": "2023-01-05",
            "value": 0.4563553231641782
        },
        {
            "Time": "2023-01-06",
            "value": 1.2882252016342235
        },
        {
            "Time": "2023-01-07",
            "value": 1.895273896260522
        },
        {
            "Time": "2023-01-08",
            "value": 1.3387834051325453
        },
        {
            "Time": "2023-01-09",
            "value": 0.40027777740923615
        },
        {
            "Time": "2023-01-10",
            "value": 0.40683502805348093
        },
        {
            "Time": "2023-01-11",
            "value": 0.5764618759291547
        },
        {
            "Time": "2023-01-12",
            "value": 1.0151985087749642
        },
        {
            "Time": "2023-01-13",
            "value": 0.27645298318709494
        },
        {
            "Time": "2023-01-14",
            "value": 1.031794668815265
        },
        {
            "Time": "2023-01-15",
            "value": 0.3264154906604266
        },
        {
            "Time": "2023-01-16",
            "value": 1.2133306435257218
        },
        {
            "Time": "2023-01-17",
            "value": 0.38383395867233977
        },
        {
            "Time": "2023-01-18",
            "value": 1.3708095544097338
        },
        {
            "Time": "2023-01-19",
            "value": 1.199907214481395
        },
        {
            "Time": "2023-01-20",
            "value": 0.6562066308741495
        },
        {
            "Time": "2023-01-21",
            "value": 0.23445051848231482
        },
        {
            "Time": "2023-01-22",
            "value": 1.1912429537559863
        },
        {
            "Time": "2023-01-23",
            "value": 0.2311306201792113
        },
        {
            "Time": "2023-01-24",
            "value": 1.0607502160439848
        },
        {
            "Time": "2023-01-25",
            "value": 1.4939935282882881
        },
        {
            "Time": "2023-01-26",
            "value": 0.882693676180746
        },
        {
            "Time": "2023-01-27",
            "value": 1.4133236402493345
        },
        {
            "Time": "2023-01-28",
            "value": 1.5303410649155504
        },
        {
            "Time": "2023-01-29",
            "value": 1.5294679076833635
        },
        {
            "Time": "2023-01-30",
            "value": 2.059377047881651
        },
        {
            "Time": "2023-01-31",
            "value": 1.533361754101366
        },
        {
            "Time": "2023-02-01",
            "value": 0.40713773151162735
        },
        {
            "Time": "2023-02-02",
            "value": 0.7950386436432229
        },
        {
            "Time": "2023-02-03",
            "value": 0.46101741257793094
        },
        {
            "Time": "2023-02-04",
            "value": 0.1531649458046296
        },
        {
            "Time": "2023-02-05",
            "value": 0.32512367639947254
        },
        {
            "Time": "2023-02-06",
            "value": 1.1492825940044655
        },
        {
            "Time": "2023-02-07",
            "value": 0.3241327786753295
        },
        {
            "Time": "2023-02-08",
            "value": 0.18279878453599924
        },
        {
            "Time": "2023-02-09",
            "value": 0.4020949984188425
        },
        {
            "Time": "2023-02-10",
            "value": 0.23636912623837303
        },
        {
            "Time": "2023-02-11",
            "value": 0.6769777005920177
        },
        {
            "Time": "2023-02-12",
            "value": 0.8939560552318558
        },
        {
            "Time": "2023-02-13",
            "value": 0.34949655401896873
        },
        {
            "Time": "2023-02-14",
            "value": 0.7968563840403865
        },
        {
            "Time": "2023-02-15",
            "value": 1.5476195651355114
        },
        {
            "Time": "2023-02-16",
            "value": 1.7160930635359968
        },
        {
            "Time": "2023-02-17",
            "value": 1.4299259550572858
        },
        {
            "Time": "2023-02-18",
            "value": 1.5419796690251375
        },
        {
            "Time": "2023-02-19",
            "value": 0.6642987970561728
        },
        {
            "Time": "2023-02-20",
            "value": 1.2291961523922699
        },
        {
            "Time": "2023-02-21",
            "value": 1.7018295001675146
        },
        {
            "Time": "2023-02-22",
            "value": 1.600252199682856
        },
        {
            "Time": "2023-02-23",
            "value": 1.512847052043701
        },
        {
            "Time": "2023-02-24",
            "value": 0.8868717941374593
        },
        {
            "Time": "2023-02-25",
            "value": 1.6800892134349434
        },
        {
            "Time": "2023-02-26",
            "value": 1.7556501845036778
        },
        {
            "Time": "2023-02-27",
            "value": 1.7385056229567937
        },
        {
            "Time": "2023-02-28",
            "value": 1.2000177769346463
        },
        {
            "Time": "2023-03-01",
            "value": 1.0742488144445714
        },
        {
            "Time": "2023-03-02",
            "value": 1.3783367126557
        },
        {
            "Time": "2023-03-03",
            "value": 1.661134327533078
        },
        {
            "Time": "2023-03-04",
            "value": 1.8182603854759758
        },
        {
            "Time": "2023-03-05",
            "value": 1.8986694228966283
        },
        {
            "Time": "2023-03-06",
            "value": 2.029496390119744
        },
        {
            "Time": "2023-03-07",
            "value": 2.0672925224028016
        },
        {
            "Time": "2023-03-08",
            "value": 1.948708120511844
        },
        {
            "Time": "2023-03-09",
            "value": 1.6385640617354438
        },
        {
            "Time": "2023-03-10",
            "value": 2.2657926183915253
        },
        {
            "Time": "2023-03-11",
            "value": 1.8970272239420738
        },
        {
            "Time": "2023-03-12",
            "value": 0.5447110835976733
        },
        {
            "Time": "2023-03-13",
            "value": 1.9771045177814477
        },
        {
            "Time": "2023-03-14",
            "value": 2.5035430327860584
        },
        {
            "Time": "2023-03-15",
            "value": 2.0891417443527684
        },
        {
            "Time": "2023-03-16",
            "value": 2.2649278618788657
        },
        {
            "Time": "2023-03-17",
            "value": 1.2782203780613723
        },
        {
            "Time": "2023-03-18",
            "value": 0.38411636108248587
        },
        {
            "Time": "2023-03-19",
            "value": 0.15297137908806815
        },
        {
            "Time": "2023-03-20",
            "value": 1.8970850885084045
        },
        {
            "Time": "2023-03-21",
            "value": 1.0249681533904078
        },
        {
            "Time": "2023-03-22",
            "value": 1.868245254739104
        },
        {
            "Time": "2023-03-23",
            "value": 0.19704063978760467
        },
        {
            "Time": "2023-03-24",
            "value": 0.21346569118842262
        },
        {
            "Time": "2023-03-25",
            "value": 0.28194118192572604
        },
        {
            "Time": "2023-03-26",
            "value": 1.0193597096178744
        },
        {
            "Time": "2023-03-27",
            "value": 0.0
        }
    ]
}