{
    "data": [
        {
            "Time": "2022-11-27",
            "value": 0.13225724013445847
        },
        {
            "Time": "2022-11-28",
            "value": 0.7900781376884695
        },
        {
            "Time": "2022-11-29",
            "value": 0.7748695945506489
        },
        {
            "Time": "2022-11-30",
            "value": 0.20808340940081824
        },
        {
            "Time": "2022-12-01",
            "value": 0.2641407840683672
        },
        {
            "Time": "2022-12-02",
            "value": 0.30466319966023053
        },
        {
            "Time": "2022-12-03",
            "value": 0.560515815375994
        },
        {
            "Time": "2022-12-04",
            "value": 0.4041625077674019
        },
        {
            "Time": "2022-12-05",
            "value": 0.3172969134059701
        },
        {
            "Time": "2022-12-06",
            "value": 0.5163038968657075
        },
        {
            "Time": "2022-12-07",
            "value": 0.1309743140093464
        },
        {
            "Time": "2022-12-08",
            "value": 0.8228239007233461
        },
        {
            "Time": "2022-12-09",
            "value": 0.6279367808414934
        },
        {
            "Time": "2022-12-10",
            "value": 2.0954848706803393
        },
        {
            "Time": "2022-12-11",
            "value": 0.2820079863660055
        },
        {
            "Time": "2022-12-12",
            "value": 1.0649420618390069
        },
        {
            "Time": "2022-12-13",
            "value": 1.5363436987211767
        },
        {
            "Time": "2022-12-14",
            "value": 0.5461598327668803
        },
        {
            "Time": "2022-12-15",
            "value": 0.40541303391690836
        },
        {
            "Time": "2022-12-16",
            "value": 0.22888465531454932
        },
        {
            "Time": "2022-12-17",
            "value": 0.33406297834863374
        },
        {
            "Time": "2022-12-18",
            "value": 2.576975882452177
        },
        {
            "Time": "2022-12-19",
            "value": 2.4510459946094416
        },
        {
            "Time": "2022-12-20",
            "value": 1.3490960972529809
        },
        {
            "Time": "2022-12-21",
            "value": 2.35542857708215
        },
        {
            "Time": "2022-12-22",
            "value": 2.370584205330693
        },
        {
            "Time": "2022-12-23",
            "value": 2.4940303759652953
        },
        {
            "Time": "2022-12-24",
            "value": 2.5222555669146614
        },
        {
            "Time": "2022-12-25",
            "value": 2.5610906874032917
        },
        {
            "Time": "2022-12-26",
            "value": 1.9887202537542115
        },
        {
            "Time": "2022-12-27",
            "value": 0.8096607323510596
        },
        {
            "Time": "2022-12-28",
            "value": 0.36591352491383333
        },
        {
            "Time": "2022-12-29",
            "value": 0.2025887547250752
        },
        {
            "Time": "2022-12-30",
            "value": 0.34984379489833556
        },
        {
            "Time": "2022-12-31",
            "value": 1.2951486190138106
        },
        {
            "Time": "2023-01-01",
            "value": 0.6409756884065514
        },
        {
            "Time": "2023-01-02",
            "value": 0.2778443269025984
        },
        {
            "Time": "2023-01-03",
            "value": 0.3162181664274181
        },
        {
            "Time": "2023-01-04",
            "value": 0.33465943183319324
        },
        {
            "Time": "2023-01-05",
            "value": 0.45316953682466055
        },
        {
            "Time": "2023-01-06",
            "value": 2.387982237583301
        },
        {
            "Time": "2023-01-07",
            "value": 2.5699231250234136
        },
        {
            "Time": "2023-01-08",
            "value": 2.536447293931844
        },
        {
            "Time": "2023-01-09",
            "value": 0.40460109612522716
        },
        {
            "Time": "2023-01-10",
            "value": 0.43322477937322684
        },
        {
            "Time": "2023-01-11",
            "value": 0.6242585475771223
        },
        {
            "Time": "2023-01-12",
            "value": 1.4873233533023753
        },
        {
            "Time": "2023-01-13",
            "value": 0.29251469600361213
        },
        {
            "Time": "2023-01-14",
            "value": 1.6957521335770647
        },
        {
            "Time": "2023-01-15",
            "value": 0.3082183472493585
        },
        {
            "Time": "2023-01-16",
            "value": 1.9880126615039428
        },
        {
            "Time": "2023-01-17",
            "value": 0.3565317349580382
        },
        {
            "Time": "2023-01-18",
            "value": 2.358770578766089
        },
        {
            "Time": "2023-01-19",
            "value": 1.9494959500871065
        },
        {
            "Time": "2023-01-20",
            "value": 0.7479316868475144
        },
        {
            "Time": "2023-01-21",
            "value": 0.20358073050679049
        },
        {
            "Time": "2023-01-22",
            "value": 1.9236317242634287
        },
        {
            "Time": "2023-01-23",
            "value": 0.19969668590953704
        },
        {
            "Time": "2023-01-24",
            "value": 1.6786553120187517
        },
        {
            "Time": "2023-01-25",
            "value": 2.6103769647824846
        },
        {
            "Time": "2023-01-26",
            "value": 1.2251094523408004
        },
        {
            "Time": "2023-01-27",
            "value": 2.359612493964887
        },
        {
            "Time": "2023-01-28",
            "value": 2.6017470277668004
        },
        {
            "Time": "2023-01-29",
            "value": 2.7089954007274293
        },
        {
            "Time": "2023-01-30",
            "value": 2.8113282817524676
        },
        {
            "Time": "2023-01-31",
            "value": 2.779863836752557
        },
        {
            "Time": "2023-02-01",
            "value": 0.4231949263551392
        },
        {
            "Time": "2023-02-02",
            "value": 1.010553954933134
        },
        {
            "Time": "2023-02-03",
            "value": 0.45154406461430435
        },
        {
            "Time": "2023-02-04",
            "value": 0.11853287910591269
        },
        {
            "Time": "2023-02-05",
            "value": 0.31492796726947386
        },
        {
            "Time": "2023-02-06",
            "value": 1.6995300835372418
        },
        {
            "Time": "2023-02-07",
            "value": 0.31394792417828205
        },
        {
            "Time": "2023-02-08",
            "value": 0.14689265299063564
        },
        {
            "Time": "2023-02-09",
            "value": 0.41393813849478234
        },
        {
            "Time": "2023-02-10",
            "value": 0.2079301373130509
        },
        {
            "Time": "2023-02-11",
            "value": 0.8150673720545087
        },
        {
            "Time": "2023-02-12",
            "value": 1.1356973867935716
        },
        {
            "Time": "2023-02-13",
            "value": 0.3539904194461545
        },
        {
            "Time": "2023-02-14",
            "value": 0.8934896031142213
        },
        {
            "Time": "2023-02-15",
            "value": 2.538343388516885
        },
        {
            "Time": "2023-02-16",
            "value": 3.0016813703011644
        },
        {
            "Time": "2023-02-17",
            "value": 2.1600749612897907
        },
        {
            "Time": "2023-02-18",
            "value": 2.637735646073519
        },
        {
            "Time": "2023-02-19",
            "value": 0.6801829712738989
        },
        {
            "Time": "2023-02-20",
            "value": 1.4316774180255565
        },
        {
            "Time": "2023-02-21",
            "value": 2.937599105386144
        },
        {
            "Time": "2023-02-22",
            "value": 2.4503277995294397
        },
        {
            "Time": "2023-02-23",
            "value": 2.351019222660067
        },
        {
            "Time": "2023-02-24",
            "value": 1.0022090582435303
        },
        {
            "Time": "2023-02-25",
            "value": 2.6784004102554113
        },
        {
            "Time": "2023-02-26",
            "value": 2.9969379708334833
        },
        {
            "Time": "2023-02-27",
            "value": 2.6065408315698595
        },
        {
            "Time": "2023-02-28",
            "value": 1.4282583916482743
        },
        {
            "Time": "2023-03-01",
            "value": 1.4817108875125178
        },
        {
            "Time": "2023-03-02",
            "value": 2.001575402357192
        },
        {
            "Time": "2023-03-03",
            "value": 2.6709166329609766
        },
        {
            "Time": "2023-03-04",
            "value": 3.051032370163102
        },
        {
            "Time": "2023-03-05",
            "value": 2.9781735953390926
        },
        {
            "Time": "2023-03-06",
            "value": 3.120781297451125
        },
        {
            "Time": "2023-03-07",
            "value": 3.075568431400835
        },
        {
            "Time": "2023-03-08",
            "value": 2.819789799820132
        },
        {
            "Time": "2023-03-09",
            "value": 2.246932002488118
        },
        {
            "Time": "2023-03-10",
            "value": 3.189961971396609
        },
        {
            "Time": "2023-03-11",
            "value": 2.6942856090939036
        },
        {
            "Time": "2023-03-12",
            "value": 0.5455072859128554
        },
        {
            "Time": "2023-03-13",
            "value": 2.4624828042014633
        },
        {
            "Time": "2023-03-14",
            "value": 3.2705663699573173
        },
        {
            "Time": "2023-03-15",
            "value": 2.6896324986538054
        },
        {
            "Time": "2023-03-16",
            "value": 2.67300132936909
        },
        {
            "Time": "2023-03-17",
            "value": 1.5931683090093989
        },
        {
            "Time": "2023-03-18",
            "value": 0.3674168457068587
        },
        {
            "Time": "2023-03-19",
            "value": 0.12412012794963252
        },
        {
            "Time": "2023-03-20",
            "value": 2.1516727199816192
        },
        {
            "Time": "2023-03-21",
            "value": 1.1552714406389148
        },
        {
            "Time": "2023-03-22",
            "value": 2.0960877598859735
        },
        {
            "Time": "2023-03-23",
            "value": 0.17267163420686119
        },
        {
            "Time": "2023-03-24",
            "value": 0.17404370278615872
        },
        {
            "Time": "2023-03-25",
            "value": 0.25493894232779746
        },
        {
            "Time": "2023-03-26",
            "value": 1.0779136729454397
        },
        {
            "Time": "2023-03-27",
            "value": 0.0
        }
    ]
}