{
    "data": [
        {
            "Time": "2022-11-27",
            "value": 0.10124693440853526
        },
        {
            "Time": "2022-11-28",
            "value": 0.5639761092900539
        },
        {
            "Time": "2022-11-29",
            "value": 0.5359606576567524
        },
        {
            "Time": "2022-11-30",
            "value": 0.16306056022437182
        },
        {
            "Time": "2022-12-01",
            "value": 0.21316334431131104
        },
        {
            "Time": "2022-12-02",
            "value": 0.255881612689294
        },
        {
            "Time": "2022-12-03",
            "value": 0.47751942861119095
        },
        {
            "Time": "2022-12-04",
            "value": 0.32757699613013047
        },
        {
            "Time": "2022-12-05",
            "value": 0.2553556896306498
        },
        {
            "Time": "2022-12-06",
            "value": 0.44026862206956524
        },
        {
            "Time": "2022-12-07",
            "value": 0.09789674883767306
        },
        {
            "Time": "2022-12-08",
            "value": 0.6303486719997191
        },
        {
            "Time": "2022-12-09",
            "value": 0.5145254601481218
        },
        {
            "Time": "2022-12-10",
            "value": 1.1975964571213082
        },
        {
            "Time": "2022-12-11",
            "value": 0.22896997476550315
        },
        {
            "Time": "2022-12-12",
            "value": 0.6922554549640242
        },
        {
            "Time": "2022-12-13",
            "value": 0.9867050896009374
        },
        {
            "Time": "2022-12-14",
            "value": 0.45909905287471614
        },
        {
            "Time": "2022-12-15",
            "value": 0.33554608894425797
        },
        {
            "Time": "2022-12-16",
            "value": 0.17721548428815698
        },
        {
            "Time": "2022-12-17",
            "value": 0.259736418539496
        },
        {
            "Time": "2022-12-18",
            "value": 1.365299021957478
        },
        {
            "Time": "2022-12-19",
            "value": 1.3081603624381288
        },
        {
            "Time": "2022-12-20",
            "value": 0.8760757990392332
        },
        {
            "Time": "2022-12-21",
            "value": 1.2846186375653683
        },
        {
            "Time": "2022-12-22",
            "value": 1.2829996504682886
        },
        {
            "Time": "2022-12-23",
            "value": 1.3352764011807725
        },
        {
            "Time": "2022-12-24",
            "value": 1.3414512939572967
        },
        {
            "Time": "2022-12-25",
            "value": 1.3711803877257707
        },
        {
            "Time": "2022-12-26",
            "value": 1.1539121503318444
        },
        {
            "Time": "2022-12-27",
            "value": 0.6011626463662183
        },
        {
            "Time": "2022-12-28",
            "value": 0.2957650465483862
        },
        {
            "Time": "2022-12-29",
            "value": 0.1656634412460028
        },
        {
            "Time": "2022-12-30",
            "value": 0.2825178582655053
        },
        {
            "Time": "2022-12-31",
            "value": 0.8677199243085342
        },
        {
            "Time": "2023-01-01",
            "value": 0.5093308600550333
        },
        {
            "Time": "2023-01-02",
            "value": 0.22578703768632521
        },
        {
            "Time": "2023-01-03",
            "value": 0.2602581849811434
        },
        {
            "Time": "2023-01-04",
            "value": 0.26637310885360244
        },
        {
            "Time": "2023-01-05",
            "value": 0.3735260427964745
        },
        {
            "Time": "2023-01-06",
            "value": 1.3122984402744635
        },
        {
            "Time": "2023-01-07",
            "value": 1.4024781168316787
        },
        {
            "Time": "2023-01-08",
            "value": 1.3987404104560786
        },
        {
            "Time": "2023-01-09",
            "value": 0.32806355358814543
        },
        {
            "Time": "2023-01-10",
            "value": 0.3551399690567966
        },
        {
            "Time": "2023-01-11",
            "value": 0.5143776722877844
        },
        {
            "Time": "2023-01-12",
            "value": 0.9823063978641683
        },
        {
            "Time": "2023-01-13",
            "value": 0.23016687744477068
        },
        {
            "Time": "2023-01-14",
            "value": 1.0169019863977578
        },
        {
            "Time": "2023-01-15",
            "value": 0.25683395871443704
        },
        {
            "Time": "2023-01-16",
            "value": 1.1446257360285796
        },
        {
            "Time": "2023-01-17",
            "value": 0.30277671783827986
        },
        {
            "Time": "2023-01-18",
            "value": 1.3031622408075985
        },
        {
            "Time": "2023-01-19",
            "value": 1.142224084900125
        },
        {
            "Time": "2023-01-20",
            "value": 0.5851020983680465
        },
        {
            "Time": "2023-01-21",
            "value": 0.15428415934358597
        },
        {
            "Time": "2023-01-22",
            "value": 1.1888662585770309
        },
        {
            "Time": "2023-01-23",
            "value": 0.14833598928835123
        },
        {
            "Time": "2023-01-24",
            "value": 0.9549703993344263
        },
        {
            "Time": "2023-01-25",
            "value": 1.4110660316839119
        },
        {
            "Time": "2023-01-26",
            "value": 0.8319050667215722
        },
        {
            "Time": "2023-01-27",
            "value": 1.3094499918229143
        },
        {
            "Time": "2023-01-28",
            "value": 1.4346380239038656
        },
        {
            "Time": "2023-01-29",
            "value": 1.489504788425885
        },
        {
            "Time": "2023-01-30",
            "value": 1.5340342166598095
        },
        {
            "Time": "2023-01-31",
            "value": 1.527155698882049
        },
        {
            "Time": "2023-02-01",
            "value": 0.35050173586391553
        },
        {
            "Time": "2023-02-02",
            "value": 0.7164387089782361
        },
        {
            "Time": "2023-02-03",
            "value": 0.3772279606958634
        },
        {
            "Time": "2023-02-04",
            "value": 0.07086167399153577
        },
        {
            "Time": "2023-02-05",
            "value": 0.24657451381368875
        },
        {
            "Time": "2023-02-06",
            "value": 1.1300961466545143
        },
        {
            "Time": "2023-02-07",
            "value": 0.2364911352427299
        },
        {
            "Time": "2023-02-08",
            "value": 0.10965254940410603
        },
        {
            "Time": "2023-02-09",
            "value": 0.32732701169974354
        },
        {
            "Time": "2023-02-10",
            "value": 0.16404172051331126
        },
        {
            "Time": "2023-02-11",
            "value": 0.6105081465805788
        },
        {
            "Time": "2023-02-12",
            "value": 0.8176260978815495
        },
        {
            "Time": "2023-02-13",
            "value": 0.26365891944515213
        },
        {
            "Time": "2023-02-14",
            "value": 0.6843293367381478
        },
        {
            "Time": "2023-02-15",
            "value": 1.484074266362884
        },
        {
            "Time": "2023-02-16",
            "value": 1.67610439773643
        },
        {
            "Time": "2023-02-17",
            "value": 1.3986467676239407
        },
        {
            "Time": "2023-02-18",
            "value": 1.5220474524376064
        },
        {
            "Time": "2023-02-19",
            "value": 0.5645989400037267
        },
        {
            "Time": "2023-02-20",
            "value": 1.1179578993978605
        },
        {
            "Time": "2023-02-21",
            "value": 1.6386544289701335
        },
        {
            "Time": "2023-02-22",
            "value": 1.552845577811346
        },
        {
            "Time": "2023-02-23",
            "value": 1.45948922432577
        },
        {
            "Time": "2023-02-24",
            "value": 0.7900070920640528
        },
        {
            "Time": "2023-02-25",
            "value": 1.6094164625127108
        },
        {
            "Time": "2023-02-26",
            "value": 1.6766696058366972
        },
        {
            "Time": "2023-02-27",
            "value": 1.5616046343456962
        },
        {
            "Time": "2023-02-28",
            "value": 1.1553856307696386
        },
        {
            "Time": "2023-03-01",
            "value": 1.0718394817331587
        },
        {
            "Time": "2023-03-02",
            "value": 1.3448222885044991
        },
        {
            "Time": "2023-03-03",
            "value": 1.9128210606373421
        },
        {
            "Time": "2023-03-04",
            "value": 2.272884248423151
        },
        {
            "Time": "2023-03-05",
            "value": 2.2332532154786544
        },
        {
            "Time": "2023-03-06",
            "value": 2.3867072292180125
        },
        {
            "Time": "2023-03-07",
            "value": 2.3526604563238327
        },
        {
            "Time": "2023-03-08",
            "value": 2.250729335733281
        },
        {
            "Time": "2023-03-09",
            "value": 1.7552914251283123
        },
        {
            "Time": "2023-03-10",
            "value": 2.6105857687617977
        },
        {
            "Time": "2023-03-11",
            "value": 2.2504678923624546
        },
        {
            "Time": "2023-03-12",
            "value": 0.4545105563424292
        },
        {
            "Time": "2023-03-13",
            "value": 2.0566579051219915
        },
        {
            "Time": "2023-03-14",
            "value": 2.7990314967684835
        },
        {
            "Time": "2023-03-15",
            "value": 2.322226512270792
        },
        {
            "Time": "2023-03-16",
            "value": 2.265989817781935
        },
        {
            "Time": "2023-03-17",
            "value": 1.4247547760839252
        },
        {
            "Time": "2023-03-18",
            "value": 0.30147793052748195
        },
        {
            "Time": "2023-03-19",
            "value": 0.06897218827278928
        },
        {
            "Time": "2023-03-20",
            "value": 1.8988407201662907
        },
        {
            "Time": "2023-03-21",
            "value": 1.0177404693751206
        },
        {
            "Time": "2023-03-22",
            "value": 1.881649348975914
        },
        {
            "Time": "2023-03-23",
            "value": 0.12017035302608628
        },
        {
            "Time": "2023-03-24",
            "value": 0.13164814619798149
        },
        {
            "Time": "2023-03-25",
            "value": 0.19873987221782233
        },
        {
            "Time": "2023-03-26",
            "value": 0.9365339719586293
        },
        {
            "Time": "2023-03-27",
            "value": 0.0
        }
    ]
}