{
    "data": [
        {
            "Time": "2022-11-27",
            "value": 0.2257062985083614
        },
        {
            "Time": "2022-11-28",
            "value": 0.6812896114910325
        },
        {
            "Time": "2022-11-29",
            "value": 0.5826152773009422
        },
        {
            "Time": "2022-11-30",
            "value": 0.31136260257750237
        },
        {
            "Time": "2022-12-01",
            "value": 0.36390104560492476
        },
        {
            "Time": "2022-12-02",
            "value": 0.38509447642921296
        },
        {
            "Time": "2022-12-03",
            "value": 0.5894402527769909
        },
        {
            "Time": "2022-12-04",
            "value": 0.46882626544896544
        },
        {
            "Time": "2022-12-05",
            "value": 0.41282292003168625
        },
        {
            "Time": "2022-12-06",
            "value": 0.0
        },
        {
            "Time": "2022-12-07",
            "value": 0.0
        },
        {
            "Time": "2022-12-08",
            "value": 0.758382937963879
        },
        {
            "Time": "2022-12-09",
            "value": 0.6467685674896991
        },
        {
            "Time": "2022-12-10",
            "value": 1.2230518585893688
        },
        {
            "Time": "2022-12-11",
            "value": 0.36132280341143513
        },
        {
            "Time": "2022-12-12",
            "value": 0.8336720684505811
        },
        {
            "Time": "2022-12-13",
            "value": 1.0202693836353731
        },
        {
            "Time": "2022-12-14",
            "value": 0.5985806332293132
        },
        {
            "Time": "2022-12-15",
            "value": 0.44806760100392773
        },
        {
            "Time": "2022-12-16",
            "value": 0.30575423294742143
        },
        {
            "Time": "2022-12-17",
            "value": 0.39993411089401576
        },
        {
            "Time": "2022-12-18",
            "value": 1.4142953817750958
        },
        {
            "Time": "2022-12-19",
            "value": 1.3136629669822029
        },
        {
            "Time": "2022-12-20",
            "value": 0.9003761603638039
        },
        {
            "Time": "2022-12-21",
            "value": 1.3330325508287326
        },
        {
            "Time": "2022-12-22",
            "value": 1.3657410212394785
        },
        {
            "Time": "2022-12-23",
            "value": 1.399103365228938
        },
        {
            "Time": "2022-12-24",
            "value": 1.402958076314898
        },
        {
            "Time": "2022-12-25",
            "value": 1.4000833289438914
        },
        {
            "Time": "2022-12-26",
            "value": 1.2265494050020087
        },
        {
            "Time": "2022-12-27",
            "value": 0.7394121319041833
        },
        {
            "Time": "2022-12-28",
            "value": 0.4430555508011574
        },
        {
            "Time": "2022-12-29",
            "value": 0.2863101829155093
        },
        {
            "Time": "2022-12-30",
            "value": 0.41354166284375
        },
        {
            "Time": "2022-12-31",
            "value": 0.995550207229293
        },
        {
            "Time": "2023-01-01",
            "value": 0.6629028733657387
        },
        {
            "Time": "2023-01-02",
            "value": 0.3597874198657407
        },
        {
            "Time": "2023-01-03",
            "value": 0.4075321876859072
        },
        {
            "Time": "2023-01-04",
            "value": 0.4170389652365162
        },
        {
            "Time": "2023-01-05",
            "value": 0.5188621637422222
        },
        {
            "Time": "2023-01-06",
            "value": 1.340477302257153
        },
        {
            "Time": "2023-01-07",
            "value": 1.384909915485056
        },
        {
            "Time": "2023-01-08",
            "value": 1.4074514316995443
        },
        {
            "Time": "2023-01-09",
            "value": 0.45722222308298605
        },
        {
            "Time": "2023-01-10",
            "value": 0.48870869195715
        },
        {
            "Time": "2023-01-11",
            "value": 0.6560662509925375
        },
        {
            "Time": "2023-01-12",
            "value": 1.0824853986614755
        },
        {
            "Time": "2023-01-13",
            "value": 0.32493866904209534
        },
        {
            "Time": "2023-01-14",
            "value": 1.0839964614591073
        },
        {
            "Time": "2023-01-15",
            "value": 0.37601915459890833
        },
        {
            "Time": "2023-01-16",
            "value": 1.2819683466607543
        },
        {
            "Time": "2023-01-17",
            "value": 0.44413247102004944
        },
        {
            "Time": "2023-01-18",
            "value": 1.4176952299307843
        },
        {
            "Time": "2023-01-19",
            "value": 1.2691197412757549
        },
        {
            "Time": "2023-01-20",
            "value": 0.728660561803187
        },
        {
            "Time": "2023-01-21",
            "value": 0.28981249973717593
        },
        {
            "Time": "2023-01-22",
            "value": 1.2704452696482578
        },
        {
            "Time": "2023-01-23",
            "value": 0.2782291673021759
        },
        {
            "Time": "2023-01-24",
            "value": 1.1289703798765265
        },
        {
            "Time": "2023-01-25",
            "value": 1.55947592274716
        },
        {
            "Time": "2023-01-26",
            "value": 0.9659642592186493
        },
        {
            "Time": "2023-01-27",
            "value": 1.4847643623086808
        },
        {
            "Time": "2023-01-28",
            "value": 1.5827045713385708
        },
        {
            "Time": "2023-01-29",
            "value": 1.5978689377456268
        },
        {
            "Time": "2023-01-30",
            "value": 1.605448607943264
        },
        {
            "Time": "2023-01-31",
            "value": 1.5905332279497106
        },
        {
            "Time": "2023-02-01",
            "value": 0.4591435110273148
        },
        {
            "Time": "2023-02-02",
            "value": 0.8573272826433627
        },
        {
            "Time": "2023-02-03",
            "value": 0.5224449917590998
        },
        {
            "Time": "2023-02-04",
            "value": 0.23343749790277776
        },
        {
            "Time": "2023-02-05",
            "value": 0.39391699480529513
        },
        {
            "Time": "2023-02-06",
            "value": 1.2095706560801802
        },
        {
            "Time": "2023-02-07",
            "value": 0.38965217236056
        },
        {
            "Time": "2023-02-08",
            "value": 0.23498284848536927
        },
        {
            "Time": "2023-02-09",
            "value": 0.46482845023797215
        },
        {
            "Time": "2023-02-10",
            "value": 0.2977868063495742
        },
        {
            "Time": "2023-02-11",
            "value": 0.7385292406756677
        },
        {
            "Time": "2023-02-12",
            "value": 0.9522186189152707
        },
        {
            "Time": "2023-02-13",
            "value": 0.43398588853752934
        },
        {
            "Time": "2023-02-14",
            "value": 0.8736602431640224
        },
        {
            "Time": "2023-02-15",
            "value": 1.6221926235323119
        },
        {
            "Time": "2023-02-16",
            "value": 1.7407469854813193
        },
        {
            "Time": "2023-02-17",
            "value": 1.4995650498609416
        },
        {
            "Time": "2023-02-18",
            "value": 1.5623701961363676
        },
        {
            "Time": "2023-02-19",
            "value": 0.7458878156701212
        },
        {
            "Time": "2023-02-20",
            "value": 1.3280137277862738
        },
        {
            "Time": "2023-02-21",
            "value": 1.7318993152803241
        },
        {
            "Time": "2023-02-22",
            "value": 1.6596245237448504
        },
        {
            "Time": "2023-02-23",
            "value": 1.5630336882273477
        },
        {
            "Time": "2023-02-24",
            "value": 0.9630232654445614
        },
        {
            "Time": "2023-02-25",
            "value": 1.7392664248128464
        },
        {
            "Time": "2023-02-26",
            "value": 1.793636329486932
        },
        {
            "Time": "2023-02-27",
            "value": 1.6823771818648354
        },
        {
            "Time": "2023-02-28",
            "value": 1.2835166195759158
        },
        {
            "Time": "2023-03-01",
            "value": 1.1418260252399497
        },
        {
            "Time": "2023-03-02",
            "value": 1.4457113708116398
        },
        {
            "Time": "2023-03-03",
            "value": 1.7008765950660796
        },
        {
            "Time": "2023-03-04",
            "value": 2.052538230852764
        },
        {
            "Time": "2023-03-05",
            "value": 2.0038717175668412
        },
        {
            "Time": "2023-03-06",
            "value": 2.1170537430562404
        },
        {
            "Time": "2023-03-07",
            "value": 2.1708904859017144
        },
        {
            "Time": "2023-03-08",
            "value": 2.0614287079780738
        },
        {
            "Time": "2023-03-09",
            "value": 1.8282882827918994
        },
        {
            "Time": "2023-03-10",
            "value": 2.445599562122887
        },
        {
            "Time": "2023-03-11",
            "value": 2.1247867320893548
        },
        {
            "Time": "2023-03-12",
            "value": 0.6104480921560614
        },
        {
            "Time": "2023-03-13",
            "value": 2.109743130564772
        },
        {
            "Time": "2023-03-14",
            "value": 2.787244391728488
        },
        {
            "Time": "2023-03-15",
            "value": 2.3452577260131178
        },
        {
            "Time": "2023-03-16",
            "value": 2.40506779478323
        },
        {
            "Time": "2023-03-17",
            "value": 1.4890911214584444
        },
        {
            "Time": "2023-03-18",
            "value": 0.4315744328761409
        },
        {
            "Time": "2023-03-19",
            "value": 0.20258680444733793
        },
        {
            "Time": "2023-03-20",
            "value": 2.034406139378871
        },
        {
            "Time": "2023-03-21",
            "value": 1.1486292955335948
        },
        {
            "Time": "2023-03-22",
            "value": 1.9817091105971762
        },
        {
            "Time": "2023-03-23",
            "value": 0.2654519680375
        },
        {
            "Time": "2023-03-24",
            "value": 0.2919759851343171
        },
        {
            "Time": "2023-03-25",
            "value": 0.346303326928163
        },
        {
            "Time": "2023-03-26",
            "value": 1.1156962363301814
        },
        {
            "Time": "2023-03-27",
            "value": 0.0
        }
    ]
}