{
    "data": [
        {
            "Time": "2022-11-27",
            "value": 0.2695262568324219
        },
        {
            "Time": "2022-11-28",
            "value": 0.8972962132825871
        },
        {
            "Time": "2022-11-29",
            "value": 0.8820596113099428
        },
        {
            "Time": "2022-11-30",
            "value": 0.3483735272348753
        },
        {
            "Time": "2022-12-01",
            "value": 0.3954027758775926
        },
        {
            "Time": "2022-12-02",
            "value": 0.43117139843708885
        },
        {
            "Time": "2022-12-03",
            "value": 0.6448697722219916
        },
        {
            "Time": "2022-12-04",
            "value": 0.5266228530089944
        },
        {
            "Time": "2022-12-05",
            "value": 0.4526630324349665
        },
        {
            "Time": "2022-12-06",
            "value": 0.6452220080374806
        },
        {
            "Time": "2022-12-07",
            "value": 0.21451417545040508
        },
        {
            "Time": "2022-12-08",
            "value": 0.9419689155091769
        },
        {
            "Time": "2022-12-09",
            "value": 0.7386368405233443
        },
        {
            "Time": "2022-12-10",
            "value": 2.192380663958317
        },
        {
            "Time": "2022-12-11",
            "value": 0.41877675396139713
        },
        {
            "Time": "2022-12-12",
            "value": 1.206016776728311
        },
        {
            "Time": "2022-12-13",
            "value": 1.7056637221227748
        },
        {
            "Time": "2022-12-14",
            "value": 0.6707551095098471
        },
        {
            "Time": "2022-12-15",
            "value": 0.5052666697556237
        },
        {
            "Time": "2022-12-16",
            "value": 0.34992274112559607
        },
        {
            "Time": "2022-12-17",
            "value": 0.46902913418654274
        },
        {
            "Time": "2022-12-18",
            "value": 2.7631444826858296
        },
        {
            "Time": "2022-12-19",
            "value": 2.5768246524110805
        },
        {
            "Time": "2022-12-20",
            "value": 1.477442755913337
        },
        {
            "Time": "2022-12-21",
            "value": 2.489982914476111
        },
        {
            "Time": "2022-12-22",
            "value": 2.5349393803612204
        },
        {
            "Time": "2022-12-23",
            "value": 2.651590745874864
        },
        {
            "Time": "2022-12-24",
            "value": 2.684697315229668
        },
        {
            "Time": "2022-12-25",
            "value": 2.7231787640277143
        },
        {
            "Time": "2022-12-26",
            "value": 2.1567576591889894
        },
        {
            "Time": "2022-12-27",
            "value": 0.9499762724590561
        },
        {
            "Time": "2022-12-28",
            "value": 0.48756994009292326
        },
        {
            "Time": "2022-12-29",
            "value": 0.3206993982547619
        },
        {
            "Time": "2022-12-30",
            "value": 0.44645320648908726
        },
        {
            "Time": "2022-12-31",
            "value": 1.4251103785498107
        },
        {
            "Time": "2023-01-01",
            "value": 0.7753185225823618
        },
        {
            "Time": "2023-01-02",
            "value": 0.4133721901367394
        },
        {
            "Time": "2023-01-03",
            "value": 0.44715915466587297
        },
        {
            "Time": "2023-01-04",
            "value": 0.4621666203450943
        },
        {
            "Time": "2023-01-05",
            "value": 0.5654751163004051
        },
        {
            "Time": "2023-01-06",
            "value": 2.526413976083201
        },
        {
            "Time": "2023-01-07",
            "value": 2.6937630965140076
        },
        {
            "Time": "2023-01-08",
            "value": 2.67183143919169
        },
        {
            "Time": "2023-01-09",
            "value": 0.5108952578971032
        },
        {
            "Time": "2023-01-10",
            "value": 0.5706552796051803
        },
        {
            "Time": "2023-01-11",
            "value": 0.7403818735189617
        },
        {
            "Time": "2023-01-12",
            "value": 1.621863726823603
        },
        {
            "Time": "2023-01-13",
            "value": 0.37761693501468885
        },
        {
            "Time": "2023-01-14",
            "value": 1.792222729008629
        },
        {
            "Time": "2023-01-15",
            "value": 0.4171831568020596
        },
        {
            "Time": "2023-01-16",
            "value": 2.1828264040280088
        },
        {
            "Time": "2023-01-17",
            "value": 0.492058918830082
        },
        {
            "Time": "2023-01-18",
            "value": 2.5813940010884413
        },
        {
            "Time": "2023-01-19",
            "value": 2.092604590170581
        },
        {
            "Time": "2023-01-20",
            "value": 0.8801525884825417
        },
        {
            "Time": "2023-01-21",
            "value": 0.3294973872983565
        },
        {
            "Time": "2023-01-22",
            "value": 2.0517751093797383
        },
        {
            "Time": "2023-01-23",
            "value": 0.314527578950954
        },
        {
            "Time": "2023-01-24",
            "value": 1.822621862569357
        },
        {
            "Time": "2023-01-25",
            "value": 2.855610154859075
        },
        {
            "Time": "2023-01-26",
            "value": 1.3705731335686866
        },
        {
            "Time": "2023-01-27",
            "value": 2.5833561047169438
        },
        {
            "Time": "2023-01-28",
            "value": 2.852661142469521
        },
        {
            "Time": "2023-01-29",
            "value": 2.893605558419752
        },
        {
            "Time": "2023-01-30",
            "value": 2.974641567564638
        },
        {
            "Time": "2023-01-31",
            "value": 2.931118764999676
        },
        {
            "Time": "2023-02-01",
            "value": 0.5122343787401041
        },
        {
            "Time": "2023-02-02",
            "value": 1.1121811750908355
        },
        {
            "Time": "2023-02-03",
            "value": 0.5853579485556294
        },
        {
            "Time": "2023-02-04",
            "value": 0.2452381364421296
        },
        {
            "Time": "2023-02-05",
            "value": 0.44548959740822586
        },
        {
            "Time": "2023-02-06",
            "value": 1.7814948687529064
        },
        {
            "Time": "2023-02-07",
            "value": 0.45887490975485823
        },
        {
            "Time": "2023-02-08",
            "value": 0.27763834347375854
        },
        {
            "Time": "2023-02-09",
            "value": 0.5336500689337187
        },
        {
            "Time": "2023-02-10",
            "value": 0.33638968789691426
        },
        {
            "Time": "2023-02-11",
            "value": 0.9069839066683862
        },
        {
            "Time": "2023-02-12",
            "value": 1.2454810874798707
        },
        {
            "Time": "2023-02-13",
            "value": 0.5220476130296421
        },
        {
            "Time": "2023-02-14",
            "value": 1.0239740115862959
        },
        {
            "Time": "2023-02-15",
            "value": 2.6925384830701073
        },
        {
            "Time": "2023-02-16",
            "value": 3.1151053749574764
        },
        {
            "Time": "2023-02-17",
            "value": 2.2854863509774805
        },
        {
            "Time": "2023-02-18",
            "value": 2.7126466125147015
        },
        {
            "Time": "2023-02-19",
            "value": 0.8387999771777389
        },
        {
            "Time": "2023-02-20",
            "value": 1.6035424819541595
        },
        {
            "Time": "2023-02-21",
            "value": 3.0698331334704947
        },
        {
            "Time": "2023-02-22",
            "value": 2.5843312475802778
        },
        {
            "Time": "2023-02-23",
            "value": 2.4403751149998216
        },
        {
            "Time": "2023-02-24",
            "value": 1.1666542642611117
        },
        {
            "Time": "2023-02-25",
            "value": 2.8417955639661843
        },
        {
            "Time": "2023-02-26",
            "value": 3.14403980378237
        },
        {
            "Time": "2023-02-27",
            "value": 2.7247678807403544
        },
        {
            "Time": "2023-02-28",
            "value": 1.5363841133119873
        },
        {
            "Time": "2023-03-01",
            "value": 1.5953558310390539
        },
        {
            "Time": "2023-03-02",
            "value": 2.076385781508813
        },
        {
            "Time": "2023-03-03",
            "value": 2.821833529999879
        },
        {
            "Time": "2023-03-04",
            "value": 3.1283156383140347
        },
        {
            "Time": "2023-03-05",
            "value": 3.0944121428099924
        },
        {
            "Time": "2023-03-06",
            "value": 3.1969633677563656
        },
        {
            "Time": "2023-03-07",
            "value": 3.1589120808782494
        },
        {
            "Time": "2023-03-08",
            "value": 2.9152534706728535
        },
        {
            "Time": "2023-03-09",
            "value": 2.2996188893240825
        },
        {
            "Time": "2023-03-10",
            "value": 3.2192820826036788
        },
        {
            "Time": "2023-03-11",
            "value": 2.779046942225059
        },
        {
            "Time": "2023-03-12",
            "value": 0.6812365749379646
        },
        {
            "Time": "2023-03-13",
            "value": 2.569256483994874
        },
        {
            "Time": "2023-03-14",
            "value": 3.2844925443584336
        },
        {
            "Time": "2023-03-15",
            "value": 2.713468075149449
        },
        {
            "Time": "2023-03-16",
            "value": 2.747535668498663
        },
        {
            "Time": "2023-03-17",
            "value": 1.6693475534430422
        },
        {
            "Time": "2023-03-18",
            "value": 0.48590793333142185
        },
        {
            "Time": "2023-03-19",
            "value": 0.26691535990566834
        },
        {
            "Time": "2023-03-20",
            "value": 2.2067979616158673
        },
        {
            "Time": "2023-03-21",
            "value": 1.2663002424947107
        },
        {
            "Time": "2023-03-22",
            "value": 2.156015306880073
        },
        {
            "Time": "2023-03-23",
            "value": 0.30438150808521675
        },
        {
            "Time": "2023-03-24",
            "value": 0.3502776960752811
        },
        {
            "Time": "2023-03-25",
            "value": 0.3951915538332754
        },
        {
            "Time": "2023-03-26",
            "value": 1.2253486117530887
        },
        {
            "Time": "2023-03-27",
            "value": 0.0
        }
    ]
}