{
    "data": [
        {
            "Time": "2022-11-27",
            "value": 0.1763395511115906
        },
        {
            "Time": "2022-11-28",
            "value": 0.6391712151112248
        },
        {
            "Time": "2022-11-29",
            "value": 0.5976335792550656
        },
        {
            "Time": "2022-11-30",
            "value": 0.2542472686556666
        },
        {
            "Time": "2022-12-01",
            "value": 0.310126736816331
        },
        {
            "Time": "2022-12-02",
            "value": 0.32868832375890705
        },
        {
            "Time": "2022-12-03",
            "value": 0.5103381851787101
        },
        {
            "Time": "2022-12-04",
            "value": 0.40475797543293734
        },
        {
            "Time": "2022-12-05",
            "value": 0.3487029497296022
        },
        {
            "Time": "2022-12-06",
            "value": 0.5057706639692378
        },
        {
            "Time": "2022-12-07",
            "value": 0.15481423841336805
        },
        {
            "Time": "2022-12-08",
            "value": 0.6572989059880109
        },
        {
            "Time": "2022-12-09",
            "value": 0.5558865020675081
        },
        {
            "Time": "2022-12-10",
            "value": 1.2649710293312544
        },
        {
            "Time": "2022-12-11",
            "value": 0.3163029538857234
        },
        {
            "Time": "2022-12-12",
            "value": 0.7281204988174781
        },
        {
            "Time": "2022-12-13",
            "value": 1.0008418531777385
        },
        {
            "Time": "2022-12-14",
            "value": 0.5195723354606018
        },
        {
            "Time": "2022-12-15",
            "value": 0.38955275819032054
        },
        {
            "Time": "2022-12-16",
            "value": 0.26148784739615905
        },
        {
            "Time": "2022-12-17",
            "value": 0.32897952680856746
        },
        {
            "Time": "2022-12-18",
            "value": 1.5190031030541098
        },
        {
            "Time": "2022-12-19",
            "value": 1.563910044669891
        },
        {
            "Time": "2022-12-20",
            "value": 0.9987068505731551
        },
        {
            "Time": "2022-12-21",
            "value": 1.396972500003113
        },
        {
            "Time": "2022-12-22",
            "value": 1.4705725983136144
        },
        {
            "Time": "2022-12-23",
            "value": 1.6689257411226528
        },
        {
            "Time": "2022-12-24",
            "value": 1.5076009026675898
        },
        {
            "Time": "2022-12-25",
            "value": 1.4930665954943465
        },
        {
            "Time": "2022-12-26",
            "value": 1.3252649980316293
        },
        {
            "Time": "2022-12-27",
            "value": 0.6386814004723659
        },
        {
            "Time": "2022-12-28",
            "value": 0.37691798753042327
        },
        {
            "Time": "2022-12-29",
            "value": 0.23861689696319444
        },
        {
            "Time": "2022-12-30",
            "value": 0.3579629713451388
        },
        {
            "Time": "2022-12-31",
            "value": 0.870304518585624
        },
        {
            "Time": "2023-01-01",
            "value": 0.5708593814330906
        },
        {
            "Time": "2023-01-02",
            "value": 0.3094733757905092
        },
        {
            "Time": "2023-01-03",
            "value": 0.3455486091124339
        },
        {
            "Time": "2023-01-04",
            "value": 0.3478761567307292
        },
        {
            "Time": "2023-01-05",
            "value": 0.4506018491553241
        },
        {
            "Time": "2023-01-06",
            "value": 1.5706693174228181
        },
        {
            "Time": "2023-01-07",
            "value": 1.484211229124807
        },
        {
            "Time": "2023-01-08",
            "value": 1.5151928652473714
        },
        {
            "Time": "2023-01-09",
            "value": 0.39810796974522156
        },
        {
            "Time": "2023-01-10",
            "value": 0.4238040250189732
        },
        {
            "Time": "2023-01-11",
            "value": 0.5666319546148629
        },
        {
            "Time": "2023-01-12",
            "value": 0.9680312263703763
        },
        {
            "Time": "2023-01-13",
            "value": 0.2824185737224706
        },
        {
            "Time": "2023-01-14",
            "value": 0.9945525758566122
        },
        {
            "Time": "2023-01-15",
            "value": 0.32683337766436343
        },
        {
            "Time": "2023-01-16",
            "value": 1.1185566876946773
        },
        {
            "Time": "2023-01-17",
            "value": 0.3834722165837384
        },
        {
            "Time": "2023-01-18",
            "value": 1.5161470187709085
        },
        {
            "Time": "2023-01-19",
            "value": 1.2497290986520952
        },
        {
            "Time": "2023-01-20",
            "value": 0.6328830669248318
        },
        {
            "Time": "2023-01-21",
            "value": 0.24702661718143518
        },
        {
            "Time": "2023-01-22",
            "value": 1.271414945933553
        },
        {
            "Time": "2023-01-23",
            "value": 0.2321608787405324
        },
        {
            "Time": "2023-01-24",
            "value": 0.9198520592341175
        },
        {
            "Time": "2023-01-25",
            "value": 1.6329737178423203
        },
        {
            "Time": "2023-01-26",
            "value": 0.8716146678640055
        },
        {
            "Time": "2023-01-27",
            "value": 1.4217148181928074
        },
        {
            "Time": "2023-01-28",
            "value": 1.6268662457511676
        },
        {
            "Time": "2023-01-29",
            "value": 1.7176251478588673
        },
        {
            "Time": "2023-01-30",
            "value": 1.7522987156295222
        },
        {
            "Time": "2023-01-31",
            "value": 1.6513908335628757
        },
        {
            "Time": "2023-02-01",
            "value": 0.4021134233502662
        },
        {
            "Time": "2023-02-02",
            "value": 0.7566195014552366
        },
        {
            "Time": "2023-02-03",
            "value": 0.4527275191897281
        },
        {
            "Time": "2023-02-04",
            "value": 0.16813695790451388
        },
        {
            "Time": "2023-02-05",
            "value": 0.3380813462459309
        },
        {
            "Time": "2023-02-06",
            "value": 1.0830969575925786
        },
        {
            "Time": "2023-02-07",
            "value": 0.3303269474674821
        },
        {
            "Time": "2023-02-08",
            "value": 0.19482826371685408
        },
        {
            "Time": "2023-02-09",
            "value": 0.39686624217388944
        },
        {
            "Time": "2023-02-10",
            "value": 0.2506797955725653
        },
        {
            "Time": "2023-02-11",
            "value": 0.622898913889853
        },
        {
            "Time": "2023-02-12",
            "value": 0.8393883559357489
        },
        {
            "Time": "2023-02-13",
            "value": 0.3759088486899524
        },
        {
            "Time": "2023-02-14",
            "value": 0.7348177593260532
        },
        {
            "Time": "2023-02-15",
            "value": 1.4952681726180037
        },
        {
            "Time": "2023-02-16",
            "value": 1.7963541050142857
        },
        {
            "Time": "2023-02-17",
            "value": 1.4354166842990612
        },
        {
            "Time": "2023-02-18",
            "value": 1.5296035881853038
        },
        {
            "Time": "2023-02-19",
            "value": 0.6544764500821564
        },
        {
            "Time": "2023-02-20",
            "value": 1.1377855546009141
        },
        {
            "Time": "2023-02-21",
            "value": 1.7117418850847224
        },
        {
            "Time": "2023-02-22",
            "value": 1.5770875525837422
        },
        {
            "Time": "2023-02-23",
            "value": 1.4736926594921285
        },
        {
            "Time": "2023-02-24",
            "value": 0.8485522412506777
        },
        {
            "Time": "2023-02-25",
            "value": 1.5847289986804456
        },
        {
            "Time": "2023-02-26",
            "value": 1.6963796307127315
        },
        {
            "Time": "2023-02-27",
            "value": 1.5420902659043856
        },
        {
            "Time": "2023-02-28",
            "value": 1.1468654478101856
        },
        {
            "Time": "2023-03-01",
            "value": 1.0252836309714193
        },
        {
            "Time": "2023-03-02",
            "value": 1.2773785328559377
        },
        {
            "Time": "2023-03-03",
            "value": 1.5764937094712963
        },
        {
            "Time": "2023-03-04",
            "value": 1.6770949180333332
        },
        {
            "Time": "2023-03-05",
            "value": 1.6664155008599537
        },
        {
            "Time": "2023-03-06",
            "value": 1.7146643428422454
        },
        {
            "Time": "2023-03-07",
            "value": 1.6926099525572917
        },
        {
            "Time": "2023-03-08",
            "value": 1.6047764349876081
        },
        {
            "Time": "2023-03-09",
            "value": 1.321513378434457
        },
        {
            "Time": "2023-03-10",
            "value": 1.7272685102061343
        },
        {
            "Time": "2023-03-11",
            "value": 1.5755275343995214
        },
        {
            "Time": "2023-03-12",
            "value": 0.5263435865545765
        },
        {
            "Time": "2023-03-13",
            "value": 1.616518570304785
        },
        {
            "Time": "2023-03-14",
            "value": 1.7757118105828704
        },
        {
            "Time": "2023-03-15",
            "value": 1.591090257201024
        },
        {
            "Time": "2023-03-16",
            "value": 1.6239344540860394
        },
        {
            "Time": "2023-03-17",
            "value": 1.172313737867793
        },
        {
            "Time": "2023-03-18",
            "value": 0.3766083790042879
        },
        {
            "Time": "2023-03-19",
            "value": 0.167635581922123
        },
        {
            "Time": "2023-03-20",
            "value": 1.4793981585726896
        },
        {
            "Time": "2023-03-21",
            "value": 0.9701922971794613
        },
        {
            "Time": "2023-03-22",
            "value": 1.4451021580560555
        },
        {
            "Time": "2023-03-23",
            "value": 0.2131511800570657
        },
        {
            "Time": "2023-03-24",
            "value": 0.2528317668920304
        },
        {
            "Time": "2023-03-25",
            "value": 0.28955439733449073
        },
        {
            "Time": "2023-03-26",
            "value": 0.9797590636523374
        },
        {
            "Time": "2023-03-27",
            "value": 0.0
        }
    ]
}