{
    "data": [
        {
            "Time": "2022-11-27",
            "value": 0.16590600682873768
        },
        {
            "Time": "2022-11-28",
            "value": 0.6914054214948243
        },
        {
            "Time": "2022-11-29",
            "value": 0.6375687581534895
        },
        {
            "Time": "2022-11-30",
            "value": 0.24697835295490647
        },
        {
            "Time": "2022-12-01",
            "value": 0.3091700241666092
        },
        {
            "Time": "2022-12-02",
            "value": 0.3401470162241139
        },
        {
            "Time": "2022-12-03",
            "value": 0.5605773341057652
        },
        {
            "Time": "2022-12-04",
            "value": 0.712638548488667
        },
        {
            "Time": "2022-12-05",
            "value": 0.0
        },
        {
            "Time": "2022-12-06",
            "value": 0.0
        },
        {
            "Time": "2022-12-07",
            "value": 0.0
        },
        {
            "Time": "2022-12-08",
            "value": 0.7483824720266996
        },
        {
            "Time": "2022-12-09",
            "value": 0.6249993152854595
        },
        {
            "Time": "2022-12-10",
            "value": 1.2935544241331778
        },
        {
            "Time": "2022-12-11",
            "value": 0.3233005794311697
        },
        {
            "Time": "2022-12-12",
            "value": 0.8260271712893824
        },
        {
            "Time": "2022-12-13",
            "value": 1.0952728255778068
        },
        {
            "Time": "2022-12-14",
            "value": 0.5664086512555099
        },
        {
            "Time": "2022-12-15",
            "value": 0.4162105563127636
        },
        {
            "Time": "2022-12-16",
            "value": 0.2618894058163041
        },
        {
            "Time": "2022-12-17",
            "value": 0.36017479311198086
        },
        {
            "Time": "2022-12-18",
            "value": 1.4479886985727004
        },
        {
            "Time": "2022-12-19",
            "value": 1.3788310432760562
        },
        {
            "Time": "2022-12-20",
            "value": 0.9481277889678081
        },
        {
            "Time": "2022-12-21",
            "value": 1.3924128943149794
        },
        {
            "Time": "2022-12-22",
            "value": 1.4073760807264062
        },
        {
            "Time": "2022-12-23",
            "value": 1.4301450663755093
        },
        {
            "Time": "2022-12-24",
            "value": 1.442175925906412
        },
        {
            "Time": "2022-12-25",
            "value": 1.496434859212536
        },
        {
            "Time": "2022-12-26",
            "value": 1.2656624043584692
        },
        {
            "Time": "2022-12-27",
            "value": 0.7216292446426478
        },
        {
            "Time": "2022-12-28",
            "value": 0.3930902173419118
        },
        {
            "Time": "2022-12-29",
            "value": 0.23588283980917862
        },
        {
            "Time": "2022-12-30",
            "value": 0.363385299659696
        },
        {
            "Time": "2022-12-31",
            "value": 1.0380566656366468
        },
        {
            "Time": "2023-01-01",
            "value": 0.6369690382339989
        },
        {
            "Time": "2023-01-02",
            "value": 0.31319324317823394
        },
        {
            "Time": "2023-01-03",
            "value": 0.3538804385552164
        },
        {
            "Time": "2023-01-04",
            "value": 0.3585451388330486
        },
        {
            "Time": "2023-01-05",
            "value": 0.4696040011042414
        },
        {
            "Time": "2023-01-06",
            "value": 1.424133059169632
        },
        {
            "Time": "2023-01-07",
            "value": 1.464855694037365
        },
        {
            "Time": "2023-01-08",
            "value": 1.460019688727961
        },
        {
            "Time": "2023-01-09",
            "value": 0.41161114639278673
        },
        {
            "Time": "2023-01-10",
            "value": 0.447637739862495
        },
        {
            "Time": "2023-01-11",
            "value": 0.6286939541458806
        },
        {
            "Time": "2023-01-12",
            "value": 1.1158040330197454
        },
        {
            "Time": "2023-01-13",
            "value": 0.3032002429708901
        },
        {
            "Time": "2023-01-14",
            "value": 1.1172237649879955
        },
        {
            "Time": "2023-01-15",
            "value": 0.3409814837165467
        },
        {
            "Time": "2023-01-16",
            "value": 1.3338141384842965
        },
        {
            "Time": "2023-01-17",
            "value": 0.3927406089269819
        },
        {
            "Time": "2023-01-18",
            "value": 1.4697709900339953
        },
        {
            "Time": "2023-01-19",
            "value": 1.2963338814596523
        },
        {
            "Time": "2023-01-20",
            "value": 0.7052963549881389
        },
        {
            "Time": "2023-01-21",
            "value": 0.24288194672726274
        },
        {
            "Time": "2023-01-22",
            "value": 1.3596042561746124
        },
        {
            "Time": "2023-01-23",
            "value": 0.23353546198786
        },
        {
            "Time": "2023-01-24",
            "value": 1.1523460671771355
        },
        {
            "Time": "2023-01-25",
            "value": 1.5978151521125
        },
        {
            "Time": "2023-01-26",
            "value": 0.9540843580942687
        },
        {
            "Time": "2023-01-27",
            "value": 1.511155665912757
        },
        {
            "Time": "2023-01-28",
            "value": 1.5865775167925822
        },
        {
            "Time": "2023-01-29",
            "value": 1.6289597505028661
        },
        {
            "Time": "2023-01-30",
            "value": 1.6914600657716283
        },
        {
            "Time": "2023-01-31",
            "value": 1.7181507595815488
        },
        {
            "Time": "2023-02-01",
            "value": 0.42613541771803004
        },
        {
            "Time": "2023-02-02",
            "value": 0.856703457200741
        },
        {
            "Time": "2023-02-03",
            "value": 0.48137870599802113
        },
        {
            "Time": "2023-02-04",
            "value": 0.15897549153724913
        },
        {
            "Time": "2023-02-05",
            "value": 0.34308674683020335
        },
        {
            "Time": "2023-02-06",
            "value": 1.4797298448100453
        },
        {
            "Time": "2023-02-07",
            "value": 0.341199044877324
        },
        {
            "Time": "2023-02-08",
            "value": 0.1833419889219202
        },
        {
            "Time": "2023-02-09",
            "value": 0.42049645545313313
        },
        {
            "Time": "2023-02-10",
            "value": 0.24526482151521273
        },
        {
            "Time": "2023-02-11",
            "value": 0.7525225397520505
        },
        {
            "Time": "2023-02-12",
            "value": 1.0346853216959229
        },
        {
            "Time": "2023-02-13",
            "value": 0.39118560598795976
        },
        {
            "Time": "2023-02-14",
            "value": 0.8471858572088347
        },
        {
            "Time": "2023-02-15",
            "value": 2.243264439949995
        },
        {
            "Time": "2023-02-16",
            "value": 2.712376645774006
        },
        {
            "Time": "2023-02-17",
            "value": 1.9088689523530602
        },
        {
            "Time": "2023-02-18",
            "value": 2.3986495605559743
        },
        {
            "Time": "2023-02-19",
            "value": 0.7133003828866918
        },
        {
            "Time": "2023-02-20",
            "value": 1.4227462528861852
        },
        {
            "Time": "2023-02-21",
            "value": 2.7858193811391776
        },
        {
            "Time": "2023-02-22",
            "value": 2.2955484848753276
        },
        {
            "Time": "2023-02-23",
            "value": 2.2413510519118724
        },
        {
            "Time": "2023-02-24",
            "value": 1.0122545222353037
        },
        {
            "Time": "2023-02-25",
            "value": 2.5842966173600668
        },
        {
            "Time": "2023-02-26",
            "value": 2.9490985872182143
        },
        {
            "Time": "2023-02-27",
            "value": 2.5146650113188547
        },
        {
            "Time": "2023-02-28",
            "value": 1.4057420447588231
        },
        {
            "Time": "2023-03-01",
            "value": 1.467964865726445
        },
        {
            "Time": "2023-03-02",
            "value": 1.882759073910578
        },
        {
            "Time": "2023-03-03",
            "value": 2.624420090783173
        },
        {
            "Time": "2023-03-04",
            "value": 2.945152464794021
        },
        {
            "Time": "2023-03-05",
            "value": 2.9055780212400926
        },
        {
            "Time": "2023-03-06",
            "value": 3.037515242841293
        },
        {
            "Time": "2023-03-07",
            "value": 3.0095104029676323
        },
        {
            "Time": "2023-03-08",
            "value": 2.7789268414901027
        },
        {
            "Time": "2023-03-09",
            "value": 2.1329154030051583
        },
        {
            "Time": "2023-03-10",
            "value": 3.119629467358554
        },
        {
            "Time": "2023-03-11",
            "value": 2.6222812866946237
        },
        {
            "Time": "2023-03-12",
            "value": 0.5855480382784162
        },
        {
            "Time": "2023-03-13",
            "value": 2.427797654149155
        },
        {
            "Time": "2023-03-14",
            "value": 3.2263356143071493
        },
        {
            "Time": "2023-03-15",
            "value": 2.6293198604583625
        },
        {
            "Time": "2023-03-16",
            "value": 2.631551736502914
        },
        {
            "Time": "2023-03-17",
            "value": 1.555997435712471
        },
        {
            "Time": "2023-03-18",
            "value": 0.3976918389101384
        },
        {
            "Time": "2023-03-19",
            "value": 0.15461458134858067
        },
        {
            "Time": "2023-03-20",
            "value": 2.113730704809004
        },
        {
            "Time": "2023-03-21",
            "value": 1.1556803166489382
        },
        {
            "Time": "2023-03-22",
            "value": 2.0466106653526643
        },
        {
            "Time": "2023-03-23",
            "value": 0.20332082362737625
        },
        {
            "Time": "2023-03-24",
            "value": 0.23033992804769576
        },
        {
            "Time": "2023-03-25",
            "value": 0.28314539780367154
        },
        {
            "Time": "2023-03-26",
            "value": 1.0799160511583825
        },
        {
            "Time": "2023-03-27",
            "value": 0.0
        }
    ]
}