{
    "data": [
        {
            "Time": "2022-11-27",
            "value": 0.21105679490386742
        },
        {
            "Time": "2022-11-28",
            "value": 0.6607538240761346
        },
        {
            "Time": "2022-11-29",
            "value": 0.7094472880566393
        },
        {
            "Time": "2022-11-30",
            "value": 0.2696662861449099
        },
        {
            "Time": "2022-12-01",
            "value": 0.32314178184591436
        },
        {
            "Time": "2022-12-02",
            "value": 0.3452656647348545
        },
        {
            "Time": "2022-12-03",
            "value": 0.5388192154748994
        },
        {
            "Time": "2022-12-04",
            "value": 0.43634266904139307
        },
        {
            "Time": "2022-12-05",
            "value": 0.3730073818412778
        },
        {
            "Time": "2022-12-06",
            "value": 0.5341608713929398
        },
        {
            "Time": "2022-12-07",
            "value": 0.16551967721846064
        },
        {
            "Time": "2022-12-08",
            "value": 0.7041610267885022
        },
        {
            "Time": "2022-12-09",
            "value": 0.6032466289266485
        },
        {
            "Time": "2022-12-10",
            "value": 1.5896696877690222
        },
        {
            "Time": "2022-12-11",
            "value": 0.3342905064723264
        },
        {
            "Time": "2022-12-12",
            "value": 0.7892235747767633
        },
        {
            "Time": "2022-12-13",
            "value": 1.2549884259235107
        },
        {
            "Time": "2022-12-14",
            "value": 0.5545468386545409
        },
        {
            "Time": "2022-12-15",
            "value": 0.4057476765059773
        },
        {
            "Time": "2022-12-16",
            "value": 0.27809143455550345
        },
        {
            "Time": "2022-12-17",
            "value": 0.3694069676127339
        },
        {
            "Time": "2022-12-18",
            "value": 2.555203425070016
        },
        {
            "Time": "2022-12-19",
            "value": 2.395630941989565
        },
        {
            "Time": "2022-12-20",
            "value": 1.259095382211916
        },
        {
            "Time": "2022-12-21",
            "value": 2.343317814386029
        },
        {
            "Time": "2022-12-22",
            "value": 2.3514377666519266
        },
        {
            "Time": "2022-12-23",
            "value": 2.479284141025711
        },
        {
            "Time": "2022-12-24",
            "value": 2.4924147510172867
        },
        {
            "Time": "2022-12-25",
            "value": 2.528164079112278
        },
        {
            "Time": "2022-12-26",
            "value": 1.902089426059117
        },
        {
            "Time": "2022-12-27",
            "value": 0.6718192010060491
        },
        {
            "Time": "2022-12-28",
            "value": 0.40723148231192136
        },
        {
            "Time": "2022-12-29",
            "value": 0.2606759260835648
        },
        {
            "Time": "2022-12-30",
            "value": 0.3820833354155093
        },
        {
            "Time": "2022-12-31",
            "value": 0.9473083814259423
        },
        {
            "Time": "2023-01-01",
            "value": 0.610044039533587
        },
        {
            "Time": "2023-01-02",
            "value": 0.3331944396958333
        },
        {
            "Time": "2023-01-03",
            "value": 0.37563051255995367
        },
        {
            "Time": "2023-01-04",
            "value": 0.3739684610947338
        },
        {
            "Time": "2023-01-05",
            "value": 0.47373793328514385
        },
        {
            "Time": "2023-01-06",
            "value": 2.353652398512634
        },
        {
            "Time": "2023-01-07",
            "value": 2.457477727264112
        },
        {
            "Time": "2023-01-08",
            "value": 2.443087359463863
        },
        {
            "Time": "2023-01-09",
            "value": 0.42544973263505287
        },
        {
            "Time": "2023-01-10",
            "value": 0.44259242419547784
        },
        {
            "Time": "2023-01-11",
            "value": 0.5906460397618924
        },
        {
            "Time": "2023-01-12",
            "value": 1.0301287463299083
        },
        {
            "Time": "2023-01-13",
            "value": 0.30286127569572796
        },
        {
            "Time": "2023-01-14",
            "value": 1.0950111408232857
        },
        {
            "Time": "2023-01-15",
            "value": 0.3420661066653345
        },
        {
            "Time": "2023-01-16",
            "value": 1.1902294808042484
        },
        {
            "Time": "2023-01-17",
            "value": 0.40163409037595077
        },
        {
            "Time": "2023-01-18",
            "value": 2.3687356331836216
        },
        {
            "Time": "2023-01-19",
            "value": 1.2151418609545261
        },
        {
            "Time": "2023-01-20",
            "value": 0.6709754211362783
        },
        {
            "Time": "2023-01-21",
            "value": 0.2639699043829398
        },
        {
            "Time": "2023-01-22",
            "value": 1.3200282246044053
        },
        {
            "Time": "2023-01-23",
            "value": 0.24942939730108799
        },
        {
            "Time": "2023-01-24",
            "value": 1.0897374734153116
        },
        {
            "Time": "2023-01-25",
            "value": 2.5786284950853036
        },
        {
            "Time": "2023-01-26",
            "value": 0.9055238827273782
        },
        {
            "Time": "2023-01-27",
            "value": 1.4052067598193974
        },
        {
            "Time": "2023-01-28",
            "value": 2.624990015045543
        },
        {
            "Time": "2023-01-29",
            "value": 2.6414627147607477
        },
        {
            "Time": "2023-01-30",
            "value": 2.710409712144802
        },
        {
            "Time": "2023-01-31",
            "value": 2.659950332319603
        },
        {
            "Time": "2023-02-01",
            "value": 0.4316666629416898
        },
        {
            "Time": "2023-02-02",
            "value": 0.8175100575702265
        },
        {
            "Time": "2023-02-03",
            "value": 0.4848036897825646
        },
        {
            "Time": "2023-02-04",
            "value": 0.18782754378526786
        },
        {
            "Time": "2023-02-05",
            "value": 0.351507443193144
        },
        {
            "Time": "2023-02-06",
            "value": 1.1614532538777564
        },
        {
            "Time": "2023-02-07",
            "value": 0.3517616121944072
        },
        {
            "Time": "2023-02-08",
            "value": 0.21580941880810298
        },
        {
            "Time": "2023-02-09",
            "value": 0.42824714574013695
        },
        {
            "Time": "2023-02-10",
            "value": 0.2676594907892824
        },
        {
            "Time": "2023-02-11",
            "value": 0.6982390487684652
        },
        {
            "Time": "2023-02-12",
            "value": 0.9159461390045689
        },
        {
            "Time": "2023-02-13",
            "value": 0.4104632588331724
        },
        {
            "Time": "2023-02-14",
            "value": 0.8231640064131672
        },
        {
            "Time": "2023-02-15",
            "value": 1.5327144639499035
        },
        {
            "Time": "2023-02-16",
            "value": 2.815356741690479
        },
        {
            "Time": "2023-02-17",
            "value": 1.44014889301234
        },
        {
            "Time": "2023-02-18",
            "value": 2.2559981232993054
        },
        {
            "Time": "2023-02-19",
            "value": 0.692001150162037
        },
        {
            "Time": "2023-02-20",
            "value": 1.236881578300954
        },
        {
            "Time": "2023-02-21",
            "value": 1.728482708015699
        },
        {
            "Time": "2023-02-22",
            "value": 1.6032090654936664
        },
        {
            "Time": "2023-02-23",
            "value": 1.5253801510254903
        },
        {
            "Time": "2023-02-24",
            "value": 0.9024833919465769
        },
        {
            "Time": "2023-02-25",
            "value": 1.6749682188027342
        },
        {
            "Time": "2023-02-26",
            "value": 1.771615608487159
        },
        {
            "Time": "2023-02-27",
            "value": 1.6480658614386552
        },
        {
            "Time": "2023-02-28",
            "value": 1.2065284958303428
        },
        {
            "Time": "2023-03-01",
            "value": 1.0786565366627996
        },
        {
            "Time": "2023-03-02",
            "value": 1.3838562994943138
        },
        {
            "Time": "2023-03-03",
            "value": 2.1743481406679592
        },
        {
            "Time": "2023-03-04",
            "value": 2.5870733546260496
        },
        {
            "Time": "2023-03-05",
            "value": 2.546572216431427
        },
        {
            "Time": "2023-03-06",
            "value": 2.678485572995404
        },
        {
            "Time": "2023-03-07",
            "value": 2.6724273163605092
        },
        {
            "Time": "2023-03-08",
            "value": 1.6769934921597613
        },
        {
            "Time": "2023-03-09",
            "value": 1.6522177727086955
        },
        {
            "Time": "2023-03-10",
            "value": 2.7642740714492056
        },
        {
            "Time": "2023-03-11",
            "value": 1.7821382228695923
        },
        {
            "Time": "2023-03-12",
            "value": 0.5727590198822534
        },
        {
            "Time": "2023-03-13",
            "value": 1.7344591690387523
        },
        {
            "Time": "2023-03-14",
            "value": 2.015435572276543
        },
        {
            "Time": "2023-03-15",
            "value": 1.8278790288500535
        },
        {
            "Time": "2023-03-16",
            "value": 1.8795428250624537
        },
        {
            "Time": "2023-03-17",
            "value": 1.2200369060018383
        },
        {
            "Time": "2023-03-18",
            "value": 0.40409658503732826
        },
        {
            "Time": "2023-03-19",
            "value": 0.18886574071064813
        },
        {
            "Time": "2023-03-20",
            "value": 1.8237880811436848
        },
        {
            "Time": "2023-03-21",
            "value": 1.0310876106146811
        },
        {
            "Time": "2023-03-22",
            "value": 1.687986778425716
        },
        {
            "Time": "2023-03-23",
            "value": 0.22651339867896073
        },
        {
            "Time": "2023-03-24",
            "value": 0.2633436950100379
        },
        {
            "Time": "2023-03-25",
            "value": 0.306259796874876
        },
        {
            "Time": "2023-03-26",
            "value": 1.021927691219902
        },
        {
            "Time": "2023-03-27",
            "value": 0.0
        }
    ]
}