{
    "data": [
        {
            "Time": "2022-11-27",
            "value": 0.17499176611562067
        },
        {
            "Time": "2022-11-28",
            "value": 0.8652650802952293
        },
        {
            "Time": "2022-11-29",
            "value": 0.7820741772913089
        },
        {
            "Time": "2022-11-30",
            "value": 0.2723260447429301
        },
        {
            "Time": "2022-12-01",
            "value": 0.3218002334880775
        },
        {
            "Time": "2022-12-02",
            "value": 0.35522654312969126
        },
        {
            "Time": "2022-12-03",
            "value": 0.5821392153006112
        },
        {
            "Time": "2022-12-04",
            "value": 0.45462235978259286
        },
        {
            "Time": "2022-12-05",
            "value": 0.3699054202055723
        },
        {
            "Time": "2022-12-06",
            "value": 0.5565050163654164
        },
        {
            "Time": "2022-12-07",
            "value": 0.15917458195559836
        },
        {
            "Time": "2022-12-08",
            "value": 0.8707623746105837
        },
        {
            "Time": "2022-12-09",
            "value": 0.6716650713858865
        },
        {
            "Time": "2022-12-10",
            "value": 2.0700223269518236
        },
        {
            "Time": "2022-12-11",
            "value": 0.33507093880161104
        },
        {
            "Time": "2022-12-12",
            "value": 1.12174339705098
        },
        {
            "Time": "2022-12-13",
            "value": 1.5281433239919409
        },
        {
            "Time": "2022-12-14",
            "value": 0.6001986684130782
        },
        {
            "Time": "2022-12-15",
            "value": 0.43234063382731164
        },
        {
            "Time": "2022-12-16",
            "value": 0.2739709143522125
        },
        {
            "Time": "2022-12-17",
            "value": 0.39141280597827854
        },
        {
            "Time": "2022-12-18",
            "value": 2.816494211313273
        },
        {
            "Time": "2022-12-19",
            "value": 2.511246818289368
        },
        {
            "Time": "2022-12-20",
            "value": 1.335637617815963
        },
        {
            "Time": "2022-12-21",
            "value": 2.432835271161512
        },
        {
            "Time": "2022-12-22",
            "value": 2.595229410090985
        },
        {
            "Time": "2022-12-23",
            "value": 2.734418623097909
        },
        {
            "Time": "2022-12-24",
            "value": 2.5818936507547674
        },
        {
            "Time": "2022-12-25",
            "value": 2.7750299352931074
        },
        {
            "Time": "2022-12-26",
            "value": 2.0040980446308847
        },
        {
            "Time": "2022-12-27",
            "value": 0.846312000757566
        },
        {
            "Time": "2022-12-28",
            "value": 0.41646786437131533
        },
        {
            "Time": "2022-12-29",
            "value": 0.2437622603050139
        },
        {
            "Time": "2022-12-30",
            "value": 0.3798203940057164
        },
        {
            "Time": "2022-12-31",
            "value": 1.3327438299765795
        },
        {
            "Time": "2023-01-01",
            "value": 0.6861552150571543
        },
        {
            "Time": "2023-01-02",
            "value": 0.3316831985362285
        },
        {
            "Time": "2023-01-03",
            "value": 0.3840754025673284
        },
        {
            "Time": "2023-01-04",
            "value": 0.38838553396199305
        },
        {
            "Time": "2023-01-05",
            "value": 0.48772966173375604
        },
        {
            "Time": "2023-01-06",
            "value": 2.4463383752867216
        },
        {
            "Time": "2023-01-07",
            "value": 2.5508909580697905
        },
        {
            "Time": "2023-01-08",
            "value": 2.560165056945606
        },
        {
            "Time": "2023-01-09",
            "value": 0.44683356480169806
        },
        {
            "Time": "2023-01-10",
            "value": 0.4748644123129393
        },
        {
            "Time": "2023-01-11",
            "value": 0.6583972195870359
        },
        {
            "Time": "2023-01-12",
            "value": 1.5016568334869924
        },
        {
            "Time": "2023-01-13",
            "value": 0.3100670308637497
        },
        {
            "Time": "2023-01-14",
            "value": 1.6854859765689574
        },
        {
            "Time": "2023-01-15",
            "value": 0.361825709005967
        },
        {
            "Time": "2023-01-16",
            "value": 2.0499075525743837
        },
        {
            "Time": "2023-01-17",
            "value": 0.41510098438540277
        },
        {
            "Time": "2023-01-18",
            "value": 2.418847654073879
        },
        {
            "Time": "2023-01-19",
            "value": 2.024675167608992
        },
        {
            "Time": "2023-01-20",
            "value": 0.7919812235680642
        },
        {
            "Time": "2023-01-21",
            "value": 0.2517541095644028
        },
        {
            "Time": "2023-01-22",
            "value": 1.9860003589480226
        },
        {
            "Time": "2023-01-23",
            "value": 0.24248090063884073
        },
        {
            "Time": "2023-01-24",
            "value": 1.7532763726802092
        },
        {
            "Time": "2023-01-25",
            "value": 2.6695832363969796
        },
        {
            "Time": "2023-01-26",
            "value": 1.2994485175362576
        },
        {
            "Time": "2023-01-27",
            "value": 2.448371811395634
        },
        {
            "Time": "2023-01-28",
            "value": 2.7816973624880936
        },
        {
            "Time": "2023-01-29",
            "value": 2.852675790757185
        },
        {
            "Time": "2023-01-30",
            "value": 2.9231033453909316
        },
        {
            "Time": "2023-01-31",
            "value": 2.903415972737532
        },
        {
            "Time": "2023-02-01",
            "value": 0.4422232652458546
        },
        {
            "Time": "2023-02-02",
            "value": 1.0820907542337348
        },
        {
            "Time": "2023-02-03",
            "value": 0.4985088323924915
        },
        {
            "Time": "2023-02-04",
            "value": 0.1605565398183852
        },
        {
            "Time": "2023-02-05",
            "value": 0.36193099919721344
        },
        {
            "Time": "2023-02-06",
            "value": 1.7002913339041434
        },
        {
            "Time": "2023-02-07",
            "value": 0.358228361346392
        },
        {
            "Time": "2023-02-08",
            "value": 0.19652064857162838
        },
        {
            "Time": "2023-02-09",
            "value": 0.4564268472841807
        },
        {
            "Time": "2023-02-10",
            "value": 0.2538908914680722
        },
        {
            "Time": "2023-02-11",
            "value": 0.8574566943615035
        },
        {
            "Time": "2023-02-12",
            "value": 1.195110573412357
        },
        {
            "Time": "2023-02-13",
            "value": 0.41890633933664145
        },
        {
            "Time": "2023-02-14",
            "value": 0.9608869384132157
        },
        {
            "Time": "2023-02-15",
            "value": 2.585814241594308
        },
        {
            "Time": "2023-02-16",
            "value": 3.109370399286232
        },
        {
            "Time": "2023-02-17",
            "value": 2.2078045743221875
        },
        {
            "Time": "2023-02-18",
            "value": 2.70161372745898
        },
        {
            "Time": "2023-02-19",
            "value": 0.7564392673132516
        },
        {
            "Time": "2023-02-20",
            "value": 1.5243905307627377
        },
        {
            "Time": "2023-02-21",
            "value": 2.9977695188985316
        },
        {
            "Time": "2023-02-22",
            "value": 2.506756204043981
        },
        {
            "Time": "2023-02-23",
            "value": 2.417279840773438
        },
        {
            "Time": "2023-02-24",
            "value": 1.0662030492504628
        },
        {
            "Time": "2023-02-25",
            "value": 2.719200975907843
        },
        {
            "Time": "2023-02-26",
            "value": 3.0340566186336093
        },
        {
            "Time": "2023-02-27",
            "value": 2.6346568358656177
        },
        {
            "Time": "2023-02-28",
            "value": 1.4642138123185462
        },
        {
            "Time": "2023-03-01",
            "value": 1.5070784198137552
        },
        {
            "Time": "2023-03-02",
            "value": 2.0245219354037784
        },
        {
            "Time": "2023-03-03",
            "value": 2.6736003239609754
        },
        {
            "Time": "2023-03-04",
            "value": 2.983783143646588
        },
        {
            "Time": "2023-03-05",
            "value": 2.9278537602096146
        },
        {
            "Time": "2023-03-06",
            "value": 3.043622294870503
        },
        {
            "Time": "2023-03-07",
            "value": 3.0095285160544045
        },
        {
            "Time": "2023-03-08",
            "value": 2.7439451521805887
        },
        {
            "Time": "2023-03-09",
            "value": 2.20775747411084
        },
        {
            "Time": "2023-03-10",
            "value": 3.0770368936933368
        },
        {
            "Time": "2023-03-11",
            "value": 2.6177043386024366
        },
        {
            "Time": "2023-03-12",
            "value": 0.6079366410569019
        },
        {
            "Time": "2023-03-13",
            "value": 2.4554903323702293
        },
        {
            "Time": "2023-03-14",
            "value": 3.1614633958252045
        },
        {
            "Time": "2023-03-15",
            "value": 2.62368099771361
        },
        {
            "Time": "2023-03-16",
            "value": 2.6697289253999728
        },
        {
            "Time": "2023-03-17",
            "value": 1.5620358219724548
        },
        {
            "Time": "2023-03-18",
            "value": 0.4083662150638095
        },
        {
            "Time": "2023-03-19",
            "value": 0.1635975437396109
        },
        {
            "Time": "2023-03-20",
            "value": 2.1783936181020724
        },
        {
            "Time": "2023-03-21",
            "value": 1.1906867800620782
        },
        {
            "Time": "2023-03-22",
            "value": 2.0904610340509633
        },
        {
            "Time": "2023-03-23",
            "value": 0.2275366514392168
        },
        {
            "Time": "2023-03-24",
            "value": 0.24881898872140873
        },
        {
            "Time": "2023-03-25",
            "value": 0.30012770071609957
        },
        {
            "Time": "2023-03-26",
            "value": 1.1331549477542413
        },
        {
            "Time": "2023-03-27",
            "value": 0.0
        }
    ]
}