{
    "data": [
        {
            "Time": "2022-11-27",
            "value": 0.3697956295664218
        },
        {
            "Time": "2022-11-28",
            "value": 1.4389017099290735
        },
        {
            "Time": "2022-11-29",
            "value": 1.2581969703815148
        },
        {
            "Time": "2022-11-30",
            "value": 0.49982363999656176
        },
        {
            "Time": "2022-12-01",
            "value": 0.589589070892499
        },
        {
            "Time": "2022-12-02",
            "value": 0.6668798843055724
        },
        {
            "Time": "2022-12-03",
            "value": 1.0904585058529952
        },
        {
            "Time": "2022-12-04",
            "value": 0.8306110449670546
        },
        {
            "Time": "2022-12-05",
            "value": 0.6780721903629138
        },
        {
            "Time": "2022-12-06",
            "value": 1.0417170651695666
        },
        {
            "Time": "2022-12-07",
            "value": 0.308142880073559
        },
        {
            "Time": "2022-12-08",
            "value": 1.5122309498832014
        },
        {
            "Time": "2022-12-09",
            "value": 1.2220123001214596
        },
        {
            "Time": "2022-12-10",
            "value": 3.2686047711211144
        },
        {
            "Time": "2022-12-11",
            "value": 0.6258226382387237
        },
        {
            "Time": "2022-12-12",
            "value": 1.886731138114061
        },
        {
            "Time": "2022-12-13",
            "value": 2.3925530060760156
        },
        {
            "Time": "2022-12-14",
            "value": 1.1094492442758057
        },
        {
            "Time": "2022-12-15",
            "value": 0.8028211182684548
        },
        {
            "Time": "2022-12-16",
            "value": 0.5045876616851753
        },
        {
            "Time": "2022-12-17",
            "value": 0.7074073850583515
        },
        {
            "Time": "2022-12-18",
            "value": 3.905147878401347
        },
        {
            "Time": "2022-12-19",
            "value": 3.7278199461361567
        },
        {
            "Time": "2022-12-20",
            "value": 2.104326128389462
        },
        {
            "Time": "2022-12-21",
            "value": 3.6498678326627063
        },
        {
            "Time": "2022-12-22",
            "value": 3.6669031751843586
        },
        {
            "Time": "2022-12-23",
            "value": 3.8248718613083783
        },
        {
            "Time": "2022-12-24",
            "value": 3.839079414008968
        },
        {
            "Time": "2022-12-25",
            "value": 4.061348637127525
        },
        {
            "Time": "2022-12-26",
            "value": 3.1212327957129933
        },
        {
            "Time": "2022-12-27",
            "value": 1.4681884250377784
        },
        {
            "Time": "2022-12-28",
            "value": 0.7711762578492615
        },
        {
            "Time": "2022-12-29",
            "value": 0.47863153383091656
        },
        {
            "Time": "2022-12-30",
            "value": 0.7305140575944941
        },
        {
            "Time": "2022-12-31",
            "value": 2.2147871281456086
        },
        {
            "Time": "2023-01-01",
            "value": 1.2468591339953776
        },
        {
            "Time": "2023-01-02",
            "value": 0.6162304862410715
        },
        {
            "Time": "2023-01-03",
            "value": 0.6797099734023149
        },
        {
            "Time": "2023-01-04",
            "value": 0.7189213633634012
        },
        {
            "Time": "2023-01-05",
            "value": 0.9205551751135772
        },
        {
            "Time": "2023-01-06",
            "value": 3.680534013817338
        },
        {
            "Time": "2023-01-07",
            "value": 4.034771151796476
        },
        {
            "Time": "2023-01-08",
            "value": 3.908142570546612
        },
        {
            "Time": "2023-01-09",
            "value": 0.8238732031194067
        },
        {
            "Time": "2023-01-10",
            "value": 0.875122949874748
        },
        {
            "Time": "2023-01-11",
            "value": 1.2105006523003705
        },
        {
            "Time": "2023-01-12",
            "value": 2.4562066219668575
        },
        {
            "Time": "2023-01-13",
            "value": 0.5933723407873039
        },
        {
            "Time": "2023-01-14",
            "value": 2.7146424936993183
        },
        {
            "Time": "2023-01-15",
            "value": 0.6515600641366881
        },
        {
            "Time": "2023-01-16",
            "value": 3.2010784597849224
        },
        {
            "Time": "2023-01-17",
            "value": 0.7818906817025264
        },
        {
            "Time": "2023-01-18",
            "value": 3.712844001965086
        },
        {
            "Time": "2023-01-19",
            "value": 3.17225614759854
        },
        {
            "Time": "2023-01-20",
            "value": 1.3905507005997328
        },
        {
            "Time": "2023-01-21",
            "value": 0.47502937455330685
        },
        {
            "Time": "2023-01-22",
            "value": 3.1182876878733508
        },
        {
            "Time": "2023-01-23",
            "value": 0.4564594775448071
        },
        {
            "Time": "2023-01-24",
            "value": 2.804925168266129
        },
        {
            "Time": "2023-01-25",
            "value": 4.09431187688817
        },
        {
            "Time": "2023-01-26",
            "value": 2.1054034756175426
        },
        {
            "Time": "2023-01-27",
            "value": 3.7837010673278946
        },
        {
            "Time": "2023-01-28",
            "value": 4.14632885355749
        },
        {
            "Time": "2023-01-29",
            "value": 4.24632641631793
        },
        {
            "Time": "2023-01-30",
            "value": 4.347306161999165
        },
        {
            "Time": "2023-01-31",
            "value": 4.307426404891744
        },
        {
            "Time": "2023-02-01",
            "value": 0.8461587971123098
        },
        {
            "Time": "2023-02-02",
            "value": 1.8551045519733198
        },
        {
            "Time": "2023-02-03",
            "value": 0.9319805923178895
        },
        {
            "Time": "2023-02-04",
            "value": 0.33247836524432595
        },
        {
            "Time": "2023-02-05",
            "value": 0.6735945787748329
        },
        {
            "Time": "2023-02-06",
            "value": 2.7942380378499325
        },
        {
            "Time": "2023-02-07",
            "value": 0.6780569316124336
        },
        {
            "Time": "2023-02-08",
            "value": 0.37987391689733935
        },
        {
            "Time": "2023-02-09",
            "value": 0.8567672602586527
        },
        {
            "Time": "2023-02-10",
            "value": 0.4776925271144172
        },
        {
            "Time": "2023-02-11",
            "value": 1.4904463637055758
        },
        {
            "Time": "2023-02-12",
            "value": 2.064756120622156
        },
        {
            "Time": "2023-02-13",
            "value": 0.7366995117945915
        },
        {
            "Time": "2023-02-14",
            "value": 1.7180512955523088
        },
        {
            "Time": "2023-02-15",
            "value": 4.097705366901687
        },
        {
            "Time": "2023-02-16",
            "value": 4.657223592496086
        },
        {
            "Time": "2023-02-17",
            "value": 3.571790477949463
        },
        {
            "Time": "2023-02-18",
            "value": 4.165495329317452
        },
        {
            "Time": "2023-02-19",
            "value": 1.3702098834891248
        },
        {
            "Time": "2023-02-20",
            "value": 2.62814875909018
        },
        {
            "Time": "2023-02-21",
            "value": 4.590945151106888
        },
        {
            "Time": "2023-02-22",
            "value": 4.028229154243503
        },
        {
            "Time": "2023-02-23",
            "value": 3.859324561970175
        },
        {
            "Time": "2023-02-24",
            "value": 1.8650690754164143
        },
        {
            "Time": "2023-02-25",
            "value": 4.339002886279742
        },
        {
            "Time": "2023-02-26",
            "value": 4.711911855189327
        },
        {
            "Time": "2023-02-27",
            "value": 4.239597242543024
        },
        {
            "Time": "2023-02-28",
            "value": 2.540836196531231
        },
        {
            "Time": "2023-03-01",
            "value": 2.5552986963146274
        },
        {
            "Time": "2023-03-02",
            "value": 3.419311539870537
        },
        {
            "Time": "2023-03-03",
            "value": 4.254329454151689
        },
        {
            "Time": "2023-03-04",
            "value": 4.654003849194591
        },
        {
            "Time": "2023-03-05",
            "value": 4.588746831051217
        },
        {
            "Time": "2023-03-06",
            "value": 4.745639890529637
        },
        {
            "Time": "2023-03-07",
            "value": 4.67550057351632
        },
        {
            "Time": "2023-03-08",
            "value": 4.302583223131122
        },
        {
            "Time": "2023-03-09",
            "value": 3.7370158946050895
        },
        {
            "Time": "2023-03-10",
            "value": 4.805957049507869
        },
        {
            "Time": "2023-03-11",
            "value": 4.229465890443172
        },
        {
            "Time": "2023-03-12",
            "value": 1.104415435817922
        },
        {
            "Time": "2023-03-13",
            "value": 4.092574395849661
        },
        {
            "Time": "2023-03-14",
            "value": 5.113716517714344
        },
        {
            "Time": "2023-03-15",
            "value": 4.408702701810881
        },
        {
            "Time": "2023-03-16",
            "value": 4.5904610093755345
        },
        {
            "Time": "2023-03-17",
            "value": 2.84200092801047
        },
        {
            "Time": "2023-03-18",
            "value": 0.7680170272852899
        },
        {
            "Time": "2023-03-19",
            "value": 0.3295895761362245
        },
        {
            "Time": "2023-03-20",
            "value": 3.880670691943848
        },
        {
            "Time": "2023-03-21",
            "value": 2.189922460927764
        },
        {
            "Time": "2023-03-22",
            "value": 3.916405245616939
        },
        {
            "Time": "2023-03-23",
            "value": 0.40581826829634615
        },
        {
            "Time": "2023-03-24",
            "value": 0.4577489855581945
        },
        {
            "Time": "2023-03-25",
            "value": 0.5853800306271991
        },
        {
            "Time": "2023-03-26",
            "value": 2.0791970815430285
        },
        {
            "Time": "2023-03-27",
            "value": 0.0
        }
    ]
}