{
    "data": [
        {
            "Time": "2022-11-27",
            "value": 0.1539319828274534
        },
        {
            "Time": "2022-11-28",
            "value": 0.6387756659504389
        },
        {
            "Time": "2022-11-29",
            "value": 0.5908503440836597
        },
        {
            "Time": "2022-11-30",
            "value": 0.24189437321834129
        },
        {
            "Time": "2022-12-01",
            "value": 0.2964903556752523
        },
        {
            "Time": "2022-12-02",
            "value": 0.3349675100957984
        },
        {
            "Time": "2022-12-03",
            "value": 0.5328725454198932
        },
        {
            "Time": "2022-12-04",
            "value": 0.4100305014274188
        },
        {
            "Time": "2022-12-05",
            "value": 0.3362921013495894
        },
        {
            "Time": "2022-12-06",
            "value": 0.5238000733532577
        },
        {
            "Time": "2022-12-07",
            "value": 0.13536219546135547
        },
        {
            "Time": "2022-12-08",
            "value": 0.7005131372503584
        },
        {
            "Time": "2022-12-09",
            "value": 0.5889494271533731
        },
        {
            "Time": "2022-12-10",
            "value": 1.244260931133619
        },
        {
            "Time": "2022-12-11",
            "value": 0.3095014999499529
        },
        {
            "Time": "2022-12-12",
            "value": 0.7779540106736503
        },
        {
            "Time": "2022-12-13",
            "value": 1.07092705021434
        },
        {
            "Time": "2022-12-14",
            "value": 0.5384832308354646
        },
        {
            "Time": "2022-12-15",
            "value": 0.40446988311892534
        },
        {
            "Time": "2022-12-16",
            "value": 0.2543411378432281
        },
        {
            "Time": "2022-12-17",
            "value": 0.3405373877628021
        },
        {
            "Time": "2022-12-18",
            "value": 1.5084881728249087
        },
        {
            "Time": "2022-12-19",
            "value": 1.4216670807170024
        },
        {
            "Time": "2022-12-20",
            "value": 0.9421918742871088
        },
        {
            "Time": "2022-12-21",
            "value": 1.3820694282176162
        },
        {
            "Time": "2022-12-22",
            "value": 1.404186433720851
        },
        {
            "Time": "2022-12-23",
            "value": 1.4639698361923255
        },
        {
            "Time": "2022-12-24",
            "value": 1.4758181813992477
        },
        {
            "Time": "2022-12-25",
            "value": 1.559318203892815
        },
        {
            "Time": "2022-12-26",
            "value": 1.2405843603408497
        },
        {
            "Time": "2022-12-27",
            "value": 0.6905963380359079
        },
        {
            "Time": "2022-12-28",
            "value": 0.3780716673311011
        },
        {
            "Time": "2022-12-29",
            "value": 0.22892135526227514
        },
        {
            "Time": "2022-12-30",
            "value": 0.3570332353175215
        },
        {
            "Time": "2022-12-31",
            "value": 0.9548536917259333
        },
        {
            "Time": "2023-01-01",
            "value": 0.6075864478800734
        },
        {
            "Time": "2023-01-02",
            "value": 0.2994469205444345
        },
        {
            "Time": "2023-01-03",
            "value": 0.3372758846160769
        },
        {
            "Time": "2023-01-04",
            "value": 0.350340100999426
        },
        {
            "Time": "2023-01-05",
            "value": 0.4561570850665474
        },
        {
            "Time": "2023-01-06",
            "value": 1.4048465496177363
        },
        {
            "Time": "2023-01-07",
            "value": 1.5557579345646577
        },
        {
            "Time": "2023-01-08",
            "value": 1.466793205705624
        },
        {
            "Time": "2023-01-09",
            "value": 0.40079828750900687
        },
        {
            "Time": "2023-01-10",
            "value": 0.43237155163648583
        },
        {
            "Time": "2023-01-11",
            "value": 0.5994905971683311
        },
        {
            "Time": "2023-01-12",
            "value": 1.061137729218309
        },
        {
            "Time": "2023-01-13",
            "value": 0.28725047469818377
        },
        {
            "Time": "2023-01-14",
            "value": 1.0690158921946453
        },
        {
            "Time": "2023-01-15",
            "value": 0.32489339437789916
        },
        {
            "Time": "2023-01-16",
            "value": 1.2692339606160554
        },
        {
            "Time": "2023-01-17",
            "value": 0.37894576416081993
        },
        {
            "Time": "2023-01-18",
            "value": 1.4313619093313696
        },
        {
            "Time": "2023-01-19",
            "value": 1.2526893942658768
        },
        {
            "Time": "2023-01-20",
            "value": 0.6682600302277983
        },
        {
            "Time": "2023-01-21",
            "value": 0.22834665857089717
        },
        {
            "Time": "2023-01-22",
            "value": 1.2733968210947104
        },
        {
            "Time": "2023-01-23",
            "value": 0.22257795350946688
        },
        {
            "Time": "2023-01-24",
            "value": 1.0726066543177313
        },
        {
            "Time": "2023-01-25",
            "value": 1.560438725144494
        },
        {
            "Time": "2023-01-26",
            "value": 0.9166165878104222
        },
        {
            "Time": "2023-01-27",
            "value": 1.4483430395676105
        },
        {
            "Time": "2023-01-28",
            "value": 1.571464647168639
        },
        {
            "Time": "2023-01-29",
            "value": 1.606035177489329
        },
        {
            "Time": "2023-01-30",
            "value": 1.6201324693942323
        },
        {
            "Time": "2023-01-31",
            "value": 1.6069864650675445
        },
        {
            "Time": "2023-02-01",
            "value": 0.4070140682040251
        },
        {
            "Time": "2023-02-02",
            "value": 0.8048406740304672
        },
        {
            "Time": "2023-02-03",
            "value": 0.4597796730620205
        },
        {
            "Time": "2023-02-04",
            "value": 0.1497277403391709
        },
        {
            "Time": "2023-02-05",
            "value": 0.32247279379010874
        },
        {
            "Time": "2023-02-06",
            "value": 1.1848283579733894
        },
        {
            "Time": "2023-02-07",
            "value": 0.3299646223418878
        },
        {
            "Time": "2023-02-08",
            "value": 0.1701930785873176
        },
        {
            "Time": "2023-02-09",
            "value": 0.4033144342894022
        },
        {
            "Time": "2023-02-10",
            "value": 0.22963820282283756
        },
        {
            "Time": "2023-02-11",
            "value": 0.6774723557151144
        },
        {
            "Time": "2023-02-12",
            "value": 0.8954938526670271
        },
        {
            "Time": "2023-02-13",
            "value": 0.36595226593156144
        },
        {
            "Time": "2023-02-14",
            "value": 0.7957425990848421
        },
        {
            "Time": "2023-02-15",
            "value": 1.5716652093883425
        },
        {
            "Time": "2023-02-16",
            "value": 1.7316572182615846
        },
        {
            "Time": "2023-02-17",
            "value": 1.4797203706575848
        },
        {
            "Time": "2023-02-18",
            "value": 1.5698833110106067
        },
        {
            "Time": "2023-02-19",
            "value": 0.6698345358888659
        },
        {
            "Time": "2023-02-20",
            "value": 1.242418226934817
        },
        {
            "Time": "2023-02-21",
            "value": 1.7178338593329312
        },
        {
            "Time": "2023-02-22",
            "value": 1.630065901483578
        },
        {
            "Time": "2023-02-23",
            "value": 1.5305968789112363
        },
        {
            "Time": "2023-02-24",
            "value": 0.8953519595087016
        },
        {
            "Time": "2023-02-25",
            "value": 1.7138191614035043
        },
        {
            "Time": "2023-02-26",
            "value": 1.7643411164736247
        },
        {
            "Time": "2023-02-27",
            "value": 1.6438257305745632
        },
        {
            "Time": "2023-02-28",
            "value": 1.2307205441161297
        },
        {
            "Time": "2023-03-01",
            "value": 1.106237645682033
        },
        {
            "Time": "2023-03-02",
            "value": 1.4313136477752766
        },
        {
            "Time": "2023-03-03",
            "value": 1.8218856789629547
        },
        {
            "Time": "2023-03-04",
            "value": 2.0310325894658416
        },
        {
            "Time": "2023-03-05",
            "value": 2.095496858323027
        },
        {
            "Time": "2023-03-06",
            "value": 2.2604452697163504
        },
        {
            "Time": "2023-03-07",
            "value": 2.3451208088857887
        },
        {
            "Time": "2023-03-08",
            "value": 2.3052102220876143
        },
        {
            "Time": "2023-03-09",
            "value": 1.8219829650845365
        },
        {
            "Time": "2023-03-10",
            "value": 2.6678647414566314
        },
        {
            "Time": "2023-03-11",
            "value": 2.422639850351083
        },
        {
            "Time": "2023-03-12",
            "value": 0.5419888887347019
        },
        {
            "Time": "2023-03-13",
            "value": 2.196098253605802
        },
        {
            "Time": "2023-03-14",
            "value": 2.95085939459874
        },
        {
            "Time": "2023-03-15",
            "value": 2.3907901056959653
        },
        {
            "Time": "2023-03-16",
            "value": 2.4394888489332165
        },
        {
            "Time": "2023-03-17",
            "value": 1.4886415573029397
        },
        {
            "Time": "2023-03-18",
            "value": 0.385948312114788
        },
        {
            "Time": "2023-03-19",
            "value": 0.15270556004250174
        },
        {
            "Time": "2023-03-20",
            "value": 1.977186762979676
        },
        {
            "Time": "2023-03-21",
            "value": 1.0828974481304132
        },
        {
            "Time": "2023-03-22",
            "value": 1.9524869910701894
        },
        {
            "Time": "2023-03-23",
            "value": 0.19095832627450143
        },
        {
            "Time": "2023-03-24",
            "value": 0.22141362951151702
        },
        {
            "Time": "2023-03-25",
            "value": 0.27550462889689237
        },
        {
            "Time": "2023-03-26",
            "value": 1.0342095005733865
        },
        {
            "Time": "2023-03-27",
            "value": 0.0
        }
    ]
}