{
    "data": [
        {
            "Time": "2022-11-27",
            "value": 0.10079122208709793
        },
        {
            "Time": "2022-11-28",
            "value": 0.5618287075305994
        },
        {
            "Time": "2022-11-29",
            "value": 0.6180458760672912
        },
        {
            "Time": "2022-11-30",
            "value": 0.199858630236832
        },
        {
            "Time": "2022-12-01",
            "value": 0.23987307129122726
        },
        {
            "Time": "2022-12-02",
            "value": 0.2667722743896457
        },
        {
            "Time": "2022-12-03",
            "value": 0.47330234565510537
        },
        {
            "Time": "2022-12-04",
            "value": 0.3541858804189065
        },
        {
            "Time": "2022-12-05",
            "value": 0.28383763210902724
        },
        {
            "Time": "2022-12-06",
            "value": 0.4404173593367986
        },
        {
            "Time": "2022-12-07",
            "value": 0.11966038045967273
        },
        {
            "Time": "2022-12-08",
            "value": 0.6094362075829831
        },
        {
            "Time": "2022-12-09",
            "value": 0.48947594187941773
        },
        {
            "Time": "2022-12-10",
            "value": 0.9547179584648676
        },
        {
            "Time": "2022-12-11",
            "value": 0.2559604133654179
        },
        {
            "Time": "2022-12-12",
            "value": 0.6804449543474101
        },
        {
            "Time": "2022-12-13",
            "value": 0.6988044980013495
        },
        {
            "Time": "2022-12-14",
            "value": 0.46165223454616916
        },
        {
            "Time": "2022-12-15",
            "value": 0.33252550845699214
        },
        {
            "Time": "2022-12-16",
            "value": 0.2224794951121672
        },
        {
            "Time": "2022-12-17",
            "value": 0.2696398087721488
        },
        {
            "Time": "2022-12-18",
            "value": 2.113889645292669
        },
        {
            "Time": "2022-12-19",
            "value": 1.9985020746822972
        },
        {
            "Time": "2022-12-20",
            "value": 0.5344244939798665
        },
        {
            "Time": "2022-12-21",
            "value": 1.2408596712852393
        },
        {
            "Time": "2022-12-22",
            "value": 0.8850220209330176
        },
        {
            "Time": "2022-12-23",
            "value": 0.8913945441857607
        },
        {
            "Time": "2022-12-24",
            "value": 1.6031359251189516
        },
        {
            "Time": "2022-12-25",
            "value": 1.268630088464732
        },
        {
            "Time": "2022-12-26",
            "value": 1.6868338376081125
        },
        {
            "Time": "2022-12-27",
            "value": 0.5719828261377446
        },
        {
            "Time": "2022-12-28",
            "value": 0.32932031959286284
        },
        {
            "Time": "2022-12-29",
            "value": 0.18517365295365143
        },
        {
            "Time": "2022-12-30",
            "value": 0.29426539013579944
        },
        {
            "Time": "2022-12-31",
            "value": 0.7899150959846907
        },
        {
            "Time": "2023-01-01",
            "value": 0.5061639815696672
        },
        {
            "Time": "2023-01-02",
            "value": 0.25443460699934534
        },
        {
            "Time": "2023-01-03",
            "value": 0.2945121245758805
        },
        {
            "Time": "2023-01-04",
            "value": 0.2974297071472321
        },
        {
            "Time": "2023-01-05",
            "value": 0.392054234144514
        },
        {
            "Time": "2023-01-06",
            "value": 1.321806432240641
        },
        {
            "Time": "2023-01-07",
            "value": 1.433338717831129
        },
        {
            "Time": "2023-01-08",
            "value": 1.350554749487204
        },
        {
            "Time": "2023-01-09",
            "value": 0.3164237739123041
        },
        {
            "Time": "2023-01-10",
            "value": 0.35490583628119526
        },
        {
            "Time": "2023-01-11",
            "value": 0.5075541527928751
        },
        {
            "Time": "2023-01-12",
            "value": 0.8591547123104901
        },
        {
            "Time": "2023-01-13",
            "value": 0.21463398466017453
        },
        {
            "Time": "2023-01-14",
            "value": 0.7980469822846691
        },
        {
            "Time": "2023-01-15",
            "value": 0.2635905542997261
        },
        {
            "Time": "2023-01-16",
            "value": 1.0060031833027645
        },
        {
            "Time": "2023-01-17",
            "value": 0.32075468986712097
        },
        {
            "Time": "2023-01-18",
            "value": 1.3022804707722826
        },
        {
            "Time": "2023-01-19",
            "value": 1.1827610412578347
        },
        {
            "Time": "2023-01-20",
            "value": 0.5719653217687249
        },
        {
            "Time": "2023-01-21",
            "value": 0.1856987373415646
        },
        {
            "Time": "2023-01-22",
            "value": 1.135483849886122
        },
        {
            "Time": "2023-01-23",
            "value": 0.18553787314846737
        },
        {
            "Time": "2023-01-24",
            "value": 0.8820438068687455
        },
        {
            "Time": "2023-01-25",
            "value": 1.2987370183215197
        },
        {
            "Time": "2023-01-26",
            "value": 0.8171710774088008
        },
        {
            "Time": "2023-01-27",
            "value": 1.368989665078988
        },
        {
            "Time": "2023-01-28",
            "value": 1.369001715061916
        },
        {
            "Time": "2023-01-29",
            "value": 1.4718231041853493
        },
        {
            "Time": "2023-01-30",
            "value": 1.507583174703436
        },
        {
            "Time": "2023-01-31",
            "value": 1.5032929774568038
        },
        {
            "Time": "2023-02-01",
            "value": 0.32199842443511617
        },
        {
            "Time": "2023-02-02",
            "value": 0.7043181752173866
        },
        {
            "Time": "2023-02-03",
            "value": 0.39177952596820886
        },
        {
            "Time": "2023-02-04",
            "value": 0.10270261349666866
        },
        {
            "Time": "2023-02-05",
            "value": 0.27131081417997766
        },
        {
            "Time": "2023-02-06",
            "value": 1.0522101016542238
        },
        {
            "Time": "2023-02-07",
            "value": 0.24025914055510297
        },
        {
            "Time": "2023-02-08",
            "value": 0.14422848515567357
        },
        {
            "Time": "2023-02-09",
            "value": 0.3427414614312647
        },
        {
            "Time": "2023-02-10",
            "value": 0.17196260395525986
        },
        {
            "Time": "2023-02-11",
            "value": 0.5796740019039565
        },
        {
            "Time": "2023-02-12",
            "value": 0.7659822270857493
        },
        {
            "Time": "2023-02-13",
            "value": 0.2667844102912385
        },
        {
            "Time": "2023-02-14",
            "value": 0.6689868215032599
        },
        {
            "Time": "2023-02-15",
            "value": 1.4477236357236696
        },
        {
            "Time": "2023-02-16",
            "value": 1.6492429408117308
        },
        {
            "Time": "2023-02-17",
            "value": 1.3289451167637225
        },
        {
            "Time": "2023-02-18",
            "value": 1.4659016657653998
        },
        {
            "Time": "2023-02-19",
            "value": 0.5507307755564697
        },
        {
            "Time": "2023-02-20",
            "value": 1.0767416676446335
        },
        {
            "Time": "2023-02-21",
            "value": 1.617166840444411
        },
        {
            "Time": "2023-02-22",
            "value": 1.4603702983227047
        },
        {
            "Time": "2023-02-23",
            "value": 1.4087319565143388
        },
        {
            "Time": "2023-02-24",
            "value": 0.7836000289893609
        },
        {
            "Time": "2023-02-25",
            "value": 1.5587625152647433
        },
        {
            "Time": "2023-02-26",
            "value": 1.6746572840643543
        },
        {
            "Time": "2023-02-27",
            "value": 1.5169058529086923
        },
        {
            "Time": "2023-02-28",
            "value": 1.06621858522055
        },
        {
            "Time": "2023-03-01",
            "value": 0.9389587378136075
        },
        {
            "Time": "2023-03-02",
            "value": 1.249589610645136
        },
        {
            "Time": "2023-03-03",
            "value": 1.5457945538943147
        },
        {
            "Time": "2023-03-04",
            "value": 1.6785401278905658
        },
        {
            "Time": "2023-03-05",
            "value": 1.6497525431315994
        },
        {
            "Time": "2023-03-06",
            "value": 1.705849358236039
        },
        {
            "Time": "2023-03-07",
            "value": 1.6737615828083332
        },
        {
            "Time": "2023-03-08",
            "value": 1.5537518757395516
        },
        {
            "Time": "2023-03-09",
            "value": 1.2599701119446547
        },
        {
            "Time": "2023-03-10",
            "value": 1.689363106083291
        },
        {
            "Time": "2023-03-11",
            "value": 1.5446466092198263
        },
        {
            "Time": "2023-03-12",
            "value": 0.4344625083679635
        },
        {
            "Time": "2023-03-13",
            "value": 1.5511373097651964
        },
        {
            "Time": "2023-03-14",
            "value": 1.7625185744579583
        },
        {
            "Time": "2023-03-15",
            "value": 1.5658707383295778
        },
        {
            "Time": "2023-03-16",
            "value": 1.5413799409443887
        },
        {
            "Time": "2023-03-17",
            "value": 1.0681014715074235
        },
        {
            "Time": "2023-03-18",
            "value": 0.3034099433322845
        },
        {
            "Time": "2023-03-19",
            "value": 0.1081161509387619
        },
        {
            "Time": "2023-03-20",
            "value": 1.4108762343905203
        },
        {
            "Time": "2023-03-21",
            "value": 0.867516352290755
        },
        {
            "Time": "2023-03-22",
            "value": 1.3229886326597327
        },
        {
            "Time": "2023-03-23",
            "value": 0.12457743671098268
        },
        {
            "Time": "2023-03-24",
            "value": 0.14813008727335553
        },
        {
            "Time": "2023-03-25",
            "value": 0.23765913406965883
        },
        {
            "Time": "2023-03-26",
            "value": 0.8993825439384195
        },
        {
            "Time": "2023-03-27",
            "value": 0.0
        }
    ]
}