{
    "data": [
        {
            "Time": "2022-11-27",
            "value": 0.16223375789068575
        },
        {
            "Time": "2022-11-28",
            "value": 0.6981626713067971
        },
        {
            "Time": "2022-11-29",
            "value": 0.6077054342275523
        },
        {
            "Time": "2022-11-30",
            "value": 0.247773133692625
        },
        {
            "Time": "2022-12-01",
            "value": 0.3112326978321003
        },
        {
            "Time": "2022-12-02",
            "value": 0.34307558364424645
        },
        {
            "Time": "2022-12-03",
            "value": 0.5559845621321793
        },
        {
            "Time": "2022-12-04",
            "value": 0.42891617693901585
        },
        {
            "Time": "2022-12-05",
            "value": 0.35549378059752873
        },
        {
            "Time": "2022-12-06",
            "value": 0.5429286939840807
        },
        {
            "Time": "2022-12-07",
            "value": 0.15280292026949116
        },
        {
            "Time": "2022-12-08",
            "value": 0.7482917231803261
        },
        {
            "Time": "2022-12-09",
            "value": 0.6333815240974524
        },
        {
            "Time": "2022-12-10",
            "value": 1.269717097513187
        },
        {
            "Time": "2022-12-11",
            "value": 0.32288353664736236
        },
        {
            "Time": "2022-12-12",
            "value": 0.8228389589020055
        },
        {
            "Time": "2022-12-13",
            "value": 1.0840429407717371
        },
        {
            "Time": "2022-12-14",
            "value": 0.5662922845581291
        },
        {
            "Time": "2022-12-15",
            "value": 0.41347962713119635
        },
        {
            "Time": "2022-12-16",
            "value": 0.2623042645238345
        },
        {
            "Time": "2022-12-17",
            "value": 0.3606791162076479
        },
        {
            "Time": "2022-12-18",
            "value": 1.4469275015901135
        },
        {
            "Time": "2022-12-19",
            "value": 1.377859831698369
        },
        {
            "Time": "2022-12-20",
            "value": 0.9296059769559387
        },
        {
            "Time": "2022-12-21",
            "value": 1.3623134442060434
        },
        {
            "Time": "2022-12-22",
            "value": 1.3965334916909127
        },
        {
            "Time": "2022-12-23",
            "value": 1.4275563156320363
        },
        {
            "Time": "2022-12-24",
            "value": 1.4380106833858157
        },
        {
            "Time": "2022-12-25",
            "value": 1.8202720521058353
        },
        {
            "Time": "2022-12-26",
            "value": 1.2475457022684884
        },
        {
            "Time": "2022-12-27",
            "value": 0.7248127928761149
        },
        {
            "Time": "2022-12-28",
            "value": 0.39421068362933914
        },
        {
            "Time": "2022-12-29",
            "value": 0.24078009293637034
        },
        {
            "Time": "2022-12-30",
            "value": 0.36765732028622367
        },
        {
            "Time": "2022-12-31",
            "value": 1.0295745255605786
        },
        {
            "Time": "2023-01-01",
            "value": 0.6331349986708387
        },
        {
            "Time": "2023-01-02",
            "value": 0.3259039309543981
        },
        {
            "Time": "2023-01-03",
            "value": 0.3595290009003127
        },
        {
            "Time": "2023-01-04",
            "value": 0.36245927305109915
        },
        {
            "Time": "2023-01-05",
            "value": 0.4689912269933337
        },
        {
            "Time": "2023-01-06",
            "value": 1.388423006541291
        },
        {
            "Time": "2023-01-07",
            "value": 1.8462280117865977
        },
        {
            "Time": "2023-01-08",
            "value": 1.4309899488341655
        },
        {
            "Time": "2023-01-09",
            "value": 0.42043529934493556
        },
        {
            "Time": "2023-01-10",
            "value": 0.4465554866587119
        },
        {
            "Time": "2023-01-11",
            "value": 0.6264243874500011
        },
        {
            "Time": "2023-01-12",
            "value": 1.0903832538006792
        },
        {
            "Time": "2023-01-13",
            "value": 0.2967205663849231
        },
        {
            "Time": "2023-01-14",
            "value": 1.0891445029398161
        },
        {
            "Time": "2023-01-15",
            "value": 0.33990397811980994
        },
        {
            "Time": "2023-01-16",
            "value": 1.3299440721424107
        },
        {
            "Time": "2023-01-17",
            "value": 0.3988695013901056
        },
        {
            "Time": "2023-01-18",
            "value": 1.434984407498469
        },
        {
            "Time": "2023-01-19",
            "value": 1.2757966007091073
        },
        {
            "Time": "2023-01-20",
            "value": 0.6961552310520727
        },
        {
            "Time": "2023-01-21",
            "value": 0.24274838068572152
        },
        {
            "Time": "2023-01-22",
            "value": 1.3374701643816476
        },
        {
            "Time": "2023-01-23",
            "value": 0.2305485680273826
        },
        {
            "Time": "2023-01-24",
            "value": 1.1610714714829693
        },
        {
            "Time": "2023-01-25",
            "value": 1.5513072754157058
        },
        {
            "Time": "2023-01-26",
            "value": 0.9520569664825337
        },
        {
            "Time": "2023-01-27",
            "value": 1.4876053455018912
        },
        {
            "Time": "2023-01-28",
            "value": 1.564660475687319
        },
        {
            "Time": "2023-01-29",
            "value": 1.573872724193319
        },
        {
            "Time": "2023-01-30",
            "value": 2.2229098334544437
        },
        {
            "Time": "2023-01-31",
            "value": 1.5848860180977618
        },
        {
            "Time": "2023-02-01",
            "value": 0.4243305943044407
        },
        {
            "Time": "2023-02-02",
            "value": 0.8660868115610743
        },
        {
            "Time": "2023-02-03",
            "value": 0.47828368183655967
        },
        {
            "Time": "2023-02-04",
            "value": 0.1552611259534346
        },
        {
            "Time": "2023-02-05",
            "value": 0.34424143394459655
        },
        {
            "Time": "2023-02-06",
            "value": 1.3520301474431604
        },
        {
            "Time": "2023-02-07",
            "value": 0.336271085806188
        },
        {
            "Time": "2023-02-08",
            "value": 0.18756937929594375
        },
        {
            "Time": "2023-02-09",
            "value": 0.42887800857850594
        },
        {
            "Time": "2023-02-10",
            "value": 0.24723827619913444
        },
        {
            "Time": "2023-02-11",
            "value": 0.7669620668093595
        },
        {
            "Time": "2023-02-12",
            "value": 1.0321794902833799
        },
        {
            "Time": "2023-02-13",
            "value": 0.38363102159157964
        },
        {
            "Time": "2023-02-14",
            "value": 0.8575046251211554
        },
        {
            "Time": "2023-02-15",
            "value": 2.146348327274358
        },
        {
            "Time": "2023-02-16",
            "value": 2.4824279982353286
        },
        {
            "Time": "2023-02-17",
            "value": 1.8047908985001717
        },
        {
            "Time": "2023-02-18",
            "value": 2.315424106574248
        },
        {
            "Time": "2023-02-19",
            "value": 0.7023975826448915
        },
        {
            "Time": "2023-02-20",
            "value": 1.400269309891172
        },
        {
            "Time": "2023-02-21",
            "value": 2.611839425130275
        },
        {
            "Time": "2023-02-22",
            "value": 2.1843079305448705
        },
        {
            "Time": "2023-02-23",
            "value": 2.210924294813303
        },
        {
            "Time": "2023-02-24",
            "value": 0.9906678382273635
        },
        {
            "Time": "2023-02-25",
            "value": 2.4861903876756606
        },
        {
            "Time": "2023-02-26",
            "value": 2.768281864855389
        },
        {
            "Time": "2023-02-27",
            "value": 2.4627117974316777
        },
        {
            "Time": "2023-02-28",
            "value": 1.3632436653965752
        },
        {
            "Time": "2023-03-01",
            "value": 1.4371440563629323
        },
        {
            "Time": "2023-03-02",
            "value": 1.8778143159399336
        },
        {
            "Time": "2023-03-03",
            "value": 2.5183058062561727
        },
        {
            "Time": "2023-03-04",
            "value": 2.830621194048685
        },
        {
            "Time": "2023-03-05",
            "value": 2.808337223330961
        },
        {
            "Time": "2023-03-06",
            "value": 2.9456977078519313
        },
        {
            "Time": "2023-03-07",
            "value": 2.936575383536115
        },
        {
            "Time": "2023-03-08",
            "value": 2.6866999402630416
        },
        {
            "Time": "2023-03-09",
            "value": 2.1552709812321513
        },
        {
            "Time": "2023-03-10",
            "value": 3.053594683482129
        },
        {
            "Time": "2023-03-11",
            "value": 2.554386749582473
        },
        {
            "Time": "2023-03-12",
            "value": 0.5711158383269959
        },
        {
            "Time": "2023-03-13",
            "value": 2.378674396249106
        },
        {
            "Time": "2023-03-14",
            "value": 3.161345100953152
        },
        {
            "Time": "2023-03-15",
            "value": 2.593827563068169
        },
        {
            "Time": "2023-03-16",
            "value": 2.6074819372717233
        },
        {
            "Time": "2023-03-17",
            "value": 1.516348687791118
        },
        {
            "Time": "2023-03-18",
            "value": 0.39475051256788873
        },
        {
            "Time": "2023-03-19",
            "value": 0.15619061718017166
        },
        {
            "Time": "2023-03-20",
            "value": 2.100099006131217
        },
        {
            "Time": "2023-03-21",
            "value": 1.1292997320555125
        },
        {
            "Time": "2023-03-22",
            "value": 2.0228067514782344
        },
        {
            "Time": "2023-03-23",
            "value": 0.2019700138132445
        },
        {
            "Time": "2023-03-24",
            "value": 0.22576218530611689
        },
        {
            "Time": "2023-03-25",
            "value": 0.28397656153243
        },
        {
            "Time": "2023-03-26",
            "value": 1.0649547835323645
        },
        {
            "Time": "2023-03-27",
            "value": 0.0
        }
    ]
}