{
    "data": [
        {
            "Time": "2022-11-27",
            "value": 0.2744077360609171
        },
        {
            "Time": "2022-11-28",
            "value": 1.0887011512659357
        },
        {
            "Time": "2022-11-29",
            "value": 0.9231114740326407
        },
        {
            "Time": "2022-11-30",
            "value": 0.4045298280725984
        },
        {
            "Time": "2022-12-01",
            "value": 0.49463945115005614
        },
        {
            "Time": "2022-12-02",
            "value": 0.5431068339398898
        },
        {
            "Time": "2022-12-03",
            "value": 0.9057229710626163
        },
        {
            "Time": "2022-12-04",
            "value": 0.67781396486206
        },
        {
            "Time": "2022-12-05",
            "value": 0.5605894721627379
        },
        {
            "Time": "2022-12-06",
            "value": 0.8667322041128299
        },
        {
            "Time": "2022-12-07",
            "value": 0.23291001125458158
        },
        {
            "Time": "2022-12-08",
            "value": 1.055318939627482
        },
        {
            "Time": "2022-12-09",
            "value": 0.9855282715973699
        },
        {
            "Time": "2022-12-10",
            "value": 1.765058161363731
        },
        {
            "Time": "2022-12-11",
            "value": 0.5135789714331264
        },
        {
            "Time": "2022-12-12",
            "value": 0.8886007535514613
        },
        {
            "Time": "2022-12-13",
            "value": 1.4543389781957186
        },
        {
            "Time": "2022-12-14",
            "value": 0.8817825028132369
        },
        {
            "Time": "2022-12-15",
            "value": 0.6518932848093881
        },
        {
            "Time": "2022-12-16",
            "value": 0.411172800305383
        },
        {
            "Time": "2022-12-17",
            "value": 0.5255345016777823
        },
        {
            "Time": "2022-12-18",
            "value": 2.291327725900734
        },
        {
            "Time": "2022-12-19",
            "value": 2.304812693453257
        },
        {
            "Time": "2022-12-20",
            "value": 1.6977473925954147
        },
        {
            "Time": "2022-12-21",
            "value": 2.0438715525046867
        },
        {
            "Time": "2022-12-22",
            "value": 2.430565614641983
        },
        {
            "Time": "2022-12-23",
            "value": 2.762770392893736
        },
        {
            "Time": "2022-12-24",
            "value": 2.4743657021011445
        },
        {
            "Time": "2022-12-25",
            "value": 2.3648982151749314
        },
        {
            "Time": "2022-12-26",
            "value": 2.156498443141234
        },
        {
            "Time": "2022-12-27",
            "value": 0.9690134466761832
        },
        {
            "Time": "2022-12-28",
            "value": 0.6290166938734921
        },
        {
            "Time": "2022-12-29",
            "value": 0.37397649555640405
        },
        {
            "Time": "2022-12-30",
            "value": 0.6061623655316364
        },
        {
            "Time": "2022-12-31",
            "value": 1.3475800069305977
        },
        {
            "Time": "2023-01-01",
            "value": 0.9713376343928378
        },
        {
            "Time": "2023-01-02",
            "value": 0.5003819355618695
        },
        {
            "Time": "2023-01-03",
            "value": 0.575493970834992
        },
        {
            "Time": "2023-01-04",
            "value": 0.5906623205012256
        },
        {
            "Time": "2023-01-05",
            "value": 0.7698431699539561
        },
        {
            "Time": "2023-01-06",
            "value": 2.5203570557086534
        },
        {
            "Time": "2023-01-07",
            "value": 2.465325936264863
        },
        {
            "Time": "2023-01-08",
            "value": 2.5543843420283796
        },
        {
            "Time": "2023-01-09",
            "value": 0.6628108688555004
        },
        {
            "Time": "2023-01-10",
            "value": 0.6881138948140275
        },
        {
            "Time": "2023-01-11",
            "value": 0.9881994596048911
        },
        {
            "Time": "2023-01-12",
            "value": 1.4970842486549414
        },
        {
            "Time": "2023-01-13",
            "value": 0.47170988591858526
        },
        {
            "Time": "2023-01-14",
            "value": 1.308266876625738
        },
        {
            "Time": "2023-01-15",
            "value": 0.5413194675042233
        },
        {
            "Time": "2023-01-16",
            "value": 1.1746615679881234
        },
        {
            "Time": "2023-01-17",
            "value": 0.6435025073880511
        },
        {
            "Time": "2023-01-18",
            "value": 2.694241595032162
        },
        {
            "Time": "2023-01-19",
            "value": 1.7919754903299656
        },
        {
            "Time": "2023-01-20",
            "value": 1.0288649796884857
        },
        {
            "Time": "2023-01-21",
            "value": 0.37746842281645043
        },
        {
            "Time": "2023-01-22",
            "value": 2.0387043884006957
        },
        {
            "Time": "2023-01-23",
            "value": 0.3639098074878261
        },
        {
            "Time": "2023-01-24",
            "value": 1.1515552784710383
        },
        {
            "Time": "2023-01-25",
            "value": 2.930044590535443
        },
        {
            "Time": "2023-01-26",
            "value": 1.4252696239348672
        },
        {
            "Time": "2023-01-27",
            "value": 1.6977914103669336
        },
        {
            "Time": "2023-01-28",
            "value": 2.9880988053277013
        },
        {
            "Time": "2023-01-29",
            "value": 2.948768762563686
        },
        {
            "Time": "2023-01-30",
            "value": 3.0991433834935305
        },
        {
            "Time": "2023-01-31",
            "value": 3.038275661489712
        },
        {
            "Time": "2023-02-01",
            "value": 0.6818177164599075
        },
        {
            "Time": "2023-02-02",
            "value": 1.3042528023826545
        },
        {
            "Time": "2023-02-03",
            "value": 0.7741166143167163
        },
        {
            "Time": "2023-02-04",
            "value": 0.26544291990935553
        },
        {
            "Time": "2023-02-05",
            "value": 0.5537253848241515
        },
        {
            "Time": "2023-02-06",
            "value": 1.8908352363173897
        },
        {
            "Time": "2023-02-07",
            "value": 0.5499052347530264
        },
        {
            "Time": "2023-02-08",
            "value": 0.29831715700491723
        },
        {
            "Time": "2023-02-09",
            "value": 0.6676352893981352
        },
        {
            "Time": "2023-02-10",
            "value": 0.38595342607484207
        },
        {
            "Time": "2023-02-11",
            "value": 1.0830924378146962
        },
        {
            "Time": "2023-02-12",
            "value": 1.4292106750472313
        },
        {
            "Time": "2023-02-13",
            "value": 0.5799832315961692
        },
        {
            "Time": "2023-02-14",
            "value": 1.244285617423098
        },
        {
            "Time": "2023-02-15",
            "value": 2.554017097150324
        },
        {
            "Time": "2023-02-16",
            "value": 3.472738010823997
        },
        {
            "Time": "2023-02-17",
            "value": 2.522216807047287
        },
        {
            "Time": "2023-02-18",
            "value": 2.838700704279697
        },
        {
            "Time": "2023-02-19",
            "value": 1.1173394595014872
        },
        {
            "Time": "2023-02-20",
            "value": 1.993181575084086
        },
        {
            "Time": "2023-02-21",
            "value": 3.20887471651533
        },
        {
            "Time": "2023-02-22",
            "value": 2.8551351274466414
        },
        {
            "Time": "2023-02-23",
            "value": 2.7135223720993924
        },
        {
            "Time": "2023-02-24",
            "value": 1.4624375299262833
        },
        {
            "Time": "2023-02-25",
            "value": 2.8916511753685126
        },
        {
            "Time": "2023-02-26",
            "value": 3.09918494343539
        },
        {
            "Time": "2023-02-27",
            "value": 2.785823651524496
        },
        {
            "Time": "2023-02-28",
            "value": 2.0051773893435985
        },
        {
            "Time": "2023-03-01",
            "value": 1.846325829788369
        },
        {
            "Time": "2023-03-02",
            "value": 2.305307209336667
        },
        {
            "Time": "2023-03-03",
            "value": 2.9071454177506717
        },
        {
            "Time": "2023-03-04",
            "value": 3.136898746215934
        },
        {
            "Time": "2023-03-05",
            "value": 3.1000029466818186
        },
        {
            "Time": "2023-03-06",
            "value": 3.2183928936042765
        },
        {
            "Time": "2023-03-07",
            "value": 3.1653830217635743
        },
        {
            "Time": "2023-03-08",
            "value": 3.014942514224506
        },
        {
            "Time": "2023-03-09",
            "value": 2.4429148644519243
        },
        {
            "Time": "2023-03-10",
            "value": 3.2553762678641394
        },
        {
            "Time": "2023-03-11",
            "value": 2.950135781990542
        },
        {
            "Time": "2023-03-12",
            "value": 0.9120389280907116
        },
        {
            "Time": "2023-03-13",
            "value": 2.926876924418481
        },
        {
            "Time": "2023-03-14",
            "value": 3.350141455282173
        },
        {
            "Time": "2023-03-15",
            "value": 2.992852360446425
        },
        {
            "Time": "2023-03-16",
            "value": 3.015260459730478
        },
        {
            "Time": "2023-03-17",
            "value": 2.108651702000971
        },
        {
            "Time": "2023-03-18",
            "value": 0.627502164494692
        },
        {
            "Time": "2023-03-19",
            "value": 0.2454998563231388
        },
        {
            "Time": "2023-03-20",
            "value": 2.6402251647761266
        },
        {
            "Time": "2023-03-21",
            "value": 1.6968180843184715
        },
        {
            "Time": "2023-03-22",
            "value": 2.6101827224367042
        },
        {
            "Time": "2023-03-23",
            "value": 0.3105636139553359
        },
        {
            "Time": "2023-03-24",
            "value": 0.3592334399629228
        },
        {
            "Time": "2023-03-25",
            "value": 0.46378255755837244
        },
        {
            "Time": "2023-03-26",
            "value": 1.7304892718188254
        },
        {
            "Time": "2023-03-27",
            "value": 0.0
        }
    ]
}