{
    "data": [
        {
            "Time": "2022-11-27",
            "value": 0.20405025044975117
        },
        {
            "Time": "2022-11-28",
            "value": 0.6739527539749365
        },
        {
            "Time": "2022-11-29",
            "value": 0.774588542381475
        },
        {
            "Time": "2022-11-30",
            "value": 0.23859646000456555
        },
        {
            "Time": "2022-12-01",
            "value": 0.3073177087042014
        },
        {
            "Time": "2022-12-02",
            "value": 0.32027288144389204
        },
        {
            "Time": "2022-12-03",
            "value": 0.506090036152026
        },
        {
            "Time": "2022-12-04",
            "value": 0.3901054862449636
        },
        {
            "Time": "2022-12-05",
            "value": 0.0
        },
        {
            "Time": "2022-12-06",
            "value": 0.0
        },
        {
            "Time": "2022-12-07",
            "value": 0.0
        },
        {
            "Time": "2022-12-08",
            "value": 0.6392690572037446
        },
        {
            "Time": "2022-12-09",
            "value": 0.5638207375482448
        },
        {
            "Time": "2022-12-10",
            "value": 1.2170320859714887
        },
        {
            "Time": "2022-12-11",
            "value": 0.3024499999567188
        },
        {
            "Time": "2022-12-12",
            "value": 0.7251651940452457
        },
        {
            "Time": "2022-12-13",
            "value": 1.017963785844515
        },
        {
            "Time": "2022-12-14",
            "value": 0.4924505835954014
        },
        {
            "Time": "2022-12-15",
            "value": 0.3833125550877813
        },
        {
            "Time": "2022-12-16",
            "value": 0.24520973802202836
        },
        {
            "Time": "2022-12-17",
            "value": 0.33251490714614523
        },
        {
            "Time": "2022-12-18",
            "value": 1.9556384227477426
        },
        {
            "Time": "2022-12-19",
            "value": 1.8673235450610886
        },
        {
            "Time": "2022-12-20",
            "value": 0.9212125768712127
        },
        {
            "Time": "2022-12-21",
            "value": 1.4612673510565335
        },
        {
            "Time": "2022-12-22",
            "value": 1.3618848676399462
        },
        {
            "Time": "2022-12-23",
            "value": 1.4177513542042561
        },
        {
            "Time": "2022-12-24",
            "value": 1.7786729513853499
        },
        {
            "Time": "2022-12-25",
            "value": 1.5748530645356162
        },
        {
            "Time": "2022-12-26",
            "value": 1.64267311281163
        },
        {
            "Time": "2022-12-27",
            "value": 0.648790212283134
        },
        {
            "Time": "2022-12-28",
            "value": 0.3645833321122685
        },
        {
            "Time": "2022-12-29",
            "value": 0.2283842597929398
        },
        {
            "Time": "2022-12-30",
            "value": 0.3509490766956018
        },
        {
            "Time": "2022-12-31",
            "value": 0.8427143536977436
        },
        {
            "Time": "2023-01-01",
            "value": 0.5614749621472579
        },
        {
            "Time": "2023-01-02",
            "value": 0.2939236096663195
        },
        {
            "Time": "2023-01-03",
            "value": 0.3332705022513591
        },
        {
            "Time": "2023-01-04",
            "value": 0.3392892147243464
        },
        {
            "Time": "2023-01-05",
            "value": 0.4365254683341435
        },
        {
            "Time": "2023-01-06",
            "value": 1.4434402103589972
        },
        {
            "Time": "2023-01-07",
            "value": 1.5996825312143619
        },
        {
            "Time": "2023-01-08",
            "value": 1.5335465477270673
        },
        {
            "Time": "2023-01-09",
            "value": 0.410178567734828
        },
        {
            "Time": "2023-01-10",
            "value": 0.4144722042782766
        },
        {
            "Time": "2023-01-11",
            "value": 0.5496820280836846
        },
        {
            "Time": "2023-01-12",
            "value": 0.9891677701384018
        },
        {
            "Time": "2023-01-13",
            "value": 0.30043206921860555
        },
        {
            "Time": "2023-01-14",
            "value": 0.9873439422644542
        },
        {
            "Time": "2023-01-15",
            "value": 0.3263137406447547
        },
        {
            "Time": "2023-01-16",
            "value": 1.1752128309194463
        },
        {
            "Time": "2023-01-17",
            "value": 0.3727121365575827
        },
        {
            "Time": "2023-01-18",
            "value": 1.4514431565067667
        },
        {
            "Time": "2023-01-19",
            "value": 1.2305834564190836
        },
        {
            "Time": "2023-01-20",
            "value": 0.6234665803897261
        },
        {
            "Time": "2023-01-21",
            "value": 0.23319965373603585
        },
        {
            "Time": "2023-01-22",
            "value": 1.2522076519534433
        },
        {
            "Time": "2023-01-23",
            "value": 0.22453835610596729
        },
        {
            "Time": "2023-01-24",
            "value": 0.9213674325810404
        },
        {
            "Time": "2023-01-25",
            "value": 1.5057435641430577
        },
        {
            "Time": "2023-01-26",
            "value": 0.8602755365122599
        },
        {
            "Time": "2023-01-27",
            "value": 1.4426182341575624
        },
        {
            "Time": "2023-01-28",
            "value": 1.5188488052784825
        },
        {
            "Time": "2023-01-29",
            "value": 1.568346937511478
        },
        {
            "Time": "2023-01-30",
            "value": 1.6204655154801009
        },
        {
            "Time": "2023-01-31",
            "value": 1.5810461688501076
        },
        {
            "Time": "2023-02-01",
            "value": 0.42600694119398147
        },
        {
            "Time": "2023-02-02",
            "value": 0.71604039422162
        },
        {
            "Time": "2023-02-03",
            "value": 0.4401659796242632
        },
        {
            "Time": "2023-02-04",
            "value": 0.16131859886781325
        },
        {
            "Time": "2023-02-05",
            "value": 0.33203356123697914
        },
        {
            "Time": "2023-02-06",
            "value": 1.0844001939319412
        },
        {
            "Time": "2023-02-07",
            "value": 0.3460385733100432
        },
        {
            "Time": "2023-02-08",
            "value": 0.1770955837895762
        },
        {
            "Time": "2023-02-09",
            "value": 0.3835362888789051
        },
        {
            "Time": "2023-02-10",
            "value": 0.2624426091776951
        },
        {
            "Time": "2023-02-11",
            "value": 0.6099028219773927
        },
        {
            "Time": "2023-02-12",
            "value": 0.8326943477953792
        },
        {
            "Time": "2023-02-13",
            "value": 0.38892767824837327
        },
        {
            "Time": "2023-02-14",
            "value": 0.7071086891063806
        },
        {
            "Time": "2023-02-15",
            "value": 1.4852449316140186
        },
        {
            "Time": "2023-02-16",
            "value": 1.6544797433354397
        },
        {
            "Time": "2023-02-17",
            "value": 1.3561891267046113
        },
        {
            "Time": "2023-02-18",
            "value": 1.4440466216754926
        },
        {
            "Time": "2023-02-19",
            "value": 0.6513217770148644
        },
        {
            "Time": "2023-02-20",
            "value": 1.1182826826151513
        },
        {
            "Time": "2023-02-21",
            "value": 1.6273652353606978
        },
        {
            "Time": "2023-02-22",
            "value": 1.4962884879675165
        },
        {
            "Time": "2023-02-23",
            "value": 1.4006823759392866
        },
        {
            "Time": "2023-02-24",
            "value": 0.8223868333496113
        },
        {
            "Time": "2023-02-25",
            "value": 1.5838511820194738
        },
        {
            "Time": "2023-02-26",
            "value": 1.6693287142060185
        },
        {
            "Time": "2023-02-27",
            "value": 1.5184953149723504
        },
        {
            "Time": "2023-02-28",
            "value": 1.1306761264177962
        },
        {
            "Time": "2023-03-01",
            "value": 1.0346615097444813
        },
        {
            "Time": "2023-03-02",
            "value": 1.2399543796134556
        },
        {
            "Time": "2023-03-03",
            "value": 1.5609543925928109
        },
        {
            "Time": "2023-03-04",
            "value": 1.652165513219676
        },
        {
            "Time": "2023-03-05",
            "value": 1.6351238299822917
        },
        {
            "Time": "2023-03-06",
            "value": 1.6842291589470972
        },
        {
            "Time": "2023-03-07",
            "value": 1.6763842662253472
        },
        {
            "Time": "2023-03-08",
            "value": 1.6250820560522663
        },
        {
            "Time": "2023-03-09",
            "value": 1.3317067353949157
        },
        {
            "Time": "2023-03-10",
            "value": 1.7342916645623843
        },
        {
            "Time": "2023-03-11",
            "value": 1.5642962495998765
        },
        {
            "Time": "2023-03-12",
            "value": 0.5485098984114777
        },
        {
            "Time": "2023-03-13",
            "value": 1.6009067803578687
        },
        {
            "Time": "2023-03-14",
            "value": 1.7863460614500002
        },
        {
            "Time": "2023-03-15",
            "value": 1.602454602290456
        },
        {
            "Time": "2023-03-16",
            "value": 1.6601545480104782
        },
        {
            "Time": "2023-03-17",
            "value": 1.1834385387365378
        },
        {
            "Time": "2023-03-18",
            "value": 0.376323279184866
        },
        {
            "Time": "2023-03-19",
            "value": 0.15978840530092592
        },
        {
            "Time": "2023-03-20",
            "value": 1.4376362861251908
        },
        {
            "Time": "2023-03-21",
            "value": 0.9580813121055791
        },
        {
            "Time": "2023-03-22",
            "value": 1.441817981317089
        },
        {
            "Time": "2023-03-23",
            "value": 0.23379172128271053
        },
        {
            "Time": "2023-03-24",
            "value": 0.2564183998225116
        },
        {
            "Time": "2023-03-25",
            "value": 0.27532850431200395
        },
        {
            "Time": "2023-03-26",
            "value": 0.9618727831706215
        },
        {
            "Time": "2023-03-27",
            "value": 0.0
        }
    ]
}