{
    "data": [
        {
            "Time": "2023-03-01",
            "value": 83.88687133789062
        },
        {
            "Time": "2023-03-02",
            "value": 85.46212768554688
        },
        {
            "Time": "2023-03-03",
            "value": 86.12013244628906
        },
        {
            "Time": "2023-03-06",
            "value": 86.87854766845703
        },
        {
            "Time": "2023-03-07",
            "value": 86.20994567871094
        },
        {
            "Time": "2023-03-08",
            "value": 86.7987289428711
        },
        {
            "Time": "2023-03-09",
            "value": 91.36917114257812
        },
        {
            "Time": "2023-03-10",
            "value": 90.81034088134766
        },
        {
            "Time": "2023-03-13",
            "value": 88.7845687866211
        },
        {
            "Time": "2023-03-14",
            "value": 90.97998046875
        },
        {
            "Time": "2023-03-15",
            "value": 89.57292938232422
        },
        {
            "Time": "2023-03-16",
            "value": 91.7783203125
        },
        {
            "Time": "2023-03-17",
            "value": 90.10181427001952
        },
        {
            "Time": "2023-03-20",
            "value": 89.73258972167969
        },
        {
            "Time": "2023-03-21",
            "value": 91.98787689208984
        },
        {
            "Time": "2023-03-22",
            "value": 89.40327453613281
        },
        {
            "Time": "2023-03-23",
            "value": 91.39910888671876
        },
        {
            "Time": "2023-03-24",
            "value": 91.17957305908205
        },
        {
            "Time": "2023-03-27",
            "value": 93.1155242919922
        },
        {
            "Time": "2023-03-28",
            "value": 92.94587707519533
        },
        {
            "Time": "2023-03-29",
            "value": 93.86396026611328
        },
        {
            "Time": "2023-03-30",
            "value": 93.8539810180664
        },
        {
            "Time": "2023-03-31",
            "value": 95.40074920654295
        }
    ]
}