{
    "data": [
        {
            "Time": "2023-03-01",
            "value": 213.44772338867188
        },
        {
            "Time": "2023-03-02",
            "value": 216.3544921875
        },
        {
            "Time": "2023-03-03",
            "value": 218.4932556152344
        },
        {
            "Time": "2023-03-06",
            "value": 219.24183654785156
        },
        {
            "Time": "2023-03-07",
            "value": 215.1198577880859
        },
        {
            "Time": "2023-03-08",
            "value": 215.79066467285156
        },
        {
            "Time": "2023-03-09",
            "value": 214.08950805664065
        },
        {
            "Time": "2023-03-10",
            "value": 208.79054260253903
        },
        {
            "Time": "2023-03-13",
            "value": 208.78077697753903
        },
        {
            "Time": "2023-03-14",
            "value": 208.8198699951172
        },
        {
            "Time": "2023-03-15",
            "value": 208.4874725341797
        },
        {
            "Time": "2023-03-16",
            "value": 210.98052978515625
        },
        {
            "Time": "2023-03-17",
            "value": 208.45814514160156
        },
        {
            "Time": "2023-03-20",
            "value": 211.0489501953125
        },
        {
            "Time": "2023-03-21",
            "value": 213.22915649414065
        },
        {
            "Time": "2023-03-22",
            "value": 208.4972381591797
        },
        {
            "Time": "2023-03-23",
            "value": 208.8492126464844
        },
        {
            "Time": "2023-03-24",
            "value": 209.34783935546875
        },
        {
            "Time": "2023-03-27",
            "value": 209.5726776123047
        },
        {
            "Time": "2023-03-28",
            "value": 209.36737060546875
        },
        {
            "Time": "2023-03-29",
            "value": 214.98895263671875
        },
        {
            "Time": "2023-03-30",
            "value": 214.5881195068359
        },
        {
            "Time": "2023-03-31",
            "value": 217.65798950195312
        }
    ]
}