{
    "data": [
        {
            "Time": "2023-03-01",
            "value": 188.67559814453125
        },
        {
            "Time": "2023-03-02",
            "value": 190.2113800048828
        },
        {
            "Time": "2023-03-03",
            "value": 192.52972412109375
        },
        {
            "Time": "2023-03-06",
            "value": 192.7449188232422
        },
        {
            "Time": "2023-03-07",
            "value": 191.35585021972656
        },
        {
            "Time": "2023-03-08",
            "value": 191.3069610595703
        },
        {
            "Time": "2023-03-09",
            "value": 188.67559814453125
        },
        {
            "Time": "2023-03-10",
            "value": 189.11578369140625
        },
        {
            "Time": "2023-03-13",
            "value": 188.8907928466797
        },
        {
            "Time": "2023-03-14",
            "value": 188.7636260986328
        },
        {
            "Time": "2023-03-15",
            "value": 184.0193328857422
        },
        {
            "Time": "2023-03-16",
            "value": 185.01712036132812
        },
        {
            "Time": "2023-03-17",
            "value": 180.61520385742188
        },
        {
            "Time": "2023-03-20",
            "value": 185.74099731445312
        },
        {
            "Time": "2023-03-21",
            "value": 186.9930877685547
        },
        {
            "Time": "2023-03-22",
            "value": 183.08029174804688
        },
        {
            "Time": "2023-03-23",
            "value": 182.84548950195312
        },
        {
            "Time": "2023-03-24",
            "value": 184.0584716796875
        },
        {
            "Time": "2023-03-27",
            "value": 183.8921813964844
        },
        {
            "Time": "2023-03-28",
            "value": 183.82369995117188
        },
        {
            "Time": "2023-03-29",
            "value": 184.9486541748047
        },
        {
            "Time": "2023-03-30",
            "value": 184.99754333496097
        },
        {
            "Time": "2023-03-31",
            "value": 186.95394897460935
        }
    ]
}