{
    "data": [
        {
            "Time": "2023-03-01",
            "value": 203.1934356689453
        },
        {
            "Time": "2023-03-02",
            "value": 206.4857177734375
        },
        {
            "Time": "2023-03-03",
            "value": 204.53184509277344
        },
        {
            "Time": "2023-03-06",
            "value": 204.0140686035156
        },
        {
            "Time": "2023-03-07",
            "value": 200.6631622314453
        },
        {
            "Time": "2023-03-08",
            "value": 198.87538146972656
        },
        {
            "Time": "2023-03-09",
            "value": 194.96762084960935
        },
        {
            "Time": "2023-03-10",
            "value": 191.53857421875
        },
        {
            "Time": "2023-03-13",
            "value": 190.6007080078125
        },
        {
            "Time": "2023-03-14",
            "value": 190.6495361328125
        },
        {
            "Time": "2023-03-15",
            "value": 187.61126708984375
        },
        {
            "Time": "2023-03-16",
            "value": 188.46121215820312
        },
        {
            "Time": "2023-03-17",
            "value": 185.62806701660156
        },
        {
            "Time": "2023-03-20",
            "value": 185.3154754638672
        },
        {
            "Time": "2023-03-21",
            "value": 185.1688995361328
        },
        {
            "Time": "2023-03-22",
            "value": 181.43701171875
        },
        {
            "Time": "2023-03-23",
            "value": 181.9059600830078
        },
        {
            "Time": "2023-03-24",
            "value": 184.1626739501953
        },
        {
            "Time": "2023-03-27",
            "value": 188.77381896972656
        },
        {
            "Time": "2023-03-28",
            "value": 192.04656982421875
        },
        {
            "Time": "2023-03-29",
            "value": 194.49867248535156
        },
        {
            "Time": "2023-03-30",
            "value": 193.7855224609375
        },
        {
            "Time": "2023-03-31",
            "value": 196.61862182617188
        }
    ]
}