{
    "data": [
        {
            "Time": "2023-03-01",
            "value": 175.6589813232422
        },
        {
            "Time": "2023-03-02",
            "value": 177.19412231445312
        },
        {
            "Time": "2023-03-03",
            "value": 178.15359497070312
        },
        {
            "Time": "2023-03-06",
            "value": 178.949951171875
        },
        {
            "Time": "2023-03-07",
            "value": 175.84127807617188
        },
        {
            "Time": "2023-03-08",
            "value": 176.82952880859375
        },
        {
            "Time": "2023-03-09",
            "value": 175.4670867919922
        },
        {
            "Time": "2023-03-10",
            "value": 174.18141174316406
        },
        {
            "Time": "2023-03-13",
            "value": 174.8434295654297
        },
        {
            "Time": "2023-03-14",
            "value": 177.5587158203125
        },
        {
            "Time": "2023-03-15",
            "value": 176.8870849609375
        },
        {
            "Time": "2023-03-16",
            "value": 180.30279541015625
        },
        {
            "Time": "2023-03-17",
            "value": 179.21859741210938
        },
        {
            "Time": "2023-03-20",
            "value": 176.0523681640625
        },
        {
            "Time": "2023-03-21",
            "value": 179.21859741210938
        },
        {
            "Time": "2023-03-22",
            "value": 178.01927185058594
        },
        {
            "Time": "2023-03-23",
            "value": 177.77940368652344
        },
        {
            "Time": "2023-03-24",
            "value": 178.5277862548828
        },
        {
            "Time": "2023-03-27",
            "value": 179.7271270751953
        },
        {
            "Time": "2023-03-28",
            "value": 180.12049865722656
        },
        {
            "Time": "2023-03-29",
            "value": 183.7089080810547
        },
        {
            "Time": "2023-03-30",
            "value": 183.3443145751953
        },
        {
            "Time": "2023-03-31",
            "value": 186.1267547607422
        }
    ]
}