{
    "data": [
        {
            "Time": "2023-03-01",
            "value": 243.7144317626953
        },
        {
            "Time": "2023-03-02",
            "value": 247.15447998046875
        },
        {
            "Time": "2023-03-03",
            "value": 250.22210693359375
        },
        {
            "Time": "2023-03-06",
            "value": 248.9186248779297
        },
        {
            "Time": "2023-03-07",
            "value": 241.23486328125
        },
        {
            "Time": "2023-03-08",
            "value": 243.7634429931641
        },
        {
            "Time": "2023-03-09",
            "value": 236.15809631347656
        },
        {
            "Time": "2023-03-10",
            "value": 222.4860687255859
        },
        {
            "Time": "2023-03-13",
            "value": 220.2221221923828
        },
        {
            "Time": "2023-03-14",
            "value": 221.17279052734375
        },
        {
            "Time": "2023-03-15",
            "value": 212.9303741455078
        },
        {
            "Time": "2023-03-16",
            "value": 214.35150146484375
        },
        {
            "Time": "2023-03-17",
            "value": 210.7252197265625
        },
        {
            "Time": "2023-03-20",
            "value": 215.9196014404297
        },
        {
            "Time": "2023-03-21",
            "value": 220.4377288818359
        },
        {
            "Time": "2023-03-22",
            "value": 215.5667724609375
        },
        {
            "Time": "2023-03-23",
            "value": 215.0669403076172
        },
        {
            "Time": "2023-03-24",
            "value": 212.6853790283203
        },
        {
            "Time": "2023-03-27",
            "value": 213.65562438964844
        },
        {
            "Time": "2023-03-28",
            "value": 215.77259826660156
        },
        {
            "Time": "2023-03-29",
            "value": 218.5559844970703
        },
        {
            "Time": "2023-03-30",
            "value": 220.0653076171875
        },
        {
            "Time": "2023-03-31",
            "value": 224.2796173095703
        }
    ]
}