{
    "data": [
        {
            "Time": "2023-03-01",
            "value": 204.5500030517578
        },
        {
            "Time": "2023-03-02",
            "value": 210.05999755859375
        },
        {
            "Time": "2023-03-03",
            "value": 215.11000061035156
        },
        {
            "Time": "2023-03-06",
            "value": 211.9199981689453
        },
        {
            "Time": "2023-03-07",
            "value": 207.9199981689453
        },
        {
            "Time": "2023-03-08",
            "value": 207.1999969482422
        },
        {
            "Time": "2023-03-09",
            "value": 201.2400054931641
        },
        {
            "Time": "2023-03-10",
            "value": 203.07000732421875
        },
        {
            "Time": "2023-03-13",
            "value": 203.3699951171875
        },
        {
            "Time": "2023-03-14",
            "value": 207.27999877929688
        },
        {
            "Time": "2023-03-15",
            "value": 198.2100067138672
        },
        {
            "Time": "2023-03-16",
            "value": 203.19000244140625
        },
        {
            "Time": "2023-03-17",
            "value": 201.0500030517578
        },
        {
            "Time": "2023-03-20",
            "value": 204.77000427246097
        },
        {
            "Time": "2023-03-21",
            "value": 204.6999969482422
        },
        {
            "Time": "2023-03-22",
            "value": 196.16000366210935
        },
        {
            "Time": "2023-03-23",
            "value": 197.8999938964844
        },
        {
            "Time": "2023-03-24",
            "value": 197.52999877929688
        },
        {
            "Time": "2023-03-27",
            "value": 200.57000732421875
        },
        {
            "Time": "2023-03-28",
            "value": 204.9600067138672
        },
        {
            "Time": "2023-03-29",
            "value": 207.97000122070312
        },
        {
            "Time": "2023-03-30",
            "value": 211.0399932861328
        },
        {
            "Time": "2023-03-31",
            "value": 212.42999267578125
        }
    ]
}