{
    "data": [
        {
            "Time": "2022-11-27",
            "value": 0.20750375145809577
        },
        {
            "Time": "2022-11-28",
            "value": 0.8088067902542042
        },
        {
            "Time": "2022-11-29",
            "value": 0.684539587250513
        },
        {
            "Time": "2022-11-30",
            "value": 0.2865156469047897
        },
        {
            "Time": "2022-12-01",
            "value": 0.34727202472820734
        },
        {
            "Time": "2022-12-02",
            "value": 0.3765418965702573
        },
        {
            "Time": "2022-12-03",
            "value": 0.6518410309194201
        },
        {
            "Time": "2022-12-04",
            "value": 0.4880920249764317
        },
        {
            "Time": "2022-12-05",
            "value": 0.39745031144386156
        },
        {
            "Time": "2022-12-06",
            "value": 0.6397213315666126
        },
        {
            "Time": "2022-12-07",
            "value": 0.16187436581013367
        },
        {
            "Time": "2022-12-08",
            "value": 0.877498558557966
        },
        {
            "Time": "2022-12-09",
            "value": 0.7433004856455725
        },
        {
            "Time": "2022-12-10",
            "value": 1.5121103107436524
        },
        {
            "Time": "2022-12-11",
            "value": 0.3695925332419292
        },
        {
            "Time": "2022-12-12",
            "value": 0.9587757364913393
        },
        {
            "Time": "2022-12-13",
            "value": 1.5149411105315895
        },
        {
            "Time": "2022-12-14",
            "value": 0.6577038939102604
        },
        {
            "Time": "2022-12-15",
            "value": 0.4535535895469079
        },
        {
            "Time": "2022-12-16",
            "value": 0.2857747018519288
        },
        {
            "Time": "2022-12-17",
            "value": 0.40662530469954933
        },
        {
            "Time": "2022-12-18",
            "value": 2.5934606467877908
        },
        {
            "Time": "2022-12-19",
            "value": 2.4123395220258037
        },
        {
            "Time": "2022-12-20",
            "value": 1.4044581010532644
        },
        {
            "Time": "2022-12-21",
            "value": 1.7768984846899984
        },
        {
            "Time": "2022-12-22",
            "value": 2.409641783950391
        },
        {
            "Time": "2022-12-23",
            "value": 2.5175771903622217
        },
        {
            "Time": "2022-12-24",
            "value": 2.5563218864970674
        },
        {
            "Time": "2022-12-25",
            "value": 2.595014399846704
        },
        {
            "Time": "2022-12-26",
            "value": 1.5963219167839466
        },
        {
            "Time": "2022-12-27",
            "value": 0.8196955684880224
        },
        {
            "Time": "2022-12-28",
            "value": 0.4429366701000083
        },
        {
            "Time": "2022-12-29",
            "value": 0.25947048816793133
        },
        {
            "Time": "2022-12-30",
            "value": 0.42697313323306313
        },
        {
            "Time": "2022-12-31",
            "value": 1.2266937585592446
        },
        {
            "Time": "2023-01-01",
            "value": 0.7409758004286366
        },
        {
            "Time": "2023-01-02",
            "value": 0.3521991087585115
        },
        {
            "Time": "2023-01-03",
            "value": 0.4116010805895
        },
        {
            "Time": "2023-01-04",
            "value": 0.4240671928614116
        },
        {
            "Time": "2023-01-05",
            "value": 0.554790123110054
        },
        {
            "Time": "2023-01-06",
            "value": 2.4427733173646726
        },
        {
            "Time": "2023-01-07",
            "value": 2.6743958693320016
        },
        {
            "Time": "2023-01-08",
            "value": 2.69707295600766
        },
        {
            "Time": "2023-01-09",
            "value": 0.4778575301995143
        },
        {
            "Time": "2023-01-10",
            "value": 0.4990588323060996
        },
        {
            "Time": "2023-01-11",
            "value": 0.7400311759933142
        },
        {
            "Time": "2023-01-12",
            "value": 1.279532271245477
        },
        {
            "Time": "2023-01-13",
            "value": 0.31934048627916795
        },
        {
            "Time": "2023-01-14",
            "value": 1.2827591737411002
        },
        {
            "Time": "2023-01-15",
            "value": 0.37961596786082324
        },
        {
            "Time": "2023-01-16",
            "value": 1.5298053054874416
        },
        {
            "Time": "2023-01-17",
            "value": 0.46410050424457916
        },
        {
            "Time": "2023-01-18",
            "value": 2.4576228582273547
        },
        {
            "Time": "2023-01-19",
            "value": 1.4777109174003682
        },
        {
            "Time": "2023-01-20",
            "value": 0.8101400713527167
        },
        {
            "Time": "2023-01-21",
            "value": 0.2518146065628806
        },
        {
            "Time": "2023-01-22",
            "value": 1.5572980112903057
        },
        {
            "Time": "2023-01-23",
            "value": 0.24390344965737293
        },
        {
            "Time": "2023-01-24",
            "value": 1.352587982293743
        },
        {
            "Time": "2023-01-25",
            "value": 3.1285276441495418
        },
        {
            "Time": "2023-01-26",
            "value": 1.0893302519149144
        },
        {
            "Time": "2023-01-27",
            "value": 1.7517515307007834
        },
        {
            "Time": "2023-01-28",
            "value": 3.2130629876773913
        },
        {
            "Time": "2023-01-29",
            "value": 3.2771631159994183
        },
        {
            "Time": "2023-01-30",
            "value": 3.3483039240835404
        },
        {
            "Time": "2023-01-31",
            "value": 3.364639578893739
        },
        {
            "Time": "2023-02-01",
            "value": 0.48833209058766947
        },
        {
            "Time": "2023-02-02",
            "value": 1.0345611987257146
        },
        {
            "Time": "2023-02-03",
            "value": 0.55191120409981
        },
        {
            "Time": "2023-02-04",
            "value": 0.1841049834093889
        },
        {
            "Time": "2023-02-05",
            "value": 0.386355746954831
        },
        {
            "Time": "2023-02-06",
            "value": 1.5676488227250038
        },
        {
            "Time": "2023-02-07",
            "value": 0.37155837198655167
        },
        {
            "Time": "2023-02-08",
            "value": 0.19621101138616293
        },
        {
            "Time": "2023-02-09",
            "value": 0.4892054266431468
        },
        {
            "Time": "2023-02-10",
            "value": 0.2616714488563682
        },
        {
            "Time": "2023-02-11",
            "value": 0.8704364481619576
        },
        {
            "Time": "2023-02-12",
            "value": 1.18636455817628
        },
        {
            "Time": "2023-02-13",
            "value": 0.4184288585305353
        },
        {
            "Time": "2023-02-14",
            "value": 1.038108008214043
        },
        {
            "Time": "2023-02-15",
            "value": 2.806768490241599
        },
        {
            "Time": "2023-02-16",
            "value": 3.62089623074326
        },
        {
            "Time": "2023-02-17",
            "value": 2.2459856939144305
        },
        {
            "Time": "2023-02-18",
            "value": 2.9446495682004823
        },
        {
            "Time": "2023-02-19",
            "value": 0.8379429889129826
        },
        {
            "Time": "2023-02-20",
            "value": 1.6745451492930588
        },
        {
            "Time": "2023-02-21",
            "value": 3.391548201182804
        },
        {
            "Time": "2023-02-22",
            "value": 2.7746741533634114
        },
        {
            "Time": "2023-02-23",
            "value": 2.739878356051223
        },
        {
            "Time": "2023-02-24",
            "value": 1.1742937883286395
        },
        {
            "Time": "2023-02-25",
            "value": 3.092886037131642
        },
        {
            "Time": "2023-02-26",
            "value": 3.546597170159267
        },
        {
            "Time": "2023-02-27",
            "value": 3.036048251945612
        },
        {
            "Time": "2023-02-28",
            "value": 1.6564061197742919
        },
        {
            "Time": "2023-03-01",
            "value": 1.7179494944886275
        },
        {
            "Time": "2023-03-02",
            "value": 2.2733024530419104
        },
        {
            "Time": "2023-03-03",
            "value": 3.113088830751684
        },
        {
            "Time": "2023-03-04",
            "value": 3.51979607481323
        },
        {
            "Time": "2023-03-05",
            "value": 3.4765368247088637
        },
        {
            "Time": "2023-03-06",
            "value": 3.6291535765100553
        },
        {
            "Time": "2023-03-07",
            "value": 3.601877367375733
        },
        {
            "Time": "2023-03-08",
            "value": 3.301755305705239
        },
        {
            "Time": "2023-03-09",
            "value": 2.504211112801485
        },
        {
            "Time": "2023-03-10",
            "value": 3.7162974525462698
        },
        {
            "Time": "2023-03-11",
            "value": 3.1312027827934665
        },
        {
            "Time": "2023-03-12",
            "value": 0.6653007993268002
        },
        {
            "Time": "2023-03-13",
            "value": 2.867625474370873
        },
        {
            "Time": "2023-03-14",
            "value": 3.786189599710595
        },
        {
            "Time": "2023-03-15",
            "value": 3.1304014418189916
        },
        {
            "Time": "2023-03-16",
            "value": 3.1614376884345967
        },
        {
            "Time": "2023-03-17",
            "value": 1.8408928247717269
        },
        {
            "Time": "2023-03-18",
            "value": 0.4446808361878156
        },
        {
            "Time": "2023-03-19",
            "value": 0.15549755751380814
        },
        {
            "Time": "2023-03-20",
            "value": 2.5614772419822303
        },
        {
            "Time": "2023-03-21",
            "value": 1.3810074880184138
        },
        {
            "Time": "2023-03-22",
            "value": 2.4605963322796414
        },
        {
            "Time": "2023-03-23",
            "value": 0.2198791760992908
        },
        {
            "Time": "2023-03-24",
            "value": 0.2479208326000007
        },
        {
            "Time": "2023-03-25",
            "value": 0.31977285790831017
        },
        {
            "Time": "2023-03-26",
            "value": 1.3045360434495115
        },
        {
            "Time": "2023-03-27",
            "value": 0.0
        }
    ]
}