{
    "data": [
        {
            "Time": "2022-11-27",
            "value": 0.19367796331295786
        },
        {
            "Time": "2022-11-28",
            "value": 0.7411550137277503
        },
        {
            "Time": "2022-11-29",
            "value": 0.6510031457149282
        },
        {
            "Time": "2022-11-30",
            "value": 0.25724742307226306
        },
        {
            "Time": "2022-12-01",
            "value": 0.0
        },
        {
            "Time": "2022-12-02",
            "value": 0.0
        },
        {
            "Time": "2022-12-03",
            "value": 0.0
        },
        {
            "Time": "2022-12-04",
            "value": 0.0
        },
        {
            "Time": "2022-12-05",
            "value": -0.00552558877415818
        },
        {
            "Time": "2022-12-06",
            "value": -0.017940414104112644
        },
        {
            "Time": "2022-12-07",
            "value": -0.030375646984941662
        },
        {
            "Time": "2022-12-08",
            "value": 0.8017504940424897
        },
        {
            "Time": "2022-12-09",
            "value": 0.6794080361389744
        },
        {
            "Time": "2022-12-10",
            "value": 1.5605815517669495
        },
        {
            "Time": "2022-12-11",
            "value": 0.3400172709157921
        },
        {
            "Time": "2022-12-12",
            "value": 0.9078483489042585
        },
        {
            "Time": "2022-12-13",
            "value": 1.5551419482575417
        },
        {
            "Time": "2022-12-14",
            "value": 0.602511831172377
        },
        {
            "Time": "2022-12-15",
            "value": 0.43238319960398286
        },
        {
            "Time": "2022-12-16",
            "value": 0.25877954816691984
        },
        {
            "Time": "2022-12-17",
            "value": 0.36249092277366785
        },
        {
            "Time": "2022-12-18",
            "value": 2.0922877681371115
        },
        {
            "Time": "2022-12-19",
            "value": 1.9761674964335665
        },
        {
            "Time": "2022-12-20",
            "value": 1.3301023201085937
        },
        {
            "Time": "2022-12-21",
            "value": 1.934093634853158
        },
        {
            "Time": "2022-12-22",
            "value": 1.982536148231088
        },
        {
            "Time": "2022-12-23",
            "value": 2.0451699230000733
        },
        {
            "Time": "2022-12-24",
            "value": 2.06565445629596
        },
        {
            "Time": "2022-12-25",
            "value": 2.090308236623417
        },
        {
            "Time": "2022-12-26",
            "value": 1.6985881742855011
        },
        {
            "Time": "2022-12-27",
            "value": 0.7519563867226533
        },
        {
            "Time": "2022-12-28",
            "value": 0.4128890662470139
        },
        {
            "Time": "2022-12-29",
            "value": 0.24844929965148307
        },
        {
            "Time": "2022-12-30",
            "value": 0.3937105585360632
        },
        {
            "Time": "2022-12-31",
            "value": 1.1175987518063504
        },
        {
            "Time": "2023-01-01",
            "value": 0.67568517126904
        },
        {
            "Time": "2023-01-02",
            "value": 0.32990012283660064
        },
        {
            "Time": "2023-01-03",
            "value": 0.3675480322784567
        },
        {
            "Time": "2023-01-04",
            "value": 0.39449811454546074
        },
        {
            "Time": "2023-01-05",
            "value": 0.5140419170630973
        },
        {
            "Time": "2023-01-06",
            "value": 1.9791493432764244
        },
        {
            "Time": "2023-01-07",
            "value": 2.088888201081529
        },
        {
            "Time": "2023-01-08",
            "value": 2.079776722326276
        },
        {
            "Time": "2023-01-09",
            "value": 0.439813366526069
        },
        {
            "Time": "2023-01-10",
            "value": 0.4492826199794373
        },
        {
            "Time": "2023-01-11",
            "value": 0.6689953975969193
        },
        {
            "Time": "2023-01-12",
            "value": 1.1766033604991055
        },
        {
            "Time": "2023-01-13",
            "value": 0.30062703492619547
        },
        {
            "Time": "2023-01-14",
            "value": 1.265213570192696
        },
        {
            "Time": "2023-01-15",
            "value": 0.3530549227352004
        },
        {
            "Time": "2023-01-16",
            "value": 1.690624543377554
        },
        {
            "Time": "2023-01-17",
            "value": 0.4282303595878312
        },
        {
            "Time": "2023-01-18",
            "value": 2.074583937890874
        },
        {
            "Time": "2023-01-19",
            "value": 1.3875091703383637
        },
        {
            "Time": "2023-01-20",
            "value": 0.7430172801168842
        },
        {
            "Time": "2023-01-21",
            "value": 0.2470781177894948
        },
        {
            "Time": "2023-01-22",
            "value": 1.5419070857920258
        },
        {
            "Time": "2023-01-23",
            "value": 0.21852564936417293
        },
        {
            "Time": "2023-01-24",
            "value": 1.2867383026152521
        },
        {
            "Time": "2023-01-25",
            "value": 2.249503759238569
        },
        {
            "Time": "2023-01-26",
            "value": 1.015375780675819
        },
        {
            "Time": "2023-01-27",
            "value": 2.0938335984378713
        },
        {
            "Time": "2023-01-28",
            "value": 2.2583317298239165
        },
        {
            "Time": "2023-01-29",
            "value": 2.306202071119845
        },
        {
            "Time": "2023-01-30",
            "value": 2.3870075136443374
        },
        {
            "Time": "2023-01-31",
            "value": 2.3615490618322816
        },
        {
            "Time": "2023-02-01",
            "value": 0.4603379573535694
        },
        {
            "Time": "2023-02-02",
            "value": 0.954427388430544
        },
        {
            "Time": "2023-02-03",
            "value": 0.5065448871195213
        },
        {
            "Time": "2023-02-04",
            "value": 0.15206192029654167
        },
        {
            "Time": "2023-02-05",
            "value": 0.3522132421096971
        },
        {
            "Time": "2023-02-06",
            "value": 1.3320576227637924
        },
        {
            "Time": "2023-02-07",
            "value": 0.34907047914279826
        },
        {
            "Time": "2023-02-08",
            "value": 0.17152702737456724
        },
        {
            "Time": "2023-02-09",
            "value": 0.45636906559907575
        },
        {
            "Time": "2023-02-10",
            "value": 0.2505137910851651
        },
        {
            "Time": "2023-02-11",
            "value": 0.8072019325817874
        },
        {
            "Time": "2023-02-12",
            "value": 1.0656669274338293
        },
        {
            "Time": "2023-02-13",
            "value": 0.3894745733644358
        },
        {
            "Time": "2023-02-14",
            "value": 0.9254121233566358
        },
        {
            "Time": "2023-02-15",
            "value": 1.9294544688043411
        },
        {
            "Time": "2023-02-16",
            "value": 2.7932249850128676
        },
        {
            "Time": "2023-02-17",
            "value": 1.9409852228174602
        },
        {
            "Time": "2023-02-18",
            "value": 2.586143100611927
        },
        {
            "Time": "2023-02-19",
            "value": 0.7663830801761714
        },
        {
            "Time": "2023-02-20",
            "value": 1.4532394724714015
        },
        {
            "Time": "2023-02-21",
            "value": 3.015866771005482
        },
        {
            "Time": "2023-02-22",
            "value": 2.0114699641293727
        },
        {
            "Time": "2023-02-23",
            "value": 1.8233526981669261
        },
        {
            "Time": "2023-02-24",
            "value": 1.0308158520280166
        },
        {
            "Time": "2023-02-25",
            "value": 3.14951437319478
        },
        {
            "Time": "2023-02-26",
            "value": 2.4429178090168286
        },
        {
            "Time": "2023-02-27",
            "value": 2.4790447533128104
        },
        {
            "Time": "2023-02-28",
            "value": 1.4865458018022712
        },
        {
            "Time": "2023-03-01",
            "value": 1.5402078735366562
        },
        {
            "Time": "2023-03-02",
            "value": 2.0398410189087857
        },
        {
            "Time": "2023-03-03",
            "value": 2.9129493300548517
        },
        {
            "Time": "2023-03-04",
            "value": 3.040336674761671
        },
        {
            "Time": "2023-03-05",
            "value": 3.018998677838509
        },
        {
            "Time": "2023-03-06",
            "value": 3.210929990155319
        },
        {
            "Time": "2023-03-07",
            "value": 3.1977078401196586
        },
        {
            "Time": "2023-03-08",
            "value": 2.938548815572336
        },
        {
            "Time": "2023-03-09",
            "value": 2.382774875164636
        },
        {
            "Time": "2023-03-10",
            "value": 3.3957805373298817
        },
        {
            "Time": "2023-03-11",
            "value": 2.785145567640639
        },
        {
            "Time": "2023-03-12",
            "value": 0.6184171922574101
        },
        {
            "Time": "2023-03-13",
            "value": 2.633131776281535
        },
        {
            "Time": "2023-03-14",
            "value": 3.918555560272141
        },
        {
            "Time": "2023-03-15",
            "value": 3.0528886236703636
        },
        {
            "Time": "2023-03-16",
            "value": 2.9710852286514386
        },
        {
            "Time": "2023-03-17",
            "value": 1.7050962971963792
        },
        {
            "Time": "2023-03-18",
            "value": 0.40767913341432754
        },
        {
            "Time": "2023-03-19",
            "value": 0.13797369501664886
        },
        {
            "Time": "2023-03-20",
            "value": 2.433703479877514
        },
        {
            "Time": "2023-03-21",
            "value": 1.2681969562493274
        },
        {
            "Time": "2023-03-22",
            "value": 2.318829789183054
        },
        {
            "Time": "2023-03-23",
            "value": 0.19983527657239203
        },
        {
            "Time": "2023-03-24",
            "value": 0.22207343417156444
        },
        {
            "Time": "2023-03-25",
            "value": 0.29521214087072484
        },
        {
            "Time": "2023-03-26",
            "value": 1.2054545231158815
        },
        {
            "Time": "2023-03-27",
            "value": 0.0
        }
    ]
}