{
    "data": [
        {
            "Time": "2022-11-27",
            "value": 0.1536098666223142
        },
        {
            "Time": "2022-11-28",
            "value": 0.6890083361164271
        },
        {
            "Time": "2022-11-29",
            "value": 0.6099181464108946
        },
        {
            "Time": "2022-11-30",
            "value": 0.21778586497822733
        },
        {
            "Time": "2022-12-01",
            "value": 0.27402326596600646
        },
        {
            "Time": "2022-12-02",
            "value": 0.3132154569207629
        },
        {
            "Time": "2022-12-03",
            "value": 0.5739414628002367
        },
        {
            "Time": "2022-12-04",
            "value": 0.4048461545938312
        },
        {
            "Time": "2022-12-05",
            "value": 0.33290897242554857
        },
        {
            "Time": "2022-12-06",
            "value": 0.5403471344484208
        },
        {
            "Time": "2022-12-07",
            "value": 0.11105767327087382
        },
        {
            "Time": "2022-12-08",
            "value": 0.755348278547286
        },
        {
            "Time": "2022-12-09",
            "value": 0.637280831650427
        },
        {
            "Time": "2022-12-10",
            "value": 2.0837821498498292
        },
        {
            "Time": "2022-12-11",
            "value": 0.29554435897524195
        },
        {
            "Time": "2022-12-12",
            "value": 0.8478791547045111
        },
        {
            "Time": "2022-12-13",
            "value": 1.696721134866776
        },
        {
            "Time": "2022-12-14",
            "value": 0.5593450059706305
        },
        {
            "Time": "2022-12-15",
            "value": 0.3805404997383856
        },
        {
            "Time": "2022-12-16",
            "value": 0.22151839190008388
        },
        {
            "Time": "2022-12-17",
            "value": 0.33198800324796085
        },
        {
            "Time": "2022-12-18",
            "value": 2.7086961757401053
        },
        {
            "Time": "2022-12-19",
            "value": 2.5843738446038027
        },
        {
            "Time": "2022-12-20",
            "value": 1.52707502523217
        },
        {
            "Time": "2022-12-21",
            "value": 2.5764615784456906
        },
        {
            "Time": "2022-12-22",
            "value": 2.6382169277910608
        },
        {
            "Time": "2022-12-23",
            "value": 2.704144756891172
        },
        {
            "Time": "2022-12-24",
            "value": 2.6769799124660767
        },
        {
            "Time": "2022-12-25",
            "value": 2.7370707392260623
        },
        {
            "Time": "2022-12-26",
            "value": 2.1908506560768335
        },
        {
            "Time": "2022-12-27",
            "value": 0.6868295954253645
        },
        {
            "Time": "2022-12-28",
            "value": 0.37186871923304066
        },
        {
            "Time": "2022-12-29",
            "value": 0.20768452424251652
        },
        {
            "Time": "2022-12-30",
            "value": 0.3594715552702683
        },
        {
            "Time": "2022-12-31",
            "value": 1.0425456461714213
        },
        {
            "Time": "2023-01-01",
            "value": 0.6252098725110996
        },
        {
            "Time": "2023-01-02",
            "value": 0.2886599186686935
        },
        {
            "Time": "2023-01-03",
            "value": 0.3306847901083519
        },
        {
            "Time": "2023-01-04",
            "value": 0.35217155300488157
        },
        {
            "Time": "2023-01-05",
            "value": 0.47673703576642534
        },
        {
            "Time": "2023-01-06",
            "value": 2.467678364346062
        },
        {
            "Time": "2023-01-07",
            "value": 2.711697129809508
        },
        {
            "Time": "2023-01-08",
            "value": 2.3974227160318127
        },
        {
            "Time": "2023-01-09",
            "value": 0.3983835317564248
        },
        {
            "Time": "2023-01-10",
            "value": 0.41288297439632493
        },
        {
            "Time": "2023-01-11",
            "value": 0.6204960853648268
        },
        {
            "Time": "2023-01-12",
            "value": 1.119017956215558
        },
        {
            "Time": "2023-01-13",
            "value": 0.26435724798927046
        },
        {
            "Time": "2023-01-14",
            "value": 1.1036973894577966
        },
        {
            "Time": "2023-01-15",
            "value": 0.3046826188327628
        },
        {
            "Time": "2023-01-16",
            "value": 1.2763671723271937
        },
        {
            "Time": "2023-01-17",
            "value": 0.37371425071212067
        },
        {
            "Time": "2023-01-18",
            "value": 2.6619529136927045
        },
        {
            "Time": "2023-01-19",
            "value": 1.3131759769485274
        },
        {
            "Time": "2023-01-20",
            "value": 0.6918148952507089
        },
        {
            "Time": "2023-01-21",
            "value": 0.20336465123789083
        },
        {
            "Time": "2023-01-22",
            "value": 1.7308550794940083
        },
        {
            "Time": "2023-01-23",
            "value": 0.1827507629556596
        },
        {
            "Time": "2023-01-24",
            "value": 1.191170151521645
        },
        {
            "Time": "2023-01-25",
            "value": 2.847405725230663
        },
        {
            "Time": "2023-01-26",
            "value": 0.9617884861894955
        },
        {
            "Time": "2023-01-27",
            "value": 2.6496809741093057
        },
        {
            "Time": "2023-01-28",
            "value": 1.7911228020676542
        },
        {
            "Time": "2023-01-29",
            "value": 2.8540385893229927
        },
        {
            "Time": "2023-01-30",
            "value": 2.8825078799160204
        },
        {
            "Time": "2023-01-31",
            "value": 2.8437989890265
        },
        {
            "Time": "2023-02-01",
            "value": 0.3989098825932622
        },
        {
            "Time": "2023-02-02",
            "value": 0.8864094358159996
        },
        {
            "Time": "2023-02-03",
            "value": 0.4520702061164352
        },
        {
            "Time": "2023-02-04",
            "value": 0.12079394354809452
        },
        {
            "Time": "2023-02-05",
            "value": 0.3122062566829664
        },
        {
            "Time": "2023-02-06",
            "value": 1.2832655328671203
        },
        {
            "Time": "2023-02-07",
            "value": 0.30396086496407115
        },
        {
            "Time": "2023-02-08",
            "value": 0.14342861535126622
        },
        {
            "Time": "2023-02-09",
            "value": 0.40543814311355053
        },
        {
            "Time": "2023-02-10",
            "value": 0.2037870704884937
        },
        {
            "Time": "2023-02-11",
            "value": 0.7309641491858869
        },
        {
            "Time": "2023-02-12",
            "value": 1.01452937085795
        },
        {
            "Time": "2023-02-13",
            "value": 0.322991290280372
        },
        {
            "Time": "2023-02-14",
            "value": 0.8397208731693142
        },
        {
            "Time": "2023-02-15",
            "value": 1.8611038764333485
        },
        {
            "Time": "2023-02-16",
            "value": 2.941540448607154
        },
        {
            "Time": "2023-02-17",
            "value": 1.8349559683166503
        },
        {
            "Time": "2023-02-18",
            "value": 1.7026183782375277
        },
        {
            "Time": "2023-02-19",
            "value": 0.7233063534545342
        },
        {
            "Time": "2023-02-20",
            "value": 1.369616285952961
        },
        {
            "Time": "2023-02-21",
            "value": 2.349824789368329
        },
        {
            "Time": "2023-02-22",
            "value": 2.1390128370200325
        },
        {
            "Time": "2023-02-23",
            "value": 1.7786338229245453
        },
        {
            "Time": "2023-02-24",
            "value": 0.9917711927412479
        },
        {
            "Time": "2023-02-25",
            "value": 2.099613985267811
        },
        {
            "Time": "2023-02-26",
            "value": 2.6171611292029473
        },
        {
            "Time": "2023-02-27",
            "value": 2.6133273699962567
        },
        {
            "Time": "2023-02-28",
            "value": 1.397679432301493
        },
        {
            "Time": "2023-03-01",
            "value": 1.4989002147912058
        },
        {
            "Time": "2023-03-02",
            "value": 1.943622581077421
        },
        {
            "Time": "2023-03-03",
            "value": 2.4637441352751215
        },
        {
            "Time": "2023-03-04",
            "value": 2.7887609441479038
        },
        {
            "Time": "2023-03-05",
            "value": 2.8036010675791183
        },
        {
            "Time": "2023-03-06",
            "value": 2.964555617172628
        },
        {
            "Time": "2023-03-07",
            "value": 2.995086413688024
        },
        {
            "Time": "2023-03-08",
            "value": 2.78395517184568
        },
        {
            "Time": "2023-03-09",
            "value": 2.1776132896793845
        },
        {
            "Time": "2023-03-10",
            "value": 3.1692219561271897
        },
        {
            "Time": "2023-03-11",
            "value": 2.6453150121805264
        },
        {
            "Time": "2023-03-12",
            "value": 0.5719568700728253
        },
        {
            "Time": "2023-03-13",
            "value": 2.4772274635481764
        },
        {
            "Time": "2023-03-14",
            "value": 3.3288162706695745
        },
        {
            "Time": "2023-03-15",
            "value": 2.7132118497726085
        },
        {
            "Time": "2023-03-16",
            "value": 2.83029782003489
        },
        {
            "Time": "2023-03-17",
            "value": 1.622876863883632
        },
        {
            "Time": "2023-03-18",
            "value": 0.3536895459754221
        },
        {
            "Time": "2023-03-19",
            "value": 0.09659994588341457
        },
        {
            "Time": "2023-03-20",
            "value": 2.2924456098212818
        },
        {
            "Time": "2023-03-21",
            "value": 1.1900911544294068
        },
        {
            "Time": "2023-03-22",
            "value": 2.2205888718911706
        },
        {
            "Time": "2023-03-23",
            "value": 0.1513957509965139
        },
        {
            "Time": "2023-03-24",
            "value": 0.1696021593235744
        },
        {
            "Time": "2023-03-25",
            "value": 0.237871406301094
        },
        {
            "Time": "2023-03-26",
            "value": 1.1240955509553796
        },
        {
            "Time": "2023-03-27",
            "value": 0.0
        }
    ]
}