{
    "data": [
        {
            "Time": "2022-11-27",
            "value": 0.24529686778638754
        },
        {
            "Time": "2022-11-28",
            "value": 0.9906690860457993
        },
        {
            "Time": "2022-11-29",
            "value": 1.0024265222350728
        },
        {
            "Time": "2022-11-30",
            "value": 0.3157213421889551
        },
        {
            "Time": "2022-12-01",
            "value": 0.0
        },
        {
            "Time": "2022-12-02",
            "value": 0.0
        },
        {
            "Time": "2022-12-03",
            "value": 0.0
        },
        {
            "Time": "2022-12-04",
            "value": 0.0
        },
        {
            "Time": "2022-12-05",
            "value": -0.004144191584072116
        },
        {
            "Time": "2022-12-06",
            "value": -0.01345531058929723
        },
        {
            "Time": "2022-12-07",
            "value": -0.02278173525769102
        },
        {
            "Time": "2022-12-08",
            "value": 1.0689910071642585
        },
        {
            "Time": "2022-12-09",
            "value": 0.8356522012941813
        },
        {
            "Time": "2022-12-10",
            "value": 2.5381709407752076
        },
        {
            "Time": "2022-12-11",
            "value": 0.4093338333885554
        },
        {
            "Time": "2022-12-12",
            "value": 1.372232204452578
        },
        {
            "Time": "2022-12-13",
            "value": 1.9790032835219042
        },
        {
            "Time": "2022-12-14",
            "value": 0.7465796838132337
        },
        {
            "Time": "2022-12-15",
            "value": 0.5390546615232051
        },
        {
            "Time": "2022-12-16",
            "value": 0.32395016761683465
        },
        {
            "Time": "2022-12-17",
            "value": 0.4623581715643272
        },
        {
            "Time": "2022-12-18",
            "value": 3.1389492924751536
        },
        {
            "Time": "2022-12-19",
            "value": 2.9461336056731056
        },
        {
            "Time": "2022-12-20",
            "value": 1.7531743687997385
        },
        {
            "Time": "2022-12-21",
            "value": 2.8718792884692728
        },
        {
            "Time": "2022-12-22",
            "value": 2.9178034940104043
        },
        {
            "Time": "2022-12-23",
            "value": 3.0577742004750044
        },
        {
            "Time": "2022-12-24",
            "value": 3.094852898549732
        },
        {
            "Time": "2022-12-25",
            "value": 3.1353124616371106
        },
        {
            "Time": "2022-12-26",
            "value": 2.5072841017498115
        },
        {
            "Time": "2022-12-27",
            "value": 1.0761430074816942
        },
        {
            "Time": "2022-12-28",
            "value": 0.5209436172953406
        },
        {
            "Time": "2022-12-29",
            "value": 0.3150727532993469
        },
        {
            "Time": "2022-12-30",
            "value": 0.4929032869861956
        },
        {
            "Time": "2022-12-31",
            "value": 1.6079540045557874
        },
        {
            "Time": "2023-01-01",
            "value": 0.8744183222921506
        },
        {
            "Time": "2023-01-02",
            "value": 0.40932364230906837
        },
        {
            "Time": "2023-01-03",
            "value": 0.4651494541992947
        },
        {
            "Time": "2023-01-04",
            "value": 0.47348288811343764
        },
        {
            "Time": "2023-01-05",
            "value": 0.6229920461166288
        },
        {
            "Time": "2023-01-06",
            "value": 2.879059797592688
        },
        {
            "Time": "2023-01-07",
            "value": 3.0800132359277685
        },
        {
            "Time": "2023-01-08",
            "value": 3.063089223076403
        },
        {
            "Time": "2023-01-09",
            "value": 0.5269381875128636
        },
        {
            "Time": "2023-01-10",
            "value": 0.6006946731461318
        },
        {
            "Time": "2023-01-11",
            "value": 0.844832538391894
        },
        {
            "Time": "2023-01-12",
            "value": 1.8598154209881312
        },
        {
            "Time": "2023-01-13",
            "value": 0.3684889086547451
        },
        {
            "Time": "2023-01-14",
            "value": 2.026495448958191
        },
        {
            "Time": "2023-01-15",
            "value": 0.4287595735643651
        },
        {
            "Time": "2023-01-16",
            "value": 2.4462692677991313
        },
        {
            "Time": "2023-01-17",
            "value": 0.5126910252877805
        },
        {
            "Time": "2023-01-18",
            "value": 2.945173398434654
        },
        {
            "Time": "2023-01-19",
            "value": 2.4031950534866864
        },
        {
            "Time": "2023-01-20",
            "value": 0.9861144725252888
        },
        {
            "Time": "2023-01-21",
            "value": 0.310990213547583
        },
        {
            "Time": "2023-01-22",
            "value": 2.304200984989116
        },
        {
            "Time": "2023-01-23",
            "value": 0.28097858976808726
        },
        {
            "Time": "2023-01-24",
            "value": 1.9879819834076313
        },
        {
            "Time": "2023-01-25",
            "value": 3.229841101024888
        },
        {
            "Time": "2023-01-26",
            "value": 1.5835364057303511
        },
        {
            "Time": "2023-01-27",
            "value": 2.9475569513005166
        },
        {
            "Time": "2023-01-28",
            "value": 3.2795200815701726
        },
        {
            "Time": "2023-01-29",
            "value": 3.3409638141732647
        },
        {
            "Time": "2023-01-30",
            "value": 3.436564824209787
        },
        {
            "Time": "2023-01-31",
            "value": 3.398860649694916
        },
        {
            "Time": "2023-02-01",
            "value": 0.5640135563168274
        },
        {
            "Time": "2023-02-02",
            "value": 1.2708059999785215
        },
        {
            "Time": "2023-02-03",
            "value": 0.6408019524456678
        },
        {
            "Time": "2023-02-04",
            "value": 0.21469127124059656
        },
        {
            "Time": "2023-02-05",
            "value": 0.44392503235574177
        },
        {
            "Time": "2023-02-06",
            "value": 2.0397935001113434
        },
        {
            "Time": "2023-02-07",
            "value": 0.4377876514691186
        },
        {
            "Time": "2023-02-08",
            "value": 0.22826973582729204
        },
        {
            "Time": "2023-02-09",
            "value": 0.561948706594806
        },
        {
            "Time": "2023-02-10",
            "value": 0.30001599864263134
        },
        {
            "Time": "2023-02-11",
            "value": 1.024019400974442
        },
        {
            "Time": "2023-02-12",
            "value": 1.4261910999610627
        },
        {
            "Time": "2023-02-13",
            "value": 0.5049649788489754
        },
        {
            "Time": "2023-02-14",
            "value": 1.13160258446413
        },
        {
            "Time": "2023-02-15",
            "value": 3.0947813085614118
        },
        {
            "Time": "2023-02-16",
            "value": 3.6542716763430514
        },
        {
            "Time": "2023-02-17",
            "value": 2.65897492579545
        },
        {
            "Time": "2023-02-18",
            "value": 3.1734093341100174
        },
        {
            "Time": "2023-02-19",
            "value": 0.950303847859704
        },
        {
            "Time": "2023-02-20",
            "value": 1.8622045948214498
        },
        {
            "Time": "2023-02-21",
            "value": 3.627505049512862
        },
        {
            "Time": "2023-02-22",
            "value": 3.0611008016982293
        },
        {
            "Time": "2023-02-23",
            "value": 2.876373970594693
        },
        {
            "Time": "2023-02-24",
            "value": 1.3404330988016158
        },
        {
            "Time": "2023-02-25",
            "value": 3.354803739838107
        },
        {
            "Time": "2023-02-26",
            "value": 3.7635984074705395
        },
        {
            "Time": "2023-02-27",
            "value": 3.224369760758673
        },
        {
            "Time": "2023-02-28",
            "value": 1.856042776676552
        },
        {
            "Time": "2023-03-01",
            "value": 1.9142272481378035
        },
        {
            "Time": "2023-03-02",
            "value": 2.4802814725843687
        },
        {
            "Time": "2023-03-03",
            "value": 3.3405474140867475
        },
        {
            "Time": "2023-03-04",
            "value": 3.6571213000737703
        },
        {
            "Time": "2023-03-05",
            "value": 3.6426038418067392
        },
        {
            "Time": "2023-03-06",
            "value": 3.7711457205150505
        },
        {
            "Time": "2023-03-07",
            "value": 3.741415086469426
        },
        {
            "Time": "2023-03-08",
            "value": 3.481256185038086
        },
        {
            "Time": "2023-03-09",
            "value": 2.6645393952103587
        },
        {
            "Time": "2023-03-10",
            "value": 3.8287512067273024
        },
        {
            "Time": "2023-03-11",
            "value": 3.3183397407276183
        },
        {
            "Time": "2023-03-12",
            "value": 0.764418504567311
        },
        {
            "Time": "2023-03-13",
            "value": 3.0750393888809886
        },
        {
            "Time": "2023-03-14",
            "value": 3.869048745839867
        },
        {
            "Time": "2023-03-15",
            "value": 3.2958211073955894
        },
        {
            "Time": "2023-03-16",
            "value": 3.3312758219206344
        },
        {
            "Time": "2023-03-17",
            "value": 2.0330874016977227
        },
        {
            "Time": "2023-03-18",
            "value": 0.5097323988696654
        },
        {
            "Time": "2023-03-19",
            "value": 0.19318997923146328
        },
        {
            "Time": "2023-03-20",
            "value": 2.6246260743969505
        },
        {
            "Time": "2023-03-21",
            "value": 1.4974392502568596
        },
        {
            "Time": "2023-03-22",
            "value": 2.630437646314595
        },
        {
            "Time": "2023-03-23",
            "value": 0.2512741996969528
        },
        {
            "Time": "2023-03-24",
            "value": 0.2845896440757068
        },
        {
            "Time": "2023-03-25",
            "value": 0.3699263024126468
        },
        {
            "Time": "2023-03-26",
            "value": 1.444947546795302
        },
        {
            "Time": "2023-03-27",
            "value": 0.0
        }
    ]
}