{
    "data": [
        {
            "Time": "2022-11-27",
            "value": 0.19006937264541388
        },
        {
            "Time": "2022-11-28",
            "value": 0.7077423056822508
        },
        {
            "Time": "2022-11-29",
            "value": 0.6699297968705784
        },
        {
            "Time": "2022-11-30",
            "value": 0.26149884118716743
        },
        {
            "Time": "2022-12-01",
            "value": 0.0
        },
        {
            "Time": "2022-12-02",
            "value": 0.0
        },
        {
            "Time": "2022-12-03",
            "value": 0.0
        },
        {
            "Time": "2022-12-04",
            "value": 0.0
        },
        {
            "Time": "2022-12-05",
            "value": -0.004144191584072116
        },
        {
            "Time": "2022-12-06",
            "value": -0.01345531058929723
        },
        {
            "Time": "2022-12-07",
            "value": -0.02278173525769102
        },
        {
            "Time": "2022-12-08",
            "value": 0.7910108189179468
        },
        {
            "Time": "2022-12-09",
            "value": 0.6723346842968648
        },
        {
            "Time": "2022-12-10",
            "value": 2.068461878668854
        },
        {
            "Time": "2022-12-11",
            "value": 0.3383399111907231
        },
        {
            "Time": "2022-12-12",
            "value": 0.8885354657822933
        },
        {
            "Time": "2022-12-13",
            "value": 1.6295956640732818
        },
        {
            "Time": "2022-12-14",
            "value": 0.6007294884402238
        },
        {
            "Time": "2022-12-15",
            "value": 0.42750097916559887
        },
        {
            "Time": "2022-12-16",
            "value": 0.2694800341293198
        },
        {
            "Time": "2022-12-17",
            "value": 0.3671451139366037
        },
        {
            "Time": "2022-12-18",
            "value": 2.748070470257301
        },
        {
            "Time": "2022-12-19",
            "value": 2.6054447795917164
        },
        {
            "Time": "2022-12-20",
            "value": 1.4991788283746104
        },
        {
            "Time": "2022-12-21",
            "value": 2.6035031951745498
        },
        {
            "Time": "2022-12-22",
            "value": 2.6994830660576468
        },
        {
            "Time": "2022-12-23",
            "value": 2.744360514095175
        },
        {
            "Time": "2022-12-24",
            "value": 2.684901878173047
        },
        {
            "Time": "2022-12-25",
            "value": 2.7113816594974334
        },
        {
            "Time": "2022-12-26",
            "value": 2.349986848535796
        },
        {
            "Time": "2022-12-27",
            "value": 0.7339069020662974
        },
        {
            "Time": "2022-12-28",
            "value": 0.4104827419762563
        },
        {
            "Time": "2022-12-29",
            "value": 0.24697910683347293
        },
        {
            "Time": "2022-12-30",
            "value": 0.39821891702890083
        },
        {
            "Time": "2022-12-31",
            "value": 1.0755095778942065
        },
        {
            "Time": "2023-01-01",
            "value": 0.6721729588658468
        },
        {
            "Time": "2023-01-02",
            "value": 0.33485956626153085
        },
        {
            "Time": "2023-01-03",
            "value": 0.37808408517371145
        },
        {
            "Time": "2023-01-04",
            "value": 0.38426201190129433
        },
        {
            "Time": "2023-01-05",
            "value": 0.5083392003671298
        },
        {
            "Time": "2023-01-06",
            "value": 2.6050193298402133
        },
        {
            "Time": "2023-01-07",
            "value": 2.7590983256975345
        },
        {
            "Time": "2023-01-08",
            "value": 2.731337353173456
        },
        {
            "Time": "2023-01-09",
            "value": 0.43659479064202916
        },
        {
            "Time": "2023-01-10",
            "value": 0.45896273910668833
        },
        {
            "Time": "2023-01-11",
            "value": 0.6627472616207366
        },
        {
            "Time": "2023-01-12",
            "value": 1.151173157072679
        },
        {
            "Time": "2023-01-13",
            "value": 0.3085572102464796
        },
        {
            "Time": "2023-01-14",
            "value": 1.3137210487343254
        },
        {
            "Time": "2023-01-15",
            "value": 0.35037201245060995
        },
        {
            "Time": "2023-01-16",
            "value": 2.2882126896904564
        },
        {
            "Time": "2023-01-17",
            "value": 0.42700341355802957
        },
        {
            "Time": "2023-01-18",
            "value": 2.714370554896624
        },
        {
            "Time": "2023-01-19",
            "value": 1.3550939624270244
        },
        {
            "Time": "2023-01-20",
            "value": 0.7379393034522922
        },
        {
            "Time": "2023-01-21",
            "value": 0.24564474318243307
        },
        {
            "Time": "2023-01-22",
            "value": 1.7743090425453996
        },
        {
            "Time": "2023-01-23",
            "value": 0.22220935930843402
        },
        {
            "Time": "2023-01-24",
            "value": 1.2056748600168563
        },
        {
            "Time": "2023-01-25",
            "value": 2.8093061052247648
        },
        {
            "Time": "2023-01-26",
            "value": 1.0148367864965886
        },
        {
            "Time": "2023-01-27",
            "value": 2.619386572624618
        },
        {
            "Time": "2023-01-28",
            "value": 2.8109435481472844
        },
        {
            "Time": "2023-01-29",
            "value": 2.9437336306737847
        },
        {
            "Time": "2023-01-30",
            "value": 3.004148231779808
        },
        {
            "Time": "2023-01-31",
            "value": 2.9796742092452764
        },
        {
            "Time": "2023-02-01",
            "value": 0.4566931648681884
        },
        {
            "Time": "2023-02-02",
            "value": 0.9295174288559911
        },
        {
            "Time": "2023-02-03",
            "value": 0.5085286512349315
        },
        {
            "Time": "2023-02-04",
            "value": 0.15286991770467662
        },
        {
            "Time": "2023-02-05",
            "value": 0.3556884438214894
        },
        {
            "Time": "2023-02-06",
            "value": 1.3190107919202536
        },
        {
            "Time": "2023-02-07",
            "value": 0.3328275802744863
        },
        {
            "Time": "2023-02-08",
            "value": 0.18483010307967085
        },
        {
            "Time": "2023-02-09",
            "value": 0.44865917503936203
        },
        {
            "Time": "2023-02-10",
            "value": 0.2528495273754146
        },
        {
            "Time": "2023-02-11",
            "value": 0.7573300711028071
        },
        {
            "Time": "2023-02-12",
            "value": 1.03428730818981
        },
        {
            "Time": "2023-02-13",
            "value": 0.37053761791469186
        },
        {
            "Time": "2023-02-14",
            "value": 0.9010347099345619
        },
        {
            "Time": "2023-02-15",
            "value": 1.9671374639255987
        },
        {
            "Time": "2023-02-16",
            "value": 2.3508045426991524
        },
        {
            "Time": "2023-02-17",
            "value": 1.9018584491041142
        },
        {
            "Time": "2023-02-18",
            "value": 1.7613905084843169
        },
        {
            "Time": "2023-02-19",
            "value": 0.751434644519037
        },
        {
            "Time": "2023-02-20",
            "value": 1.3967542293379338
        },
        {
            "Time": "2023-02-21",
            "value": 2.3234234436538213
        },
        {
            "Time": "2023-02-22",
            "value": 2.1987956937541937
        },
        {
            "Time": "2023-02-23",
            "value": 1.7565437744361219
        },
        {
            "Time": "2023-02-24",
            "value": 1.0000936309457698
        },
        {
            "Time": "2023-02-25",
            "value": 1.915486547453988
        },
        {
            "Time": "2023-02-26",
            "value": 2.1747815766521197
        },
        {
            "Time": "2023-02-27",
            "value": 1.9082184177446517
        },
        {
            "Time": "2023-02-28",
            "value": 1.378087856573087
        },
        {
            "Time": "2023-03-01",
            "value": 1.2559425937305713
        },
        {
            "Time": "2023-03-02",
            "value": 1.7013546155232808
        },
        {
            "Time": "2023-03-03",
            "value": 2.1026388949863373
        },
        {
            "Time": "2023-03-04",
            "value": 2.3988116158692
        },
        {
            "Time": "2023-03-05",
            "value": 2.436724246420528
        },
        {
            "Time": "2023-03-06",
            "value": 2.6170631864950162
        },
        {
            "Time": "2023-03-07",
            "value": 2.6425623200205286
        },
        {
            "Time": "2023-03-08",
            "value": 2.498427939749429
        },
        {
            "Time": "2023-03-09",
            "value": 2.0301051774552836
        },
        {
            "Time": "2023-03-10",
            "value": 2.922742691628916
        },
        {
            "Time": "2023-03-11",
            "value": 2.42398992815396
        },
        {
            "Time": "2023-03-12",
            "value": 0.6004377015913583
        },
        {
            "Time": "2023-03-13",
            "value": 2.4424815784724117
        },
        {
            "Time": "2023-03-14",
            "value": 3.1367989594030687
        },
        {
            "Time": "2023-03-15",
            "value": 2.6257730413124767
        },
        {
            "Time": "2023-03-16",
            "value": 2.7656322309460415
        },
        {
            "Time": "2023-03-17",
            "value": 1.6132842705595931
        },
        {
            "Time": "2023-03-18",
            "value": 0.3959831219209728
        },
        {
            "Time": "2023-03-19",
            "value": 0.13503156529997318
        },
        {
            "Time": "2023-03-20",
            "value": 2.310335347357286
        },
        {
            "Time": "2023-03-21",
            "value": 1.2362267316559843
        },
        {
            "Time": "2023-03-22",
            "value": 2.2545686961479174
        },
        {
            "Time": "2023-03-23",
            "value": 0.19210274312147024
        },
        {
            "Time": "2023-03-24",
            "value": 0.2181322903579701
        },
        {
            "Time": "2023-03-25",
            "value": 0.29676900949773305
        },
        {
            "Time": "2023-03-26",
            "value": 1.1828249388439687
        },
        {
            "Time": "2023-03-27",
            "value": 0.0
        }
    ]
}