{
    "data": [
        {
            "Time": "2022-11-27",
            "value": 0.2496606332696963
        },
        {
            "Time": "2022-11-28",
            "value": 0.8471048748931019
        },
        {
            "Time": "2022-11-29",
            "value": 0.7884559295599618
        },
        {
            "Time": "2022-11-30",
            "value": 0.345399484652966
        },
        {
            "Time": "2022-12-01",
            "value": 0.413208200337285
        },
        {
            "Time": "2022-12-02",
            "value": 0.44491846079568287
        },
        {
            "Time": "2022-12-03",
            "value": 0.7095413091311187
        },
        {
            "Time": "2022-12-04",
            "value": 0.5531625399143213
        },
        {
            "Time": "2022-12-05",
            "value": 0.46439869469466055
        },
        {
            "Time": "2022-12-06",
            "value": 0.6849054391115741
        },
        {
            "Time": "2022-12-07",
            "value": 0.20976180582713194
        },
        {
            "Time": "2022-12-08",
            "value": 0.9115345609791496
        },
        {
            "Time": "2022-12-09",
            "value": 0.7891845727958697
        },
        {
            "Time": "2022-12-10",
            "value": 2.183330031405471
        },
        {
            "Time": "2022-12-11",
            "value": 0.4274321016284052
        },
        {
            "Time": "2022-12-12",
            "value": 1.0060152293283744
        },
        {
            "Time": "2022-12-13",
            "value": 1.7857835530173134
        },
        {
            "Time": "2022-12-14",
            "value": 0.7146382542561653
        },
        {
            "Time": "2022-12-15",
            "value": 0.5216247188049772
        },
        {
            "Time": "2022-12-16",
            "value": 0.3463286193763463
        },
        {
            "Time": "2022-12-17",
            "value": 0.4543282541167182
        },
        {
            "Time": "2022-12-18",
            "value": 3.0345519578449935
        },
        {
            "Time": "2022-12-19",
            "value": 2.89116564119078
        },
        {
            "Time": "2022-12-20",
            "value": 1.6686905398962169
        },
        {
            "Time": "2022-12-21",
            "value": 2.8473344706366253
        },
        {
            "Time": "2022-12-22",
            "value": 2.91834024343133
        },
        {
            "Time": "2022-12-23",
            "value": 2.9958514137092385
        },
        {
            "Time": "2022-12-24",
            "value": 2.9575331225197634
        },
        {
            "Time": "2022-12-25",
            "value": 2.9951195744919485
        },
        {
            "Time": "2022-12-26",
            "value": 2.4584842150931503
        },
        {
            "Time": "2022-12-27",
            "value": 0.8520890721142387
        },
        {
            "Time": "2022-12-28",
            "value": 0.5088541620798611
        },
        {
            "Time": "2022-12-29",
            "value": 0.3311631945949074
        },
        {
            "Time": "2022-12-30",
            "value": 0.48780092678310183
        },
        {
            "Time": "2022-12-31",
            "value": 1.2430151470187871
        },
        {
            "Time": "2023-01-01",
            "value": 0.7826290771311478
        },
        {
            "Time": "2023-01-02",
            "value": 0.40960714215416666
        },
        {
            "Time": "2023-01-03",
            "value": 0.47126458003891647
        },
        {
            "Time": "2023-01-04",
            "value": 0.48412615149670135
        },
        {
            "Time": "2023-01-05",
            "value": 0.618353243174595
        },
        {
            "Time": "2023-01-06",
            "value": 2.8716697751360813
        },
        {
            "Time": "2023-01-07",
            "value": 2.9628728236947235
        },
        {
            "Time": "2023-01-08",
            "value": 2.961830610147732
        },
        {
            "Time": "2023-01-09",
            "value": 0.5328625255835979
        },
        {
            "Time": "2023-01-10",
            "value": 0.5600643329409936
        },
        {
            "Time": "2023-01-11",
            "value": 0.7793615154775585
        },
        {
            "Time": "2023-01-12",
            "value": 1.2759611190928515
        },
        {
            "Time": "2023-01-13",
            "value": 0.3841198623193015
        },
        {
            "Time": "2023-01-14",
            "value": 1.4273798216215694
        },
        {
            "Time": "2023-01-15",
            "value": 0.4427689250504847
        },
        {
            "Time": "2023-01-16",
            "value": 2.446494174462943
        },
        {
            "Time": "2023-01-17",
            "value": 0.5208684239079481
        },
        {
            "Time": "2023-01-18",
            "value": 2.9076187751372107
        },
        {
            "Time": "2023-01-19",
            "value": 1.4912740746691437
        },
        {
            "Time": "2023-01-20",
            "value": 0.8524915162542024
        },
        {
            "Time": "2023-01-21",
            "value": 0.3263154873123396
        },
        {
            "Time": "2023-01-22",
            "value": 1.9379851969235333
        },
        {
            "Time": "2023-01-23",
            "value": 0.3076637912529281
        },
        {
            "Time": "2023-01-24",
            "value": 1.3688985905636706
        },
        {
            "Time": "2023-01-25",
            "value": 3.0430227004017865
        },
        {
            "Time": "2023-01-26",
            "value": 1.123517164806392
        },
        {
            "Time": "2023-01-27",
            "value": 2.808778315994788
        },
        {
            "Time": "2023-01-28",
            "value": 3.043933605762423
        },
        {
            "Time": "2023-01-29",
            "value": 3.12229014640485
        },
        {
            "Time": "2023-01-30",
            "value": 3.1795009642076124
        },
        {
            "Time": "2023-01-31",
            "value": 3.1708635359281185
        },
        {
            "Time": "2023-02-01",
            "value": 0.5569779881631232
        },
        {
            "Time": "2023-02-02",
            "value": 1.063880172541023
        },
        {
            "Time": "2023-02-03",
            "value": 0.6131819898604473
        },
        {
            "Time": "2023-02-04",
            "value": 0.23910532355206018
        },
        {
            "Time": "2023-02-05",
            "value": 0.4499885900354299
        },
        {
            "Time": "2023-02-06",
            "value": 1.4540382624362562
        },
        {
            "Time": "2023-02-07",
            "value": 0.4431197595123507
        },
        {
            "Time": "2023-02-08",
            "value": 0.2612219725864067
        },
        {
            "Time": "2023-02-09",
            "value": 0.5505584784311199
        },
        {
            "Time": "2023-02-10",
            "value": 0.33067839756056133
        },
        {
            "Time": "2023-02-11",
            "value": 0.913481763699168
        },
        {
            "Time": "2023-02-12",
            "value": 1.2032171074190428
        },
        {
            "Time": "2023-02-13",
            "value": 0.4775500768315895
        },
        {
            "Time": "2023-02-14",
            "value": 1.0686064715380896
        },
        {
            "Time": "2023-02-15",
            "value": 2.170723610753852
        },
        {
            "Time": "2023-02-16",
            "value": 2.98214180835581
        },
        {
            "Time": "2023-02-17",
            "value": 2.1583431881996487
        },
        {
            "Time": "2023-02-18",
            "value": 2.034048326120592
        },
        {
            "Time": "2023-02-19",
            "value": 0.9030924015090268
        },
        {
            "Time": "2023-02-20",
            "value": 1.663844679507702
        },
        {
            "Time": "2023-02-21",
            "value": 3.1374903838112354
        },
        {
            "Time": "2023-02-22",
            "value": 2.783485471960684
        },
        {
            "Time": "2023-02-23",
            "value": 2.37042742953025
        },
        {
            "Time": "2023-02-24",
            "value": 1.2039369405163916
        },
        {
            "Time": "2023-02-25",
            "value": 2.6883873204376134
        },
        {
            "Time": "2023-02-26",
            "value": 3.467641143335425
        },
        {
            "Time": "2023-02-27",
            "value": 2.949220191284707
        },
        {
            "Time": "2023-02-28",
            "value": 1.6540448076818721
        },
        {
            "Time": "2023-03-01",
            "value": 1.7169542141114809
        },
        {
            "Time": "2023-03-02",
            "value": 2.265738639301595
        },
        {
            "Time": "2023-03-03",
            "value": 2.8260540940209684
        },
        {
            "Time": "2023-03-04",
            "value": 3.1857705135083223
        },
        {
            "Time": "2023-03-05",
            "value": 3.1606925762724307
        },
        {
            "Time": "2023-03-06",
            "value": 3.352246602214867
        },
        {
            "Time": "2023-03-07",
            "value": 3.351374054768275
        },
        {
            "Time": "2023-03-08",
            "value": 3.0474634339069806
        },
        {
            "Time": "2023-03-09",
            "value": 2.5128883478816673
        },
        {
            "Time": "2023-03-10",
            "value": 3.6525043012875718
        },
        {
            "Time": "2023-03-11",
            "value": 2.967144370417669
        },
        {
            "Time": "2023-03-12",
            "value": 0.7439623828538097
        },
        {
            "Time": "2023-03-13",
            "value": 2.782313251294692
        },
        {
            "Time": "2023-03-14",
            "value": 3.679468574512772
        },
        {
            "Time": "2023-03-15",
            "value": 3.0355162417362873
        },
        {
            "Time": "2023-03-16",
            "value": 3.0862516688542025
        },
        {
            "Time": "2023-03-17",
            "value": 1.83913081618993
        },
        {
            "Time": "2023-03-18",
            "value": 0.5147704045445511
        },
        {
            "Time": "2023-03-19",
            "value": 0.2314499263044643
        },
        {
            "Time": "2023-03-20",
            "value": 2.5666814079857154
        },
        {
            "Time": "2023-03-21",
            "value": 1.4064671559283928
        },
        {
            "Time": "2023-03-22",
            "value": 2.4317558118705542
        },
        {
            "Time": "2023-03-23",
            "value": 0.30318825335246363
        },
        {
            "Time": "2023-03-24",
            "value": 0.3338364027449942
        },
        {
            "Time": "2023-03-25",
            "value": 0.4044916124228761
        },
        {
            "Time": "2023-03-26",
            "value": 1.3408964555959233
        },
        {
            "Time": "2023-03-27",
            "value": 0.0
        }
    ]
}