{
    "data": [
        {
            "Time": "2022-11-27",
            "value": 0.2281953982684161
        },
        {
            "Time": "2022-11-28",
            "value": 0.8552828885096405
        },
        {
            "Time": "2022-11-29",
            "value": 0.9356975783296766
        },
        {
            "Time": "2022-11-30",
            "value": 0.31407293046940526
        },
        {
            "Time": "2022-12-01",
            "value": 0.38296724426116896
        },
        {
            "Time": "2022-12-02",
            "value": 0.400151245388452
        },
        {
            "Time": "2022-12-03",
            "value": 0.6756422474457199
        },
        {
            "Time": "2022-12-04",
            "value": 0.5205891114853398
        },
        {
            "Time": "2022-12-05",
            "value": 0.4303957994273611
        },
        {
            "Time": "2022-12-06",
            "value": 0.6447484283225984
        },
        {
            "Time": "2022-12-07",
            "value": 0.1793081002207454
        },
        {
            "Time": "2022-12-08",
            "value": 0.8907796505758808
        },
        {
            "Time": "2022-12-09",
            "value": 0.7562042086330831
        },
        {
            "Time": "2022-12-10",
            "value": 2.3349491326322385
        },
        {
            "Time": "2022-12-11",
            "value": 0.3985381434256649
        },
        {
            "Time": "2022-12-12",
            "value": 0.9725055375370444
        },
        {
            "Time": "2022-12-13",
            "value": 1.9092201994763351
        },
        {
            "Time": "2022-12-14",
            "value": 0.6835618015459691
        },
        {
            "Time": "2022-12-15",
            "value": 0.4963518957402347
        },
        {
            "Time": "2022-12-16",
            "value": 0.31658426837136866
        },
        {
            "Time": "2022-12-17",
            "value": 0.4280117409239595
        },
        {
            "Time": "2022-12-18",
            "value": 3.182615073989968
        },
        {
            "Time": "2022-12-19",
            "value": 2.1720522730272447
        },
        {
            "Time": "2022-12-20",
            "value": 1.7109026511114418
        },
        {
            "Time": "2022-12-21",
            "value": 2.9528789217824176
        },
        {
            "Time": "2022-12-22",
            "value": 3.1555743944195753
        },
        {
            "Time": "2022-12-23",
            "value": 3.099426844507438
        },
        {
            "Time": "2022-12-24",
            "value": 3.31831777979542
        },
        {
            "Time": "2022-12-25",
            "value": 3.3899653893998125
        },
        {
            "Time": "2022-12-26",
            "value": 2.5627674970320977
        },
        {
            "Time": "2022-12-27",
            "value": 0.8434135525225083
        },
        {
            "Time": "2022-12-28",
            "value": 0.47956481105613424
        },
        {
            "Time": "2022-12-29",
            "value": 0.30068551523247355
        },
        {
            "Time": "2022-12-30",
            "value": 0.45747106388125
        },
        {
            "Time": "2022-12-31",
            "value": 1.247012047119896
        },
        {
            "Time": "2023-01-01",
            "value": 0.7628794298842227
        },
        {
            "Time": "2023-01-02",
            "value": 0.3702997679503935
        },
        {
            "Time": "2023-01-03",
            "value": 0.4459615817191689
        },
        {
            "Time": "2023-01-04",
            "value": 0.45097743166811344
        },
        {
            "Time": "2023-01-05",
            "value": 0.5753537015991897
        },
        {
            "Time": "2023-01-06",
            "value": 2.8456813831506387
        },
        {
            "Time": "2023-01-07",
            "value": 3.252348773396911
        },
        {
            "Time": "2023-01-08",
            "value": 3.0710715814687597
        },
        {
            "Time": "2023-01-09",
            "value": 0.5009813629176851
        },
        {
            "Time": "2023-01-10",
            "value": 0.54178334185943
        },
        {
            "Time": "2023-01-11",
            "value": 0.7504304967327836
        },
        {
            "Time": "2023-01-12",
            "value": 1.2885263797368836
        },
        {
            "Time": "2023-01-13",
            "value": 0.3570393101266361
        },
        {
            "Time": "2023-01-14",
            "value": 1.4577329615907277
        },
        {
            "Time": "2023-01-15",
            "value": 0.4163225010851894
        },
        {
            "Time": "2023-01-16",
            "value": 1.8576315198906574
        },
        {
            "Time": "2023-01-17",
            "value": 0.48006748167405194
        },
        {
            "Time": "2023-01-18",
            "value": 2.8106659587115184
        },
        {
            "Time": "2023-01-19",
            "value": 1.4881810974691938
        },
        {
            "Time": "2023-01-20",
            "value": 0.8181601329055718
        },
        {
            "Time": "2023-01-21",
            "value": 0.2962271823240703
        },
        {
            "Time": "2023-01-22",
            "value": 1.8753410841557765
        },
        {
            "Time": "2023-01-23",
            "value": 0.2767642686093419
        },
        {
            "Time": "2023-01-24",
            "value": 1.3176252793244372
        },
        {
            "Time": "2023-01-25",
            "value": 3.309894756287332
        },
        {
            "Time": "2023-01-26",
            "value": 1.1171752629992087
        },
        {
            "Time": "2023-01-27",
            "value": 2.865290645984724
        },
        {
            "Time": "2023-01-28",
            "value": 3.209896506474032
        },
        {
            "Time": "2023-01-29",
            "value": 3.196699033916412
        },
        {
            "Time": "2023-01-30",
            "value": 3.3436731961692128
        },
        {
            "Time": "2023-01-31",
            "value": 3.2794052676295613
        },
        {
            "Time": "2023-02-01",
            "value": 0.52108332586875
        },
        {
            "Time": "2023-02-02",
            "value": 1.0137641360386478
        },
        {
            "Time": "2023-02-03",
            "value": 0.5845556609686402
        },
        {
            "Time": "2023-02-04",
            "value": 0.2107991890463426
        },
        {
            "Time": "2023-02-05",
            "value": 0.4133829034248995
        },
        {
            "Time": "2023-02-06",
            "value": 1.4411968745555461
        },
        {
            "Time": "2023-02-07",
            "value": 0.41776996687825
        },
        {
            "Time": "2023-02-08",
            "value": 0.23816381403014383
        },
        {
            "Time": "2023-02-09",
            "value": 0.517365649655342
        },
        {
            "Time": "2023-02-10",
            "value": 0.30005956486953456
        },
        {
            "Time": "2023-02-11",
            "value": 0.860742567668558
        },
        {
            "Time": "2023-02-12",
            "value": 1.152971895310637
        },
        {
            "Time": "2023-02-13",
            "value": 0.4715988570612451
        },
        {
            "Time": "2023-02-14",
            "value": 1.0034758439380815
        },
        {
            "Time": "2023-02-15",
            "value": 2.014412330560129
        },
        {
            "Time": "2023-02-16",
            "value": 3.595256908650716
        },
        {
            "Time": "2023-02-17",
            "value": 2.0637348239346105
        },
        {
            "Time": "2023-02-18",
            "value": 3.154758335191986
        },
        {
            "Time": "2023-02-19",
            "value": 0.8508706008378947
        },
        {
            "Time": "2023-02-20",
            "value": 1.5620479641887215
        },
        {
            "Time": "2023-02-21",
            "value": 3.5332516052389837
        },
        {
            "Time": "2023-02-22",
            "value": 2.3850630851051897
        },
        {
            "Time": "2023-02-23",
            "value": 2.030484621819938
        },
        {
            "Time": "2023-02-24",
            "value": 1.1470275927618578
        },
        {
            "Time": "2023-02-25",
            "value": 2.373560993069182
        },
        {
            "Time": "2023-02-26",
            "value": 3.3689372580928163
        },
        {
            "Time": "2023-02-27",
            "value": 2.7903667435732955
        },
        {
            "Time": "2023-02-28",
            "value": 1.6220198999960556
        },
        {
            "Time": "2023-03-01",
            "value": 1.6796677069058992
        },
        {
            "Time": "2023-03-02",
            "value": 2.1620742109530457
        },
        {
            "Time": "2023-03-03",
            "value": 3.1608705297582684
        },
        {
            "Time": "2023-03-04",
            "value": 3.5477245691895463
        },
        {
            "Time": "2023-03-05",
            "value": 3.5410765948943452
        },
        {
            "Time": "2023-03-06",
            "value": 3.68150130441749
        },
        {
            "Time": "2023-03-07",
            "value": 3.658148123239479
        },
        {
            "Time": "2023-03-08",
            "value": 3.364034813398454
        },
        {
            "Time": "2023-03-09",
            "value": 2.4786423804079116
        },
        {
            "Time": "2023-03-10",
            "value": 3.762948525606675
        },
        {
            "Time": "2023-03-11",
            "value": 3.023997165093786
        },
        {
            "Time": "2023-03-12",
            "value": 0.6999934942398124
        },
        {
            "Time": "2023-03-13",
            "value": 2.7797434080107872
        },
        {
            "Time": "2023-03-14",
            "value": 3.812725657731531
        },
        {
            "Time": "2023-03-15",
            "value": 3.141242465426905
        },
        {
            "Time": "2023-03-16",
            "value": 3.138073208321519
        },
        {
            "Time": "2023-03-17",
            "value": 1.8446589224842793
        },
        {
            "Time": "2023-03-18",
            "value": 0.47774021491621416
        },
        {
            "Time": "2023-03-19",
            "value": 0.20280844748368054
        },
        {
            "Time": "2023-03-20",
            "value": 2.5191079358092816
        },
        {
            "Time": "2023-03-21",
            "value": 1.3756001612270885
        },
        {
            "Time": "2023-03-22",
            "value": 2.444476984800027
        },
        {
            "Time": "2023-03-23",
            "value": 0.2629846321315386
        },
        {
            "Time": "2023-03-24",
            "value": 0.29266137629213457
        },
        {
            "Time": "2023-03-25",
            "value": 0.3652818254744097
        },
        {
            "Time": "2023-03-26",
            "value": 1.309406456021848
        },
        {
            "Time": "2023-03-27",
            "value": 0.0
        }
    ]
}