{
    "data": [
        {
            "Time": "2022-11-27",
            "value": 0.10321119933754763
        },
        {
            "Time": "2022-11-28",
            "value": 0.4419943749245805
        },
        {
            "Time": "2022-11-29",
            "value": 0.4027466327807339
        },
        {
            "Time": "2022-11-30",
            "value": 0.16522099844485488
        },
        {
            "Time": "2022-12-01",
            "value": 0.21612202459194205
        },
        {
            "Time": "2022-12-02",
            "value": 0.2627863173239748
        },
        {
            "Time": "2022-12-03",
            "value": 0.45699200210410695
        },
        {
            "Time": "2022-12-04",
            "value": 0.32594756753042015
        },
        {
            "Time": "2022-12-05",
            "value": 0.27037244223764534
        },
        {
            "Time": "2022-12-06",
            "value": 0.4280423274193852
        },
        {
            "Time": "2022-12-07",
            "value": 0.10210185416998148
        },
        {
            "Time": "2022-12-08",
            "value": 0.5352529280454252
        },
        {
            "Time": "2022-12-09",
            "value": 0.4989044563440224
        },
        {
            "Time": "2022-12-10",
            "value": 1.2169334543009234
        },
        {
            "Time": "2022-12-11",
            "value": 0.22758070707575773
        },
        {
            "Time": "2022-12-12",
            "value": 0.7322347329031292
        },
        {
            "Time": "2022-12-13",
            "value": 0.773757706029331
        },
        {
            "Time": "2022-12-14",
            "value": 0.4309088448490792
        },
        {
            "Time": "2022-12-15",
            "value": 0.308292366572046
        },
        {
            "Time": "2022-12-16",
            "value": 0.18677807092653523
        },
        {
            "Time": "2022-12-17",
            "value": 0.2505875654918996
        },
        {
            "Time": "2022-12-18",
            "value": 1.379464590405574
        },
        {
            "Time": "2022-12-19",
            "value": 1.1899629681397508
        },
        {
            "Time": "2022-12-20",
            "value": 0.7864791047278908
        },
        {
            "Time": "2022-12-21",
            "value": 1.1293271947956272
        },
        {
            "Time": "2022-12-22",
            "value": 1.2868528470757248
        },
        {
            "Time": "2022-12-23",
            "value": 1.1924995980928088
        },
        {
            "Time": "2022-12-24",
            "value": 1.1815182884282334
        },
        {
            "Time": "2022-12-25",
            "value": 1.366429109236867
        },
        {
            "Time": "2022-12-26",
            "value": 1.1500072327172728
        },
        {
            "Time": "2022-12-27",
            "value": 0.5286678673689306
        },
        {
            "Time": "2022-12-28",
            "value": 0.3066146276760858
        },
        {
            "Time": "2022-12-29",
            "value": 0.17764334958341116
        },
        {
            "Time": "2022-12-30",
            "value": 0.2991568062423857
        },
        {
            "Time": "2022-12-31",
            "value": 0.943286909469046
        },
        {
            "Time": "2023-01-01",
            "value": 0.49675370823462056
        },
        {
            "Time": "2023-01-02",
            "value": 0.2607802839572666
        },
        {
            "Time": "2023-01-03",
            "value": 0.2686094704509949
        },
        {
            "Time": "2023-01-04",
            "value": 0.2902194092265584
        },
        {
            "Time": "2023-01-05",
            "value": 0.40377262167875083
        },
        {
            "Time": "2023-01-06",
            "value": 1.2423200698067138
        },
        {
            "Time": "2023-01-07",
            "value": 1.397589408021823
        },
        {
            "Time": "2023-01-08",
            "value": 1.3920569164145216
        },
        {
            "Time": "2023-01-09",
            "value": 0.32497809227027497
        },
        {
            "Time": "2023-01-10",
            "value": 0.3717362464390551
        },
        {
            "Time": "2023-01-11",
            "value": 0.5008026952631217
        },
        {
            "Time": "2023-01-12",
            "value": 0.8612049390668991
        },
        {
            "Time": "2023-01-13",
            "value": 0.21798506720323457
        },
        {
            "Time": "2023-01-14",
            "value": 0.749731509405432
        },
        {
            "Time": "2023-01-15",
            "value": 0.23932961207834447
        },
        {
            "Time": "2023-01-16",
            "value": 1.1662363838104002
        },
        {
            "Time": "2023-01-17",
            "value": 0.32201772733349926
        },
        {
            "Time": "2023-01-18",
            "value": 1.2778433359930539
        },
        {
            "Time": "2023-01-19",
            "value": 1.2313052023174074
        },
        {
            "Time": "2023-01-20",
            "value": 0.5268777994340729
        },
        {
            "Time": "2023-01-21",
            "value": 0.17822720221520372
        },
        {
            "Time": "2023-01-22",
            "value": 0.682359216081401
        },
        {
            "Time": "2023-01-23",
            "value": 0.13298539797500705
        },
        {
            "Time": "2023-01-24",
            "value": 0.6009664157766145
        },
        {
            "Time": "2023-01-25",
            "value": 1.438761075643451
        },
        {
            "Time": "2023-01-26",
            "value": 0.8512038479307419
        },
        {
            "Time": "2023-01-27",
            "value": 1.3199692224731214
        },
        {
            "Time": "2023-01-28",
            "value": 1.6959543735721094
        },
        {
            "Time": "2023-01-29",
            "value": 1.7017603855017516
        },
        {
            "Time": "2023-01-30",
            "value": 1.7507938408973789
        },
        {
            "Time": "2023-01-31",
            "value": 1.7423433408447762
        },
        {
            "Time": "2023-02-01",
            "value": 0.34379598434413433
        },
        {
            "Time": "2023-02-02",
            "value": 0.7730281523655556
        },
        {
            "Time": "2023-02-03",
            "value": 0.37794676118982246
        },
        {
            "Time": "2023-02-04",
            "value": 0.11825113394873797
        },
        {
            "Time": "2023-02-05",
            "value": 0.2446299770529194
        },
        {
            "Time": "2023-02-06",
            "value": 0.9490767088600287
        },
        {
            "Time": "2023-02-07",
            "value": 0.21989377836682583
        },
        {
            "Time": "2023-02-08",
            "value": 0.12801453936288787
        },
        {
            "Time": "2023-02-09",
            "value": 0.32191582553998555
        },
        {
            "Time": "2023-02-10",
            "value": 0.1462187889055482
        },
        {
            "Time": "2023-02-11",
            "value": 0.5350078178219643
        },
        {
            "Time": "2023-02-12",
            "value": 0.8787868678499613
        },
        {
            "Time": "2023-02-13",
            "value": 0.25729759719095685
        },
        {
            "Time": "2023-02-14",
            "value": 0.6389257535220838
        },
        {
            "Time": "2023-02-15",
            "value": 1.9693839037589804
        },
        {
            "Time": "2023-02-16",
            "value": 2.2944218767988414
        },
        {
            "Time": "2023-02-17",
            "value": 1.5299079136973133
        },
        {
            "Time": "2023-02-18",
            "value": 2.047353370227086
        },
        {
            "Time": "2023-02-19",
            "value": 0.5496669430593442
        },
        {
            "Time": "2023-02-20",
            "value": 0.9758513350521534
        },
        {
            "Time": "2023-02-21",
            "value": 2.368006833609871
        },
        {
            "Time": "2023-02-22",
            "value": 1.9200848905151275
        },
        {
            "Time": "2023-02-23",
            "value": 1.9862015662157921
        },
        {
            "Time": "2023-02-24",
            "value": 0.723344926956515
        },
        {
            "Time": "2023-02-25",
            "value": 2.191055499494915
        },
        {
            "Time": "2023-02-26",
            "value": 2.5075038583026648
        },
        {
            "Time": "2023-02-27",
            "value": 2.2315237801331596
        },
        {
            "Time": "2023-02-28",
            "value": 1.039721124272164
        },
        {
            "Time": "2023-03-01",
            "value": 1.1543840044109024
        },
        {
            "Time": "2023-03-02",
            "value": 1.5390924344507573
        },
        {
            "Time": "2023-03-03",
            "value": 2.256404066244195
        },
        {
            "Time": "2023-03-04",
            "value": 2.5445742969013105
        },
        {
            "Time": "2023-03-05",
            "value": 2.5039809881696837
        },
        {
            "Time": "2023-03-06",
            "value": 2.62105633028447
        },
        {
            "Time": "2023-03-07",
            "value": 2.5960798095712834
        },
        {
            "Time": "2023-03-08",
            "value": 2.297667692384249
        },
        {
            "Time": "2023-03-09",
            "value": 1.8718867415001423
        },
        {
            "Time": "2023-03-10",
            "value": 2.741521801884149
        },
        {
            "Time": "2023-03-11",
            "value": 1.9253124137427882
        },
        {
            "Time": "2023-03-12",
            "value": 0.4556307802345987
        },
        {
            "Time": "2023-03-13",
            "value": 2.0777612401292953
        },
        {
            "Time": "2023-03-14",
            "value": 2.89329700682006
        },
        {
            "Time": "2023-03-15",
            "value": 2.2700121036194387
        },
        {
            "Time": "2023-03-16",
            "value": 2.4587736630099957
        },
        {
            "Time": "2023-03-17",
            "value": 1.2154425692587654
        },
        {
            "Time": "2023-03-18",
            "value": 0.29343636279720964
        },
        {
            "Time": "2023-03-19",
            "value": 0.0663670043338856
        },
        {
            "Time": "2023-03-20",
            "value": 1.9912343572957238
        },
        {
            "Time": "2023-03-21",
            "value": 0.9508554084470207
        },
        {
            "Time": "2023-03-22",
            "value": 1.6456452456223436
        },
        {
            "Time": "2023-03-23",
            "value": 0.10672986960672512
        },
        {
            "Time": "2023-03-24",
            "value": 0.11918026769743749
        },
        {
            "Time": "2023-03-25",
            "value": 0.17260409582796485
        },
        {
            "Time": "2023-03-26",
            "value": 0.8756252388615006
        },
        {
            "Time": "2023-03-27",
            "value": 0.0
        }
    ]
}