{
    "data": [
        {
            "Time": "2022-11-27",
            "value": 0.11097684488318962
        },
        {
            "Time": "2022-11-28",
            "value": 0.363750754784955
        },
        {
            "Time": "2022-11-29",
            "value": 0.3295944872127243
        },
        {
            "Time": "2022-11-30",
            "value": 0.17338015045588265
        },
        {
            "Time": "2022-12-01",
            "value": 0.0
        },
        {
            "Time": "2022-12-02",
            "value": 0.0
        },
        {
            "Time": "2022-12-03",
            "value": 0.0
        },
        {
            "Time": "2022-12-04",
            "value": 0.0
        },
        {
            "Time": "2022-12-05",
            "value": 0.0
        },
        {
            "Time": "2022-12-06",
            "value": 0.0
        },
        {
            "Time": "2022-12-07",
            "value": 0.0
        },
        {
            "Time": "2022-12-08",
            "value": 0.4229230295013854
        },
        {
            "Time": "2022-12-09",
            "value": 0.40186368668216627
        },
        {
            "Time": "2022-12-10",
            "value": 0.7488309247214556
        },
        {
            "Time": "2022-12-11",
            "value": 0.2142848100603045
        },
        {
            "Time": "2022-12-12",
            "value": 0.48447262314727213
        },
        {
            "Time": "2022-12-13",
            "value": 0.48650996339856
        },
        {
            "Time": "2022-12-14",
            "value": 0.36827166772319214
        },
        {
            "Time": "2022-12-15",
            "value": 0.28127400287844956
        },
        {
            "Time": "2022-12-16",
            "value": 0.1751827432888078
        },
        {
            "Time": "2022-12-17",
            "value": 0.2275581142352557
        },
        {
            "Time": "2022-12-18",
            "value": 0.6795724115623413
        },
        {
            "Time": "2022-12-19",
            "value": 0.623003632901116
        },
        {
            "Time": "2022-12-20",
            "value": 0.6405519204098393
        },
        {
            "Time": "2022-12-21",
            "value": 0.6809363244786252
        },
        {
            "Time": "2022-12-22",
            "value": 0.7078255114948184
        },
        {
            "Time": "2022-12-23",
            "value": 0.6910233160796773
        },
        {
            "Time": "2022-12-24",
            "value": 0.6904387225382537
        },
        {
            "Time": "2022-12-25",
            "value": 0.6734302623539422
        },
        {
            "Time": "2022-12-26",
            "value": 0.7511820425265715
        },
        {
            "Time": "2022-12-27",
            "value": 0.40309027902185185
        },
        {
            "Time": "2022-12-28",
            "value": 0.2626761175548013
        },
        {
            "Time": "2022-12-29",
            "value": 0.17167592980555557
        },
        {
            "Time": "2022-12-30",
            "value": 0.2723040078608395
        },
        {
            "Time": "2022-12-31",
            "value": 0.6697360304878879
        },
        {
            "Time": "2023-01-01",
            "value": 0.4128483463396022
        },
        {
            "Time": "2023-01-02",
            "value": 0.2250462900766204
        },
        {
            "Time": "2023-01-03",
            "value": 0.25021662767847225
        },
        {
            "Time": "2023-01-04",
            "value": 0.2597695862104141
        },
        {
            "Time": "2023-01-05",
            "value": 0.3428483780482824
        },
        {
            "Time": "2023-01-06",
            "value": 0.6889128936750696
        },
        {
            "Time": "2023-01-07",
            "value": 0.7026673044922664
        },
        {
            "Time": "2023-01-08",
            "value": 0.6821567613028091
        },
        {
            "Time": "2023-01-09",
            "value": 0.27568345089212964
        },
        {
            "Time": "2023-01-10",
            "value": 0.3189785521394914
        },
        {
            "Time": "2023-01-11",
            "value": 0.4035720199867011
        },
        {
            "Time": "2023-01-12",
            "value": 0.6308736865595206
        },
        {
            "Time": "2023-01-13",
            "value": 0.18899212740748408
        },
        {
            "Time": "2023-01-14",
            "value": 0.5918283575900655
        },
        {
            "Time": "2023-01-15",
            "value": 0.23628230164485445
        },
        {
            "Time": "2023-01-16",
            "value": 0.5795605052320899
        },
        {
            "Time": "2023-01-17",
            "value": 0.28723296945987437
        },
        {
            "Time": "2023-01-18",
            "value": 0.5672083751929025
        },
        {
            "Time": "2023-01-19",
            "value": 0.6128541919078019
        },
        {
            "Time": "2023-01-20",
            "value": 0.4063632111941845
        },
        {
            "Time": "2023-01-21",
            "value": 0.17896064698096062
        },
        {
            "Time": "2023-01-22",
            "value": 0.44564405620345793
        },
        {
            "Time": "2023-01-23",
            "value": 0.14346332455007657
        },
        {
            "Time": "2023-01-24",
            "value": 0.3886994883747091
        },
        {
            "Time": "2023-01-25",
            "value": 0.562129260272523
        },
        {
            "Time": "2023-01-26",
            "value": 0.6007671067663714
        },
        {
            "Time": "2023-01-27",
            "value": 0.641385886945036
        },
        {
            "Time": "2023-01-28",
            "value": 0.7452235665184385
        },
        {
            "Time": "2023-01-29",
            "value": 0.7985918098534526
        },
        {
            "Time": "2023-01-30",
            "value": 0.8105934756883489
        },
        {
            "Time": "2023-01-31",
            "value": 0.788240533903737
        },
        {
            "Time": "2023-02-01",
            "value": 0.29494560073998843
        },
        {
            "Time": "2023-02-02",
            "value": 0.4601939250832936
        },
        {
            "Time": "2023-02-03",
            "value": 0.33351022184303336
        },
        {
            "Time": "2023-02-04",
            "value": 0.11812756818035584
        },
        {
            "Time": "2023-02-05",
            "value": 0.23149528690078042
        },
        {
            "Time": "2023-02-06",
            "value": 0.5854016891028586
        },
        {
            "Time": "2023-02-07",
            "value": 0.194404732683045
        },
        {
            "Time": "2023-02-08",
            "value": 0.11647336841526822
        },
        {
            "Time": "2023-02-09",
            "value": 0.27025714362464726
        },
        {
            "Time": "2023-02-10",
            "value": 0.14566492058393102
        },
        {
            "Time": "2023-02-11",
            "value": 0.3904427059807165
        },
        {
            "Time": "2023-02-12",
            "value": 0.4819235216984114
        },
        {
            "Time": "2023-02-13",
            "value": 0.2570172444852101
        },
        {
            "Time": "2023-02-14",
            "value": 0.4959321948393404
        },
        {
            "Time": "2023-02-15",
            "value": 0.9416501174524706
        },
        {
            "Time": "2023-02-16",
            "value": 0.9943341509144403
        },
        {
            "Time": "2023-02-17",
            "value": 0.7926381696644135
        },
        {
            "Time": "2023-02-18",
            "value": 0.9379929109843556
        },
        {
            "Time": "2023-02-19",
            "value": 0.4405694438939953
        },
        {
            "Time": "2023-02-20",
            "value": 0.6715656289223415
        },
        {
            "Time": "2023-02-21",
            "value": 1.0779758990939896
        },
        {
            "Time": "2023-02-22",
            "value": 0.9792292983469625
        },
        {
            "Time": "2023-02-23",
            "value": 1.0274914668802793
        },
        {
            "Time": "2023-02-24",
            "value": 0.5418291965831713
        },
        {
            "Time": "2023-02-25",
            "value": 1.1866651152840648
        },
        {
            "Time": "2023-02-26",
            "value": 1.1590485437391385
        },
        {
            "Time": "2023-02-27",
            "value": 0.968417529352171
        },
        {
            "Time": "2023-02-28",
            "value": 0.7513892832449511
        },
        {
            "Time": "2023-03-01",
            "value": 0.6930756417434693
        },
        {
            "Time": "2023-03-02",
            "value": 0.896077907153171
        },
        {
            "Time": "2023-03-03",
            "value": 1.2423211155821028
        },
        {
            "Time": "2023-03-04",
            "value": 1.2832199400397926
        },
        {
            "Time": "2023-03-05",
            "value": 1.31980468378051
        },
        {
            "Time": "2023-03-06",
            "value": 1.3475117025095456
        },
        {
            "Time": "2023-03-07",
            "value": 1.3548540747888027
        },
        {
            "Time": "2023-03-08",
            "value": 1.356685660303127
        },
        {
            "Time": "2023-03-09",
            "value": 1.0812736412259831
        },
        {
            "Time": "2023-03-10",
            "value": 1.4172839070361052
        },
        {
            "Time": "2023-03-11",
            "value": 1.4270894927531812
        },
        {
            "Time": "2023-03-12",
            "value": 0.37483860914322364
        },
        {
            "Time": "2023-03-13",
            "value": 1.316577688052291
        },
        {
            "Time": "2023-03-14",
            "value": 1.5298056719661564
        },
        {
            "Time": "2023-03-15",
            "value": 1.3075801361618458
        },
        {
            "Time": "2023-03-16",
            "value": 1.3947631420833164
        },
        {
            "Time": "2023-03-17",
            "value": 0.9502060371723262
        },
        {
            "Time": "2023-03-18",
            "value": 0.2634761002736301
        },
        {
            "Time": "2023-03-19",
            "value": 0.06688302708634428
        },
        {
            "Time": "2023-03-20",
            "value": 1.1283292119035493
        },
        {
            "Time": "2023-03-21",
            "value": 0.7217862336875508
        },
        {
            "Time": "2023-03-22",
            "value": 1.2018750358054409
        },
        {
            "Time": "2023-03-23",
            "value": 0.11214986160789449
        },
        {
            "Time": "2023-03-24",
            "value": 0.13698919376879243
        },
        {
            "Time": "2023-03-25",
            "value": 0.17865796024655822
        },
        {
            "Time": "2023-03-26",
            "value": 0.7141427195364206
        },
        {
            "Time": "2023-03-27",
            "value": 0.0
        }
    ]
}