{
    "data": [
        {
            "Time": "2022-11-27",
            "value": 0.16682431793328756
        },
        {
            "Time": "2022-11-28",
            "value": 0.506924982691338
        },
        {
            "Time": "2022-11-29",
            "value": 0.4233414100492507
        },
        {
            "Time": "2022-11-30",
            "value": 0.2311545564967485
        },
        {
            "Time": "2022-12-01",
            "value": 0.0
        },
        {
            "Time": "2022-12-02",
            "value": 0.0
        },
        {
            "Time": "2022-12-03",
            "value": 0.0
        },
        {
            "Time": "2022-12-04",
            "value": 0.0
        },
        {
            "Time": "2022-12-05",
            "value": 0.0
        },
        {
            "Time": "2022-12-06",
            "value": 0.0
        },
        {
            "Time": "2022-12-07",
            "value": 0.0
        },
        {
            "Time": "2022-12-08",
            "value": 0.5804265087120429
        },
        {
            "Time": "2022-12-09",
            "value": 0.5149621330915906
        },
        {
            "Time": "2022-12-10",
            "value": 0.919151837641322
        },
        {
            "Time": "2022-12-11",
            "value": 0.2962447926344329
        },
        {
            "Time": "2022-12-12",
            "value": 0.7113512473783051
        },
        {
            "Time": "2022-12-13",
            "value": 0.8094234785470545
        },
        {
            "Time": "2022-12-14",
            "value": 0.46902016701079974
        },
        {
            "Time": "2022-12-15",
            "value": 0.3532923007636459
        },
        {
            "Time": "2022-12-16",
            "value": 0.2370063653658796
        },
        {
            "Time": "2022-12-17",
            "value": 0.3039539538525733
        },
        {
            "Time": "2022-12-18",
            "value": 1.4441305113897547
        },
        {
            "Time": "2022-12-19",
            "value": 1.3730005089578314
        },
        {
            "Time": "2022-12-20",
            "value": 0.6956203166931887
        },
        {
            "Time": "2022-12-21",
            "value": 1.213151957050197
        },
        {
            "Time": "2022-12-22",
            "value": 1.336138983612798
        },
        {
            "Time": "2022-12-23",
            "value": 1.412064796204641
        },
        {
            "Time": "2022-12-24",
            "value": 1.4275128436379465
        },
        {
            "Time": "2022-12-25",
            "value": 1.43203222739618
        },
        {
            "Time": "2022-12-26",
            "value": 1.2305020584014075
        },
        {
            "Time": "2022-12-27",
            "value": 0.6061442281709151
        },
        {
            "Time": "2022-12-28",
            "value": 0.3545717580648148
        },
        {
            "Time": "2022-12-29",
            "value": 0.23567129513495372
        },
        {
            "Time": "2022-12-30",
            "value": 0.3463888901944444
        },
        {
            "Time": "2022-12-31",
            "value": 0.8268546600310799
        },
        {
            "Time": "2023-01-01",
            "value": 0.5242450527870048
        },
        {
            "Time": "2023-01-02",
            "value": 0.2995833341528935
        },
        {
            "Time": "2023-01-03",
            "value": 0.33332787353270504
        },
        {
            "Time": "2023-01-04",
            "value": 0.33335532387032407
        },
        {
            "Time": "2023-01-05",
            "value": 0.41302662345884256
        },
        {
            "Time": "2023-01-06",
            "value": 1.390538798938368
        },
        {
            "Time": "2023-01-07",
            "value": 1.4667133238036993
        },
        {
            "Time": "2023-01-08",
            "value": 1.4640471226399696
        },
        {
            "Time": "2023-01-09",
            "value": 0.35842254483134245
        },
        {
            "Time": "2023-01-10",
            "value": 0.3907451385230051
        },
        {
            "Time": "2023-01-11",
            "value": 0.5083992077890271
        },
        {
            "Time": "2023-01-12",
            "value": 0.9271905252080395
        },
        {
            "Time": "2023-01-13",
            "value": 0.27353918454491566
        },
        {
            "Time": "2023-01-14",
            "value": 0.8482094854518861
        },
        {
            "Time": "2023-01-15",
            "value": 0.3007244726860728
        },
        {
            "Time": "2023-01-16",
            "value": 1.3009560068351333
        },
        {
            "Time": "2023-01-17",
            "value": 0.3720023097938657
        },
        {
            "Time": "2023-01-18",
            "value": 1.3993580952514475
        },
        {
            "Time": "2023-01-19",
            "value": 1.2849550875957239
        },
        {
            "Time": "2023-01-20",
            "value": 0.5835602013892065
        },
        {
            "Time": "2023-01-21",
            "value": 0.24413772865960648
        },
        {
            "Time": "2023-01-22",
            "value": 1.1371013323991395
        },
        {
            "Time": "2023-01-23",
            "value": 0.20138634120238427
        },
        {
            "Time": "2023-01-24",
            "value": 0.7117135518512717
        },
        {
            "Time": "2023-01-25",
            "value": 1.6486399805108989
        },
        {
            "Time": "2023-01-26",
            "value": 0.9569062303759834
        },
        {
            "Time": "2023-01-27",
            "value": 1.5644190772506998
        },
        {
            "Time": "2023-01-28",
            "value": 1.6698200200222844
        },
        {
            "Time": "2023-01-29",
            "value": 1.6735954034801084
        },
        {
            "Time": "2023-01-30",
            "value": 1.7074241965681165
        },
        {
            "Time": "2023-01-31",
            "value": 1.6976794340376775
        },
        {
            "Time": "2023-02-01",
            "value": 0.3806597187234954
        },
        {
            "Time": "2023-02-02",
            "value": 0.8518254186366061
        },
        {
            "Time": "2023-02-03",
            "value": 0.41536940437656217
        },
        {
            "Time": "2023-02-04",
            "value": 0.16312499847916667
        },
        {
            "Time": "2023-02-05",
            "value": 0.31071792131048115
        },
        {
            "Time": "2023-02-06",
            "value": 0.9823179860295574
        },
        {
            "Time": "2023-02-07",
            "value": 0.2776142680186768
        },
        {
            "Time": "2023-02-08",
            "value": 0.1969330266884075
        },
        {
            "Time": "2023-02-09",
            "value": 0.3527906375809272
        },
        {
            "Time": "2023-02-10",
            "value": 0.22978229128249422
        },
        {
            "Time": "2023-02-11",
            "value": 0.5497589677414662
        },
        {
            "Time": "2023-02-12",
            "value": 0.7073830448554596
        },
        {
            "Time": "2023-02-13",
            "value": 0.33104521138100523
        },
        {
            "Time": "2023-02-14",
            "value": 0.6198475715959143
        },
        {
            "Time": "2023-02-15",
            "value": 1.7066027181789445
        },
        {
            "Time": "2023-02-16",
            "value": 1.9086388427386598
        },
        {
            "Time": "2023-02-17",
            "value": 1.374307212160774
        },
        {
            "Time": "2023-02-18",
            "value": 1.5870879599207144
        },
        {
            "Time": "2023-02-19",
            "value": 0.5788420935211971
        },
        {
            "Time": "2023-02-20",
            "value": 0.9710011004742317
        },
        {
            "Time": "2023-02-21",
            "value": 1.9080972970197276
        },
        {
            "Time": "2023-02-22",
            "value": 1.4862687069184246
        },
        {
            "Time": "2023-02-23",
            "value": 1.7187524343598501
        },
        {
            "Time": "2023-02-24",
            "value": 0.7396798819771138
        },
        {
            "Time": "2023-02-25",
            "value": 1.8280582769058393
        },
        {
            "Time": "2023-02-26",
            "value": 1.9399800622472634
        },
        {
            "Time": "2023-02-27",
            "value": 1.8148875122144772
        },
        {
            "Time": "2023-02-28",
            "value": 1.0083348959946077
        },
        {
            "Time": "2023-03-01",
            "value": 1.003234962829615
        },
        {
            "Time": "2023-03-02",
            "value": 1.361354100065901
        },
        {
            "Time": "2023-03-03",
            "value": 1.8015285369339238
        },
        {
            "Time": "2023-03-04",
            "value": 1.9330665754935723
        },
        {
            "Time": "2023-03-05",
            "value": 1.9454773331033033
        },
        {
            "Time": "2023-03-06",
            "value": 2.0055587540651114
        },
        {
            "Time": "2023-03-07",
            "value": 1.9762015027870137
        },
        {
            "Time": "2023-03-08",
            "value": 1.8583540499930167
        },
        {
            "Time": "2023-03-09",
            "value": 1.4935754517737954
        },
        {
            "Time": "2023-03-10",
            "value": 1.9920700461238012
        },
        {
            "Time": "2023-03-11",
            "value": 1.7492107651809632
        },
        {
            "Time": "2023-03-12",
            "value": 0.47246793859155545
        },
        {
            "Time": "2023-03-13",
            "value": 1.6859870103846482
        },
        {
            "Time": "2023-03-14",
            "value": 1.9882401956014761
        },
        {
            "Time": "2023-03-15",
            "value": 1.652245707905203
        },
        {
            "Time": "2023-03-16",
            "value": 1.8522462773622226
        },
        {
            "Time": "2023-03-17",
            "value": 1.104478482362818
        },
        {
            "Time": "2023-03-18",
            "value": 0.34187689403296506
        },
        {
            "Time": "2023-03-19",
            "value": 0.14337880517501653
        },
        {
            "Time": "2023-03-20",
            "value": 1.5687030431664046
        },
        {
            "Time": "2023-03-21",
            "value": 0.8780077090293711
        },
        {
            "Time": "2023-03-22",
            "value": 1.3210930411582087
        },
        {
            "Time": "2023-03-23",
            "value": 0.1837222224554398
        },
        {
            "Time": "2023-03-24",
            "value": 0.18576229894242474
        },
        {
            "Time": "2023-03-25",
            "value": 0.25473147922769096
        },
        {
            "Time": "2023-03-26",
            "value": 0.8564997091862442
        },
        {
            "Time": "2023-03-27",
            "value": 0.0
        }
    ]
}