{
    "data": [
        {
            "Time": "2022-11-27",
            "value": 0.11186566570917975
        },
        {
            "Time": "2022-11-28",
            "value": 0.45923672267156557
        },
        {
            "Time": "2022-11-29",
            "value": 0.4493852230603454
        },
        {
            "Time": "2022-11-30",
            "value": 0.18777233149547254
        },
        {
            "Time": "2022-12-01",
            "value": 0.23267882826982733
        },
        {
            "Time": "2022-12-02",
            "value": 0.26158089181458105
        },
        {
            "Time": "2022-12-03",
            "value": 0.43859632737092197
        },
        {
            "Time": "2022-12-04",
            "value": 0.3346157390168278
        },
        {
            "Time": "2022-12-05",
            "value": 0.2737961984094448
        },
        {
            "Time": "2022-12-06",
            "value": 0.4357674554220054
        },
        {
            "Time": "2022-12-07",
            "value": 0.09685408697388237
        },
        {
            "Time": "2022-12-08",
            "value": 0.5352490462191263
        },
        {
            "Time": "2022-12-09",
            "value": 0.4906620861184845
        },
        {
            "Time": "2022-12-10",
            "value": 0.9847059307841892
        },
        {
            "Time": "2022-12-11",
            "value": 0.23218877390405737
        },
        {
            "Time": "2022-12-12",
            "value": 0.5620493012543327
        },
        {
            "Time": "2022-12-13",
            "value": 0.8163715136570355
        },
        {
            "Time": "2022-12-14",
            "value": 0.44266196444724837
        },
        {
            "Time": "2022-12-15",
            "value": 0.3072772469762623
        },
        {
            "Time": "2022-12-16",
            "value": 0.19247576037391986
        },
        {
            "Time": "2022-12-17",
            "value": 0.2635562864095389
        },
        {
            "Time": "2022-12-18",
            "value": 1.493183994883588
        },
        {
            "Time": "2022-12-19",
            "value": 1.3891210183500866
        },
        {
            "Time": "2022-12-20",
            "value": 0.8317010925609419
        },
        {
            "Time": "2022-12-21",
            "value": 1.2083465204862742
        },
        {
            "Time": "2022-12-22",
            "value": 1.2413524576477781
        },
        {
            "Time": "2022-12-23",
            "value": 1.4844677605634773
        },
        {
            "Time": "2022-12-24",
            "value": 1.4822177099975233
        },
        {
            "Time": "2022-12-25",
            "value": 1.4774152293696072
        },
        {
            "Time": "2022-12-26",
            "value": 1.3523113898650854
        },
        {
            "Time": "2022-12-27",
            "value": 0.5455734419563956
        },
        {
            "Time": "2022-12-28",
            "value": 0.3053739324016626
        },
        {
            "Time": "2022-12-29",
            "value": 0.17067602273228608
        },
        {
            "Time": "2022-12-30",
            "value": 0.3026659589370742
        },
        {
            "Time": "2022-12-31",
            "value": 0.7494978683114951
        },
        {
            "Time": "2023-01-01",
            "value": 0.4979233257968061
        },
        {
            "Time": "2023-01-02",
            "value": 0.24615508745828704
        },
        {
            "Time": "2023-01-03",
            "value": 0.2697237344455876
        },
        {
            "Time": "2023-01-04",
            "value": 0.2884652736549329
        },
        {
            "Time": "2023-01-05",
            "value": 0.40076488580199265
        },
        {
            "Time": "2023-01-06",
            "value": 1.4231705686899359
        },
        {
            "Time": "2023-01-07",
            "value": 1.4797451000609647
        },
        {
            "Time": "2023-01-08",
            "value": 1.4569456738313116
        },
        {
            "Time": "2023-01-09",
            "value": 0.3261922722993553
        },
        {
            "Time": "2023-01-10",
            "value": 0.3629648135379802
        },
        {
            "Time": "2023-01-11",
            "value": 0.4990326287562885
        },
        {
            "Time": "2023-01-12",
            "value": 0.8847549100202948
        },
        {
            "Time": "2023-01-13",
            "value": 0.20260934829152843
        },
        {
            "Time": "2023-01-14",
            "value": 0.8224463738801154
        },
        {
            "Time": "2023-01-15",
            "value": 0.2602485554403959
        },
        {
            "Time": "2023-01-16",
            "value": 1.3065076343469728
        },
        {
            "Time": "2023-01-17",
            "value": 0.3120640690263069
        },
        {
            "Time": "2023-01-18",
            "value": 1.338178478018721
        },
        {
            "Time": "2023-01-19",
            "value": 1.204402322116805
        },
        {
            "Time": "2023-01-20",
            "value": 0.5419802009882925
        },
        {
            "Time": "2023-01-21",
            "value": 0.17437312713497197
        },
        {
            "Time": "2023-01-22",
            "value": 1.0489224833996789
        },
        {
            "Time": "2023-01-23",
            "value": 0.14248577888941336
        },
        {
            "Time": "2023-01-24",
            "value": 0.625151699068491
        },
        {
            "Time": "2023-01-25",
            "value": 1.5659286400782877
        },
        {
            "Time": "2023-01-26",
            "value": 0.921656243816096
        },
        {
            "Time": "2023-01-27",
            "value": 1.5547386866205182
        },
        {
            "Time": "2023-01-28",
            "value": 1.5876083576782412
        },
        {
            "Time": "2023-01-29",
            "value": 1.6009719880047746
        },
        {
            "Time": "2023-01-30",
            "value": 1.6133115040125128
        },
        {
            "Time": "2023-01-31",
            "value": 1.5964451455064295
        },
        {
            "Time": "2023-02-01",
            "value": 0.3419580875956056
        },
        {
            "Time": "2023-02-02",
            "value": 0.7974046883045153
        },
        {
            "Time": "2023-02-03",
            "value": 0.3817078297275561
        },
        {
            "Time": "2023-02-04",
            "value": 0.112345049760649
        },
        {
            "Time": "2023-02-05",
            "value": 0.2393957862193978
        },
        {
            "Time": "2023-02-06",
            "value": 0.9693641207401553
        },
        {
            "Time": "2023-02-07",
            "value": 0.21502697900674508
        },
        {
            "Time": "2023-02-08",
            "value": 0.1314647759636978
        },
        {
            "Time": "2023-02-09",
            "value": 0.321502291882625
        },
        {
            "Time": "2023-02-10",
            "value": 0.1557570552560496
        },
        {
            "Time": "2023-02-11",
            "value": 0.5190840499052186
        },
        {
            "Time": "2023-02-12",
            "value": 0.6867379862041244
        },
        {
            "Time": "2023-02-13",
            "value": 0.2800661476322631
        },
        {
            "Time": "2023-02-14",
            "value": 0.6288512925783479
        },
        {
            "Time": "2023-02-15",
            "value": 1.6358449520318459
        },
        {
            "Time": "2023-02-16",
            "value": 1.893383468845276
        },
        {
            "Time": "2023-02-17",
            "value": 1.3394197795439005
        },
        {
            "Time": "2023-02-18",
            "value": 1.6072871180991033
        },
        {
            "Time": "2023-02-19",
            "value": 0.5581983376007197
        },
        {
            "Time": "2023-02-20",
            "value": 1.0057354092065023
        },
        {
            "Time": "2023-02-21",
            "value": 1.9355217658147492
        },
        {
            "Time": "2023-02-22",
            "value": 1.5595350484809516
        },
        {
            "Time": "2023-02-23",
            "value": 1.744303200996441
        },
        {
            "Time": "2023-02-24",
            "value": 0.7411342300363677
        },
        {
            "Time": "2023-02-25",
            "value": 1.9119241271664258
        },
        {
            "Time": "2023-02-26",
            "value": 2.0189319225893803
        },
        {
            "Time": "2023-02-27",
            "value": 1.8155870158106044
        },
        {
            "Time": "2023-02-28",
            "value": 1.0278409586732948
        },
        {
            "Time": "2023-03-01",
            "value": 1.096252078391397
        },
        {
            "Time": "2023-03-02",
            "value": 1.403478274413825
        },
        {
            "Time": "2023-03-03",
            "value": 1.9486110337742
        },
        {
            "Time": "2023-03-04",
            "value": 2.1625781686766987
        },
        {
            "Time": "2023-03-05",
            "value": 2.1272328748031417
        },
        {
            "Time": "2023-03-06",
            "value": 2.225934246887406
        },
        {
            "Time": "2023-03-07",
            "value": 2.197308180367882
        },
        {
            "Time": "2023-03-08",
            "value": 2.0325888778333305
        },
        {
            "Time": "2023-03-09",
            "value": 1.6351505352378577
        },
        {
            "Time": "2023-03-10",
            "value": 2.2872595359582606
        },
        {
            "Time": "2023-03-11",
            "value": 2.0398922961364523
        },
        {
            "Time": "2023-03-12",
            "value": 0.443949655603119
        },
        {
            "Time": "2023-03-13",
            "value": 1.8743572994961988
        },
        {
            "Time": "2023-03-14",
            "value": 2.3124372539773583
        },
        {
            "Time": "2023-03-15",
            "value": 1.8927808863752917
        },
        {
            "Time": "2023-03-16",
            "value": 2.1230657033840465
        },
        {
            "Time": "2023-03-17",
            "value": 1.199254484367242
        },
        {
            "Time": "2023-03-18",
            "value": 0.298765529230003
        },
        {
            "Time": "2023-03-19",
            "value": 0.06571203679434649
        },
        {
            "Time": "2023-03-20",
            "value": 1.78738110527623
        },
        {
            "Time": "2023-03-21",
            "value": 0.9101998035545817
        },
        {
            "Time": "2023-03-22",
            "value": 1.5251190934778285
        },
        {
            "Time": "2023-03-23",
            "value": 0.1159637869442913
        },
        {
            "Time": "2023-03-24",
            "value": 0.1288348343470152
        },
        {
            "Time": "2023-03-25",
            "value": 0.17962195002863915
        },
        {
            "Time": "2023-03-26",
            "value": 0.8666550000377359
        },
        {
            "Time": "2023-03-27",
            "value": 0.0
        }
    ]
}