{
    "data": [
        {
            "Time": "2022-11-27",
            "value": 0.14960528854878147
        },
        {
            "Time": "2022-11-28",
            "value": 0.5797325808989376
        },
        {
            "Time": "2022-11-29",
            "value": 0.5370430755559404
        },
        {
            "Time": "2022-11-30",
            "value": 0.23564253644848526
        },
        {
            "Time": "2022-12-01",
            "value": 0.28266114428158
        },
        {
            "Time": "2022-12-02",
            "value": 0.30704184745479207
        },
        {
            "Time": "2022-12-03",
            "value": 0.5093696306894515
        },
        {
            "Time": "2022-12-04",
            "value": 0.3893548652159522
        },
        {
            "Time": "2022-12-05",
            "value": 0.33797031487738116
        },
        {
            "Time": "2022-12-06",
            "value": 0.48235134984813194
        },
        {
            "Time": "2022-12-07",
            "value": 0.14243019462171033
        },
        {
            "Time": "2022-12-08",
            "value": 0.6633574342239221
        },
        {
            "Time": "2022-12-09",
            "value": 0.5640485609497511
        },
        {
            "Time": "2022-12-10",
            "value": 1.3079727598868869
        },
        {
            "Time": "2022-12-11",
            "value": 0.2941340248853708
        },
        {
            "Time": "2022-12-12",
            "value": 0.7596392873226689
        },
        {
            "Time": "2022-12-13",
            "value": 0.9569333825154528
        },
        {
            "Time": "2022-12-14",
            "value": 0.4891902786960713
        },
        {
            "Time": "2022-12-15",
            "value": 0.36406710504186185
        },
        {
            "Time": "2022-12-16",
            "value": 0.24091885683975944
        },
        {
            "Time": "2022-12-17",
            "value": 0.3188703259393377
        },
        {
            "Time": "2022-12-18",
            "value": 1.532740647262966
        },
        {
            "Time": "2022-12-19",
            "value": 1.4524703622333988
        },
        {
            "Time": "2022-12-20",
            "value": 0.8884055109249896
        },
        {
            "Time": "2022-12-21",
            "value": 1.4328205294960321
        },
        {
            "Time": "2022-12-22",
            "value": 1.482687363569434
        },
        {
            "Time": "2022-12-23",
            "value": 1.5142115304023953
        },
        {
            "Time": "2022-12-24",
            "value": 1.5129325438899246
        },
        {
            "Time": "2022-12-25",
            "value": 1.5396301732100965
        },
        {
            "Time": "2022-12-26",
            "value": 1.1463595396108726
        },
        {
            "Time": "2022-12-27",
            "value": 0.6281591054815998
        },
        {
            "Time": "2022-12-28",
            "value": 0.35104711328513344
        },
        {
            "Time": "2022-12-29",
            "value": 0.2223861867265162
        },
        {
            "Time": "2022-12-30",
            "value": 0.3492114756487067
        },
        {
            "Time": "2022-12-31",
            "value": 0.8401669345605138
        },
        {
            "Time": "2023-01-01",
            "value": 0.5597107752148908
        },
        {
            "Time": "2023-01-02",
            "value": 0.3030052331806109
        },
        {
            "Time": "2023-01-03",
            "value": 0.34036064159681856
        },
        {
            "Time": "2023-01-04",
            "value": 0.33731539436284375
        },
        {
            "Time": "2023-01-05",
            "value": 0.43862869159640316
        },
        {
            "Time": "2023-01-06",
            "value": 1.5010649054988912
        },
        {
            "Time": "2023-01-07",
            "value": 1.5781135447851675
        },
        {
            "Time": "2023-01-08",
            "value": 1.5657332800225179
        },
        {
            "Time": "2023-01-09",
            "value": 0.38112280578583124
        },
        {
            "Time": "2023-01-10",
            "value": 0.4261218268486573
        },
        {
            "Time": "2023-01-11",
            "value": 0.5522987784419943
        },
        {
            "Time": "2023-01-12",
            "value": 0.9495827948312249
        },
        {
            "Time": "2023-01-13",
            "value": 0.26324806864618266
        },
        {
            "Time": "2023-01-14",
            "value": 0.9405586088915252
        },
        {
            "Time": "2023-01-15",
            "value": 0.3053718067635519
        },
        {
            "Time": "2023-01-16",
            "value": 1.2997595383416143
        },
        {
            "Time": "2023-01-17",
            "value": 0.3704543626484376
        },
        {
            "Time": "2023-01-18",
            "value": 1.5587670345088491
        },
        {
            "Time": "2023-01-19",
            "value": 1.2708870276039896
        },
        {
            "Time": "2023-01-20",
            "value": 0.6157439998819094
        },
        {
            "Time": "2023-01-21",
            "value": 0.22536863201573495
        },
        {
            "Time": "2023-01-22",
            "value": 1.313362821038418
        },
        {
            "Time": "2023-01-23",
            "value": 0.19583741656958956
        },
        {
            "Time": "2023-01-24",
            "value": 1.235687448483169
        },
        {
            "Time": "2023-01-25",
            "value": 1.683230490431861
        },
        {
            "Time": "2023-01-26",
            "value": 0.8507338402186406
        },
        {
            "Time": "2023-01-27",
            "value": 1.5564686680980973
        },
        {
            "Time": "2023-01-28",
            "value": 1.7447712026577888
        },
        {
            "Time": "2023-01-29",
            "value": 1.7641416178588818
        },
        {
            "Time": "2023-01-30",
            "value": 1.9090793079187114
        },
        {
            "Time": "2023-01-31",
            "value": 1.9017186512410127
        },
        {
            "Time": "2023-02-01",
            "value": 0.39630608741563816
        },
        {
            "Time": "2023-02-02",
            "value": 0.7499884006651863
        },
        {
            "Time": "2023-02-03",
            "value": 0.42871275429527905
        },
        {
            "Time": "2023-02-04",
            "value": 0.14452295196798248
        },
        {
            "Time": "2023-02-05",
            "value": 0.29944233555651756
        },
        {
            "Time": "2023-02-06",
            "value": 1.1336225641461
        },
        {
            "Time": "2023-02-07",
            "value": 0.28150025161646336
        },
        {
            "Time": "2023-02-08",
            "value": 0.18429592467009748
        },
        {
            "Time": "2023-02-09",
            "value": 0.36993397666784283
        },
        {
            "Time": "2023-02-10",
            "value": 0.2190591156170054
        },
        {
            "Time": "2023-02-11",
            "value": 0.6274062852381039
        },
        {
            "Time": "2023-02-12",
            "value": 0.7937605453257832
        },
        {
            "Time": "2023-02-13",
            "value": 0.3439141464636075
        },
        {
            "Time": "2023-02-14",
            "value": 0.7048084214565373
        },
        {
            "Time": "2023-02-15",
            "value": 1.84979375553864
        },
        {
            "Time": "2023-02-16",
            "value": 2.1792430041380038
        },
        {
            "Time": "2023-02-17",
            "value": 1.6114497411048607
        },
        {
            "Time": "2023-02-18",
            "value": 1.956403825453925
        },
        {
            "Time": "2023-02-19",
            "value": 0.6422154978485218
        },
        {
            "Time": "2023-02-20",
            "value": 1.1463951007628892
        },
        {
            "Time": "2023-02-21",
            "value": 2.161996166588402
        },
        {
            "Time": "2023-02-22",
            "value": 1.8989989166122643
        },
        {
            "Time": "2023-02-23",
            "value": 1.728924005850993
        },
        {
            "Time": "2023-02-24",
            "value": 0.8490099715432666
        },
        {
            "Time": "2023-02-25",
            "value": 2.0870809693432624
        },
        {
            "Time": "2023-02-26",
            "value": 2.326014065911613
        },
        {
            "Time": "2023-02-27",
            "value": 2.040675452263673
        },
        {
            "Time": "2023-02-28",
            "value": 1.1456411615731603
        },
        {
            "Time": "2023-03-01",
            "value": 1.1548465480610963
        },
        {
            "Time": "2023-03-02",
            "value": 1.428384861693208
        },
        {
            "Time": "2023-03-03",
            "value": 2.019705311262356
        },
        {
            "Time": "2023-03-04",
            "value": 2.2519947972625953
        },
        {
            "Time": "2023-03-05",
            "value": 2.2346360987259786
        },
        {
            "Time": "2023-03-06",
            "value": 2.4180553471054624
        },
        {
            "Time": "2023-03-07",
            "value": 2.3891024895445963
        },
        {
            "Time": "2023-03-08",
            "value": 2.082655243255311
        },
        {
            "Time": "2023-03-09",
            "value": 1.802200010948255
        },
        {
            "Time": "2023-03-10",
            "value": 2.4696736744148775
        },
        {
            "Time": "2023-03-11",
            "value": 1.9998155765066163
        },
        {
            "Time": "2023-03-12",
            "value": 0.5311993242686719
        },
        {
            "Time": "2023-03-13",
            "value": 1.8379629216277622
        },
        {
            "Time": "2023-03-14",
            "value": 2.5920925627714952
        },
        {
            "Time": "2023-03-15",
            "value": 2.027726091792719
        },
        {
            "Time": "2023-03-16",
            "value": 2.1993829396328906
        },
        {
            "Time": "2023-03-17",
            "value": 1.3068873557475402
        },
        {
            "Time": "2023-03-18",
            "value": 0.3607228138329455
        },
        {
            "Time": "2023-03-19",
            "value": 0.1179859460214236
        },
        {
            "Time": "2023-03-20",
            "value": 1.9084354922644928
        },
        {
            "Time": "2023-03-21",
            "value": 1.0126853671391436
        },
        {
            "Time": "2023-03-22",
            "value": 1.7191794150292423
        },
        {
            "Time": "2023-03-23",
            "value": 0.16547374659290087
        },
        {
            "Time": "2023-03-24",
            "value": 0.1770999503690686
        },
        {
            "Time": "2023-03-25",
            "value": 0.2524436154894125
        },
        {
            "Time": "2023-03-26",
            "value": 0.9625128057351896
        },
        {
            "Time": "2023-03-27",
            "value": 0.0
        }
    ]
}