{
    "data": [
        {
            "Time": "2022-11-27",
            "value": 0.12733087295719386
        },
        {
            "Time": "2022-11-28",
            "value": 0.4471544714434925
        },
        {
            "Time": "2022-11-29",
            "value": 0.41325493461624957
        },
        {
            "Time": "2022-11-30",
            "value": 0.190939053646618
        },
        {
            "Time": "2022-12-01",
            "value": 0.24117448049475035
        },
        {
            "Time": "2022-12-02",
            "value": 0.2721975398531424
        },
        {
            "Time": "2022-12-03",
            "value": 0.422402432915089
        },
        {
            "Time": "2022-12-04",
            "value": 0.31820357666750415
        },
        {
            "Time": "2022-12-05",
            "value": 0.27249041847583516
        },
        {
            "Time": "2022-12-06",
            "value": 0.40590523476452545
        },
        {
            "Time": "2022-12-07",
            "value": 0.1112031235207118
        },
        {
            "Time": "2022-12-08",
            "value": 0.4958940379909722
        },
        {
            "Time": "2022-12-09",
            "value": 0.4564803231240258
        },
        {
            "Time": "2022-12-10",
            "value": 1.1528721291484423
        },
        {
            "Time": "2022-12-11",
            "value": 0.238655034876925
        },
        {
            "Time": "2022-12-12",
            "value": 0.7836185457920346
        },
        {
            "Time": "2022-12-13",
            "value": 0.8239899080402632
        },
        {
            "Time": "2022-12-14",
            "value": 0.413526994434303
        },
        {
            "Time": "2022-12-15",
            "value": 0.306477870486347
        },
        {
            "Time": "2022-12-16",
            "value": 0.2020254624160243
        },
        {
            "Time": "2022-12-17",
            "value": 0.25585962494292824
        },
        {
            "Time": "2022-12-18",
            "value": 1.387449915707358
        },
        {
            "Time": "2022-12-19",
            "value": 1.2800569720627093
        },
        {
            "Time": "2022-12-20",
            "value": 0.7458265045062037
        },
        {
            "Time": "2022-12-21",
            "value": 1.1394675047225535
        },
        {
            "Time": "2022-12-22",
            "value": 1.306406324747633
        },
        {
            "Time": "2022-12-23",
            "value": 1.3337847826260043
        },
        {
            "Time": "2022-12-24",
            "value": 1.333783787501161
        },
        {
            "Time": "2022-12-25",
            "value": 1.3420582614285888
        },
        {
            "Time": "2022-12-26",
            "value": 1.317810259133377
        },
        {
            "Time": "2022-12-27",
            "value": 0.5631094028754824
        },
        {
            "Time": "2022-12-28",
            "value": 0.30705092279895835
        },
        {
            "Time": "2022-12-29",
            "value": 0.1854629613810185
        },
        {
            "Time": "2022-12-30",
            "value": 0.2946018489923102
        },
        {
            "Time": "2022-12-31",
            "value": 0.7796015926876037
        },
        {
            "Time": "2023-01-01",
            "value": 0.47521662146555044
        },
        {
            "Time": "2023-01-02",
            "value": 0.2482638855048611
        },
        {
            "Time": "2023-01-03",
            "value": 0.27977273838370065
        },
        {
            "Time": "2023-01-04",
            "value": 0.2877604147067477
        },
        {
            "Time": "2023-01-05",
            "value": 0.3695902797044769
        },
        {
            "Time": "2023-01-06",
            "value": 1.2844275448195017
        },
        {
            "Time": "2023-01-07",
            "value": 1.4014903363395237
        },
        {
            "Time": "2023-01-08",
            "value": 1.4125016514662136
        },
        {
            "Time": "2023-01-09",
            "value": 0.307014219459838
        },
        {
            "Time": "2023-01-10",
            "value": 0.3605917492262614
        },
        {
            "Time": "2023-01-11",
            "value": 0.46066880209607575
        },
        {
            "Time": "2023-01-12",
            "value": 0.9456547905872338
        },
        {
            "Time": "2023-01-13",
            "value": 0.22463766745285543
        },
        {
            "Time": "2023-01-14",
            "value": 0.8242090869095942
        },
        {
            "Time": "2023-01-15",
            "value": 0.2515894102609319
        },
        {
            "Time": "2023-01-16",
            "value": 1.2165269715570803
        },
        {
            "Time": "2023-01-17",
            "value": 0.31914119863024304
        },
        {
            "Time": "2023-01-18",
            "value": 1.3525509337525357
        },
        {
            "Time": "2023-01-19",
            "value": 1.215070662268544
        },
        {
            "Time": "2023-01-20",
            "value": 0.5273193457660573
        },
        {
            "Time": "2023-01-21",
            "value": 0.18924090563879298
        },
        {
            "Time": "2023-01-22",
            "value": 0.6886409358987875
        },
        {
            "Time": "2023-01-23",
            "value": 0.16499853266020062
        },
        {
            "Time": "2023-01-24",
            "value": 0.5826273997533445
        },
        {
            "Time": "2023-01-25",
            "value": 1.4808095091286182
        },
        {
            "Time": "2023-01-26",
            "value": 0.9167638617177575
        },
        {
            "Time": "2023-01-27",
            "value": 1.427255454726901
        },
        {
            "Time": "2023-01-28",
            "value": 1.5088242892617592
        },
        {
            "Time": "2023-01-29",
            "value": 1.5606371513236916
        },
        {
            "Time": "2023-01-30",
            "value": 1.5923495178880156
        },
        {
            "Time": "2023-01-31",
            "value": 1.5409625122928523
        },
        {
            "Time": "2023-02-01",
            "value": 0.3298238877389297
        },
        {
            "Time": "2023-02-02",
            "value": 0.7617797316121178
        },
        {
            "Time": "2023-02-03",
            "value": 0.3698853626056936
        },
        {
            "Time": "2023-02-04",
            "value": 0.13166550895010418
        },
        {
            "Time": "2023-02-05",
            "value": 0.25121932833045135
        },
        {
            "Time": "2023-02-06",
            "value": 0.9158943490008948
        },
        {
            "Time": "2023-02-07",
            "value": 0.22605306513208492
        },
        {
            "Time": "2023-02-08",
            "value": 0.14514450675126073
        },
        {
            "Time": "2023-02-09",
            "value": 0.30222540816392623
        },
        {
            "Time": "2023-02-10",
            "value": 0.1858729709705689
        },
        {
            "Time": "2023-02-11",
            "value": 0.4785516623349641
        },
        {
            "Time": "2023-02-12",
            "value": 0.6219131341941773
        },
        {
            "Time": "2023-02-13",
            "value": 0.2791502515076952
        },
        {
            "Time": "2023-02-14",
            "value": 0.5575081059510718
        },
        {
            "Time": "2023-02-15",
            "value": 1.5645382708990334
        },
        {
            "Time": "2023-02-16",
            "value": 1.7467852653848022
        },
        {
            "Time": "2023-02-17",
            "value": 1.1760791519065739
        },
        {
            "Time": "2023-02-18",
            "value": 1.5409501997718278
        },
        {
            "Time": "2023-02-19",
            "value": 0.5105825615443287
        },
        {
            "Time": "2023-02-20",
            "value": 0.8721239368008692
        },
        {
            "Time": "2023-02-21",
            "value": 1.7920833417925868
        },
        {
            "Time": "2023-02-22",
            "value": 1.367888139034409
        },
        {
            "Time": "2023-02-23",
            "value": 1.5255291939327422
        },
        {
            "Time": "2023-02-24",
            "value": 0.6764166396393964
        },
        {
            "Time": "2023-02-25",
            "value": 1.7568164357845375
        },
        {
            "Time": "2023-02-26",
            "value": 1.867343027997544
        },
        {
            "Time": "2023-02-27",
            "value": 1.6506503239716988
        },
        {
            "Time": "2023-02-28",
            "value": 0.9326322328697674
        },
        {
            "Time": "2023-03-01",
            "value": 0.9883644445733891
        },
        {
            "Time": "2023-03-02",
            "value": 1.1365879667542476
        },
        {
            "Time": "2023-03-03",
            "value": 1.7892939359350215
        },
        {
            "Time": "2023-03-04",
            "value": 1.89842970057532
        },
        {
            "Time": "2023-03-05",
            "value": 1.8693437993937292
        },
        {
            "Time": "2023-03-06",
            "value": 1.9227085462428373
        },
        {
            "Time": "2023-03-07",
            "value": 1.9114319281718974
        },
        {
            "Time": "2023-03-08",
            "value": 1.8408993679748606
        },
        {
            "Time": "2023-03-09",
            "value": 1.4357484144680888
        },
        {
            "Time": "2023-03-10",
            "value": 1.9851907742469899
        },
        {
            "Time": "2023-03-11",
            "value": 1.7959885830571225
        },
        {
            "Time": "2023-03-12",
            "value": 0.43297249876483135
        },
        {
            "Time": "2023-03-13",
            "value": 1.6912795579997022
        },
        {
            "Time": "2023-03-14",
            "value": 2.049980222032207
        },
        {
            "Time": "2023-03-15",
            "value": 1.684639703198084
        },
        {
            "Time": "2023-03-16",
            "value": 1.8489506334654238
        },
        {
            "Time": "2023-03-17",
            "value": 1.074249072088535
        },
        {
            "Time": "2023-03-18",
            "value": 0.30091134478375725
        },
        {
            "Time": "2023-03-19",
            "value": 0.09201321656054924
        },
        {
            "Time": "2023-03-20",
            "value": 1.4606526906395338
        },
        {
            "Time": "2023-03-21",
            "value": 0.8336982275677662
        },
        {
            "Time": "2023-03-22",
            "value": 1.3008828144990245
        },
        {
            "Time": "2023-03-23",
            "value": 0.13412030488150542
        },
        {
            "Time": "2023-03-24",
            "value": 0.148591846744475
        },
        {
            "Time": "2023-03-25",
            "value": 0.20573842680904858
        },
        {
            "Time": "2023-03-26",
            "value": 0.7897439547627533
        },
        {
            "Time": "2023-03-27",
            "value": 0.0
        }
    ]
}