{
    "data": [
        {
            "Time": "2022-11-27",
            "value": 0.17408215767441906
        },
        {
            "Time": "2022-11-28",
            "value": 0.4326616554591874
        },
        {
            "Time": "2022-11-29",
            "value": 0.4198415107846445
        },
        {
            "Time": "2022-11-30",
            "value": 0.2236634938613528
        },
        {
            "Time": "2022-12-01",
            "value": 0.27855434221596065
        },
        {
            "Time": "2022-12-02",
            "value": 0.2917770447261921
        },
        {
            "Time": "2022-12-03",
            "value": 0.43357738839475035
        },
        {
            "Time": "2022-12-04",
            "value": 0.3410527229750926
        },
        {
            "Time": "2022-12-05",
            "value": 0.2983406359884714
        },
        {
            "Time": "2022-12-06",
            "value": 0.43908964064664346
        },
        {
            "Time": "2022-12-07",
            "value": 0.14399189892847222
        },
        {
            "Time": "2022-12-08",
            "value": 0.5090842041826077
        },
        {
            "Time": "2022-12-09",
            "value": 0.4675164923841145
        },
        {
            "Time": "2022-12-10",
            "value": 1.1807857241120034
        },
        {
            "Time": "2022-12-11",
            "value": 0.2781046284701389
        },
        {
            "Time": "2022-12-12",
            "value": 0.8102461476708268
        },
        {
            "Time": "2022-12-13",
            "value": 0.8342127773231716
        },
        {
            "Time": "2022-12-14",
            "value": 0.4434134202145794
        },
        {
            "Time": "2022-12-15",
            "value": 0.3351235076246936
        },
        {
            "Time": "2022-12-16",
            "value": 0.21714872715207176
        },
        {
            "Time": "2022-12-17",
            "value": 0.29125098402108796
        },
        {
            "Time": "2022-12-18",
            "value": 1.288304490120511
        },
        {
            "Time": "2022-12-19",
            "value": 1.1790608566786855
        },
        {
            "Time": "2022-12-20",
            "value": 0.7427853891736488
        },
        {
            "Time": "2022-12-21",
            "value": 0.993035186716139
        },
        {
            "Time": "2022-12-22",
            "value": 1.2609531499016544
        },
        {
            "Time": "2022-12-23",
            "value": 1.2314983007436033
        },
        {
            "Time": "2022-12-24",
            "value": 1.2434991573839083
        },
        {
            "Time": "2022-12-25",
            "value": 1.2976290558002752
        },
        {
            "Time": "2022-12-26",
            "value": 1.2831459242230558
        },
        {
            "Time": "2022-12-27",
            "value": 0.5833333282025083
        },
        {
            "Time": "2022-12-28",
            "value": 0.34281745946382275
        },
        {
            "Time": "2022-12-29",
            "value": 0.22025462814583333
        },
        {
            "Time": "2022-12-30",
            "value": 0.32583912007349536
        },
        {
            "Time": "2022-12-31",
            "value": 1.0011440527191129
        },
        {
            "Time": "2023-01-01",
            "value": 0.49018867327765575
        },
        {
            "Time": "2023-01-02",
            "value": 0.269791666630787
        },
        {
            "Time": "2023-01-03",
            "value": 0.30953240607055227
        },
        {
            "Time": "2023-01-04",
            "value": 0.32042823683229166
        },
        {
            "Time": "2023-01-05",
            "value": 0.3839965220348379
        },
        {
            "Time": "2023-01-06",
            "value": 1.222105268042821
        },
        {
            "Time": "2023-01-07",
            "value": 1.3156114993242665
        },
        {
            "Time": "2023-01-08",
            "value": 1.3302108528446845
        },
        {
            "Time": "2023-01-09",
            "value": 0.33391121108862437
        },
        {
            "Time": "2023-01-10",
            "value": 0.37186402954825226
        },
        {
            "Time": "2023-01-11",
            "value": 0.4763850519656295
        },
        {
            "Time": "2023-01-12",
            "value": 0.9283887738213361
        },
        {
            "Time": "2023-01-13",
            "value": 0.2545000704440667
        },
        {
            "Time": "2023-01-14",
            "value": 0.8157454234532049
        },
        {
            "Time": "2023-01-15",
            "value": 0.29192799917975265
        },
        {
            "Time": "2023-01-16",
            "value": 1.1609524538519396
        },
        {
            "Time": "2023-01-17",
            "value": 0.33941435014444443
        },
        {
            "Time": "2023-01-18",
            "value": 1.2542912842824214
        },
        {
            "Time": "2023-01-19",
            "value": 1.2142212140364763
        },
        {
            "Time": "2023-01-20",
            "value": 0.5457156166455677
        },
        {
            "Time": "2023-01-21",
            "value": 0.21229282253159723
        },
        {
            "Time": "2023-01-22",
            "value": 0.6592114189235415
        },
        {
            "Time": "2023-01-23",
            "value": 0.19419444267238425
        },
        {
            "Time": "2023-01-24",
            "value": 0.5687369986720694
        },
        {
            "Time": "2023-01-25",
            "value": 1.3664905413681963
        },
        {
            "Time": "2023-01-26",
            "value": 0.8951664336236651
        },
        {
            "Time": "2023-01-27",
            "value": 1.1942255351170954
        },
        {
            "Time": "2023-01-28",
            "value": 1.4312009191419899
        },
        {
            "Time": "2023-01-29",
            "value": 1.39621790080307
        },
        {
            "Time": "2023-01-30",
            "value": 1.4242611121644422
        },
        {
            "Time": "2023-01-31",
            "value": 1.3803703009960875
        },
        {
            "Time": "2023-02-01",
            "value": 0.350792246150868
        },
        {
            "Time": "2023-02-02",
            "value": 0.656457631380322
        },
        {
            "Time": "2023-02-03",
            "value": 0.3974619334621533
        },
        {
            "Time": "2023-02-04",
            "value": 0.1508101841149537
        },
        {
            "Time": "2023-02-05",
            "value": 0.28398749861068284
        },
        {
            "Time": "2023-02-06",
            "value": 0.8941924796074825
        },
        {
            "Time": "2023-02-07",
            "value": 0.25458349834615024
        },
        {
            "Time": "2023-02-08",
            "value": 0.18503636114716226
        },
        {
            "Time": "2023-02-09",
            "value": 0.32814776988046135
        },
        {
            "Time": "2023-02-10",
            "value": 0.21755671176756944
        },
        {
            "Time": "2023-02-11",
            "value": 0.4669373865343146
        },
        {
            "Time": "2023-02-12",
            "value": 0.7422949564561349
        },
        {
            "Time": "2023-02-13",
            "value": 0.32367572083892365
        },
        {
            "Time": "2023-02-14",
            "value": 0.5799874977476562
        },
        {
            "Time": "2023-02-15",
            "value": 1.3692147833319803
        },
        {
            "Time": "2023-02-16",
            "value": 1.4640117675914341
        },
        {
            "Time": "2023-02-17",
            "value": 1.0115589021015796
        },
        {
            "Time": "2023-02-18",
            "value": 1.3442589961987028
        },
        {
            "Time": "2023-02-19",
            "value": 0.5369583302428241
        },
        {
            "Time": "2023-02-20",
            "value": 0.8739014206648452
        },
        {
            "Time": "2023-02-21",
            "value": 1.4981835950105697
        },
        {
            "Time": "2023-02-22",
            "value": 1.189471772549111
        },
        {
            "Time": "2023-02-23",
            "value": 1.3688953738055496
        },
        {
            "Time": "2023-02-24",
            "value": 0.6923658763895151
        },
        {
            "Time": "2023-02-25",
            "value": 1.4814682123187253
        },
        {
            "Time": "2023-02-26",
            "value": 1.5125823564925636
        },
        {
            "Time": "2023-02-27",
            "value": 1.296016996407159
        },
        {
            "Time": "2023-02-28",
            "value": 0.9151138042869674
        },
        {
            "Time": "2023-03-01",
            "value": 0.9471280356547964
        },
        {
            "Time": "2023-03-02",
            "value": 1.0812213337831447
        },
        {
            "Time": "2023-03-03",
            "value": 1.4977206809232684
        },
        {
            "Time": "2023-03-04",
            "value": 1.5394422290274705
        },
        {
            "Time": "2023-03-05",
            "value": 1.5691121817157947
        },
        {
            "Time": "2023-03-06",
            "value": 1.6079640376225717
        },
        {
            "Time": "2023-03-07",
            "value": 1.6144031647437986
        },
        {
            "Time": "2023-03-08",
            "value": 1.5748775908796375
        },
        {
            "Time": "2023-03-09",
            "value": 1.238069328143582
        },
        {
            "Time": "2023-03-10",
            "value": 1.6190667263744436
        },
        {
            "Time": "2023-03-11",
            "value": 1.4444058455036668
        },
        {
            "Time": "2023-03-12",
            "value": 0.44379372889418434
        },
        {
            "Time": "2023-03-13",
            "value": 1.4174847674538305
        },
        {
            "Time": "2023-03-14",
            "value": 1.6729476423449061
        },
        {
            "Time": "2023-03-15",
            "value": 1.4041701327593634
        },
        {
            "Time": "2023-03-16",
            "value": 1.5860424790196226
        },
        {
            "Time": "2023-03-17",
            "value": 1.0235040889209523
        },
        {
            "Time": "2023-03-18",
            "value": 0.3279995029472553
        },
        {
            "Time": "2023-03-19",
            "value": 0.14056944374074073
        },
        {
            "Time": "2023-03-20",
            "value": 1.2814879521504878
        },
        {
            "Time": "2023-03-21",
            "value": 0.8067021882163853
        },
        {
            "Time": "2023-03-22",
            "value": 1.2022667492439727
        },
        {
            "Time": "2023-03-23",
            "value": 0.19574074367824074
        },
        {
            "Time": "2023-03-24",
            "value": 0.1845633927923272
        },
        {
            "Time": "2023-03-25",
            "value": 0.2533009308554977
        },
        {
            "Time": "2023-03-26",
            "value": 0.8081738247107438
        },
        {
            "Time": "2023-03-27",
            "value": 0.0
        }
    ]
}