{
    "data": [
        {
            "Time": "2022-11-27",
            "value": 0.18610924375388974
        },
        {
            "Time": "2022-11-28",
            "value": 0.6105625078099766
        },
        {
            "Time": "2022-11-29",
            "value": 0.5744637954774577
        },
        {
            "Time": "2022-11-30",
            "value": 0.256649236990501
        },
        {
            "Time": "2022-12-01",
            "value": 0.318276560603559
        },
        {
            "Time": "2022-12-02",
            "value": 0.33722470636238217
        },
        {
            "Time": "2022-12-03",
            "value": 0.5417277506304962
        },
        {
            "Time": "2022-12-04",
            "value": 0.4178511942056752
        },
        {
            "Time": "2022-12-05",
            "value": 0.3479558612406742
        },
        {
            "Time": "2022-12-06",
            "value": 0.522982575538287
        },
        {
            "Time": "2022-12-07",
            "value": 0.16259668815708334
        },
        {
            "Time": "2022-12-08",
            "value": 0.6434397849563905
        },
        {
            "Time": "2022-12-09",
            "value": 0.5991107002663311
        },
        {
            "Time": "2022-12-10",
            "value": 1.1798407656845917
        },
        {
            "Time": "2022-12-11",
            "value": 0.3260024892551852
        },
        {
            "Time": "2022-12-12",
            "value": 0.7855746455159445
        },
        {
            "Time": "2022-12-13",
            "value": 0.9968820190040304
        },
        {
            "Time": "2022-12-14",
            "value": 0.5390729184015913
        },
        {
            "Time": "2022-12-15",
            "value": 0.3994588241975457
        },
        {
            "Time": "2022-12-16",
            "value": 0.2596005458842411
        },
        {
            "Time": "2022-12-17",
            "value": 0.3454416840712083
        },
        {
            "Time": "2022-12-18",
            "value": 1.5913505331621967
        },
        {
            "Time": "2022-12-19",
            "value": 1.4709605405763233
        },
        {
            "Time": "2022-12-20",
            "value": 0.9938654115908561
        },
        {
            "Time": "2022-12-21",
            "value": 1.3562856188393886
        },
        {
            "Time": "2022-12-22",
            "value": 1.511704826285659
        },
        {
            "Time": "2022-12-23",
            "value": 1.5531083170755298
        },
        {
            "Time": "2022-12-24",
            "value": 1.5554433667455845
        },
        {
            "Time": "2022-12-25",
            "value": 1.5688816402290693
        },
        {
            "Time": "2022-12-26",
            "value": 1.2897020702535333
        },
        {
            "Time": "2022-12-27",
            "value": 0.6673655889319416
        },
        {
            "Time": "2022-12-28",
            "value": 0.39775463003576395
        },
        {
            "Time": "2022-12-29",
            "value": 0.25117790818334984
        },
        {
            "Time": "2022-12-30",
            "value": 0.3840833353666203
        },
        {
            "Time": "2022-12-31",
            "value": 0.886227914117703
        },
        {
            "Time": "2023-01-01",
            "value": 0.5938890781202768
        },
        {
            "Time": "2023-01-02",
            "value": 0.32705439861689817
        },
        {
            "Time": "2023-01-03",
            "value": 0.3632998754145558
        },
        {
            "Time": "2023-01-04",
            "value": 0.37468865491913195
        },
        {
            "Time": "2023-01-05",
            "value": 0.4709754042359607
        },
        {
            "Time": "2023-01-06",
            "value": 1.5085025880099392
        },
        {
            "Time": "2023-01-07",
            "value": 1.587513200710171
        },
        {
            "Time": "2023-01-08",
            "value": 1.5481647280497164
        },
        {
            "Time": "2023-01-09",
            "value": 0.4130539711566022
        },
        {
            "Time": "2023-01-10",
            "value": 0.4671642846938247
        },
        {
            "Time": "2023-01-11",
            "value": 0.5909162210747074
        },
        {
            "Time": "2023-01-12",
            "value": 0.983412922928243
        },
        {
            "Time": "2023-01-13",
            "value": 0.30976832312800734
        },
        {
            "Time": "2023-01-14",
            "value": 0.9503206956859894
        },
        {
            "Time": "2023-01-15",
            "value": 0.3382614764891809
        },
        {
            "Time": "2023-01-16",
            "value": 1.3978273836250399
        },
        {
            "Time": "2023-01-17",
            "value": 0.403180789116331
        },
        {
            "Time": "2023-01-18",
            "value": 1.6525814743878846
        },
        {
            "Time": "2023-01-19",
            "value": 1.3523726071457545
        },
        {
            "Time": "2023-01-20",
            "value": 0.6405346570686061
        },
        {
            "Time": "2023-01-21",
            "value": 0.24956047345434026
        },
        {
            "Time": "2023-01-22",
            "value": 1.315024375753942
        },
        {
            "Time": "2023-01-23",
            "value": 0.22369973743112767
        },
        {
            "Time": "2023-01-24",
            "value": 1.0534137984455307
        },
        {
            "Time": "2023-01-25",
            "value": 1.8808496507522108
        },
        {
            "Time": "2023-01-26",
            "value": 0.8868696901473937
        },
        {
            "Time": "2023-01-27",
            "value": 1.8194102527923586
        },
        {
            "Time": "2023-01-28",
            "value": 1.9635381943844379
        },
        {
            "Time": "2023-01-29",
            "value": 1.9469906266966843
        },
        {
            "Time": "2023-01-30",
            "value": 1.9958095864545795
        },
        {
            "Time": "2023-01-31",
            "value": 1.9786656751184248
        },
        {
            "Time": "2023-02-01",
            "value": 0.4250975656767014
        },
        {
            "Time": "2023-02-02",
            "value": 0.9463001582045742
        },
        {
            "Time": "2023-02-03",
            "value": 0.47099313921910024
        },
        {
            "Time": "2023-02-04",
            "value": 0.17022916554351852
        },
        {
            "Time": "2023-02-05",
            "value": 0.3472737733967609
        },
        {
            "Time": "2023-02-06",
            "value": 1.1351467957857786
        },
        {
            "Time": "2023-02-07",
            "value": 0.3133581909582012
        },
        {
            "Time": "2023-02-08",
            "value": 0.21509558113510296
        },
        {
            "Time": "2023-02-09",
            "value": 0.41172032118014024
        },
        {
            "Time": "2023-02-10",
            "value": 0.24336053075083336
        },
        {
            "Time": "2023-02-11",
            "value": 0.6457320805986384
        },
        {
            "Time": "2023-02-12",
            "value": 0.8075571466062821
        },
        {
            "Time": "2023-02-13",
            "value": 0.37111029783043753
        },
        {
            "Time": "2023-02-14",
            "value": 0.7685583875187847
        },
        {
            "Time": "2023-02-15",
            "value": 2.132081275122923
        },
        {
            "Time": "2023-02-16",
            "value": 2.4629002712349592
        },
        {
            "Time": "2023-02-17",
            "value": 1.772315407620167
        },
        {
            "Time": "2023-02-18",
            "value": 2.2284687370514495
        },
        {
            "Time": "2023-02-19",
            "value": 0.6786212124355535
        },
        {
            "Time": "2023-02-20",
            "value": 1.196975308650624
        },
        {
            "Time": "2023-02-21",
            "value": 2.530362056403872
        },
        {
            "Time": "2023-02-22",
            "value": 2.1018168042183727
        },
        {
            "Time": "2023-02-23",
            "value": 1.78450262265262
        },
        {
            "Time": "2023-02-24",
            "value": 0.8884254358048147
        },
        {
            "Time": "2023-02-25",
            "value": 2.3937662075188575
        },
        {
            "Time": "2023-02-26",
            "value": 2.678039378488146
        },
        {
            "Time": "2023-02-27",
            "value": 2.4066805587575995
        },
        {
            "Time": "2023-02-28",
            "value": 1.1934736202595697
        },
        {
            "Time": "2023-03-01",
            "value": 1.2468673744803602
        },
        {
            "Time": "2023-03-02",
            "value": 1.7789141375521553
        },
        {
            "Time": "2023-03-03",
            "value": 2.310115455588805
        },
        {
            "Time": "2023-03-04",
            "value": 2.6932795937779206
        },
        {
            "Time": "2023-03-05",
            "value": 2.635914838634071
        },
        {
            "Time": "2023-03-06",
            "value": 2.7534324677822775
        },
        {
            "Time": "2023-03-07",
            "value": 2.7348042437879956
        },
        {
            "Time": "2023-03-08",
            "value": 2.4304161851158788
        },
        {
            "Time": "2023-03-09",
            "value": 1.8347993797310709
        },
        {
            "Time": "2023-03-10",
            "value": 2.83822145750051
        },
        {
            "Time": "2023-03-11",
            "value": 2.0799507066520966
        },
        {
            "Time": "2023-03-12",
            "value": 0.5496798931387177
        },
        {
            "Time": "2023-03-13",
            "value": 2.064714158914405
        },
        {
            "Time": "2023-03-14",
            "value": 2.9728164694713004
        },
        {
            "Time": "2023-03-15",
            "value": 2.435843867870683
        },
        {
            "Time": "2023-03-16",
            "value": 2.5155396751767207
        },
        {
            "Time": "2023-03-17",
            "value": 1.347070659219996
        },
        {
            "Time": "2023-03-18",
            "value": 0.3891023249436027
        },
        {
            "Time": "2023-03-19",
            "value": 0.16662683652123503
        },
        {
            "Time": "2023-03-20",
            "value": 1.8813194513927676
        },
        {
            "Time": "2023-03-21",
            "value": 1.0479167878236444
        },
        {
            "Time": "2023-03-22",
            "value": 1.750828604056316
        },
        {
            "Time": "2023-03-23",
            "value": 0.19960841045262342
        },
        {
            "Time": "2023-03-24",
            "value": 0.2261076355528819
        },
        {
            "Time": "2023-03-25",
            "value": 0.29169097298523144
        },
        {
            "Time": "2023-03-26",
            "value": 1.0098923022136572
        },
        {
            "Time": "2023-03-27",
            "value": 0.0
        }
    ]
}